ISO-10303-21;
HEADER;
FILE_DESCRIPTION(('Open CASCADE Model'),'2;1');
FILE_NAME('camera_damped_cradle__t15_21','2000-01-01T00:00:00',('Author'
    ),('Open CASCADE'),'Open CASCADE STEP processor 7.9','build123d',
  'Unknown');
FILE_SCHEMA(('AUTOMOTIVE_DESIGN { 1 0 10303 214 1 1 1 1 }'));
ENDSEC;
DATA;
#1 = APPLICATION_PROTOCOL_DEFINITION('international standard',
  'automotive_design',2000,#2);
#2 = APPLICATION_CONTEXT(
  'core data for automotive mechanical design processes');
#3 = SHAPE_DEFINITION_REPRESENTATION(#4,#10);
#4 = PRODUCT_DEFINITION_SHAPE('','',#5);
#5 = PRODUCT_DEFINITION('design','',#6,#9);
#6 = PRODUCT_DEFINITION_FORMATION('','',#7);
#7 = PRODUCT('camera_damped_cradle__t15_21',
  'camera_damped_cradle__t15_21','',(#8));
#8 = PRODUCT_CONTEXT('',#2,'mechanical');
#9 = PRODUCT_DEFINITION_CONTEXT('part definition',#2,'design');
#10 = SHAPE_REPRESENTATION('',(#11,#15),#19);
#11 = AXIS2_PLACEMENT_3D('',#12,#13,#14);
#12 = CARTESIAN_POINT('',(0.,0.,0.));
#13 = DIRECTION('',(0.,0.,1.));
#14 = DIRECTION('',(1.,0.,-0.));
#15 = AXIS2_PLACEMENT_3D('',#16,#17,#18);
#16 = CARTESIAN_POINT('',(0.,24.317237587435,-83.));
#17 = DIRECTION('',(0.,-1.,1.110223024625E-16));
#18 = DIRECTION('',(1.,0.,0.));
#19 = ( GEOMETRIC_REPRESENTATION_CONTEXT(3) 
GLOBAL_UNCERTAINTY_ASSIGNED_CONTEXT((#23)) GLOBAL_UNIT_ASSIGNED_CONTEXT(
(#20,#21,#22)) REPRESENTATION_CONTEXT('Context #1',
  '3D Context with UNIT and UNCERTAINTY') );
#20 = ( LENGTH_UNIT() NAMED_UNIT(*) SI_UNIT(.MILLI.,.METRE.) );
#21 = ( NAMED_UNIT(*) PLANE_ANGLE_UNIT() SI_UNIT($,.RADIAN.) );
#22 = ( NAMED_UNIT(*) SI_UNIT($,.STERADIAN.) SOLID_ANGLE_UNIT() );
#23 = UNCERTAINTY_MEASURE_WITH_UNIT(LENGTH_MEASURE(2.E-07),#20,
  'distance_accuracy_value','confusion accuracy');
#24 = PRODUCT_RELATED_PRODUCT_CATEGORY('part',$,(#7));
#25 = SHAPE_DEFINITION_REPRESENTATION(#26,#32);
#26 = PRODUCT_DEFINITION_SHAPE('','',#27);
#27 = PRODUCT_DEFINITION('design','',#28,#31);
#28 = PRODUCT_DEFINITION_FORMATION('','',#29);
#29 = PRODUCT('camera_damped_cradle__t15_21',
  'camera_damped_cradle__t15_21','',(#30));
#30 = PRODUCT_CONTEXT('',#2,'mechanical');
#31 = PRODUCT_DEFINITION_CONTEXT('part definition',#2,'design');
#32 = ADVANCED_BREP_SHAPE_REPRESENTATION('',(#11,#33),#6551);
#33 = MANIFOLD_SOLID_BREP('',#34);
#34 = CLOSED_SHELL('',(#35,#153,#223,#297,#471,#547,#617,#1111,#1187,
    #1258,#1285,#1312,#1319,#1373,#1449,#1520,#1547,#1574,#1581,#1635,
    #1711,#1782,#1809,#1836,#1843,#2140,#2216,#2287,#2314,#2341,#2348,
    #2424,#2495,#2522,#2549,#2556,#2603,#2630,#3096,#3172,#3243,#3270,
    #3297,#3304,#3358,#3434,#3505,#3532,#3559,#3566,#3620,#3696,#3767,
    #3794,#3821,#3828,#3899,#3926,#4202,#4347,#4962,#4997,#5047,#5054,
    #5081,#5108,#5115,#5162,#5189,#5216,#5223,#5254,#5510,#5655,#6290,
    #6325,#6375,#6382,#6409,#6436,#6443,#6490,#6517,#6544));
#35 = ADVANCED_FACE('',(#36),#50,.F.);
#36 = FACE_BOUND('',#37,.F.);
#37 = EDGE_LOOP('',(#38,#73,#99,#127));
#38 = ORIENTED_EDGE('',*,*,#39,.F.);
#39 = EDGE_CURVE('',#40,#42,#44,.T.);
#40 = VERTEX_POINT('',#41);
#41 = CARTESIAN_POINT('',(-12.35,90.708515211187,11.));
#42 = VERTEX_POINT('',#43);
#43 = CARTESIAN_POINT('',(-12.35,113.03684680147,16.982858417953));
#44 = SURFACE_CURVE('',#45,(#49,#61),.PCURVE_S1.);
#45 = LINE('',#46,#47);
#46 = CARTESIAN_POINT('',(-12.35,89.468256640025,10.667673717451));
#47 = VECTOR('',#48,1.);
#48 = DIRECTION('',(0.,0.965925826289,0.258819045103));
#49 = PCURVE('',#50,#55);
#50 = PLANE('',#51);
#51 = AXIS2_PLACEMENT_3D('',#52,#53,#54);
#52 = CARTESIAN_POINT('',(-12.35,89.468256640025,10.667673717451));
#53 = DIRECTION('',(0.,-0.258819045103,0.965925826289));
#54 = DIRECTION('',(0.,0.965925826289,0.258819045103));
#55 = DEFINITIONAL_REPRESENTATION('',(#56),#60);
#56 = LINE('',#57,#58);
#57 = CARTESIAN_POINT('',(0.,0.));
#58 = VECTOR('',#59,1.);
#59 = DIRECTION('',(1.,0.));
#60 = ( GEOMETRIC_REPRESENTATION_CONTEXT(2) 
PARAMETRIC_REPRESENTATION_CONTEXT() REPRESENTATION_CONTEXT('2D SPACE',''
  ) );
#61 = PCURVE('',#62,#67);
#62 = PLANE('',#63);
#63 = AXIS2_PLACEMENT_3D('',#64,#65,#66);
#64 = CARTESIAN_POINT('',(-12.35,96.339771355577,22.913195844069));
#65 = DIRECTION('',(1.,0.,0.));
#66 = DIRECTION('',(0.,0.965925826289,0.258819045103));
#67 = DEFINITIONAL_REPRESENTATION('',(#68),#72);
#68 = LINE('',#69,#70);
#69 = CARTESIAN_POINT('',(-9.80674787307,-10.0497872014));
#70 = VECTOR('',#71,1.);
#71 = DIRECTION('',(1.,0.));
#72 = ( GEOMETRIC_REPRESENTATION_CONTEXT(2) 
PARAMETRIC_REPRESENTATION_CONTEXT() REPRESENTATION_CONTEXT('2D SPACE',''
  ) );
#73 = ORIENTED_EDGE('',*,*,#74,.F.);
#74 = EDGE_CURVE('',#75,#40,#77,.T.);
#75 = VERTEX_POINT('',#76);
#76 = CARTESIAN_POINT('',(12.35,90.708515211187,11.));
#77 = SURFACE_CURVE('',#78,(#82,#88),.PCURVE_S1.);
#78 = LINE('',#79,#80);
#79 = CARTESIAN_POINT('',(-26.175,90.708515211187,11.));
#80 = VECTOR('',#81,1.);
#81 = DIRECTION('',(-1.,0.,0.));
#82 = PCURVE('',#50,#83);
#83 = DEFINITIONAL_REPRESENTATION('',(#84),#87);
#84 = B_SPLINE_CURVE_WITH_KNOTS('',1,(#85,#86),.UNSPECIFIED.,.F.,.F.,(2,
    2),(-38.525,-13.825),.PIECEWISE_BEZIER_KNOTS.);
#85 = CARTESIAN_POINT('',(1.284010156274,-24.7));
#86 = CARTESIAN_POINT('',(1.284010156274,0.));
#87 = ( GEOMETRIC_REPRESENTATION_CONTEXT(2) 
PARAMETRIC_REPRESENTATION_CONTEXT() REPRESENTATION_CONTEXT('2D SPACE',''
  ) );
#88 = PCURVE('',#89,#94);
#89 = PLANE('',#90);
#90 = AXIS2_PLACEMENT_3D('',#91,#92,#93);
#91 = CARTESIAN_POINT('',(-40.,83.,11.));
#92 = DIRECTION('',(0.,0.,1.));
#93 = DIRECTION('',(1.,0.,-0.));
#94 = DEFINITIONAL_REPRESENTATION('',(#95),#98);
#95 = B_SPLINE_CURVE_WITH_KNOTS('',1,(#96,#97),.UNSPECIFIED.,.F.,.F.,(2,
    2),(-38.525,-13.825),.PIECEWISE_BEZIER_KNOTS.);
#96 = CARTESIAN_POINT('',(52.35,7.708515211187));
#97 = CARTESIAN_POINT('',(27.65,7.708515211187));
#98 = ( GEOMETRIC_REPRESENTATION_CONTEXT(2) 
PARAMETRIC_REPRESENTATION_CONTEXT() REPRESENTATION_CONTEXT('2D SPACE',''
  ) );
#99 = ORIENTED_EDGE('',*,*,#100,.T.);
#100 = EDGE_CURVE('',#75,#101,#103,.T.);
#101 = VERTEX_POINT('',#102);
#102 = CARTESIAN_POINT('',(12.35,113.03684680147,16.982858417953));
#103 = SURFACE_CURVE('',#104,(#108,#115),.PCURVE_S1.);
#104 = LINE('',#105,#106);
#105 = CARTESIAN_POINT('',(12.35,89.468256640025,10.667673717451));
#106 = VECTOR('',#107,1.);
#107 = DIRECTION('',(0.,0.965925826289,0.258819045103));
#108 = PCURVE('',#50,#109);
#109 = DEFINITIONAL_REPRESENTATION('',(#110),#114);
#110 = LINE('',#111,#112);
#111 = CARTESIAN_POINT('',(0.,-24.7));
#112 = VECTOR('',#113,1.);
#113 = DIRECTION('',(1.,0.));
#114 = ( GEOMETRIC_REPRESENTATION_CONTEXT(2) 
PARAMETRIC_REPRESENTATION_CONTEXT() REPRESENTATION_CONTEXT('2D SPACE',''
  ) );
#115 = PCURVE('',#116,#121);
#116 = PLANE('',#117);
#117 = AXIS2_PLACEMENT_3D('',#118,#119,#120);
#118 = CARTESIAN_POINT('',(12.35,96.339771355577,22.913195844069));
#119 = DIRECTION('',(1.,0.,0.));
#120 = DIRECTION('',(0.,0.965925826289,0.258819045103));
#121 = DEFINITIONAL_REPRESENTATION('',(#122),#126);
#122 = LINE('',#123,#124);
#123 = CARTESIAN_POINT('',(-9.80674787307,-10.0497872014));
#124 = VECTOR('',#125,1.);
#125 = DIRECTION('',(1.,0.));
#126 = ( GEOMETRIC_REPRESENTATION_CONTEXT(2) 
PARAMETRIC_REPRESENTATION_CONTEXT() REPRESENTATION_CONTEXT('2D SPACE',''
  ) );
#127 = ORIENTED_EDGE('',*,*,#128,.F.);
#128 = EDGE_CURVE('',#42,#101,#129,.T.);
#129 = SURFACE_CURVE('',#130,(#134,#141),.PCURVE_S1.);
#130 = LINE('',#131,#132);
#131 = CARTESIAN_POINT('',(-12.35,113.03684680147,16.982858417953));
#132 = VECTOR('',#133,1.);
#133 = DIRECTION('',(1.,0.,0.));
#134 = PCURVE('',#50,#135);
#135 = DEFINITIONAL_REPRESENTATION('',(#136),#140);
#136 = LINE('',#137,#138);
#137 = CARTESIAN_POINT('',(24.4,0.));
#138 = VECTOR('',#139,1.);
#139 = DIRECTION('',(0.,-1.));
#140 = ( GEOMETRIC_REPRESENTATION_CONTEXT(2) 
PARAMETRIC_REPRESENTATION_CONTEXT() REPRESENTATION_CONTEXT('2D SPACE',''
  ) );
#141 = PCURVE('',#142,#147);
#142 = PLANE('',#143);
#143 = AXIS2_PLACEMENT_3D('',#144,#145,#146);
#144 = CARTESIAN_POINT('',(-12.35,113.03684680147,16.982858417953));
#145 = DIRECTION('',(0.,-0.965925826289,-0.258819045103));
#146 = DIRECTION('',(0.,-0.258819045103,0.965925826289));
#147 = DEFINITIONAL_REPRESENTATION('',(#148),#152);
#148 = LINE('',#149,#150);
#149 = CARTESIAN_POINT('',(0.,0.));
#150 = VECTOR('',#151,1.);
#151 = DIRECTION('',(0.,-1.));
#152 = ( GEOMETRIC_REPRESENTATION_CONTEXT(2) 
PARAMETRIC_REPRESENTATION_CONTEXT() REPRESENTATION_CONTEXT('2D SPACE',''
  ) );
#153 = ADVANCED_FACE('',(#154),#89,.F.);
#154 = FACE_BOUND('',#155,.F.);
#155 = EDGE_LOOP('',(#156,#177,#178,#199));
#156 = ORIENTED_EDGE('',*,*,#157,.F.);
#157 = EDGE_CURVE('',#75,#158,#160,.T.);
#158 = VERTEX_POINT('',#159);
#159 = CARTESIAN_POINT('',(12.35,88.892650633961,11.));
#160 = SURFACE_CURVE('',#161,(#165,#171),.PCURVE_S1.);
#161 = LINE('',#162,#163);
#162 = CARTESIAN_POINT('',(12.35,89.669885677789,11.));
#163 = VECTOR('',#164,1.);
#164 = DIRECTION('',(0.,-1.,0.));
#165 = PCURVE('',#89,#166);
#166 = DEFINITIONAL_REPRESENTATION('',(#167),#170);
#167 = B_SPLINE_CURVE_WITH_KNOTS('',1,(#168,#169),.UNSPECIFIED.,.F.,.F.,
  (2,2),(-1.038629533399,6.669885677789),.PIECEWISE_BEZIER_KNOTS.);
#168 = CARTESIAN_POINT('',(52.35,7.708515211187));
#169 = CARTESIAN_POINT('',(52.35,0.));
#170 = ( GEOMETRIC_REPRESENTATION_CONTEXT(2) 
PARAMETRIC_REPRESENTATION_CONTEXT() REPRESENTATION_CONTEXT('2D SPACE',''
  ) );
#171 = PCURVE('',#116,#172);
#172 = DEFINITIONAL_REPRESENTATION('',(#173),#176);
#173 = B_SPLINE_CURVE_WITH_KNOTS('',1,(#174,#175),.UNSPECIFIED.,.F.,.F.,
  (2,2),(-1.038629533399,6.669885677789),.PIECEWISE_BEZIER_KNOTS.);
#174 = CARTESIAN_POINT('',(-8.522737716796,-10.0497872014));
#175 = CARTESIAN_POINT('',(-15.96859164162,-8.054676655289));
#176 = ( GEOMETRIC_REPRESENTATION_CONTEXT(2) 
PARAMETRIC_REPRESENTATION_CONTEXT() REPRESENTATION_CONTEXT('2D SPACE',''
  ) );
#177 = ORIENTED_EDGE('',*,*,#74,.T.);
#178 = ORIENTED_EDGE('',*,*,#179,.T.);
#179 = EDGE_CURVE('',#40,#180,#182,.T.);
#180 = VERTEX_POINT('',#181);
#181 = CARTESIAN_POINT('',(-12.35,88.892650633961,11.));
#182 = SURFACE_CURVE('',#183,(#187,#193),.PCURVE_S1.);
#183 = LINE('',#184,#185);
#184 = CARTESIAN_POINT('',(-12.35,89.669885677789,11.));
#185 = VECTOR('',#186,1.);
#186 = DIRECTION('',(0.,-1.,0.));
#187 = PCURVE('',#89,#188);
#188 = DEFINITIONAL_REPRESENTATION('',(#189),#192);
#189 = B_SPLINE_CURVE_WITH_KNOTS('',1,(#190,#191),.UNSPECIFIED.,.F.,.F.,
  (2,2),(-1.038629533399,6.669885677789),.PIECEWISE_BEZIER_KNOTS.);
#190 = CARTESIAN_POINT('',(27.65,7.708515211187));
#191 = CARTESIAN_POINT('',(27.65,0.));
#192 = ( GEOMETRIC_REPRESENTATION_CONTEXT(2) 
PARAMETRIC_REPRESENTATION_CONTEXT() REPRESENTATION_CONTEXT('2D SPACE',''
  ) );
#193 = PCURVE('',#62,#194);
#194 = DEFINITIONAL_REPRESENTATION('',(#195),#198);
#195 = B_SPLINE_CURVE_WITH_KNOTS('',1,(#196,#197),.UNSPECIFIED.,.F.,.F.,
  (2,2),(-1.038629533399,6.669885677789),.PIECEWISE_BEZIER_KNOTS.);
#196 = CARTESIAN_POINT('',(-8.522737716796,-10.0497872014));
#197 = CARTESIAN_POINT('',(-15.96859164162,-8.054676655289));
#198 = ( GEOMETRIC_REPRESENTATION_CONTEXT(2) 
PARAMETRIC_REPRESENTATION_CONTEXT() REPRESENTATION_CONTEXT('2D SPACE',''
  ) );
#199 = ORIENTED_EDGE('',*,*,#200,.T.);
#200 = EDGE_CURVE('',#180,#158,#201,.T.);
#201 = SURFACE_CURVE('',#202,(#206,#212),.PCURVE_S1.);
#202 = LINE('',#203,#204);
#203 = CARTESIAN_POINT('',(-26.175,88.892650633961,11.));
#204 = VECTOR('',#205,1.);
#205 = DIRECTION('',(1.,0.,0.));
#206 = PCURVE('',#89,#207);
#207 = DEFINITIONAL_REPRESENTATION('',(#208),#211);
#208 = B_SPLINE_CURVE_WITH_KNOTS('',1,(#209,#210),.UNSPECIFIED.,.F.,.F.,
  (2,2),(13.825,38.525),.PIECEWISE_BEZIER_KNOTS.);
#209 = CARTESIAN_POINT('',(27.65,5.892650633961));
#210 = CARTESIAN_POINT('',(52.35,5.892650633961));
#211 = ( GEOMETRIC_REPRESENTATION_CONTEXT(2) 
PARAMETRIC_REPRESENTATION_CONTEXT() REPRESENTATION_CONTEXT('2D SPACE',''
  ) );
#212 = PCURVE('',#213,#218);
#213 = PLANE('',#214);
#214 = AXIS2_PLACEMENT_3D('',#215,#216,#217);
#215 = CARTESIAN_POINT('',(-12.35,79.075951794612,16.667673717451));
#216 = DIRECTION('',(0.,0.5,0.866025403784));
#217 = DIRECTION('',(0.,0.866025403784,-0.5));
#218 = DEFINITIONAL_REPRESENTATION('',(#219),#222);
#219 = B_SPLINE_CURVE_WITH_KNOTS('',1,(#220,#221),.UNSPECIFIED.,.F.,.F.,
  (2,2),(13.825,38.525),.PIECEWISE_BEZIER_KNOTS.);
#220 = CARTESIAN_POINT('',(11.335347434903,0.));
#221 = CARTESIAN_POINT('',(11.335347434903,-24.7));
#222 = ( GEOMETRIC_REPRESENTATION_CONTEXT(2) 
PARAMETRIC_REPRESENTATION_CONTEXT() REPRESENTATION_CONTEXT('2D SPACE',''
  ) );
#223 = ADVANCED_FACE('',(#224),#213,.F.);
#224 = FACE_BOUND('',#225,.F.);
#225 = EDGE_LOOP('',(#226,#249,#275,#296));
#226 = ORIENTED_EDGE('',*,*,#227,.F.);
#227 = EDGE_CURVE('',#228,#180,#230,.T.);
#228 = VERTEX_POINT('',#229);
#229 = CARTESIAN_POINT('',(-12.35,83.,14.402123429758));
#230 = SURFACE_CURVE('',#231,(#235,#242),.PCURVE_S1.);
#231 = LINE('',#232,#233);
#232 = CARTESIAN_POINT('',(-12.35,79.075951794612,16.667673717451));
#233 = VECTOR('',#234,1.);
#234 = DIRECTION('',(0.,0.866025403784,-0.5));
#235 = PCURVE('',#213,#236);
#236 = DEFINITIONAL_REPRESENTATION('',(#237),#241);
#237 = LINE('',#238,#239);
#238 = CARTESIAN_POINT('',(0.,0.));
#239 = VECTOR('',#240,1.);
#240 = DIRECTION('',(1.,0.));
#241 = ( GEOMETRIC_REPRESENTATION_CONTEXT(2) 
PARAMETRIC_REPRESENTATION_CONTEXT() REPRESENTATION_CONTEXT('2D SPACE',''
  ) );
#242 = PCURVE('',#62,#243);
#243 = DEFINITIONAL_REPRESENTATION('',(#244),#248);
#244 = LINE('',#245,#246);
#245 = CARTESIAN_POINT('',(-18.2920292473,-1.564505827168));
#246 = VECTOR('',#247,1.);
#247 = DIRECTION('',(0.707106781187,-0.707106781187));
#248 = ( GEOMETRIC_REPRESENTATION_CONTEXT(2) 
PARAMETRIC_REPRESENTATION_CONTEXT() REPRESENTATION_CONTEXT('2D SPACE',''
  ) );
#249 = ORIENTED_EDGE('',*,*,#250,.F.);
#250 = EDGE_CURVE('',#251,#228,#253,.T.);
#251 = VERTEX_POINT('',#252);
#252 = CARTESIAN_POINT('',(12.35,83.,14.402123429758));
#253 = SURFACE_CURVE('',#254,(#258,#264),.PCURVE_S1.);
#254 = LINE('',#255,#256);
#255 = CARTESIAN_POINT('',(-26.175,83.,14.402123429758));
#256 = VECTOR('',#257,1.);
#257 = DIRECTION('',(-1.,-0.,0.));
#258 = PCURVE('',#213,#259);
#259 = DEFINITIONAL_REPRESENTATION('',(#260),#263);
#260 = B_SPLINE_CURVE_WITH_KNOTS('',1,(#261,#262),.UNSPECIFIED.,.F.,.F.,
  (2,2),(-38.525,-13.825),.PIECEWISE_BEZIER_KNOTS.);
#261 = CARTESIAN_POINT('',(4.531100575388,-24.7));
#262 = CARTESIAN_POINT('',(4.531100575388,0.));
#263 = ( GEOMETRIC_REPRESENTATION_CONTEXT(2) 
PARAMETRIC_REPRESENTATION_CONTEXT() REPRESENTATION_CONTEXT('2D SPACE',''
  ) );
#264 = PCURVE('',#265,#270);
#265 = PLANE('',#266);
#266 = AXIS2_PLACEMENT_3D('',#267,#268,#269);
#267 = CARTESIAN_POINT('',(-40.,83.,11.));
#268 = DIRECTION('',(-0.,1.,0.));
#269 = DIRECTION('',(0.,0.,1.));
#270 = DEFINITIONAL_REPRESENTATION('',(#271),#274);
#271 = B_SPLINE_CURVE_WITH_KNOTS('',1,(#272,#273),.UNSPECIFIED.,.F.,.F.,
  (2,2),(-38.525,-13.825),.PIECEWISE_BEZIER_KNOTS.);
#272 = CARTESIAN_POINT('',(3.402123429758,52.35));
#273 = CARTESIAN_POINT('',(3.402123429758,27.65));
#274 = ( GEOMETRIC_REPRESENTATION_CONTEXT(2) 
PARAMETRIC_REPRESENTATION_CONTEXT() REPRESENTATION_CONTEXT('2D SPACE',''
  ) );
#275 = ORIENTED_EDGE('',*,*,#276,.T.);
#276 = EDGE_CURVE('',#251,#158,#277,.T.);
#277 = SURFACE_CURVE('',#278,(#282,#289),.PCURVE_S1.);
#278 = LINE('',#279,#280);
#279 = CARTESIAN_POINT('',(12.35,79.075951794612,16.667673717451));
#280 = VECTOR('',#281,1.);
#281 = DIRECTION('',(0.,0.866025403784,-0.5));
#282 = PCURVE('',#213,#283);
#283 = DEFINITIONAL_REPRESENTATION('',(#284),#288);
#284 = LINE('',#285,#286);
#285 = CARTESIAN_POINT('',(0.,-24.7));
#286 = VECTOR('',#287,1.);
#287 = DIRECTION('',(1.,0.));
#288 = ( GEOMETRIC_REPRESENTATION_CONTEXT(2) 
PARAMETRIC_REPRESENTATION_CONTEXT() REPRESENTATION_CONTEXT('2D SPACE',''
  ) );
#289 = PCURVE('',#116,#290);
#290 = DEFINITIONAL_REPRESENTATION('',(#291),#295);
#291 = LINE('',#292,#293);
#292 = CARTESIAN_POINT('',(-18.2920292473,-1.564505827168));
#293 = VECTOR('',#294,1.);
#294 = DIRECTION('',(0.707106781187,-0.707106781187));
#295 = ( GEOMETRIC_REPRESENTATION_CONTEXT(2) 
PARAMETRIC_REPRESENTATION_CONTEXT() REPRESENTATION_CONTEXT('2D SPACE',''
  ) );
#296 = ORIENTED_EDGE('',*,*,#200,.F.);
#297 = ADVANCED_FACE('',(#298),#265,.F.);
#298 = FACE_BOUND('',#299,.F.);
#299 = EDGE_LOOP('',(#300,#321,#322,#343,#369,#395,#421,#447));
#300 = ORIENTED_EDGE('',*,*,#301,.F.);
#301 = EDGE_CURVE('',#251,#302,#304,.T.);
#302 = VERTEX_POINT('',#303);
#303 = CARTESIAN_POINT('',(12.35,83.,26.271180609947));
#304 = SURFACE_CURVE('',#305,(#309,#315),.PCURVE_S1.);
#305 = LINE('',#306,#307);
#306 = CARTESIAN_POINT('',(12.35,83.,16.956597922034));
#307 = VECTOR('',#308,1.);
#308 = DIRECTION('',(0.,-0.,1.));
#309 = PCURVE('',#265,#310);
#310 = DEFINITIONAL_REPRESENTATION('',(#311),#314);
#311 = B_SPLINE_CURVE_WITH_KNOTS('',1,(#312,#313),.UNSPECIFIED.,.F.,.F.,
  (2,2),(-5.956597922034,14.805751430327),.PIECEWISE_BEZIER_KNOTS.);
#312 = CARTESIAN_POINT('',(0.,52.35));
#313 = CARTESIAN_POINT('',(20.762349352362,52.35));
#314 = ( GEOMETRIC_REPRESENTATION_CONTEXT(2) 
PARAMETRIC_REPRESENTATION_CONTEXT() REPRESENTATION_CONTEXT('2D SPACE',''
  ) );
#315 = PCURVE('',#116,#316);
#316 = DEFINITIONAL_REPRESENTATION('',(#317),#320);
#317 = B_SPLINE_CURVE_WITH_KNOTS('',1,(#318,#319),.UNSPECIFIED.,.F.,.F.,
  (2,2),(-5.956597922034,14.805751430327),.PIECEWISE_BEZIER_KNOTS.);
#318 = CARTESIAN_POINT('',(-15.96859164162,-8.054676655289));
#319 = CARTESIAN_POINT('',(-10.59490020816,12.000212798593));
#320 = ( GEOMETRIC_REPRESENTATION_CONTEXT(2) 
PARAMETRIC_REPRESENTATION_CONTEXT() REPRESENTATION_CONTEXT('2D SPACE',''
  ) );
#321 = ORIENTED_EDGE('',*,*,#250,.T.);
#322 = ORIENTED_EDGE('',*,*,#323,.T.);
#323 = EDGE_CURVE('',#228,#324,#326,.T.);
#324 = VERTEX_POINT('',#325);
#325 = CARTESIAN_POINT('',(-12.35,83.,26.271180609947));
#326 = SURFACE_CURVE('',#327,(#331,#337),.PCURVE_S1.);
#327 = LINE('',#328,#329);
#328 = CARTESIAN_POINT('',(-12.35,83.,16.956597922034));
#329 = VECTOR('',#330,1.);
#330 = DIRECTION('',(0.,-0.,1.));
#331 = PCURVE('',#265,#332);
#332 = DEFINITIONAL_REPRESENTATION('',(#333),#336);
#333 = B_SPLINE_CURVE_WITH_KNOTS('',1,(#334,#335),.UNSPECIFIED.,.F.,.F.,
  (2,2),(-5.956597922034,14.805751430327),.PIECEWISE_BEZIER_KNOTS.);
#334 = CARTESIAN_POINT('',(0.,27.65));
#335 = CARTESIAN_POINT('',(20.762349352362,27.65));
#336 = ( GEOMETRIC_REPRESENTATION_CONTEXT(2) 
PARAMETRIC_REPRESENTATION_CONTEXT() REPRESENTATION_CONTEXT('2D SPACE',''
  ) );
#337 = PCURVE('',#62,#338);
#338 = DEFINITIONAL_REPRESENTATION('',(#339),#342);
#339 = B_SPLINE_CURVE_WITH_KNOTS('',1,(#340,#341),.UNSPECIFIED.,.F.,.F.,
  (2,2),(-5.956597922034,14.805751430327),.PIECEWISE_BEZIER_KNOTS.);
#340 = CARTESIAN_POINT('',(-15.96859164162,-8.054676655289));
#341 = CARTESIAN_POINT('',(-10.59490020816,12.000212798593));
#342 = ( GEOMETRIC_REPRESENTATION_CONTEXT(2) 
PARAMETRIC_REPRESENTATION_CONTEXT() REPRESENTATION_CONTEXT('2D SPACE',''
  ) );
#343 = ORIENTED_EDGE('',*,*,#344,.T.);
#344 = EDGE_CURVE('',#324,#345,#347,.T.);
#345 = VERTEX_POINT('',#346);
#346 = CARTESIAN_POINT('',(-10.75,83.,26.271180609947));
#347 = SURFACE_CURVE('',#348,(#352,#358),.PCURVE_S1.);
#348 = LINE('',#349,#350);
#349 = CARTESIAN_POINT('',(-26.175,83.,26.271180609947));
#350 = VECTOR('',#351,1.);
#351 = DIRECTION('',(1.,0.,0.));
#352 = PCURVE('',#265,#353);
#353 = DEFINITIONAL_REPRESENTATION('',(#354),#357);
#354 = B_SPLINE_CURVE_WITH_KNOTS('',1,(#355,#356),.UNSPECIFIED.,.F.,.F.,
  (2,2),(13.825,15.425),.PIECEWISE_BEZIER_KNOTS.);
#355 = CARTESIAN_POINT('',(15.271180609947,27.65));
#356 = CARTESIAN_POINT('',(15.271180609947,29.25));
#357 = ( GEOMETRIC_REPRESENTATION_CONTEXT(2) 
PARAMETRIC_REPRESENTATION_CONTEXT() REPRESENTATION_CONTEXT('2D SPACE',''
  ) );
#358 = PCURVE('',#359,#364);
#359 = PLANE('',#360);
#360 = AXIS2_PLACEMENT_3D('',#361,#362,#363);
#361 = CARTESIAN_POINT('',(-12.35,104.91507229124,37.634475274871));
#362 = DIRECTION('',(0.,0.460314733246,-0.887755792072));
#363 = DIRECTION('',(0.,-0.887755792072,-0.460314733246));
#364 = DEFINITIONAL_REPRESENTATION('',(#365),#368);
#365 = B_SPLINE_CURVE_WITH_KNOTS('',1,(#366,#367),.UNSPECIFIED.,.F.,.F.,
  (2,2),(13.825,15.425),.PIECEWISE_BEZIER_KNOTS.);
#366 = CARTESIAN_POINT('',(24.685924312701,0.));
#367 = CARTESIAN_POINT('',(24.685924312701,-1.6));
#368 = ( GEOMETRIC_REPRESENTATION_CONTEXT(2) 
PARAMETRIC_REPRESENTATION_CONTEXT() REPRESENTATION_CONTEXT('2D SPACE',''
  ) );
#369 = ORIENTED_EDGE('',*,*,#370,.F.);
#370 = EDGE_CURVE('',#371,#345,#373,.T.);
#371 = VERTEX_POINT('',#372);
#372 = CARTESIAN_POINT('',(-10.75,83.,23.609549431632));
#373 = SURFACE_CURVE('',#374,(#378,#384),.PCURVE_S1.);
#374 = LINE('',#375,#376);
#375 = CARTESIAN_POINT('',(-10.75,83.,11.722581530769));
#376 = VECTOR('',#377,1.);
#377 = DIRECTION('',(0.,-0.,1.));
#378 = PCURVE('',#265,#379);
#379 = DEFINITIONAL_REPRESENTATION('',(#380),#383);
#380 = B_SPLINE_CURVE_WITH_KNOTS('',1,(#381,#382),.UNSPECIFIED.,.F.,.F.,
  (2,2),(-0.722581530769,20.039767821593),.PIECEWISE_BEZIER_KNOTS.);
#381 = CARTESIAN_POINT('',(0.,29.25));
#382 = CARTESIAN_POINT('',(20.762349352362,29.25));
#383 = ( GEOMETRIC_REPRESENTATION_CONTEXT(2) 
PARAMETRIC_REPRESENTATION_CONTEXT() REPRESENTATION_CONTEXT('2D SPACE',''
  ) );
#384 = PCURVE('',#385,#390);
#385 = PLANE('',#386);
#386 = AXIS2_PLACEMENT_3D('',#387,#388,#389);
#387 = CARTESIAN_POINT('',(-10.75,89.147271232784,12.445163061537));
#388 = DIRECTION('',(1.,0.,0.));
#389 = DIRECTION('',(0.,-0.258819045103,0.965925826289));
#390 = DEFINITIONAL_REPRESENTATION('',(#391),#394);
#391 = B_SPLINE_CURVE_WITH_KNOTS('',1,(#392,#393),.UNSPECIFIED.,.F.,.F.,
  (2,2),(-0.722581530769,20.039767821593),.PIECEWISE_BEZIER_KNOTS.);
#392 = CARTESIAN_POINT('',(0.195110546118,6.311843768555));
#393 = CARTESIAN_POINT('',(20.25,0.938152335091));
#394 = ( GEOMETRIC_REPRESENTATION_CONTEXT(2) 
PARAMETRIC_REPRESENTATION_CONTEXT() REPRESENTATION_CONTEXT('2D SPACE',''
  ) );
#395 = ORIENTED_EDGE('',*,*,#396,.F.);
#396 = EDGE_CURVE('',#397,#371,#399,.T.);
#397 = VERTEX_POINT('',#398);
#398 = CARTESIAN_POINT('',(10.75,83.,23.609549431632));
#399 = SURFACE_CURVE('',#400,(#404,#410),.PCURVE_S1.);
#400 = LINE('',#401,#402);
#401 = CARTESIAN_POINT('',(-25.375,83.,23.609549431632));
#402 = VECTOR('',#403,1.);
#403 = DIRECTION('',(-1.,-0.,0.));
#404 = PCURVE('',#265,#405);
#405 = DEFINITIONAL_REPRESENTATION('',(#406),#409);
#406 = B_SPLINE_CURVE_WITH_KNOTS('',1,(#407,#408),.UNSPECIFIED.,.F.,.F.,
  (2,2),(-36.125,-14.625),.PIECEWISE_BEZIER_KNOTS.);
#407 = CARTESIAN_POINT('',(12.609549431632,50.75));
#408 = CARTESIAN_POINT('',(12.609549431632,29.25));
#409 = ( GEOMETRIC_REPRESENTATION_CONTEXT(2) 
PARAMETRIC_REPRESENTATION_CONTEXT() REPRESENTATION_CONTEXT('2D SPACE',''
  ) );
#410 = PCURVE('',#411,#416);
#411 = PLANE('',#412);
#412 = AXIS2_PLACEMENT_3D('',#413,#414,#415);
#413 = CARTESIAN_POINT('',(-10.75,22.434762471134,7.381142946374));
#414 = DIRECTION('',(0.,-0.258819045103,0.965925826289));
#415 = DIRECTION('',(0.,0.965925826289,0.258819045103));
#416 = DEFINITIONAL_REPRESENTATION('',(#417),#420);
#417 = B_SPLINE_CURVE_WITH_KNOTS('',1,(#418,#419),.UNSPECIFIED.,.F.,.F.,
  (2,2),(-36.125,-14.625),.PIECEWISE_BEZIER_KNOTS.);
#418 = CARTESIAN_POINT('',(62.701747774514,-21.5));
#419 = CARTESIAN_POINT('',(62.701747774514,0.));
#420 = ( GEOMETRIC_REPRESENTATION_CONTEXT(2) 
PARAMETRIC_REPRESENTATION_CONTEXT() REPRESENTATION_CONTEXT('2D SPACE',''
  ) );
#421 = ORIENTED_EDGE('',*,*,#422,.T.);
#422 = EDGE_CURVE('',#397,#423,#425,.T.);
#423 = VERTEX_POINT('',#424);
#424 = CARTESIAN_POINT('',(10.75,83.,26.271180609947));
#425 = SURFACE_CURVE('',#426,(#430,#436),.PCURVE_S1.);
#426 = LINE('',#427,#428);
#427 = CARTESIAN_POINT('',(10.75,83.,11.722581530769));
#428 = VECTOR('',#429,1.);
#429 = DIRECTION('',(0.,-0.,1.));
#430 = PCURVE('',#265,#431);
#431 = DEFINITIONAL_REPRESENTATION('',(#432),#435);
#432 = B_SPLINE_CURVE_WITH_KNOTS('',1,(#433,#434),.UNSPECIFIED.,.F.,.F.,
  (2,2),(-0.722581530769,20.039767821593),.PIECEWISE_BEZIER_KNOTS.);
#433 = CARTESIAN_POINT('',(0.,50.75));
#434 = CARTESIAN_POINT('',(20.762349352362,50.75));
#435 = ( GEOMETRIC_REPRESENTATION_CONTEXT(2) 
PARAMETRIC_REPRESENTATION_CONTEXT() REPRESENTATION_CONTEXT('2D SPACE',''
  ) );
#436 = PCURVE('',#437,#442);
#437 = PLANE('',#438);
#438 = AXIS2_PLACEMENT_3D('',#439,#440,#441);
#439 = CARTESIAN_POINT('',(10.75,89.147271232784,12.445163061537));
#440 = DIRECTION('',(1.,0.,0.));
#441 = DIRECTION('',(0.,-0.258819045103,0.965925826289));
#442 = DEFINITIONAL_REPRESENTATION('',(#443),#446);
#443 = B_SPLINE_CURVE_WITH_KNOTS('',1,(#444,#445),.UNSPECIFIED.,.F.,.F.,
  (2,2),(-0.722581530769,20.039767821593),.PIECEWISE_BEZIER_KNOTS.);
#444 = CARTESIAN_POINT('',(0.195110546118,6.311843768555));
#445 = CARTESIAN_POINT('',(20.25,0.938152335091));
#446 = ( GEOMETRIC_REPRESENTATION_CONTEXT(2) 
PARAMETRIC_REPRESENTATION_CONTEXT() REPRESENTATION_CONTEXT('2D SPACE',''
  ) );
#447 = ORIENTED_EDGE('',*,*,#448,.T.);
#448 = EDGE_CURVE('',#423,#302,#449,.T.);
#449 = SURFACE_CURVE('',#450,(#454,#460),.PCURVE_S1.);
#450 = LINE('',#451,#452);
#451 = CARTESIAN_POINT('',(-26.175,83.,26.271180609947));
#452 = VECTOR('',#453,1.);
#453 = DIRECTION('',(1.,0.,0.));
#454 = PCURVE('',#265,#455);
#455 = DEFINITIONAL_REPRESENTATION('',(#456),#459);
#456 = B_SPLINE_CURVE_WITH_KNOTS('',1,(#457,#458),.UNSPECIFIED.,.F.,.F.,
  (2,2),(36.925,38.525),.PIECEWISE_BEZIER_KNOTS.);
#457 = CARTESIAN_POINT('',(15.271180609947,50.75));
#458 = CARTESIAN_POINT('',(15.271180609947,52.35));
#459 = ( GEOMETRIC_REPRESENTATION_CONTEXT(2) 
PARAMETRIC_REPRESENTATION_CONTEXT() REPRESENTATION_CONTEXT('2D SPACE',''
  ) );
#460 = PCURVE('',#461,#466);
#461 = PLANE('',#462);
#462 = AXIS2_PLACEMENT_3D('',#463,#464,#465);
#463 = CARTESIAN_POINT('',(-12.35,104.91507229124,37.634475274871));
#464 = DIRECTION('',(0.,0.460314733246,-0.887755792072));
#465 = DIRECTION('',(0.,-0.887755792072,-0.460314733246));
#466 = DEFINITIONAL_REPRESENTATION('',(#467),#470);
#467 = B_SPLINE_CURVE_WITH_KNOTS('',1,(#468,#469),.UNSPECIFIED.,.F.,.F.,
  (2,2),(36.925,38.525),.PIECEWISE_BEZIER_KNOTS.);
#468 = CARTESIAN_POINT('',(24.685924312701,-23.1));
#469 = CARTESIAN_POINT('',(24.685924312701,-24.7));
#470 = ( GEOMETRIC_REPRESENTATION_CONTEXT(2) 
PARAMETRIC_REPRESENTATION_CONTEXT() REPRESENTATION_CONTEXT('2D SPACE',''
  ) );
#471 = ADVANCED_FACE('',(#472),#359,.F.);
#472 = FACE_BOUND('',#473,.F.);
#473 = EDGE_LOOP('',(#474,#497,#525,#546));
#474 = ORIENTED_EDGE('',*,*,#475,.F.);
#475 = EDGE_CURVE('',#476,#324,#478,.T.);
#476 = VERTEX_POINT('',#477);
#477 = CARTESIAN_POINT('',(-12.35,104.91507229124,37.634475274871));
#478 = SURFACE_CURVE('',#479,(#483,#490),.PCURVE_S1.);
#479 = LINE('',#480,#481);
#480 = CARTESIAN_POINT('',(-12.35,104.91507229124,37.634475274871));
#481 = VECTOR('',#482,1.);
#482 = DIRECTION('',(0.,-0.887755792072,-0.460314733246));
#483 = PCURVE('',#359,#484);
#484 = DEFINITIONAL_REPRESENTATION('',(#485),#489);
#485 = LINE('',#486,#487);
#486 = CARTESIAN_POINT('',(0.,0.));
#487 = VECTOR('',#488,1.);
#488 = DIRECTION('',(1.,0.));
#489 = ( GEOMETRIC_REPRESENTATION_CONTEXT(2) 
PARAMETRIC_REPRESENTATION_CONTEXT() REPRESENTATION_CONTEXT('2D SPACE',''
  ) );
#490 = PCURVE('',#62,#491);
#491 = DEFINITIONAL_REPRESENTATION('',(#492),#496);
#492 = LINE('',#493,#494);
#493 = CARTESIAN_POINT('',(12.09325212693,12.000212798593));
#494 = VECTOR('',#495,1.);
#495 = DIRECTION('',(-0.976644466705,-0.214861782675));
#496 = ( GEOMETRIC_REPRESENTATION_CONTEXT(2) 
PARAMETRIC_REPRESENTATION_CONTEXT() REPRESENTATION_CONTEXT('2D SPACE',''
  ) );
#497 = ORIENTED_EDGE('',*,*,#498,.T.);
#498 = EDGE_CURVE('',#476,#499,#501,.T.);
#499 = VERTEX_POINT('',#500);
#500 = CARTESIAN_POINT('',(-10.75,104.91507229124,37.634475274871));
#501 = SURFACE_CURVE('',#502,(#506,#513),.PCURVE_S1.);
#502 = LINE('',#503,#504);
#503 = CARTESIAN_POINT('',(-12.35,104.91507229124,37.634475274871));
#504 = VECTOR('',#505,1.);
#505 = DIRECTION('',(1.,0.,0.));
#506 = PCURVE('',#359,#507);
#507 = DEFINITIONAL_REPRESENTATION('',(#508),#512);
#508 = LINE('',#509,#510);
#509 = CARTESIAN_POINT('',(0.,0.));
#510 = VECTOR('',#511,1.);
#511 = DIRECTION('',(0.,-1.));
#512 = ( GEOMETRIC_REPRESENTATION_CONTEXT(2) 
PARAMETRIC_REPRESENTATION_CONTEXT() REPRESENTATION_CONTEXT('2D SPACE',''
  ) );
#513 = PCURVE('',#514,#519);
#514 = PLANE('',#515);
#515 = AXIS2_PLACEMENT_3D('',#516,#517,#518);
#516 = CARTESIAN_POINT('',(-12.35,107.97693446972,35.866708321904));
#517 = DIRECTION('',(0.,-0.5,-0.866025403784));
#518 = DIRECTION('',(0.,-0.866025403784,0.5));
#519 = DEFINITIONAL_REPRESENTATION('',(#520),#524);
#520 = LINE('',#521,#522);
#521 = CARTESIAN_POINT('',(3.535533905933,0.));
#522 = VECTOR('',#523,1.);
#523 = DIRECTION('',(0.,-1.));
#524 = ( GEOMETRIC_REPRESENTATION_CONTEXT(2) 
PARAMETRIC_REPRESENTATION_CONTEXT() REPRESENTATION_CONTEXT('2D SPACE',''
  ) );
#525 = ORIENTED_EDGE('',*,*,#526,.T.);
#526 = EDGE_CURVE('',#499,#345,#527,.T.);
#527 = SURFACE_CURVE('',#528,(#532,#539),.PCURVE_S1.);
#528 = LINE('',#529,#530);
#529 = CARTESIAN_POINT('',(-10.75,104.91507229124,37.634475274871));
#530 = VECTOR('',#531,1.);
#531 = DIRECTION('',(0.,-0.887755792072,-0.460314733246));
#532 = PCURVE('',#359,#533);
#533 = DEFINITIONAL_REPRESENTATION('',(#534),#538);
#534 = LINE('',#535,#536);
#535 = CARTESIAN_POINT('',(0.,-1.6));
#536 = VECTOR('',#537,1.);
#537 = DIRECTION('',(1.,0.));
#538 = ( GEOMETRIC_REPRESENTATION_CONTEXT(2) 
PARAMETRIC_REPRESENTATION_CONTEXT() REPRESENTATION_CONTEXT('2D SPACE',''
  ) );
#539 = PCURVE('',#385,#540);
#540 = DEFINITIONAL_REPRESENTATION('',(#541),#545);
#541 = LINE('',#542,#543);
#542 = CARTESIAN_POINT('',(20.25,-21.75));
#543 = VECTOR('',#544,1.);
#544 = DIRECTION('',(-0.214861782675,0.976644466705));
#545 = ( GEOMETRIC_REPRESENTATION_CONTEXT(2) 
PARAMETRIC_REPRESENTATION_CONTEXT() REPRESENTATION_CONTEXT('2D SPACE',''
  ) );
#546 = ORIENTED_EDGE('',*,*,#344,.F.);
#547 = ADVANCED_FACE('',(#548),#514,.F.);
#548 = FACE_BOUND('',#549,.F.);
#549 = EDGE_LOOP('',(#550,#573,#596,#616));
#550 = ORIENTED_EDGE('',*,*,#551,.F.);
#551 = EDGE_CURVE('',#552,#476,#554,.T.);
#552 = VERTEX_POINT('',#553);
#553 = CARTESIAN_POINT('',(-12.35,107.97693446972,35.866708321904));
#554 = SURFACE_CURVE('',#555,(#559,#566),.PCURVE_S1.);
#555 = LINE('',#556,#557);
#556 = CARTESIAN_POINT('',(-12.35,107.97693446972,35.866708321904));
#557 = VECTOR('',#558,1.);
#558 = DIRECTION('',(0.,-0.866025403784,0.5));
#559 = PCURVE('',#514,#560);
#560 = DEFINITIONAL_REPRESENTATION('',(#561),#565);
#561 = LINE('',#562,#563);
#562 = CARTESIAN_POINT('',(0.,0.));
#563 = VECTOR('',#564,1.);
#564 = DIRECTION('',(1.,0.));
#565 = ( GEOMETRIC_REPRESENTATION_CONTEXT(2) 
PARAMETRIC_REPRESENTATION_CONTEXT() REPRESENTATION_CONTEXT('2D SPACE',''
  ) );
#566 = PCURVE('',#62,#567);
#567 = DEFINITIONAL_REPRESENTATION('',(#568),#572);
#568 = LINE('',#569,#570);
#569 = CARTESIAN_POINT('',(14.59325212693,9.500212798593));
#570 = VECTOR('',#571,1.);
#571 = DIRECTION('',(-0.707106781187,0.707106781187));
#572 = ( GEOMETRIC_REPRESENTATION_CONTEXT(2) 
PARAMETRIC_REPRESENTATION_CONTEXT() REPRESENTATION_CONTEXT('2D SPACE',''
  ) );
#573 = ORIENTED_EDGE('',*,*,#574,.T.);
#574 = EDGE_CURVE('',#552,#575,#577,.T.);
#575 = VERTEX_POINT('',#576);
#576 = CARTESIAN_POINT('',(-10.75,107.97693446972,35.866708321904));
#577 = SURFACE_CURVE('',#578,(#582,#589),.PCURVE_S1.);
#578 = LINE('',#579,#580);
#579 = CARTESIAN_POINT('',(-12.35,107.97693446972,35.866708321904));
#580 = VECTOR('',#581,1.);
#581 = DIRECTION('',(1.,0.,0.));
#582 = PCURVE('',#514,#583);
#583 = DEFINITIONAL_REPRESENTATION('',(#584),#588);
#584 = LINE('',#585,#586);
#585 = CARTESIAN_POINT('',(0.,0.));
#586 = VECTOR('',#587,1.);
#587 = DIRECTION('',(0.,-1.));
#588 = ( GEOMETRIC_REPRESENTATION_CONTEXT(2) 
PARAMETRIC_REPRESENTATION_CONTEXT() REPRESENTATION_CONTEXT('2D SPACE',''
  ) );
#589 = PCURVE('',#142,#590);
#590 = DEFINITIONAL_REPRESENTATION('',(#591),#595);
#591 = LINE('',#592,#593);
#592 = CARTESIAN_POINT('',(19.55,0.));
#593 = VECTOR('',#594,1.);
#594 = DIRECTION('',(0.,-1.));
#595 = ( GEOMETRIC_REPRESENTATION_CONTEXT(2) 
PARAMETRIC_REPRESENTATION_CONTEXT() REPRESENTATION_CONTEXT('2D SPACE',''
  ) );
#596 = ORIENTED_EDGE('',*,*,#597,.T.);
#597 = EDGE_CURVE('',#575,#499,#598,.T.);
#598 = SURFACE_CURVE('',#599,(#603,#609),.PCURVE_S1.);
#599 = LINE('',#600,#601);
#600 = CARTESIAN_POINT('',(-10.75,105.98672405371,37.015756841332));
#601 = VECTOR('',#602,1.);
#602 = DIRECTION('',(0.,-0.866025403784,0.5));
#603 = PCURVE('',#514,#604);
#604 = DEFINITIONAL_REPRESENTATION('',(#605),#608);
#605 = B_SPLINE_CURVE_WITH_KNOTS('',1,(#606,#607),.UNSPECIFIED.,.F.,.F.,
  (2,2),(-2.298097038856,1.237436867076),.PIECEWISE_BEZIER_KNOTS.);
#606 = CARTESIAN_POINT('',(0.,-1.6));
#607 = CARTESIAN_POINT('',(3.535533905933,-1.6));
#608 = ( GEOMETRIC_REPRESENTATION_CONTEXT(2) 
PARAMETRIC_REPRESENTATION_CONTEXT() REPRESENTATION_CONTEXT('2D SPACE',''
  ) );
#609 = PCURVE('',#385,#610);
#610 = DEFINITIONAL_REPRESENTATION('',(#611),#615);
#611 = LINE('',#612,#613);
#612 = CARTESIAN_POINT('',(19.375,-22.625));
#613 = VECTOR('',#614,1.);
#614 = DIRECTION('',(0.707106781187,0.707106781187));
#615 = ( GEOMETRIC_REPRESENTATION_CONTEXT(2) 
PARAMETRIC_REPRESENTATION_CONTEXT() REPRESENTATION_CONTEXT('2D SPACE',''
  ) );
#616 = ORIENTED_EDGE('',*,*,#498,.F.);
#617 = ADVANCED_FACE('',(#618,#723,#829,#864,#970,#1005),#385,.T.);
#618 = FACE_BOUND('',#619,.T.);
#619 = EDGE_LOOP('',(#620,#650,#678,#699,#700,#701,#702));
#620 = ORIENTED_EDGE('',*,*,#621,.F.);
#621 = EDGE_CURVE('',#622,#624,#626,.T.);
#622 = VERTEX_POINT('',#623);
#623 = CARTESIAN_POINT('',(-10.75,89.147271232784,12.445163061537));
#624 = VERTEX_POINT('',#625);
#625 = CARTESIAN_POINT('',(-10.75,85.94438554964,24.398495161864));
#626 = SURFACE_CURVE('',#627,(#631,#638),.PCURVE_S1.);
#627 = LINE('',#628,#629);
#628 = CARTESIAN_POINT('',(-10.75,89.147271232784,12.445163061537));
#629 = VECTOR('',#630,1.);
#630 = DIRECTION('',(0.,-0.258819045103,0.965925826289));
#631 = PCURVE('',#385,#632);
#632 = DEFINITIONAL_REPRESENTATION('',(#633),#637);
#633 = LINE('',#634,#635);
#634 = CARTESIAN_POINT('',(0.,0.));
#635 = VECTOR('',#636,1.);
#636 = DIRECTION('',(1.,0.));
#637 = ( GEOMETRIC_REPRESENTATION_CONTEXT(2) 
PARAMETRIC_REPRESENTATION_CONTEXT() REPRESENTATION_CONTEXT('2D SPACE',''
  ) );
#638 = PCURVE('',#639,#644);
#639 = PLANE('',#640);
#640 = AXIS2_PLACEMENT_3D('',#641,#642,#643);
#641 = CARTESIAN_POINT('',(-10.75,89.147271232784,12.445163061537));
#642 = DIRECTION('',(0.,0.965925826289,0.258819045103));
#643 = DIRECTION('',(0.,-0.258819045103,0.965925826289));
#644 = DEFINITIONAL_REPRESENTATION('',(#645),#649);
#645 = LINE('',#646,#647);
#646 = CARTESIAN_POINT('',(0.,0.));
#647 = VECTOR('',#648,1.);
#648 = DIRECTION('',(1.,0.));
#649 = ( GEOMETRIC_REPRESENTATION_CONTEXT(2) 
PARAMETRIC_REPRESENTATION_CONTEXT() REPRESENTATION_CONTEXT('2D SPACE',''
  ) );
#650 = ORIENTED_EDGE('',*,*,#651,.T.);
#651 = EDGE_CURVE('',#622,#652,#654,.T.);
#652 = VERTEX_POINT('',#653);
#653 = CARTESIAN_POINT('',(-10.75,112.57097252029,18.721524905273));
#654 = SURFACE_CURVE('',#655,(#659,#666),.PCURVE_S1.);
#655 = LINE('',#656,#657);
#656 = CARTESIAN_POINT('',(-10.75,89.147271232784,12.445163061537));
#657 = VECTOR('',#658,1.);
#658 = DIRECTION('',(0.,0.965925826289,0.258819045103));
#659 = PCURVE('',#385,#660);
#660 = DEFINITIONAL_REPRESENTATION('',(#661),#665);
#661 = LINE('',#662,#663);
#662 = CARTESIAN_POINT('',(0.,0.));
#663 = VECTOR('',#664,1.);
#664 = DIRECTION('',(0.,-1.));
#665 = ( GEOMETRIC_REPRESENTATION_CONTEXT(2) 
PARAMETRIC_REPRESENTATION_CONTEXT() REPRESENTATION_CONTEXT('2D SPACE',''
  ) );
#666 = PCURVE('',#667,#672);
#667 = PLANE('',#668);
#668 = AXIS2_PLACEMENT_3D('',#669,#670,#671);
#669 = CARTESIAN_POINT('',(-10.75,89.147271232784,12.445163061537));
#670 = DIRECTION('',(0.,-0.258819045103,0.965925826289));
#671 = DIRECTION('',(1.,0.,0.));
#672 = DEFINITIONAL_REPRESENTATION('',(#673),#677);
#673 = LINE('',#674,#675);
#674 = CARTESIAN_POINT('',(0.,0.));
#675 = VECTOR('',#676,1.);
#676 = DIRECTION('',(0.,1.));
#677 = ( GEOMETRIC_REPRESENTATION_CONTEXT(2) 
PARAMETRIC_REPRESENTATION_CONTEXT() REPRESENTATION_CONTEXT('2D SPACE',''
  ) );
#678 = ORIENTED_EDGE('',*,*,#679,.F.);
#679 = EDGE_CURVE('',#575,#652,#680,.T.);
#680 = SURFACE_CURVE('',#681,(#685,#692),.PCURVE_S1.);
#681 = LINE('',#682,#683);
#682 = CARTESIAN_POINT('',(-10.75,107.97693446972,35.866708321904));
#683 = VECTOR('',#684,1.);
#684 = DIRECTION('',(0.,0.258819045103,-0.965925826289));
#685 = PCURVE('',#385,#686);
#686 = DEFINITIONAL_REPRESENTATION('',(#687),#691);
#687 = LINE('',#688,#689);
#688 = CARTESIAN_POINT('',(17.75,-24.25));
#689 = VECTOR('',#690,1.);
#690 = DIRECTION('',(-1.,0.));
#691 = ( GEOMETRIC_REPRESENTATION_CONTEXT(2) 
PARAMETRIC_REPRESENTATION_CONTEXT() REPRESENTATION_CONTEXT('2D SPACE',''
  ) );
#692 = PCURVE('',#142,#693);
#693 = DEFINITIONAL_REPRESENTATION('',(#694),#698);
#694 = LINE('',#695,#696);
#695 = CARTESIAN_POINT('',(19.55,-1.6));
#696 = VECTOR('',#697,1.);
#697 = DIRECTION('',(-1.,0.));
#698 = ( GEOMETRIC_REPRESENTATION_CONTEXT(2) 
PARAMETRIC_REPRESENTATION_CONTEXT() REPRESENTATION_CONTEXT('2D SPACE',''
  ) );
#699 = ORIENTED_EDGE('',*,*,#597,.T.);
#700 = ORIENTED_EDGE('',*,*,#526,.T.);
#701 = ORIENTED_EDGE('',*,*,#370,.F.);
#702 = ORIENTED_EDGE('',*,*,#703,.T.);
#703 = EDGE_CURVE('',#371,#624,#704,.T.);
#704 = SURFACE_CURVE('',#705,(#709,#716),.PCURVE_S1.);
#705 = LINE('',#706,#707);
#706 = CARTESIAN_POINT('',(-10.75,22.434762471134,7.381142946374));
#707 = VECTOR('',#708,1.);
#708 = DIRECTION('',(0.,0.965925826289,0.258819045103));
#709 = PCURVE('',#385,#710);
#710 = DEFINITIONAL_REPRESENTATION('',(#711),#715);
#711 = LINE('',#712,#713);
#712 = CARTESIAN_POINT('',(12.375,65.75));
#713 = VECTOR('',#714,1.);
#714 = DIRECTION('',(0.,-1.));
#715 = ( GEOMETRIC_REPRESENTATION_CONTEXT(2) 
PARAMETRIC_REPRESENTATION_CONTEXT() REPRESENTATION_CONTEXT('2D SPACE',''
  ) );
#716 = PCURVE('',#411,#717);
#717 = DEFINITIONAL_REPRESENTATION('',(#718),#722);
#718 = LINE('',#719,#720);
#719 = CARTESIAN_POINT('',(0.,0.));
#720 = VECTOR('',#721,1.);
#721 = DIRECTION('',(1.,0.));
#722 = ( GEOMETRIC_REPRESENTATION_CONTEXT(2) 
PARAMETRIC_REPRESENTATION_CONTEXT() REPRESENTATION_CONTEXT('2D SPACE',''
  ) );
#723 = FACE_BOUND('',#724,.T.);
#724 = EDGE_LOOP('',(#725,#753,#779,#805));
#725 = ORIENTED_EDGE('',*,*,#726,.F.);
#726 = EDGE_CURVE('',#727,#729,#731,.T.);
#727 = VERTEX_POINT('',#728);
#728 = CARTESIAN_POINT('',(-10.75,106.13177075979,30.195917293876));
#729 = VERTEX_POINT('',#730);
#730 = CARTESIAN_POINT('',(-10.75,107.94350407551,23.434436509852));
#731 = SURFACE_CURVE('',#732,(#736,#742),.PCURVE_S1.);
#732 = LINE('',#733,#734);
#733 = CARTESIAN_POINT('',(-10.75,108.68760883018,20.657399759271));
#734 = VECTOR('',#735,1.);
#735 = DIRECTION('',(0.,0.258819045103,-0.965925826289));
#736 = PCURVE('',#385,#737);
#737 = DEFINITIONAL_REPRESENTATION('',(#738),#741);
#738 = B_SPLINE_CURVE_WITH_KNOTS('',1,(#739,#740),.UNSPECIFIED.,.F.,.F.,
  (2,2),(-9.875,-2.875),.PIECEWISE_BEZIER_KNOTS.);
#739 = CARTESIAN_POINT('',(12.75,-21.));
#740 = CARTESIAN_POINT('',(5.75,-21.));
#741 = ( GEOMETRIC_REPRESENTATION_CONTEXT(2) 
PARAMETRIC_REPRESENTATION_CONTEXT() REPRESENTATION_CONTEXT('2D SPACE',''
  ) );
#742 = PCURVE('',#743,#748);
#743 = PLANE('',#744);
#744 = AXIS2_PLACEMENT_3D('',#745,#746,#747);
#745 = CARTESIAN_POINT('',(-11.35,107.94350407551,23.434436509852));
#746 = DIRECTION('',(0.,-0.965925826289,-0.258819045103));
#747 = DIRECTION('',(0.,-0.258819045103,0.965925826289));
#748 = DEFINITIONAL_REPRESENTATION('',(#749),#752);
#749 = B_SPLINE_CURVE_WITH_KNOTS('',1,(#750,#751),.UNSPECIFIED.,.F.,.F.,
  (2,2),(-9.875,-2.875),.PIECEWISE_BEZIER_KNOTS.);
#750 = CARTESIAN_POINT('',(7.,-0.6));
#751 = CARTESIAN_POINT('',(0.,-0.6));
#752 = ( GEOMETRIC_REPRESENTATION_CONTEXT(2) 
PARAMETRIC_REPRESENTATION_CONTEXT() REPRESENTATION_CONTEXT('2D SPACE',''
  ) );
#753 = ORIENTED_EDGE('',*,*,#754,.F.);
#754 = EDGE_CURVE('',#755,#727,#757,.T.);
#755 = VERTEX_POINT('',#756);
#756 = CARTESIAN_POINT('',(-10.75,107.58065949923,30.584145861529));
#757 = SURFACE_CURVE('',#758,(#762,#768),.PCURVE_S1.);
#758 = LINE('',#759,#760);
#759 = CARTESIAN_POINT('',(-10.75,95.989549583762,27.478317320299));
#760 = VECTOR('',#761,1.);
#761 = DIRECTION('',(0.,-0.965925826289,-0.258819045103));
#762 = PCURVE('',#385,#763);
#763 = DEFINITIONAL_REPRESENTATION('',(#764),#767);
#764 = B_SPLINE_CURVE_WITH_KNOTS('',1,(#765,#766),.UNSPECIFIED.,.F.,.F.,
  (2,2),(-12.,-10.5),.PIECEWISE_BEZIER_KNOTS.);
#765 = CARTESIAN_POINT('',(12.75,-22.5));
#766 = CARTESIAN_POINT('',(12.75,-21.));
#767 = ( GEOMETRIC_REPRESENTATION_CONTEXT(2) 
PARAMETRIC_REPRESENTATION_CONTEXT() REPRESENTATION_CONTEXT('2D SPACE',''
  ) );
#768 = PCURVE('',#769,#774);
#769 = PLANE('',#770);
#770 = AXIS2_PLACEMENT_3D('',#771,#772,#773);
#771 = CARTESIAN_POINT('',(-11.35,106.13177075979,30.195917293876));
#772 = DIRECTION('',(0.,-0.258819045103,0.965925826289));
#773 = DIRECTION('',(0.,0.965925826289,0.258819045103));
#774 = DEFINITIONAL_REPRESENTATION('',(#775),#778);
#775 = B_SPLINE_CURVE_WITH_KNOTS('',1,(#776,#777),.UNSPECIFIED.,.F.,.F.,
  (2,2),(-12.,-10.5),.PIECEWISE_BEZIER_KNOTS.);
#776 = CARTESIAN_POINT('',(1.5,-0.6));
#777 = CARTESIAN_POINT('',(0.,-0.6));
#778 = ( GEOMETRIC_REPRESENTATION_CONTEXT(2) 
PARAMETRIC_REPRESENTATION_CONTEXT() REPRESENTATION_CONTEXT('2D SPACE',''
  ) );
#779 = ORIENTED_EDGE('',*,*,#780,.T.);
#780 = EDGE_CURVE('',#755,#781,#783,.T.);
#781 = VERTEX_POINT('',#782);
#782 = CARTESIAN_POINT('',(-10.75,109.39239281494,23.822665077506));
#783 = SURFACE_CURVE('',#784,(#788,#794),.PCURVE_S1.);
#784 = LINE('',#785,#786);
#785 = CARTESIAN_POINT('',(-10.75,110.13649756961,21.045628326925));
#786 = VECTOR('',#787,1.);
#787 = DIRECTION('',(0.,0.258819045103,-0.965925826289));
#788 = PCURVE('',#385,#789);
#789 = DEFINITIONAL_REPRESENTATION('',(#790),#793);
#790 = B_SPLINE_CURVE_WITH_KNOTS('',1,(#791,#792),.UNSPECIFIED.,.F.,.F.,
  (2,2),(-9.875,-2.875),.PIECEWISE_BEZIER_KNOTS.);
#791 = CARTESIAN_POINT('',(12.75,-22.5));
#792 = CARTESIAN_POINT('',(5.75,-22.5));
#793 = ( GEOMETRIC_REPRESENTATION_CONTEXT(2) 
PARAMETRIC_REPRESENTATION_CONTEXT() REPRESENTATION_CONTEXT('2D SPACE',''
  ) );
#794 = PCURVE('',#795,#800);
#795 = PLANE('',#796);
#796 = AXIS2_PLACEMENT_3D('',#797,#798,#799);
#797 = CARTESIAN_POINT('',(-11.35,109.39239281494,23.822665077506));
#798 = DIRECTION('',(0.,-0.965925826289,-0.258819045103));
#799 = DIRECTION('',(0.,-0.258819045103,0.965925826289));
#800 = DEFINITIONAL_REPRESENTATION('',(#801),#804);
#801 = B_SPLINE_CURVE_WITH_KNOTS('',1,(#802,#803),.UNSPECIFIED.,.F.,.F.,
  (2,2),(-9.875,-2.875),.PIECEWISE_BEZIER_KNOTS.);
#802 = CARTESIAN_POINT('',(7.,-0.6));
#803 = CARTESIAN_POINT('',(0.,-0.6));
#804 = ( GEOMETRIC_REPRESENTATION_CONTEXT(2) 
PARAMETRIC_REPRESENTATION_CONTEXT() REPRESENTATION_CONTEXT('2D SPACE',''
  ) );
#805 = ORIENTED_EDGE('',*,*,#806,.T.);
#806 = EDGE_CURVE('',#781,#729,#807,.T.);
#807 = SURFACE_CURVE('',#808,(#812,#818),.PCURVE_S1.);
#808 = LINE('',#809,#810);
#809 = CARTESIAN_POINT('',(-10.75,97.80128289948,20.716836536276));
#810 = VECTOR('',#811,1.);
#811 = DIRECTION('',(0.,-0.965925826289,-0.258819045103));
#812 = PCURVE('',#385,#813);
#813 = DEFINITIONAL_REPRESENTATION('',(#814),#817);
#814 = B_SPLINE_CURVE_WITH_KNOTS('',1,(#815,#816),.UNSPECIFIED.,.F.,.F.,
  (2,2),(-12.,-10.5),.PIECEWISE_BEZIER_KNOTS.);
#815 = CARTESIAN_POINT('',(5.75,-22.5));
#816 = CARTESIAN_POINT('',(5.75,-21.));
#817 = ( GEOMETRIC_REPRESENTATION_CONTEXT(2) 
PARAMETRIC_REPRESENTATION_CONTEXT() REPRESENTATION_CONTEXT('2D SPACE',''
  ) );
#818 = PCURVE('',#819,#824);
#819 = PLANE('',#820);
#820 = AXIS2_PLACEMENT_3D('',#821,#822,#823);
#821 = CARTESIAN_POINT('',(-11.35,107.94350407551,23.434436509852));
#822 = DIRECTION('',(0.,-0.258819045103,0.965925826289));
#823 = DIRECTION('',(0.,0.965925826289,0.258819045103));
#824 = DEFINITIONAL_REPRESENTATION('',(#825),#828);
#825 = B_SPLINE_CURVE_WITH_KNOTS('',1,(#826,#827),.UNSPECIFIED.,.F.,.F.,
  (2,2),(-12.,-10.5),.PIECEWISE_BEZIER_KNOTS.);
#826 = CARTESIAN_POINT('',(1.5,-0.6));
#827 = CARTESIAN_POINT('',(0.,-0.6));
#828 = ( GEOMETRIC_REPRESENTATION_CONTEXT(2) 
PARAMETRIC_REPRESENTATION_CONTEXT() REPRESENTATION_CONTEXT('2D SPACE',''
  ) );
#829 = FACE_BOUND('',#830,.T.);
#830 = EDGE_LOOP('',(#831));
#831 = ORIENTED_EDGE('',*,*,#832,.T.);
#832 = EDGE_CURVE('',#833,#833,#835,.T.);
#833 = VERTEX_POINT('',#834);
#834 = CARTESIAN_POINT('',(-10.75,101.15911099154,27.310582854123));
#835 = SURFACE_CURVE('',#836,(#841,#852),.PCURVE_S1.);
#836 = CIRCLE('',#837,1.2);
#837 = AXIS2_PLACEMENT_3D('',#838,#839,#840);
#838 = CARTESIAN_POINT('',(-10.75,100.,27.));
#839 = DIRECTION('',(-1.,0.,0.));
#840 = DIRECTION('',(0.,0.965925826289,0.258819045103));
#841 = PCURVE('',#385,#842);
#842 = DEFINITIONAL_REPRESENTATION('',(#843),#851);
#843 = ( BOUNDED_CURVE() B_SPLINE_CURVE(2,(#844,#845,#846,#847,#848,#849
,#850),.UNSPECIFIED.,.T.,.F.) B_SPLINE_CURVE_WITH_KNOTS((1,2,2,2,2,1),(
    -2.094395102393,0.,2.094395102393,4.188790204786,6.28318530718,
8.377580409573),.UNSPECIFIED.) CURVE() GEOMETRIC_REPRESENTATION_ITEM() 
RATIONAL_B_SPLINE_CURVE((1.,0.5,1.,0.5,1.,0.5,1.)) REPRESENTATION_ITEM(
  '') );
#844 = CARTESIAN_POINT('',(11.25,-15.45));
#845 = CARTESIAN_POINT('',(9.171539030917,-15.45));
#846 = CARTESIAN_POINT('',(10.210769515459,-13.65));
#847 = CARTESIAN_POINT('',(11.25,-11.85));
#848 = CARTESIAN_POINT('',(12.289230484541,-13.65));
#849 = CARTESIAN_POINT('',(13.328460969083,-15.45));
#850 = CARTESIAN_POINT('',(11.25,-15.45));
#851 = ( GEOMETRIC_REPRESENTATION_CONTEXT(2) 
PARAMETRIC_REPRESENTATION_CONTEXT() REPRESENTATION_CONTEXT('2D SPACE',''
  ) );
#852 = PCURVE('',#853,#858);
#853 = CYLINDRICAL_SURFACE('',#854,1.2);
#854 = AXIS2_PLACEMENT_3D('',#855,#856,#857);
#855 = CARTESIAN_POINT('',(-13.35,100.,27.));
#856 = DIRECTION('',(-1.,0.,-0.));
#857 = DIRECTION('',(0.,0.965925826289,0.258819045103));
#858 = DEFINITIONAL_REPRESENTATION('',(#859),#863);
#859 = LINE('',#860,#861);
#860 = CARTESIAN_POINT('',(-6.28318530718,-2.6));
#861 = VECTOR('',#862,1.);
#862 = DIRECTION('',(1.,-0.));
#863 = ( GEOMETRIC_REPRESENTATION_CONTEXT(2) 
PARAMETRIC_REPRESENTATION_CONTEXT() REPRESENTATION_CONTEXT('2D SPACE',''
  ) );
#864 = FACE_BOUND('',#865,.T.);
#865 = EDGE_LOOP('',(#866,#894,#920,#946));
#866 = ORIENTED_EDGE('',*,*,#867,.F.);
#867 = EDGE_CURVE('',#868,#870,#872,.T.);
#868 = VERTEX_POINT('',#869);
#869 = CARTESIAN_POINT('',(-10.75,95.506586670618,27.348907797748));
#870 = VERTEX_POINT('',#871);
#871 = CARTESIAN_POINT('',(-10.75,97.318319986335,20.587427013724));
#872 = SURFACE_CURVE('',#873,(#877,#883),.PCURVE_S1.);
#873 = LINE('',#874,#875);
#874 = CARTESIAN_POINT('',(-10.75,98.062424741005,17.810390263143));
#875 = VECTOR('',#876,1.);
#876 = DIRECTION('',(0.,0.258819045103,-0.965925826289));
#877 = PCURVE('',#385,#878);
#878 = DEFINITIONAL_REPRESENTATION('',(#879),#882);
#879 = B_SPLINE_CURVE_WITH_KNOTS('',1,(#880,#881),.UNSPECIFIED.,.F.,.F.,
  (2,2),(-9.875,-2.875),.PIECEWISE_BEZIER_KNOTS.);
#880 = CARTESIAN_POINT('',(12.75,-10.));
#881 = CARTESIAN_POINT('',(5.75,-10.));
#882 = ( GEOMETRIC_REPRESENTATION_CONTEXT(2) 
PARAMETRIC_REPRESENTATION_CONTEXT() REPRESENTATION_CONTEXT('2D SPACE',''
  ) );
#883 = PCURVE('',#884,#889);
#884 = PLANE('',#885);
#885 = AXIS2_PLACEMENT_3D('',#886,#887,#888);
#886 = CARTESIAN_POINT('',(-11.35,97.318319986335,20.587427013724));
#887 = DIRECTION('',(0.,-0.965925826289,-0.258819045103));
#888 = DIRECTION('',(0.,-0.258819045103,0.965925826289));
#889 = DEFINITIONAL_REPRESENTATION('',(#890),#893);
#890 = B_SPLINE_CURVE_WITH_KNOTS('',1,(#891,#892),.UNSPECIFIED.,.F.,.F.,
  (2,2),(-9.875,-2.875),.PIECEWISE_BEZIER_KNOTS.);
#891 = CARTESIAN_POINT('',(7.,-0.6));
#892 = CARTESIAN_POINT('',(0.,-0.6));
#893 = ( GEOMETRIC_REPRESENTATION_CONTEXT(2) 
PARAMETRIC_REPRESENTATION_CONTEXT() REPRESENTATION_CONTEXT('2D SPACE',''
  ) );
#894 = ORIENTED_EDGE('',*,*,#895,.F.);
#895 = EDGE_CURVE('',#896,#868,#898,.T.);
#896 = VERTEX_POINT('',#897);
#897 = CARTESIAN_POINT('',(-10.75,96.955475410051,27.737136365402));
#898 = SURFACE_CURVE('',#899,(#903,#909),.PCURVE_S1.);
#899 = LINE('',#900,#901);
#900 = CARTESIAN_POINT('',(-10.75,90.676957539172,26.054812572235));
#901 = VECTOR('',#902,1.);
#902 = DIRECTION('',(0.,-0.965925826289,-0.258819045103));
#903 = PCURVE('',#385,#904);
#904 = DEFINITIONAL_REPRESENTATION('',(#905),#908);
#905 = B_SPLINE_CURVE_WITH_KNOTS('',1,(#906,#907),.UNSPECIFIED.,.F.,.F.,
  (2,2),(-6.5,-5.),.PIECEWISE_BEZIER_KNOTS.);
#906 = CARTESIAN_POINT('',(12.75,-11.5));
#907 = CARTESIAN_POINT('',(12.75,-10.));
#908 = ( GEOMETRIC_REPRESENTATION_CONTEXT(2) 
PARAMETRIC_REPRESENTATION_CONTEXT() REPRESENTATION_CONTEXT('2D SPACE',''
  ) );
#909 = PCURVE('',#910,#915);
#910 = PLANE('',#911);
#911 = AXIS2_PLACEMENT_3D('',#912,#913,#914);
#912 = CARTESIAN_POINT('',(-11.35,95.506586670618,27.348907797748));
#913 = DIRECTION('',(0.,-0.258819045103,0.965925826289));
#914 = DIRECTION('',(0.,0.965925826289,0.258819045103));
#915 = DEFINITIONAL_REPRESENTATION('',(#916),#919);
#916 = B_SPLINE_CURVE_WITH_KNOTS('',1,(#917,#918),.UNSPECIFIED.,.F.,.F.,
  (2,2),(-6.5,-5.),.PIECEWISE_BEZIER_KNOTS.);
#917 = CARTESIAN_POINT('',(1.5,-0.6));
#918 = CARTESIAN_POINT('',(0.,-0.6));
#919 = ( GEOMETRIC_REPRESENTATION_CONTEXT(2) 
PARAMETRIC_REPRESENTATION_CONTEXT() REPRESENTATION_CONTEXT('2D SPACE',''
  ) );
#920 = ORIENTED_EDGE('',*,*,#921,.T.);
#921 = EDGE_CURVE('',#896,#922,#924,.T.);
#922 = VERTEX_POINT('',#923);
#923 = CARTESIAN_POINT('',(-10.75,98.767208725769,20.975655581378));
#924 = SURFACE_CURVE('',#925,(#929,#935),.PCURVE_S1.);
#925 = LINE('',#926,#927);
#926 = CARTESIAN_POINT('',(-10.75,99.511313480439,18.198618830797));
#927 = VECTOR('',#928,1.);
#928 = DIRECTION('',(0.,0.258819045103,-0.965925826289));
#929 = PCURVE('',#385,#930);
#930 = DEFINITIONAL_REPRESENTATION('',(#931),#934);
#931 = B_SPLINE_CURVE_WITH_KNOTS('',1,(#932,#933),.UNSPECIFIED.,.F.,.F.,
  (2,2),(-9.875,-2.875),.PIECEWISE_BEZIER_KNOTS.);
#932 = CARTESIAN_POINT('',(12.75,-11.5));
#933 = CARTESIAN_POINT('',(5.75,-11.5));
#934 = ( GEOMETRIC_REPRESENTATION_CONTEXT(2) 
PARAMETRIC_REPRESENTATION_CONTEXT() REPRESENTATION_CONTEXT('2D SPACE',''
  ) );
#935 = PCURVE('',#936,#941);
#936 = PLANE('',#937);
#937 = AXIS2_PLACEMENT_3D('',#938,#939,#940);
#938 = CARTESIAN_POINT('',(-11.35,98.767208725769,20.975655581378));
#939 = DIRECTION('',(0.,-0.965925826289,-0.258819045103));
#940 = DIRECTION('',(0.,-0.258819045103,0.965925826289));
#941 = DEFINITIONAL_REPRESENTATION('',(#942),#945);
#942 = B_SPLINE_CURVE_WITH_KNOTS('',1,(#943,#944),.UNSPECIFIED.,.F.,.F.,
  (2,2),(-9.875,-2.875),.PIECEWISE_BEZIER_KNOTS.);
#943 = CARTESIAN_POINT('',(7.,-0.6));
#944 = CARTESIAN_POINT('',(0.,-0.6));
#945 = ( GEOMETRIC_REPRESENTATION_CONTEXT(2) 
PARAMETRIC_REPRESENTATION_CONTEXT() REPRESENTATION_CONTEXT('2D SPACE',''
  ) );
#946 = ORIENTED_EDGE('',*,*,#947,.T.);
#947 = EDGE_CURVE('',#922,#870,#948,.T.);
#948 = SURFACE_CURVE('',#949,(#953,#959),.PCURVE_S1.);
#949 = LINE('',#950,#951);
#950 = CARTESIAN_POINT('',(-10.75,92.48869085489,19.293331788212));
#951 = VECTOR('',#952,1.);
#952 = DIRECTION('',(0.,-0.965925826289,-0.258819045103));
#953 = PCURVE('',#385,#954);
#954 = DEFINITIONAL_REPRESENTATION('',(#955),#958);
#955 = B_SPLINE_CURVE_WITH_KNOTS('',1,(#956,#957),.UNSPECIFIED.,.F.,.F.,
  (2,2),(-6.5,-5.),.PIECEWISE_BEZIER_KNOTS.);
#956 = CARTESIAN_POINT('',(5.75,-11.5));
#957 = CARTESIAN_POINT('',(5.75,-10.));
#958 = ( GEOMETRIC_REPRESENTATION_CONTEXT(2) 
PARAMETRIC_REPRESENTATION_CONTEXT() REPRESENTATION_CONTEXT('2D SPACE',''
  ) );
#959 = PCURVE('',#960,#965);
#960 = PLANE('',#961);
#961 = AXIS2_PLACEMENT_3D('',#962,#963,#964);
#962 = CARTESIAN_POINT('',(-11.35,97.318319986335,20.587427013724));
#963 = DIRECTION('',(0.,-0.258819045103,0.965925826289));
#964 = DIRECTION('',(0.,0.965925826289,0.258819045103));
#965 = DEFINITIONAL_REPRESENTATION('',(#966),#969);
#966 = B_SPLINE_CURVE_WITH_KNOTS('',1,(#967,#968),.UNSPECIFIED.,.F.,.F.,
  (2,2),(-6.5,-5.),.PIECEWISE_BEZIER_KNOTS.);
#967 = CARTESIAN_POINT('',(1.5,-0.6));
#968 = CARTESIAN_POINT('',(0.,-0.6));
#969 = ( GEOMETRIC_REPRESENTATION_CONTEXT(2) 
PARAMETRIC_REPRESENTATION_CONTEXT() REPRESENTATION_CONTEXT('2D SPACE',''
  ) );
#970 = FACE_BOUND('',#971,.T.);
#971 = EDGE_LOOP('',(#972));
#972 = ORIENTED_EDGE('',*,*,#973,.T.);
#973 = EDGE_CURVE('',#974,#974,#976,.T.);
#974 = VERTEX_POINT('',#975);
#975 = CARTESIAN_POINT('',(-10.75,95.363556033812,25.757668583508));
#976 = SURFACE_CURVE('',#977,(#982,#993),.PCURVE_S1.);
#977 = CIRCLE('',#978,1.2);
#978 = AXIS2_PLACEMENT_3D('',#979,#980,#981);
#979 = CARTESIAN_POINT('',(-10.75,94.204445042266,25.447085729385));
#980 = DIRECTION('',(-1.,0.,0.));
#981 = DIRECTION('',(0.,0.965925826289,0.258819045103));
#982 = PCURVE('',#385,#983);
#983 = DEFINITIONAL_REPRESENTATION('',(#984),#992);
#984 = ( BOUNDED_CURVE() B_SPLINE_CURVE(2,(#985,#986,#987,#988,#989,#990
,#991),.UNSPECIFIED.,.T.,.F.) B_SPLINE_CURVE_WITH_KNOTS((1,2,2,2,2,1),(
    -2.094395102393,0.,2.094395102393,4.188790204786,6.28318530718,
8.377580409573),.UNSPECIFIED.) CURVE() GEOMETRIC_REPRESENTATION_ITEM() 
RATIONAL_B_SPLINE_CURVE((1.,0.5,1.,0.5,1.,0.5,1.)) REPRESENTATION_ITEM(
  '') );
#985 = CARTESIAN_POINT('',(11.25,-9.45));
#986 = CARTESIAN_POINT('',(9.171539030917,-9.45));
#987 = CARTESIAN_POINT('',(10.210769515459,-7.65));
#988 = CARTESIAN_POINT('',(11.25,-5.85));
#989 = CARTESIAN_POINT('',(12.289230484541,-7.65));
#990 = CARTESIAN_POINT('',(13.328460969083,-9.45));
#991 = CARTESIAN_POINT('',(11.25,-9.45));
#992 = ( GEOMETRIC_REPRESENTATION_CONTEXT(2) 
PARAMETRIC_REPRESENTATION_CONTEXT() REPRESENTATION_CONTEXT('2D SPACE',''
  ) );
#993 = PCURVE('',#994,#999);
#994 = CYLINDRICAL_SURFACE('',#995,1.2);
#995 = AXIS2_PLACEMENT_3D('',#996,#997,#998);
#996 = CARTESIAN_POINT('',(-13.35,94.204445042266,25.447085729385));
#997 = DIRECTION('',(-1.,0.,-0.));
#998 = DIRECTION('',(0.,0.965925826289,0.258819045103));
#999 = DEFINITIONAL_REPRESENTATION('',(#1000),#1004);
#1000 = LINE('',#1001,#1002);
#1001 = CARTESIAN_POINT('',(-6.28318530718,-2.6));
#1002 = VECTOR('',#1003,1.);
#1003 = DIRECTION('',(1.,-0.));
#1004 = ( GEOMETRIC_REPRESENTATION_CONTEXT(2) 
PARAMETRIC_REPRESENTATION_CONTEXT() REPRESENTATION_CONTEXT('2D SPACE',''
  ) );
#1005 = FACE_BOUND('',#1006,.T.);
#1006 = EDGE_LOOP('',(#1007,#1035,#1061,#1087));
#1007 = ORIENTED_EDGE('',*,*,#1008,.F.);
#1008 = EDGE_CURVE('',#1009,#1011,#1013,.T.);
#1009 = VERTEX_POINT('',#1010);
#1010 = CARTESIAN_POINT('',(-10.75,87.296217147161,25.148945914376));
#1011 = VERTEX_POINT('',#1012);
#1012 = CARTESIAN_POINT('',(-10.75,89.107950462878,18.387465130353));
#1013 = SURFACE_CURVE('',#1014,(#1018,#1024),.PCURVE_S1.);
#1014 = LINE('',#1015,#1016);
#1015 = CARTESIAN_POINT('',(-10.75,89.852055217548,15.610428379772));
#1016 = VECTOR('',#1017,1.);
#1017 = DIRECTION('',(0.,0.258819045103,-0.965925826289));
#1018 = PCURVE('',#385,#1019);
#1019 = DEFINITIONAL_REPRESENTATION('',(#1020),#1023);
#1020 = B_SPLINE_CURVE_WITH_KNOTS('',1,(#1021,#1022),.UNSPECIFIED.,.F.,
  .F.,(2,2),(-9.875,-2.875),.PIECEWISE_BEZIER_KNOTS.);
#1021 = CARTESIAN_POINT('',(12.75,-1.5));
#1022 = CARTESIAN_POINT('',(5.75,-1.5));
#1023 = ( GEOMETRIC_REPRESENTATION_CONTEXT(2) 
PARAMETRIC_REPRESENTATION_CONTEXT() REPRESENTATION_CONTEXT('2D SPACE',''
  ) );
#1024 = PCURVE('',#1025,#1030);
#1025 = PLANE('',#1026);
#1026 = AXIS2_PLACEMENT_3D('',#1027,#1028,#1029);
#1027 = CARTESIAN_POINT('',(-11.35,89.107950462878,18.387465130353));
#1028 = DIRECTION('',(0.,-0.965925826289,-0.258819045103));
#1029 = DIRECTION('',(0.,-0.258819045103,0.965925826289));
#1030 = DEFINITIONAL_REPRESENTATION('',(#1031),#1034);
#1031 = B_SPLINE_CURVE_WITH_KNOTS('',1,(#1032,#1033),.UNSPECIFIED.,.F.,
  .F.,(2,2),(-9.875,-2.875),.PIECEWISE_BEZIER_KNOTS.);
#1032 = CARTESIAN_POINT('',(7.,-0.6));
#1033 = CARTESIAN_POINT('',(0.,-0.6));
#1034 = ( GEOMETRIC_REPRESENTATION_CONTEXT(2) 
PARAMETRIC_REPRESENTATION_CONTEXT() REPRESENTATION_CONTEXT('2D SPACE',''
  ) );
#1035 = ORIENTED_EDGE('',*,*,#1036,.F.);
#1036 = EDGE_CURVE('',#1037,#1009,#1039,.T.);
#1037 = VERTEX_POINT('',#1038);
#1038 = CARTESIAN_POINT('',(-10.75,88.745105886594,25.53717448203));
#1039 = SURFACE_CURVE('',#1040,(#1044,#1050),.PCURVE_S1.);
#1040 = LINE('',#1041,#1042);
#1041 = CARTESIAN_POINT('',(-10.75,86.571772777444,24.95483163055));
#1042 = VECTOR('',#1043,1.);
#1043 = DIRECTION('',(0.,-0.965925826289,-0.258819045103));
#1044 = PCURVE('',#385,#1045);
#1045 = DEFINITIONAL_REPRESENTATION('',(#1046),#1049);
#1046 = B_SPLINE_CURVE_WITH_KNOTS('',1,(#1047,#1048),.UNSPECIFIED.,.F.,
  .F.,(2,2),(-2.25,-0.75),.PIECEWISE_BEZIER_KNOTS.);
#1047 = CARTESIAN_POINT('',(12.75,-3.));
#1048 = CARTESIAN_POINT('',(12.75,-1.5));
#1049 = ( GEOMETRIC_REPRESENTATION_CONTEXT(2) 
PARAMETRIC_REPRESENTATION_CONTEXT() REPRESENTATION_CONTEXT('2D SPACE',''
  ) );
#1050 = PCURVE('',#1051,#1056);
#1051 = PLANE('',#1052);
#1052 = AXIS2_PLACEMENT_3D('',#1053,#1054,#1055);
#1053 = CARTESIAN_POINT('',(-11.35,87.296217147161,25.148945914376));
#1054 = DIRECTION('',(0.,-0.258819045103,0.965925826289));
#1055 = DIRECTION('',(0.,0.965925826289,0.258819045103));
#1056 = DEFINITIONAL_REPRESENTATION('',(#1057),#1060);
#1057 = B_SPLINE_CURVE_WITH_KNOTS('',1,(#1058,#1059),.UNSPECIFIED.,.F.,
  .F.,(2,2),(-2.25,-0.75),.PIECEWISE_BEZIER_KNOTS.);
#1058 = CARTESIAN_POINT('',(1.5,-0.6));
#1059 = CARTESIAN_POINT('',(0.,-0.6));
#1060 = ( GEOMETRIC_REPRESENTATION_CONTEXT(2) 
PARAMETRIC_REPRESENTATION_CONTEXT() REPRESENTATION_CONTEXT('2D SPACE',''
  ) );
#1061 = ORIENTED_EDGE('',*,*,#1062,.T.);
#1062 = EDGE_CURVE('',#1037,#1063,#1065,.T.);
#1063 = VERTEX_POINT('',#1064);
#1064 = CARTESIAN_POINT('',(-10.75,90.556839202312,18.775693698007));
#1065 = SURFACE_CURVE('',#1066,(#1070,#1076),.PCURVE_S1.);
#1066 = LINE('',#1067,#1068);
#1067 = CARTESIAN_POINT('',(-10.75,91.300943956982,15.998656947426));
#1068 = VECTOR('',#1069,1.);
#1069 = DIRECTION('',(0.,0.258819045103,-0.965925826289));
#1070 = PCURVE('',#385,#1071);
#1071 = DEFINITIONAL_REPRESENTATION('',(#1072),#1075);
#1072 = B_SPLINE_CURVE_WITH_KNOTS('',1,(#1073,#1074),.UNSPECIFIED.,.F.,
  .F.,(2,2),(-9.875,-2.875),.PIECEWISE_BEZIER_KNOTS.);
#1073 = CARTESIAN_POINT('',(12.75,-3.));
#1074 = CARTESIAN_POINT('',(5.75,-3.));
#1075 = ( GEOMETRIC_REPRESENTATION_CONTEXT(2) 
PARAMETRIC_REPRESENTATION_CONTEXT() REPRESENTATION_CONTEXT('2D SPACE',''
  ) );
#1076 = PCURVE('',#1077,#1082);
#1077 = PLANE('',#1078);
#1078 = AXIS2_PLACEMENT_3D('',#1079,#1080,#1081);
#1079 = CARTESIAN_POINT('',(-11.35,90.556839202312,18.775693698007));
#1080 = DIRECTION('',(0.,-0.965925826289,-0.258819045103));
#1081 = DIRECTION('',(0.,-0.258819045103,0.965925826289));
#1082 = DEFINITIONAL_REPRESENTATION('',(#1083),#1086);
#1083 = B_SPLINE_CURVE_WITH_KNOTS('',1,(#1084,#1085),.UNSPECIFIED.,.F.,
  .F.,(2,2),(-9.875,-2.875),.PIECEWISE_BEZIER_KNOTS.);
#1084 = CARTESIAN_POINT('',(7.,-0.6));
#1085 = CARTESIAN_POINT('',(0.,-0.6));
#1086 = ( GEOMETRIC_REPRESENTATION_CONTEXT(2) 
PARAMETRIC_REPRESENTATION_CONTEXT() REPRESENTATION_CONTEXT('2D SPACE',''
  ) );
#1087 = ORIENTED_EDGE('',*,*,#1088,.T.);
#1088 = EDGE_CURVE('',#1063,#1011,#1089,.T.);
#1089 = SURFACE_CURVE('',#1090,(#1094,#1100),.PCURVE_S1.);
#1090 = LINE('',#1091,#1092);
#1091 = CARTESIAN_POINT('',(-10.75,88.383506093161,18.193350846526));
#1092 = VECTOR('',#1093,1.);
#1093 = DIRECTION('',(0.,-0.965925826289,-0.258819045103));
#1094 = PCURVE('',#385,#1095);
#1095 = DEFINITIONAL_REPRESENTATION('',(#1096),#1099);
#1096 = B_SPLINE_CURVE_WITH_KNOTS('',1,(#1097,#1098),.UNSPECIFIED.,.F.,
  .F.,(2,2),(-2.25,-0.75),.PIECEWISE_BEZIER_KNOTS.);
#1097 = CARTESIAN_POINT('',(5.75,-3.));
#1098 = CARTESIAN_POINT('',(5.75,-1.5));
#1099 = ( GEOMETRIC_REPRESENTATION_CONTEXT(2) 
PARAMETRIC_REPRESENTATION_CONTEXT() REPRESENTATION_CONTEXT('2D SPACE',''
  ) );
#1100 = PCURVE('',#1101,#1106);
#1101 = PLANE('',#1102);
#1102 = AXIS2_PLACEMENT_3D('',#1103,#1104,#1105);
#1103 = CARTESIAN_POINT('',(-11.35,89.107950462878,18.387465130353));
#1104 = DIRECTION('',(0.,-0.258819045103,0.965925826289));
#1105 = DIRECTION('',(0.,0.965925826289,0.258819045103));
#1106 = DEFINITIONAL_REPRESENTATION('',(#1107),#1110);
#1107 = B_SPLINE_CURVE_WITH_KNOTS('',1,(#1108,#1109),.UNSPECIFIED.,.F.,
  .F.,(2,2),(-2.25,-0.75),.PIECEWISE_BEZIER_KNOTS.);
#1108 = CARTESIAN_POINT('',(1.5,-0.6));
#1109 = CARTESIAN_POINT('',(0.,-0.6));
#1110 = ( GEOMETRIC_REPRESENTATION_CONTEXT(2) 
PARAMETRIC_REPRESENTATION_CONTEXT() REPRESENTATION_CONTEXT('2D SPACE',''
  ) );
#1111 = ADVANCED_FACE('',(#1112),#1077,.F.);
#1112 = FACE_BOUND('',#1113,.F.);
#1113 = EDGE_LOOP('',(#1114,#1115,#1138,#1166));
#1114 = ORIENTED_EDGE('',*,*,#1062,.T.);
#1115 = ORIENTED_EDGE('',*,*,#1116,.T.);
#1116 = EDGE_CURVE('',#1063,#1117,#1119,.T.);
#1117 = VERTEX_POINT('',#1118);
#1118 = CARTESIAN_POINT('',(-10.15,90.556839202312,18.775693698007));
#1119 = SURFACE_CURVE('',#1120,(#1124,#1131),.PCURVE_S1.);
#1120 = LINE('',#1121,#1122);
#1121 = CARTESIAN_POINT('',(-11.35,90.556839202312,18.775693698007));
#1122 = VECTOR('',#1123,1.);
#1123 = DIRECTION('',(1.,0.,0.));
#1124 = PCURVE('',#1077,#1125);
#1125 = DEFINITIONAL_REPRESENTATION('',(#1126),#1130);
#1126 = LINE('',#1127,#1128);
#1127 = CARTESIAN_POINT('',(0.,0.));
#1128 = VECTOR('',#1129,1.);
#1129 = DIRECTION('',(0.,-1.));
#1130 = ( GEOMETRIC_REPRESENTATION_CONTEXT(2) 
PARAMETRIC_REPRESENTATION_CONTEXT() REPRESENTATION_CONTEXT('2D SPACE',''
  ) );
#1131 = PCURVE('',#1101,#1132);
#1132 = DEFINITIONAL_REPRESENTATION('',(#1133),#1137);
#1133 = LINE('',#1134,#1135);
#1134 = CARTESIAN_POINT('',(1.5,0.));
#1135 = VECTOR('',#1136,1.);
#1136 = DIRECTION('',(0.,-1.));
#1137 = ( GEOMETRIC_REPRESENTATION_CONTEXT(2) 
PARAMETRIC_REPRESENTATION_CONTEXT() REPRESENTATION_CONTEXT('2D SPACE',''
  ) );
#1138 = ORIENTED_EDGE('',*,*,#1139,.T.);
#1139 = EDGE_CURVE('',#1117,#1140,#1142,.T.);
#1140 = VERTEX_POINT('',#1141);
#1141 = CARTESIAN_POINT('',(-10.15,88.745105886594,25.53717448203));
#1142 = SURFACE_CURVE('',#1143,(#1147,#1154),.PCURVE_S1.);
#1143 = LINE('',#1144,#1145);
#1144 = CARTESIAN_POINT('',(-10.15,89.650972544453,22.156434090019));
#1145 = VECTOR('',#1146,1.);
#1146 = DIRECTION('',(0.,-0.258819045103,0.965925826289));
#1147 = PCURVE('',#1077,#1148);
#1148 = DEFINITIONAL_REPRESENTATION('',(#1149),#1153);
#1149 = LINE('',#1150,#1151);
#1150 = CARTESIAN_POINT('',(3.5,-1.2));
#1151 = VECTOR('',#1152,1.);
#1152 = DIRECTION('',(1.,0.));
#1153 = ( GEOMETRIC_REPRESENTATION_CONTEXT(2) 
PARAMETRIC_REPRESENTATION_CONTEXT() REPRESENTATION_CONTEXT('2D SPACE',''
  ) );
#1154 = PCURVE('',#1155,#1160);
#1155 = PLANE('',#1156);
#1156 = AXIS2_PLACEMENT_3D('',#1157,#1158,#1159);
#1157 = CARTESIAN_POINT('',(-10.15,88.926528174736,21.962319806192));
#1158 = DIRECTION('',(1.,0.,0.));
#1159 = DIRECTION('',(0.,0.965925826289,0.258819045103));
#1160 = DEFINITIONAL_REPRESENTATION('',(#1161),#1165);
#1161 = LINE('',#1162,#1163);
#1162 = CARTESIAN_POINT('',(0.75,0.));
#1163 = VECTOR('',#1164,1.);
#1164 = DIRECTION('',(0.,1.));
#1165 = ( GEOMETRIC_REPRESENTATION_CONTEXT(2) 
PARAMETRIC_REPRESENTATION_CONTEXT() REPRESENTATION_CONTEXT('2D SPACE',''
  ) );
#1166 = ORIENTED_EDGE('',*,*,#1167,.F.);
#1167 = EDGE_CURVE('',#1037,#1140,#1168,.T.);
#1168 = SURFACE_CURVE('',#1169,(#1173,#1180),.PCURVE_S1.);
#1169 = LINE('',#1170,#1171);
#1170 = CARTESIAN_POINT('',(-11.35,88.745105886594,25.53717448203));
#1171 = VECTOR('',#1172,1.);
#1172 = DIRECTION('',(1.,0.,0.));
#1173 = PCURVE('',#1077,#1174);
#1174 = DEFINITIONAL_REPRESENTATION('',(#1175),#1179);
#1175 = LINE('',#1176,#1177);
#1176 = CARTESIAN_POINT('',(7.,0.));
#1177 = VECTOR('',#1178,1.);
#1178 = DIRECTION('',(0.,-1.));
#1179 = ( GEOMETRIC_REPRESENTATION_CONTEXT(2) 
PARAMETRIC_REPRESENTATION_CONTEXT() REPRESENTATION_CONTEXT('2D SPACE',''
  ) );
#1180 = PCURVE('',#1051,#1181);
#1181 = DEFINITIONAL_REPRESENTATION('',(#1182),#1186);
#1182 = LINE('',#1183,#1184);
#1183 = CARTESIAN_POINT('',(1.5,0.));
#1184 = VECTOR('',#1185,1.);
#1185 = DIRECTION('',(0.,-1.));
#1186 = ( GEOMETRIC_REPRESENTATION_CONTEXT(2) 
PARAMETRIC_REPRESENTATION_CONTEXT() REPRESENTATION_CONTEXT('2D SPACE',''
  ) );
#1187 = ADVANCED_FACE('',(#1188),#1155,.T.);
#1188 = FACE_BOUND('',#1189,.T.);
#1189 = EDGE_LOOP('',(#1190,#1215,#1236,#1237));
#1190 = ORIENTED_EDGE('',*,*,#1191,.F.);
#1191 = EDGE_CURVE('',#1192,#1194,#1196,.T.);
#1192 = VERTEX_POINT('',#1193);
#1193 = CARTESIAN_POINT('',(-10.15,89.107950462878,18.387465130353));
#1194 = VERTEX_POINT('',#1195);
#1195 = CARTESIAN_POINT('',(-10.15,87.296217147161,25.148945914376));
#1196 = SURFACE_CURVE('',#1197,(#1201,#1208),.PCURVE_S1.);
#1197 = LINE('',#1198,#1199);
#1198 = CARTESIAN_POINT('',(-10.15,88.202083805019,21.768205522365));
#1199 = VECTOR('',#1200,1.);
#1200 = DIRECTION('',(0.,-0.258819045103,0.965925826289));
#1201 = PCURVE('',#1155,#1202);
#1202 = DEFINITIONAL_REPRESENTATION('',(#1203),#1207);
#1203 = LINE('',#1204,#1205);
#1204 = CARTESIAN_POINT('',(-0.75,0.));
#1205 = VECTOR('',#1206,1.);
#1206 = DIRECTION('',(0.,1.));
#1207 = ( GEOMETRIC_REPRESENTATION_CONTEXT(2) 
PARAMETRIC_REPRESENTATION_CONTEXT() REPRESENTATION_CONTEXT('2D SPACE',''
  ) );
#1208 = PCURVE('',#1025,#1209);
#1209 = DEFINITIONAL_REPRESENTATION('',(#1210),#1214);
#1210 = LINE('',#1211,#1212);
#1211 = CARTESIAN_POINT('',(3.5,-1.2));
#1212 = VECTOR('',#1213,1.);
#1213 = DIRECTION('',(1.,0.));
#1214 = ( GEOMETRIC_REPRESENTATION_CONTEXT(2) 
PARAMETRIC_REPRESENTATION_CONTEXT() REPRESENTATION_CONTEXT('2D SPACE',''
  ) );
#1215 = ORIENTED_EDGE('',*,*,#1216,.T.);
#1216 = EDGE_CURVE('',#1192,#1117,#1217,.T.);
#1217 = SURFACE_CURVE('',#1218,(#1222,#1229),.PCURVE_S1.);
#1218 = LINE('',#1219,#1220);
#1219 = CARTESIAN_POINT('',(-10.15,89.832394832595,18.58157941418));
#1220 = VECTOR('',#1221,1.);
#1221 = DIRECTION('',(0.,0.965925826289,0.258819045103));
#1222 = PCURVE('',#1155,#1223);
#1223 = DEFINITIONAL_REPRESENTATION('',(#1224),#1228);
#1224 = LINE('',#1225,#1226);
#1225 = CARTESIAN_POINT('',(0.,-3.5));
#1226 = VECTOR('',#1227,1.);
#1227 = DIRECTION('',(1.,0.));
#1228 = ( GEOMETRIC_REPRESENTATION_CONTEXT(2) 
PARAMETRIC_REPRESENTATION_CONTEXT() REPRESENTATION_CONTEXT('2D SPACE',''
  ) );
#1229 = PCURVE('',#1101,#1230);
#1230 = DEFINITIONAL_REPRESENTATION('',(#1231),#1235);
#1231 = LINE('',#1232,#1233);
#1232 = CARTESIAN_POINT('',(0.75,-1.2));
#1233 = VECTOR('',#1234,1.);
#1234 = DIRECTION('',(1.,0.));
#1235 = ( GEOMETRIC_REPRESENTATION_CONTEXT(2) 
PARAMETRIC_REPRESENTATION_CONTEXT() REPRESENTATION_CONTEXT('2D SPACE',''
  ) );
#1236 = ORIENTED_EDGE('',*,*,#1139,.T.);
#1237 = ORIENTED_EDGE('',*,*,#1238,.F.);
#1238 = EDGE_CURVE('',#1194,#1140,#1239,.T.);
#1239 = SURFACE_CURVE('',#1240,(#1244,#1251),.PCURVE_S1.);
#1240 = LINE('',#1241,#1242);
#1241 = CARTESIAN_POINT('',(-10.15,88.020661516877,25.343060198203));
#1242 = VECTOR('',#1243,1.);
#1243 = DIRECTION('',(0.,0.965925826289,0.258819045103));
#1244 = PCURVE('',#1155,#1245);
#1245 = DEFINITIONAL_REPRESENTATION('',(#1246),#1250);
#1246 = LINE('',#1247,#1248);
#1247 = CARTESIAN_POINT('',(0.,3.5));
#1248 = VECTOR('',#1249,1.);
#1249 = DIRECTION('',(1.,0.));
#1250 = ( GEOMETRIC_REPRESENTATION_CONTEXT(2) 
PARAMETRIC_REPRESENTATION_CONTEXT() REPRESENTATION_CONTEXT('2D SPACE',''
  ) );
#1251 = PCURVE('',#1051,#1252);
#1252 = DEFINITIONAL_REPRESENTATION('',(#1253),#1257);
#1253 = LINE('',#1254,#1255);
#1254 = CARTESIAN_POINT('',(0.75,-1.2));
#1255 = VECTOR('',#1256,1.);
#1256 = DIRECTION('',(1.,0.));
#1257 = ( GEOMETRIC_REPRESENTATION_CONTEXT(2) 
PARAMETRIC_REPRESENTATION_CONTEXT() REPRESENTATION_CONTEXT('2D SPACE',''
  ) );
#1258 = ADVANCED_FACE('',(#1259),#1101,.F.);
#1259 = FACE_BOUND('',#1260,.F.);
#1260 = EDGE_LOOP('',(#1261,#1262,#1283,#1284));
#1261 = ORIENTED_EDGE('',*,*,#1088,.T.);
#1262 = ORIENTED_EDGE('',*,*,#1263,.T.);
#1263 = EDGE_CURVE('',#1011,#1192,#1264,.T.);
#1264 = SURFACE_CURVE('',#1265,(#1269,#1276),.PCURVE_S1.);
#1265 = LINE('',#1266,#1267);
#1266 = CARTESIAN_POINT('',(-11.35,89.107950462878,18.387465130353));
#1267 = VECTOR('',#1268,1.);
#1268 = DIRECTION('',(1.,0.,0.));
#1269 = PCURVE('',#1101,#1270);
#1270 = DEFINITIONAL_REPRESENTATION('',(#1271),#1275);
#1271 = LINE('',#1272,#1273);
#1272 = CARTESIAN_POINT('',(0.,0.));
#1273 = VECTOR('',#1274,1.);
#1274 = DIRECTION('',(0.,-1.));
#1275 = ( GEOMETRIC_REPRESENTATION_CONTEXT(2) 
PARAMETRIC_REPRESENTATION_CONTEXT() REPRESENTATION_CONTEXT('2D SPACE',''
  ) );
#1276 = PCURVE('',#1025,#1277);
#1277 = DEFINITIONAL_REPRESENTATION('',(#1278),#1282);
#1278 = LINE('',#1279,#1280);
#1279 = CARTESIAN_POINT('',(0.,0.));
#1280 = VECTOR('',#1281,1.);
#1281 = DIRECTION('',(0.,-1.));
#1282 = ( GEOMETRIC_REPRESENTATION_CONTEXT(2) 
PARAMETRIC_REPRESENTATION_CONTEXT() REPRESENTATION_CONTEXT('2D SPACE',''
  ) );
#1283 = ORIENTED_EDGE('',*,*,#1216,.T.);
#1284 = ORIENTED_EDGE('',*,*,#1116,.F.);
#1285 = ADVANCED_FACE('',(#1286),#1051,.T.);
#1286 = FACE_BOUND('',#1287,.T.);
#1287 = EDGE_LOOP('',(#1288,#1289,#1310,#1311));
#1288 = ORIENTED_EDGE('',*,*,#1036,.T.);
#1289 = ORIENTED_EDGE('',*,*,#1290,.T.);
#1290 = EDGE_CURVE('',#1009,#1194,#1291,.T.);
#1291 = SURFACE_CURVE('',#1292,(#1296,#1303),.PCURVE_S1.);
#1292 = LINE('',#1293,#1294);
#1293 = CARTESIAN_POINT('',(-11.35,87.296217147161,25.148945914376));
#1294 = VECTOR('',#1295,1.);
#1295 = DIRECTION('',(1.,0.,0.));
#1296 = PCURVE('',#1051,#1297);
#1297 = DEFINITIONAL_REPRESENTATION('',(#1298),#1302);
#1298 = LINE('',#1299,#1300);
#1299 = CARTESIAN_POINT('',(0.,0.));
#1300 = VECTOR('',#1301,1.);
#1301 = DIRECTION('',(0.,-1.));
#1302 = ( GEOMETRIC_REPRESENTATION_CONTEXT(2) 
PARAMETRIC_REPRESENTATION_CONTEXT() REPRESENTATION_CONTEXT('2D SPACE',''
  ) );
#1303 = PCURVE('',#1025,#1304);
#1304 = DEFINITIONAL_REPRESENTATION('',(#1305),#1309);
#1305 = LINE('',#1306,#1307);
#1306 = CARTESIAN_POINT('',(7.,0.));
#1307 = VECTOR('',#1308,1.);
#1308 = DIRECTION('',(0.,-1.));
#1309 = ( GEOMETRIC_REPRESENTATION_CONTEXT(2) 
PARAMETRIC_REPRESENTATION_CONTEXT() REPRESENTATION_CONTEXT('2D SPACE',''
  ) );
#1310 = ORIENTED_EDGE('',*,*,#1238,.T.);
#1311 = ORIENTED_EDGE('',*,*,#1167,.F.);
#1312 = ADVANCED_FACE('',(#1313),#1025,.T.);
#1313 = FACE_BOUND('',#1314,.T.);
#1314 = EDGE_LOOP('',(#1315,#1316,#1317,#1318));
#1315 = ORIENTED_EDGE('',*,*,#1008,.T.);
#1316 = ORIENTED_EDGE('',*,*,#1263,.T.);
#1317 = ORIENTED_EDGE('',*,*,#1191,.T.);
#1318 = ORIENTED_EDGE('',*,*,#1290,.F.);
#1319 = ADVANCED_FACE('',(#1320),#994,.F.);
#1320 = FACE_BOUND('',#1321,.T.);
#1321 = EDGE_LOOP('',(#1322,#1350,#1371,#1372));
#1322 = ORIENTED_EDGE('',*,*,#1323,.T.);
#1323 = EDGE_CURVE('',#1324,#1324,#1326,.T.);
#1324 = VERTEX_POINT('',#1325);
#1325 = CARTESIAN_POINT('',(-12.35,95.363556033812,25.757668583508));
#1326 = SURFACE_CURVE('',#1327,(#1332,#1339),.PCURVE_S1.);
#1327 = CIRCLE('',#1328,1.2);
#1328 = AXIS2_PLACEMENT_3D('',#1329,#1330,#1331);
#1329 = CARTESIAN_POINT('',(-12.35,94.204445042266,25.447085729385));
#1330 = DIRECTION('',(-1.,0.,0.));
#1331 = DIRECTION('',(0.,0.965925826289,0.258819045103));
#1332 = PCURVE('',#994,#1333);
#1333 = DEFINITIONAL_REPRESENTATION('',(#1334),#1338);
#1334 = LINE('',#1335,#1336);
#1335 = CARTESIAN_POINT('',(-6.28318530718,-1.));
#1336 = VECTOR('',#1337,1.);
#1337 = DIRECTION('',(1.,-0.));
#1338 = ( GEOMETRIC_REPRESENTATION_CONTEXT(2) 
PARAMETRIC_REPRESENTATION_CONTEXT() REPRESENTATION_CONTEXT('2D SPACE',''
  ) );
#1339 = PCURVE('',#62,#1340);
#1340 = DEFINITIONAL_REPRESENTATION('',(#1341),#1349);
#1341 = ( BOUNDED_CURVE() B_SPLINE_CURVE(2,(#1342,#1343,#1344,#1345,
#1346,#1347,#1348),.UNSPECIFIED.,.T.,.F.) B_SPLINE_CURVE_WITH_KNOTS((1,2
    ,2,2,2,1),(-2.094395102393,0.,2.094395102393,4.188790204786,
6.28318530718,8.377580409573),.UNSPECIFIED.) CURVE() 
GEOMETRIC_REPRESENTATION_ITEM() RATIONAL_B_SPLINE_CURVE((1.,0.5,1.,0.5,
1.,0.5,1.)) REPRESENTATION_ITEM('') );
#1342 = CARTESIAN_POINT('',(-0.20674787307,3.000212798593));
#1343 = CARTESIAN_POINT('',(-0.20674787307,0.92175182951));
#1344 = CARTESIAN_POINT('',(-2.00674787307,1.960982314052));
#1345 = CARTESIAN_POINT('',(-3.80674787307,3.000212798593));
#1346 = CARTESIAN_POINT('',(-2.00674787307,4.039443283134));
#1347 = CARTESIAN_POINT('',(-0.20674787307,5.078673767676));
#1348 = CARTESIAN_POINT('',(-0.20674787307,3.000212798593));
#1349 = ( GEOMETRIC_REPRESENTATION_CONTEXT(2) 
PARAMETRIC_REPRESENTATION_CONTEXT() REPRESENTATION_CONTEXT('2D SPACE',''
  ) );
#1350 = ORIENTED_EDGE('',*,*,#1351,.T.);
#1351 = EDGE_CURVE('',#1324,#974,#1352,.T.);
#1352 = SEAM_CURVE('',#1353,(#1357,#1364),.PCURVE_S1.);
#1353 = LINE('',#1354,#1355);
#1354 = CARTESIAN_POINT('',(-13.35,95.363556033812,25.757668583508));
#1355 = VECTOR('',#1356,1.);
#1356 = DIRECTION('',(1.,0.,0.));
#1357 = PCURVE('',#994,#1358);
#1358 = DEFINITIONAL_REPRESENTATION('',(#1359),#1363);
#1359 = LINE('',#1360,#1361);
#1360 = CARTESIAN_POINT('',(-6.28318530718,0.));
#1361 = VECTOR('',#1362,1.);
#1362 = DIRECTION('',(-0.,-1.));
#1363 = ( GEOMETRIC_REPRESENTATION_CONTEXT(2) 
PARAMETRIC_REPRESENTATION_CONTEXT() REPRESENTATION_CONTEXT('2D SPACE',''
  ) );
#1364 = PCURVE('',#994,#1365);
#1365 = DEFINITIONAL_REPRESENTATION('',(#1366),#1370);
#1366 = LINE('',#1367,#1368);
#1367 = CARTESIAN_POINT('',(-0.,0.));
#1368 = VECTOR('',#1369,1.);
#1369 = DIRECTION('',(-0.,-1.));
#1370 = ( GEOMETRIC_REPRESENTATION_CONTEXT(2) 
PARAMETRIC_REPRESENTATION_CONTEXT() REPRESENTATION_CONTEXT('2D SPACE',''
  ) );
#1371 = ORIENTED_EDGE('',*,*,#973,.F.);
#1372 = ORIENTED_EDGE('',*,*,#1351,.F.);
#1373 = ADVANCED_FACE('',(#1374),#936,.F.);
#1374 = FACE_BOUND('',#1375,.F.);
#1375 = EDGE_LOOP('',(#1376,#1377,#1400,#1428));
#1376 = ORIENTED_EDGE('',*,*,#921,.T.);
#1377 = ORIENTED_EDGE('',*,*,#1378,.T.);
#1378 = EDGE_CURVE('',#922,#1379,#1381,.T.);
#1379 = VERTEX_POINT('',#1380);
#1380 = CARTESIAN_POINT('',(-10.15,98.767208725769,20.975655581378));
#1381 = SURFACE_CURVE('',#1382,(#1386,#1393),.PCURVE_S1.);
#1382 = LINE('',#1383,#1384);
#1383 = CARTESIAN_POINT('',(-11.35,98.767208725769,20.975655581378));
#1384 = VECTOR('',#1385,1.);
#1385 = DIRECTION('',(1.,0.,0.));
#1386 = PCURVE('',#936,#1387);
#1387 = DEFINITIONAL_REPRESENTATION('',(#1388),#1392);
#1388 = LINE('',#1389,#1390);
#1389 = CARTESIAN_POINT('',(0.,0.));
#1390 = VECTOR('',#1391,1.);
#1391 = DIRECTION('',(0.,-1.));
#1392 = ( GEOMETRIC_REPRESENTATION_CONTEXT(2) 
PARAMETRIC_REPRESENTATION_CONTEXT() REPRESENTATION_CONTEXT('2D SPACE',''
  ) );
#1393 = PCURVE('',#960,#1394);
#1394 = DEFINITIONAL_REPRESENTATION('',(#1395),#1399);
#1395 = LINE('',#1396,#1397);
#1396 = CARTESIAN_POINT('',(1.5,0.));
#1397 = VECTOR('',#1398,1.);
#1398 = DIRECTION('',(0.,-1.));
#1399 = ( GEOMETRIC_REPRESENTATION_CONTEXT(2) 
PARAMETRIC_REPRESENTATION_CONTEXT() REPRESENTATION_CONTEXT('2D SPACE',''
  ) );
#1400 = ORIENTED_EDGE('',*,*,#1401,.T.);
#1401 = EDGE_CURVE('',#1379,#1402,#1404,.T.);
#1402 = VERTEX_POINT('',#1403);
#1403 = CARTESIAN_POINT('',(-10.15,96.955475410051,27.737136365402));
#1404 = SURFACE_CURVE('',#1405,(#1409,#1416),.PCURVE_S1.);
#1405 = LINE('',#1406,#1407);
#1406 = CARTESIAN_POINT('',(-10.15,97.86134206791,24.35639597339));
#1407 = VECTOR('',#1408,1.);
#1408 = DIRECTION('',(0.,-0.258819045103,0.965925826289));
#1409 = PCURVE('',#936,#1410);
#1410 = DEFINITIONAL_REPRESENTATION('',(#1411),#1415);
#1411 = LINE('',#1412,#1413);
#1412 = CARTESIAN_POINT('',(3.5,-1.2));
#1413 = VECTOR('',#1414,1.);
#1414 = DIRECTION('',(1.,0.));
#1415 = ( GEOMETRIC_REPRESENTATION_CONTEXT(2) 
PARAMETRIC_REPRESENTATION_CONTEXT() REPRESENTATION_CONTEXT('2D SPACE',''
  ) );
#1416 = PCURVE('',#1417,#1422);
#1417 = PLANE('',#1418);
#1418 = AXIS2_PLACEMENT_3D('',#1419,#1420,#1421);
#1419 = CARTESIAN_POINT('',(-10.15,97.136897698193,24.162281689563));
#1420 = DIRECTION('',(1.,0.,0.));
#1421 = DIRECTION('',(0.,0.965925826289,0.258819045103));
#1422 = DEFINITIONAL_REPRESENTATION('',(#1423),#1427);
#1423 = LINE('',#1424,#1425);
#1424 = CARTESIAN_POINT('',(0.75,0.));
#1425 = VECTOR('',#1426,1.);
#1426 = DIRECTION('',(0.,1.));
#1427 = ( GEOMETRIC_REPRESENTATION_CONTEXT(2) 
PARAMETRIC_REPRESENTATION_CONTEXT() REPRESENTATION_CONTEXT('2D SPACE',''
  ) );
#1428 = ORIENTED_EDGE('',*,*,#1429,.F.);
#1429 = EDGE_CURVE('',#896,#1402,#1430,.T.);
#1430 = SURFACE_CURVE('',#1431,(#1435,#1442),.PCURVE_S1.);
#1431 = LINE('',#1432,#1433);
#1432 = CARTESIAN_POINT('',(-11.35,96.955475410051,27.737136365402));
#1433 = VECTOR('',#1434,1.);
#1434 = DIRECTION('',(1.,0.,0.));
#1435 = PCURVE('',#936,#1436);
#1436 = DEFINITIONAL_REPRESENTATION('',(#1437),#1441);
#1437 = LINE('',#1438,#1439);
#1438 = CARTESIAN_POINT('',(7.,0.));
#1439 = VECTOR('',#1440,1.);
#1440 = DIRECTION('',(0.,-1.));
#1441 = ( GEOMETRIC_REPRESENTATION_CONTEXT(2) 
PARAMETRIC_REPRESENTATION_CONTEXT() REPRESENTATION_CONTEXT('2D SPACE',''
  ) );
#1442 = PCURVE('',#910,#1443);
#1443 = DEFINITIONAL_REPRESENTATION('',(#1444),#1448);
#1444 = LINE('',#1445,#1446);
#1445 = CARTESIAN_POINT('',(1.5,0.));
#1446 = VECTOR('',#1447,1.);
#1447 = DIRECTION('',(0.,-1.));
#1448 = ( GEOMETRIC_REPRESENTATION_CONTEXT(2) 
PARAMETRIC_REPRESENTATION_CONTEXT() REPRESENTATION_CONTEXT('2D SPACE',''
  ) );
#1449 = ADVANCED_FACE('',(#1450),#1417,.T.);
#1450 = FACE_BOUND('',#1451,.T.);
#1451 = EDGE_LOOP('',(#1452,#1477,#1498,#1499));
#1452 = ORIENTED_EDGE('',*,*,#1453,.F.);
#1453 = EDGE_CURVE('',#1454,#1456,#1458,.T.);
#1454 = VERTEX_POINT('',#1455);
#1455 = CARTESIAN_POINT('',(-10.15,97.318319986335,20.587427013724));
#1456 = VERTEX_POINT('',#1457);
#1457 = CARTESIAN_POINT('',(-10.15,95.506586670618,27.348907797748));
#1458 = SURFACE_CURVE('',#1459,(#1463,#1470),.PCURVE_S1.);
#1459 = LINE('',#1460,#1461);
#1460 = CARTESIAN_POINT('',(-10.15,96.412453328477,23.968167405736));
#1461 = VECTOR('',#1462,1.);
#1462 = DIRECTION('',(0.,-0.258819045103,0.965925826289));
#1463 = PCURVE('',#1417,#1464);
#1464 = DEFINITIONAL_REPRESENTATION('',(#1465),#1469);
#1465 = LINE('',#1466,#1467);
#1466 = CARTESIAN_POINT('',(-0.75,0.));
#1467 = VECTOR('',#1468,1.);
#1468 = DIRECTION('',(0.,1.));
#1469 = ( GEOMETRIC_REPRESENTATION_CONTEXT(2) 
PARAMETRIC_REPRESENTATION_CONTEXT() REPRESENTATION_CONTEXT('2D SPACE',''
  ) );
#1470 = PCURVE('',#884,#1471);
#1471 = DEFINITIONAL_REPRESENTATION('',(#1472),#1476);
#1472 = LINE('',#1473,#1474);
#1473 = CARTESIAN_POINT('',(3.5,-1.2));
#1474 = VECTOR('',#1475,1.);
#1475 = DIRECTION('',(1.,0.));
#1476 = ( GEOMETRIC_REPRESENTATION_CONTEXT(2) 
PARAMETRIC_REPRESENTATION_CONTEXT() REPRESENTATION_CONTEXT('2D SPACE',''
  ) );
#1477 = ORIENTED_EDGE('',*,*,#1478,.T.);
#1478 = EDGE_CURVE('',#1454,#1379,#1479,.T.);
#1479 = SURFACE_CURVE('',#1480,(#1484,#1491),.PCURVE_S1.);
#1480 = LINE('',#1481,#1482);
#1481 = CARTESIAN_POINT('',(-10.15,98.042764356052,20.781541297551));
#1482 = VECTOR('',#1483,1.);
#1483 = DIRECTION('',(0.,0.965925826289,0.258819045103));
#1484 = PCURVE('',#1417,#1485);
#1485 = DEFINITIONAL_REPRESENTATION('',(#1486),#1490);
#1486 = LINE('',#1487,#1488);
#1487 = CARTESIAN_POINT('',(0.,-3.5));
#1488 = VECTOR('',#1489,1.);
#1489 = DIRECTION('',(1.,0.));
#1490 = ( GEOMETRIC_REPRESENTATION_CONTEXT(2) 
PARAMETRIC_REPRESENTATION_CONTEXT() REPRESENTATION_CONTEXT('2D SPACE',''
  ) );
#1491 = PCURVE('',#960,#1492);
#1492 = DEFINITIONAL_REPRESENTATION('',(#1493),#1497);
#1493 = LINE('',#1494,#1495);
#1494 = CARTESIAN_POINT('',(0.75,-1.2));
#1495 = VECTOR('',#1496,1.);
#1496 = DIRECTION('',(1.,0.));
#1497 = ( GEOMETRIC_REPRESENTATION_CONTEXT(2) 
PARAMETRIC_REPRESENTATION_CONTEXT() REPRESENTATION_CONTEXT('2D SPACE',''
  ) );
#1498 = ORIENTED_EDGE('',*,*,#1401,.T.);
#1499 = ORIENTED_EDGE('',*,*,#1500,.F.);
#1500 = EDGE_CURVE('',#1456,#1402,#1501,.T.);
#1501 = SURFACE_CURVE('',#1502,(#1506,#1513),.PCURVE_S1.);
#1502 = LINE('',#1503,#1504);
#1503 = CARTESIAN_POINT('',(-10.15,96.231031040334,27.543022081575));
#1504 = VECTOR('',#1505,1.);
#1505 = DIRECTION('',(0.,0.965925826289,0.258819045103));
#1506 = PCURVE('',#1417,#1507);
#1507 = DEFINITIONAL_REPRESENTATION('',(#1508),#1512);
#1508 = LINE('',#1509,#1510);
#1509 = CARTESIAN_POINT('',(0.,3.5));
#1510 = VECTOR('',#1511,1.);
#1511 = DIRECTION('',(1.,0.));
#1512 = ( GEOMETRIC_REPRESENTATION_CONTEXT(2) 
PARAMETRIC_REPRESENTATION_CONTEXT() REPRESENTATION_CONTEXT('2D SPACE',''
  ) );
#1513 = PCURVE('',#910,#1514);
#1514 = DEFINITIONAL_REPRESENTATION('',(#1515),#1519);
#1515 = LINE('',#1516,#1517);
#1516 = CARTESIAN_POINT('',(0.75,-1.2));
#1517 = VECTOR('',#1518,1.);
#1518 = DIRECTION('',(1.,0.));
#1519 = ( GEOMETRIC_REPRESENTATION_CONTEXT(2) 
PARAMETRIC_REPRESENTATION_CONTEXT() REPRESENTATION_CONTEXT('2D SPACE',''
  ) );
#1520 = ADVANCED_FACE('',(#1521),#960,.F.);
#1521 = FACE_BOUND('',#1522,.F.);
#1522 = EDGE_LOOP('',(#1523,#1524,#1545,#1546));
#1523 = ORIENTED_EDGE('',*,*,#947,.T.);
#1524 = ORIENTED_EDGE('',*,*,#1525,.T.);
#1525 = EDGE_CURVE('',#870,#1454,#1526,.T.);
#1526 = SURFACE_CURVE('',#1527,(#1531,#1538),.PCURVE_S1.);
#1527 = LINE('',#1528,#1529);
#1528 = CARTESIAN_POINT('',(-11.35,97.318319986335,20.587427013724));
#1529 = VECTOR('',#1530,1.);
#1530 = DIRECTION('',(1.,0.,0.));
#1531 = PCURVE('',#960,#1532);
#1532 = DEFINITIONAL_REPRESENTATION('',(#1533),#1537);
#1533 = LINE('',#1534,#1535);
#1534 = CARTESIAN_POINT('',(0.,0.));
#1535 = VECTOR('',#1536,1.);
#1536 = DIRECTION('',(0.,-1.));
#1537 = ( GEOMETRIC_REPRESENTATION_CONTEXT(2) 
PARAMETRIC_REPRESENTATION_CONTEXT() REPRESENTATION_CONTEXT('2D SPACE',''
  ) );
#1538 = PCURVE('',#884,#1539);
#1539 = DEFINITIONAL_REPRESENTATION('',(#1540),#1544);
#1540 = LINE('',#1541,#1542);
#1541 = CARTESIAN_POINT('',(0.,0.));
#1542 = VECTOR('',#1543,1.);
#1543 = DIRECTION('',(0.,-1.));
#1544 = ( GEOMETRIC_REPRESENTATION_CONTEXT(2) 
PARAMETRIC_REPRESENTATION_CONTEXT() REPRESENTATION_CONTEXT('2D SPACE',''
  ) );
#1545 = ORIENTED_EDGE('',*,*,#1478,.T.);
#1546 = ORIENTED_EDGE('',*,*,#1378,.F.);
#1547 = ADVANCED_FACE('',(#1548),#910,.T.);
#1548 = FACE_BOUND('',#1549,.T.);
#1549 = EDGE_LOOP('',(#1550,#1551,#1572,#1573));
#1550 = ORIENTED_EDGE('',*,*,#895,.T.);
#1551 = ORIENTED_EDGE('',*,*,#1552,.T.);
#1552 = EDGE_CURVE('',#868,#1456,#1553,.T.);
#1553 = SURFACE_CURVE('',#1554,(#1558,#1565),.PCURVE_S1.);
#1554 = LINE('',#1555,#1556);
#1555 = CARTESIAN_POINT('',(-11.35,95.506586670618,27.348907797748));
#1556 = VECTOR('',#1557,1.);
#1557 = DIRECTION('',(1.,0.,0.));
#1558 = PCURVE('',#910,#1559);
#1559 = DEFINITIONAL_REPRESENTATION('',(#1560),#1564);
#1560 = LINE('',#1561,#1562);
#1561 = CARTESIAN_POINT('',(0.,0.));
#1562 = VECTOR('',#1563,1.);
#1563 = DIRECTION('',(0.,-1.));
#1564 = ( GEOMETRIC_REPRESENTATION_CONTEXT(2) 
PARAMETRIC_REPRESENTATION_CONTEXT() REPRESENTATION_CONTEXT('2D SPACE',''
  ) );
#1565 = PCURVE('',#884,#1566);
#1566 = DEFINITIONAL_REPRESENTATION('',(#1567),#1571);
#1567 = LINE('',#1568,#1569);
#1568 = CARTESIAN_POINT('',(7.,0.));
#1569 = VECTOR('',#1570,1.);
#1570 = DIRECTION('',(0.,-1.));
#1571 = ( GEOMETRIC_REPRESENTATION_CONTEXT(2) 
PARAMETRIC_REPRESENTATION_CONTEXT() REPRESENTATION_CONTEXT('2D SPACE',''
  ) );
#1572 = ORIENTED_EDGE('',*,*,#1500,.T.);
#1573 = ORIENTED_EDGE('',*,*,#1429,.F.);
#1574 = ADVANCED_FACE('',(#1575),#884,.T.);
#1575 = FACE_BOUND('',#1576,.T.);
#1576 = EDGE_LOOP('',(#1577,#1578,#1579,#1580));
#1577 = ORIENTED_EDGE('',*,*,#867,.T.);
#1578 = ORIENTED_EDGE('',*,*,#1525,.T.);
#1579 = ORIENTED_EDGE('',*,*,#1453,.T.);
#1580 = ORIENTED_EDGE('',*,*,#1552,.F.);
#1581 = ADVANCED_FACE('',(#1582),#853,.F.);
#1582 = FACE_BOUND('',#1583,.T.);
#1583 = EDGE_LOOP('',(#1584,#1612,#1633,#1634));
#1584 = ORIENTED_EDGE('',*,*,#1585,.T.);
#1585 = EDGE_CURVE('',#1586,#1586,#1588,.T.);
#1586 = VERTEX_POINT('',#1587);
#1587 = CARTESIAN_POINT('',(-12.35,101.15911099154,27.310582854123));
#1588 = SURFACE_CURVE('',#1589,(#1594,#1601),.PCURVE_S1.);
#1589 = CIRCLE('',#1590,1.2);
#1590 = AXIS2_PLACEMENT_3D('',#1591,#1592,#1593);
#1591 = CARTESIAN_POINT('',(-12.35,100.,27.));
#1592 = DIRECTION('',(-1.,0.,0.));
#1593 = DIRECTION('',(0.,0.965925826289,0.258819045103));
#1594 = PCURVE('',#853,#1595);
#1595 = DEFINITIONAL_REPRESENTATION('',(#1596),#1600);
#1596 = LINE('',#1597,#1598);
#1597 = CARTESIAN_POINT('',(-6.28318530718,-1.));
#1598 = VECTOR('',#1599,1.);
#1599 = DIRECTION('',(1.,-0.));
#1600 = ( GEOMETRIC_REPRESENTATION_CONTEXT(2) 
PARAMETRIC_REPRESENTATION_CONTEXT() REPRESENTATION_CONTEXT('2D SPACE',''
  ) );
#1601 = PCURVE('',#62,#1602);
#1602 = DEFINITIONAL_REPRESENTATION('',(#1603),#1611);
#1603 = ( BOUNDED_CURVE() B_SPLINE_CURVE(2,(#1604,#1605,#1606,#1607,
#1608,#1609,#1610),.UNSPECIFIED.,.T.,.F.) B_SPLINE_CURVE_WITH_KNOTS((1,2
    ,2,2,2,1),(-2.094395102393,0.,2.094395102393,4.188790204786,
6.28318530718,8.377580409573),.UNSPECIFIED.) CURVE() 
GEOMETRIC_REPRESENTATION_ITEM() RATIONAL_B_SPLINE_CURVE((1.,0.5,1.,0.5,
1.,0.5,1.)) REPRESENTATION_ITEM('') );
#1604 = CARTESIAN_POINT('',(5.79325212693,3.000212798593));
#1605 = CARTESIAN_POINT('',(5.79325212693,0.92175182951));
#1606 = CARTESIAN_POINT('',(3.99325212693,1.960982314052));
#1607 = CARTESIAN_POINT('',(2.19325212693,3.000212798593));
#1608 = CARTESIAN_POINT('',(3.99325212693,4.039443283134));
#1609 = CARTESIAN_POINT('',(5.79325212693,5.078673767676));
#1610 = CARTESIAN_POINT('',(5.79325212693,3.000212798593));
#1611 = ( GEOMETRIC_REPRESENTATION_CONTEXT(2) 
PARAMETRIC_REPRESENTATION_CONTEXT() REPRESENTATION_CONTEXT('2D SPACE',''
  ) );
#1612 = ORIENTED_EDGE('',*,*,#1613,.T.);
#1613 = EDGE_CURVE('',#1586,#833,#1614,.T.);
#1614 = SEAM_CURVE('',#1615,(#1619,#1626),.PCURVE_S1.);
#1615 = LINE('',#1616,#1617);
#1616 = CARTESIAN_POINT('',(-13.35,101.15911099154,27.310582854123));
#1617 = VECTOR('',#1618,1.);
#1618 = DIRECTION('',(1.,0.,0.));
#1619 = PCURVE('',#853,#1620);
#1620 = DEFINITIONAL_REPRESENTATION('',(#1621),#1625);
#1621 = LINE('',#1622,#1623);
#1622 = CARTESIAN_POINT('',(-6.28318530718,0.));
#1623 = VECTOR('',#1624,1.);
#1624 = DIRECTION('',(-0.,-1.));
#1625 = ( GEOMETRIC_REPRESENTATION_CONTEXT(2) 
PARAMETRIC_REPRESENTATION_CONTEXT() REPRESENTATION_CONTEXT('2D SPACE',''
  ) );
#1626 = PCURVE('',#853,#1627);
#1627 = DEFINITIONAL_REPRESENTATION('',(#1628),#1632);
#1628 = LINE('',#1629,#1630);
#1629 = CARTESIAN_POINT('',(-0.,0.));
#1630 = VECTOR('',#1631,1.);
#1631 = DIRECTION('',(-0.,-1.));
#1632 = ( GEOMETRIC_REPRESENTATION_CONTEXT(2) 
PARAMETRIC_REPRESENTATION_CONTEXT() REPRESENTATION_CONTEXT('2D SPACE',''
  ) );
#1633 = ORIENTED_EDGE('',*,*,#832,.F.);
#1634 = ORIENTED_EDGE('',*,*,#1613,.F.);
#1635 = ADVANCED_FACE('',(#1636),#795,.F.);
#1636 = FACE_BOUND('',#1637,.F.);
#1637 = EDGE_LOOP('',(#1638,#1639,#1662,#1690));
#1638 = ORIENTED_EDGE('',*,*,#780,.T.);
#1639 = ORIENTED_EDGE('',*,*,#1640,.T.);
#1640 = EDGE_CURVE('',#781,#1641,#1643,.T.);
#1641 = VERTEX_POINT('',#1642);
#1642 = CARTESIAN_POINT('',(-10.15,109.39239281494,23.822665077506));
#1643 = SURFACE_CURVE('',#1644,(#1648,#1655),.PCURVE_S1.);
#1644 = LINE('',#1645,#1646);
#1645 = CARTESIAN_POINT('',(-11.35,109.39239281494,23.822665077506));
#1646 = VECTOR('',#1647,1.);
#1647 = DIRECTION('',(1.,0.,0.));
#1648 = PCURVE('',#795,#1649);
#1649 = DEFINITIONAL_REPRESENTATION('',(#1650),#1654);
#1650 = LINE('',#1651,#1652);
#1651 = CARTESIAN_POINT('',(0.,0.));
#1652 = VECTOR('',#1653,1.);
#1653 = DIRECTION('',(0.,-1.));
#1654 = ( GEOMETRIC_REPRESENTATION_CONTEXT(2) 
PARAMETRIC_REPRESENTATION_CONTEXT() REPRESENTATION_CONTEXT('2D SPACE',''
  ) );
#1655 = PCURVE('',#819,#1656);
#1656 = DEFINITIONAL_REPRESENTATION('',(#1657),#1661);
#1657 = LINE('',#1658,#1659);
#1658 = CARTESIAN_POINT('',(1.5,0.));
#1659 = VECTOR('',#1660,1.);
#1660 = DIRECTION('',(0.,-1.));
#1661 = ( GEOMETRIC_REPRESENTATION_CONTEXT(2) 
PARAMETRIC_REPRESENTATION_CONTEXT() REPRESENTATION_CONTEXT('2D SPACE',''
  ) );
#1662 = ORIENTED_EDGE('',*,*,#1663,.T.);
#1663 = EDGE_CURVE('',#1641,#1664,#1666,.T.);
#1664 = VERTEX_POINT('',#1665);
#1665 = CARTESIAN_POINT('',(-10.15,107.58065949923,30.584145861529));
#1666 = SURFACE_CURVE('',#1667,(#1671,#1678),.PCURVE_S1.);
#1667 = LINE('',#1668,#1669);
#1668 = CARTESIAN_POINT('',(-10.15,108.48652615709,27.203405469518));
#1669 = VECTOR('',#1670,1.);
#1670 = DIRECTION('',(0.,-0.258819045103,0.965925826289));
#1671 = PCURVE('',#795,#1672);
#1672 = DEFINITIONAL_REPRESENTATION('',(#1673),#1677);
#1673 = LINE('',#1674,#1675);
#1674 = CARTESIAN_POINT('',(3.5,-1.2));
#1675 = VECTOR('',#1676,1.);
#1676 = DIRECTION('',(1.,0.));
#1677 = ( GEOMETRIC_REPRESENTATION_CONTEXT(2) 
PARAMETRIC_REPRESENTATION_CONTEXT() REPRESENTATION_CONTEXT('2D SPACE',''
  ) );
#1678 = PCURVE('',#1679,#1684);
#1679 = PLANE('',#1680);
#1680 = AXIS2_PLACEMENT_3D('',#1681,#1682,#1683);
#1681 = CARTESIAN_POINT('',(-10.15,107.76208178737,27.009291185691));
#1682 = DIRECTION('',(1.,0.,0.));
#1683 = DIRECTION('',(0.,0.965925826289,0.258819045103));
#1684 = DEFINITIONAL_REPRESENTATION('',(#1685),#1689);
#1685 = LINE('',#1686,#1687);
#1686 = CARTESIAN_POINT('',(0.75,0.));
#1687 = VECTOR('',#1688,1.);
#1688 = DIRECTION('',(0.,1.));
#1689 = ( GEOMETRIC_REPRESENTATION_CONTEXT(2) 
PARAMETRIC_REPRESENTATION_CONTEXT() REPRESENTATION_CONTEXT('2D SPACE',''
  ) );
#1690 = ORIENTED_EDGE('',*,*,#1691,.F.);
#1691 = EDGE_CURVE('',#755,#1664,#1692,.T.);
#1692 = SURFACE_CURVE('',#1693,(#1697,#1704),.PCURVE_S1.);
#1693 = LINE('',#1694,#1695);
#1694 = CARTESIAN_POINT('',(-11.35,107.58065949923,30.584145861529));
#1695 = VECTOR('',#1696,1.);
#1696 = DIRECTION('',(1.,0.,0.));
#1697 = PCURVE('',#795,#1698);
#1698 = DEFINITIONAL_REPRESENTATION('',(#1699),#1703);
#1699 = LINE('',#1700,#1701);
#1700 = CARTESIAN_POINT('',(7.,0.));
#1701 = VECTOR('',#1702,1.);
#1702 = DIRECTION('',(0.,-1.));
#1703 = ( GEOMETRIC_REPRESENTATION_CONTEXT(2) 
PARAMETRIC_REPRESENTATION_CONTEXT() REPRESENTATION_CONTEXT('2D SPACE',''
  ) );
#1704 = PCURVE('',#769,#1705);
#1705 = DEFINITIONAL_REPRESENTATION('',(#1706),#1710);
#1706 = LINE('',#1707,#1708);
#1707 = CARTESIAN_POINT('',(1.5,0.));
#1708 = VECTOR('',#1709,1.);
#1709 = DIRECTION('',(0.,-1.));
#1710 = ( GEOMETRIC_REPRESENTATION_CONTEXT(2) 
PARAMETRIC_REPRESENTATION_CONTEXT() REPRESENTATION_CONTEXT('2D SPACE',''
  ) );
#1711 = ADVANCED_FACE('',(#1712),#1679,.T.);
#1712 = FACE_BOUND('',#1713,.T.);
#1713 = EDGE_LOOP('',(#1714,#1739,#1760,#1761));
#1714 = ORIENTED_EDGE('',*,*,#1715,.F.);
#1715 = EDGE_CURVE('',#1716,#1718,#1720,.T.);
#1716 = VERTEX_POINT('',#1717);
#1717 = CARTESIAN_POINT('',(-10.15,107.94350407551,23.434436509852));
#1718 = VERTEX_POINT('',#1719);
#1719 = CARTESIAN_POINT('',(-10.15,106.13177075979,30.195917293876));
#1720 = SURFACE_CURVE('',#1721,(#1725,#1732),.PCURVE_S1.);
#1721 = LINE('',#1722,#1723);
#1722 = CARTESIAN_POINT('',(-10.15,107.03763741765,26.815176901864));
#1723 = VECTOR('',#1724,1.);
#1724 = DIRECTION('',(0.,-0.258819045103,0.965925826289));
#1725 = PCURVE('',#1679,#1726);
#1726 = DEFINITIONAL_REPRESENTATION('',(#1727),#1731);
#1727 = LINE('',#1728,#1729);
#1728 = CARTESIAN_POINT('',(-0.75,0.));
#1729 = VECTOR('',#1730,1.);
#1730 = DIRECTION('',(0.,1.));
#1731 = ( GEOMETRIC_REPRESENTATION_CONTEXT(2) 
PARAMETRIC_REPRESENTATION_CONTEXT() REPRESENTATION_CONTEXT('2D SPACE',''
  ) );
#1732 = PCURVE('',#743,#1733);
#1733 = DEFINITIONAL_REPRESENTATION('',(#1734),#1738);
#1734 = LINE('',#1735,#1736);
#1735 = CARTESIAN_POINT('',(3.5,-1.2));
#1736 = VECTOR('',#1737,1.);
#1737 = DIRECTION('',(1.,0.));
#1738 = ( GEOMETRIC_REPRESENTATION_CONTEXT(2) 
PARAMETRIC_REPRESENTATION_CONTEXT() REPRESENTATION_CONTEXT('2D SPACE',''
  ) );
#1739 = ORIENTED_EDGE('',*,*,#1740,.T.);
#1740 = EDGE_CURVE('',#1716,#1641,#1741,.T.);
#1741 = SURFACE_CURVE('',#1742,(#1746,#1753),.PCURVE_S1.);
#1742 = LINE('',#1743,#1744);
#1743 = CARTESIAN_POINT('',(-10.15,108.66794844523,23.628550793679));
#1744 = VECTOR('',#1745,1.);
#1745 = DIRECTION('',(0.,0.965925826289,0.258819045103));
#1746 = PCURVE('',#1679,#1747);
#1747 = DEFINITIONAL_REPRESENTATION('',(#1748),#1752);
#1748 = LINE('',#1749,#1750);
#1749 = CARTESIAN_POINT('',(0.,-3.5));
#1750 = VECTOR('',#1751,1.);
#1751 = DIRECTION('',(1.,0.));
#1752 = ( GEOMETRIC_REPRESENTATION_CONTEXT(2) 
PARAMETRIC_REPRESENTATION_CONTEXT() REPRESENTATION_CONTEXT('2D SPACE',''
  ) );
#1753 = PCURVE('',#819,#1754);
#1754 = DEFINITIONAL_REPRESENTATION('',(#1755),#1759);
#1755 = LINE('',#1756,#1757);
#1756 = CARTESIAN_POINT('',(0.75,-1.2));
#1757 = VECTOR('',#1758,1.);
#1758 = DIRECTION('',(1.,0.));
#1759 = ( GEOMETRIC_REPRESENTATION_CONTEXT(2) 
PARAMETRIC_REPRESENTATION_CONTEXT() REPRESENTATION_CONTEXT('2D SPACE',''
  ) );
#1760 = ORIENTED_EDGE('',*,*,#1663,.T.);
#1761 = ORIENTED_EDGE('',*,*,#1762,.F.);
#1762 = EDGE_CURVE('',#1718,#1664,#1763,.T.);
#1763 = SURFACE_CURVE('',#1764,(#1768,#1775),.PCURVE_S1.);
#1764 = LINE('',#1765,#1766);
#1765 = CARTESIAN_POINT('',(-10.15,106.85621512951,30.390031577703));
#1766 = VECTOR('',#1767,1.);
#1767 = DIRECTION('',(0.,0.965925826289,0.258819045103));
#1768 = PCURVE('',#1679,#1769);
#1769 = DEFINITIONAL_REPRESENTATION('',(#1770),#1774);
#1770 = LINE('',#1771,#1772);
#1771 = CARTESIAN_POINT('',(0.,3.5));
#1772 = VECTOR('',#1773,1.);
#1773 = DIRECTION('',(1.,0.));
#1774 = ( GEOMETRIC_REPRESENTATION_CONTEXT(2) 
PARAMETRIC_REPRESENTATION_CONTEXT() REPRESENTATION_CONTEXT('2D SPACE',''
  ) );
#1775 = PCURVE('',#769,#1776);
#1776 = DEFINITIONAL_REPRESENTATION('',(#1777),#1781);
#1777 = LINE('',#1778,#1779);
#1778 = CARTESIAN_POINT('',(0.75,-1.2));
#1779 = VECTOR('',#1780,1.);
#1780 = DIRECTION('',(1.,0.));
#1781 = ( GEOMETRIC_REPRESENTATION_CONTEXT(2) 
PARAMETRIC_REPRESENTATION_CONTEXT() REPRESENTATION_CONTEXT('2D SPACE',''
  ) );
#1782 = ADVANCED_FACE('',(#1783),#819,.F.);
#1783 = FACE_BOUND('',#1784,.F.);
#1784 = EDGE_LOOP('',(#1785,#1786,#1807,#1808));
#1785 = ORIENTED_EDGE('',*,*,#806,.T.);
#1786 = ORIENTED_EDGE('',*,*,#1787,.T.);
#1787 = EDGE_CURVE('',#729,#1716,#1788,.T.);
#1788 = SURFACE_CURVE('',#1789,(#1793,#1800),.PCURVE_S1.);
#1789 = LINE('',#1790,#1791);
#1790 = CARTESIAN_POINT('',(-11.35,107.94350407551,23.434436509852));
#1791 = VECTOR('',#1792,1.);
#1792 = DIRECTION('',(1.,0.,0.));
#1793 = PCURVE('',#819,#1794);
#1794 = DEFINITIONAL_REPRESENTATION('',(#1795),#1799);
#1795 = LINE('',#1796,#1797);
#1796 = CARTESIAN_POINT('',(0.,0.));
#1797 = VECTOR('',#1798,1.);
#1798 = DIRECTION('',(0.,-1.));
#1799 = ( GEOMETRIC_REPRESENTATION_CONTEXT(2) 
PARAMETRIC_REPRESENTATION_CONTEXT() REPRESENTATION_CONTEXT('2D SPACE',''
  ) );
#1800 = PCURVE('',#743,#1801);
#1801 = DEFINITIONAL_REPRESENTATION('',(#1802),#1806);
#1802 = LINE('',#1803,#1804);
#1803 = CARTESIAN_POINT('',(0.,0.));
#1804 = VECTOR('',#1805,1.);
#1805 = DIRECTION('',(0.,-1.));
#1806 = ( GEOMETRIC_REPRESENTATION_CONTEXT(2) 
PARAMETRIC_REPRESENTATION_CONTEXT() REPRESENTATION_CONTEXT('2D SPACE',''
  ) );
#1807 = ORIENTED_EDGE('',*,*,#1740,.T.);
#1808 = ORIENTED_EDGE('',*,*,#1640,.F.);
#1809 = ADVANCED_FACE('',(#1810),#769,.T.);
#1810 = FACE_BOUND('',#1811,.T.);
#1811 = EDGE_LOOP('',(#1812,#1813,#1834,#1835));
#1812 = ORIENTED_EDGE('',*,*,#754,.T.);
#1813 = ORIENTED_EDGE('',*,*,#1814,.T.);
#1814 = EDGE_CURVE('',#727,#1718,#1815,.T.);
#1815 = SURFACE_CURVE('',#1816,(#1820,#1827),.PCURVE_S1.);
#1816 = LINE('',#1817,#1818);
#1817 = CARTESIAN_POINT('',(-11.35,106.13177075979,30.195917293876));
#1818 = VECTOR('',#1819,1.);
#1819 = DIRECTION('',(1.,0.,0.));
#1820 = PCURVE('',#769,#1821);
#1821 = DEFINITIONAL_REPRESENTATION('',(#1822),#1826);
#1822 = LINE('',#1823,#1824);
#1823 = CARTESIAN_POINT('',(0.,0.));
#1824 = VECTOR('',#1825,1.);
#1825 = DIRECTION('',(0.,-1.));
#1826 = ( GEOMETRIC_REPRESENTATION_CONTEXT(2) 
PARAMETRIC_REPRESENTATION_CONTEXT() REPRESENTATION_CONTEXT('2D SPACE',''
  ) );
#1827 = PCURVE('',#743,#1828);
#1828 = DEFINITIONAL_REPRESENTATION('',(#1829),#1833);
#1829 = LINE('',#1830,#1831);
#1830 = CARTESIAN_POINT('',(7.,0.));
#1831 = VECTOR('',#1832,1.);
#1832 = DIRECTION('',(0.,-1.));
#1833 = ( GEOMETRIC_REPRESENTATION_CONTEXT(2) 
PARAMETRIC_REPRESENTATION_CONTEXT() REPRESENTATION_CONTEXT('2D SPACE',''
  ) );
#1834 = ORIENTED_EDGE('',*,*,#1762,.T.);
#1835 = ORIENTED_EDGE('',*,*,#1691,.F.);
#1836 = ADVANCED_FACE('',(#1837),#743,.T.);
#1837 = FACE_BOUND('',#1838,.T.);
#1838 = EDGE_LOOP('',(#1839,#1840,#1841,#1842));
#1839 = ORIENTED_EDGE('',*,*,#726,.T.);
#1840 = ORIENTED_EDGE('',*,*,#1787,.T.);
#1841 = ORIENTED_EDGE('',*,*,#1715,.T.);
#1842 = ORIENTED_EDGE('',*,*,#1814,.F.);
#1843 = ADVANCED_FACE('',(#1844,#1912,#2026),#667,.T.);
#1844 = FACE_BOUND('',#1845,.T.);
#1845 = EDGE_LOOP('',(#1846,#1847,#1870,#1893));
#1846 = ORIENTED_EDGE('',*,*,#651,.F.);
#1847 = ORIENTED_EDGE('',*,*,#1848,.T.);
#1848 = EDGE_CURVE('',#622,#1849,#1851,.T.);
#1849 = VERTEX_POINT('',#1850);
#1850 = CARTESIAN_POINT('',(10.75,89.147271232784,12.445163061537));
#1851 = SURFACE_CURVE('',#1852,(#1856,#1863),.PCURVE_S1.);
#1852 = LINE('',#1853,#1854);
#1853 = CARTESIAN_POINT('',(-10.75,89.147271232784,12.445163061537));
#1854 = VECTOR('',#1855,1.);
#1855 = DIRECTION('',(1.,0.,0.));
#1856 = PCURVE('',#667,#1857);
#1857 = DEFINITIONAL_REPRESENTATION('',(#1858),#1862);
#1858 = LINE('',#1859,#1860);
#1859 = CARTESIAN_POINT('',(0.,0.));
#1860 = VECTOR('',#1861,1.);
#1861 = DIRECTION('',(1.,0.));
#1862 = ( GEOMETRIC_REPRESENTATION_CONTEXT(2) 
PARAMETRIC_REPRESENTATION_CONTEXT() REPRESENTATION_CONTEXT('2D SPACE',''
  ) );
#1863 = PCURVE('',#639,#1864);
#1864 = DEFINITIONAL_REPRESENTATION('',(#1865),#1869);
#1865 = LINE('',#1866,#1867);
#1866 = CARTESIAN_POINT('',(0.,0.));
#1867 = VECTOR('',#1868,1.);
#1868 = DIRECTION('',(0.,1.));
#1869 = ( GEOMETRIC_REPRESENTATION_CONTEXT(2) 
PARAMETRIC_REPRESENTATION_CONTEXT() REPRESENTATION_CONTEXT('2D SPACE',''
  ) );
#1870 = ORIENTED_EDGE('',*,*,#1871,.T.);
#1871 = EDGE_CURVE('',#1849,#1872,#1874,.T.);
#1872 = VERTEX_POINT('',#1873);
#1873 = CARTESIAN_POINT('',(10.75,112.57097252029,18.721524905273));
#1874 = SURFACE_CURVE('',#1875,(#1879,#1886),.PCURVE_S1.);
#1875 = LINE('',#1876,#1877);
#1876 = CARTESIAN_POINT('',(10.75,89.147271232784,12.445163061537));
#1877 = VECTOR('',#1878,1.);
#1878 = DIRECTION('',(0.,0.965925826289,0.258819045103));
#1879 = PCURVE('',#667,#1880);
#1880 = DEFINITIONAL_REPRESENTATION('',(#1881),#1885);
#1881 = LINE('',#1882,#1883);
#1882 = CARTESIAN_POINT('',(21.5,0.));
#1883 = VECTOR('',#1884,1.);
#1884 = DIRECTION('',(0.,1.));
#1885 = ( GEOMETRIC_REPRESENTATION_CONTEXT(2) 
PARAMETRIC_REPRESENTATION_CONTEXT() REPRESENTATION_CONTEXT('2D SPACE',''
  ) );
#1886 = PCURVE('',#437,#1887);
#1887 = DEFINITIONAL_REPRESENTATION('',(#1888),#1892);
#1888 = LINE('',#1889,#1890);
#1889 = CARTESIAN_POINT('',(0.,0.));
#1890 = VECTOR('',#1891,1.);
#1891 = DIRECTION('',(0.,-1.));
#1892 = ( GEOMETRIC_REPRESENTATION_CONTEXT(2) 
PARAMETRIC_REPRESENTATION_CONTEXT() REPRESENTATION_CONTEXT('2D SPACE',''
  ) );
#1893 = ORIENTED_EDGE('',*,*,#1894,.T.);
#1894 = EDGE_CURVE('',#1872,#652,#1895,.T.);
#1895 = SURFACE_CURVE('',#1896,(#1900,#1906),.PCURVE_S1.);
#1896 = LINE('',#1897,#1898);
#1897 = CARTESIAN_POINT('',(-11.55,112.57097252029,18.721524905273));
#1898 = VECTOR('',#1899,1.);
#1899 = DIRECTION('',(-1.,0.,0.));
#1900 = PCURVE('',#667,#1901);
#1901 = DEFINITIONAL_REPRESENTATION('',(#1902),#1905);
#1902 = B_SPLINE_CURVE_WITH_KNOTS('',1,(#1903,#1904),.UNSPECIFIED.,.F.,
  .F.,(2,2),(-22.3,-0.8),.PIECEWISE_BEZIER_KNOTS.);
#1903 = CARTESIAN_POINT('',(21.5,24.25));
#1904 = CARTESIAN_POINT('',(0.,24.25));
#1905 = ( GEOMETRIC_REPRESENTATION_CONTEXT(2) 
PARAMETRIC_REPRESENTATION_CONTEXT() REPRESENTATION_CONTEXT('2D SPACE',''
  ) );
#1906 = PCURVE('',#142,#1907);
#1907 = DEFINITIONAL_REPRESENTATION('',(#1908),#1911);
#1908 = B_SPLINE_CURVE_WITH_KNOTS('',1,(#1909,#1910),.UNSPECIFIED.,.F.,
  .F.,(2,2),(-22.3,-0.8),.PIECEWISE_BEZIER_KNOTS.);
#1909 = CARTESIAN_POINT('',(1.8,-23.1));
#1910 = CARTESIAN_POINT('',(1.8,-1.6));
#1911 = ( GEOMETRIC_REPRESENTATION_CONTEXT(2) 
PARAMETRIC_REPRESENTATION_CONTEXT() REPRESENTATION_CONTEXT('2D SPACE',''
  ) );
#1912 = FACE_BOUND('',#1913,.T.);
#1913 = EDGE_LOOP('',(#1914,#1944,#1972,#2000));
#1914 = ORIENTED_EDGE('',*,*,#1915,.F.);
#1915 = EDGE_CURVE('',#1916,#1918,#1920,.T.);
#1916 = VERTEX_POINT('',#1917);
#1917 = CARTESIAN_POINT('',(-5.25,95.184307647091,14.062782093428));
#1918 = VERTEX_POINT('',#1919);
#1919 = CARTESIAN_POINT('',(-3.75,95.184307647091,14.062782093428));
#1920 = SURFACE_CURVE('',#1921,(#1925,#1932),.PCURVE_S1.);
#1921 = LINE('',#1922,#1923);
#1922 = CARTESIAN_POINT('',(-5.25,95.184307647091,14.062782093428));
#1923 = VECTOR('',#1924,1.);
#1924 = DIRECTION('',(1.,0.,0.));
#1925 = PCURVE('',#667,#1926);
#1926 = DEFINITIONAL_REPRESENTATION('',(#1927),#1931);
#1927 = LINE('',#1928,#1929);
#1928 = CARTESIAN_POINT('',(5.5,6.25));
#1929 = VECTOR('',#1930,1.);
#1930 = DIRECTION('',(1.,0.));
#1931 = ( GEOMETRIC_REPRESENTATION_CONTEXT(2) 
PARAMETRIC_REPRESENTATION_CONTEXT() REPRESENTATION_CONTEXT('2D SPACE',''
  ) );
#1932 = PCURVE('',#1933,#1938);
#1933 = PLANE('',#1934);
#1934 = AXIS2_PLACEMENT_3D('',#1935,#1936,#1937);
#1935 = CARTESIAN_POINT('',(-5.25,95.184307647091,14.062782093428));
#1936 = DIRECTION('',(0.,-0.965925826289,-0.258819045103));
#1937 = DIRECTION('',(0.,-0.258819045103,0.965925826289));
#1938 = DEFINITIONAL_REPRESENTATION('',(#1939),#1943);
#1939 = LINE('',#1940,#1941);
#1940 = CARTESIAN_POINT('',(0.,0.));
#1941 = VECTOR('',#1942,1.);
#1942 = DIRECTION('',(0.,-1.));
#1943 = ( GEOMETRIC_REPRESENTATION_CONTEXT(2) 
PARAMETRIC_REPRESENTATION_CONTEXT() REPRESENTATION_CONTEXT('2D SPACE',''
  ) );
#1944 = ORIENTED_EDGE('',*,*,#1945,.T.);
#1945 = EDGE_CURVE('',#1916,#1946,#1948,.T.);
#1946 = VERTEX_POINT('',#1947);
#1947 = CARTESIAN_POINT('',(-5.25,106.77541756256,17.168610634658));
#1948 = SURFACE_CURVE('',#1949,(#1953,#1960),.PCURVE_S1.);
#1949 = LINE('',#1950,#1951);
#1950 = CARTESIAN_POINT('',(-5.25,100.97986260482,15.615696364043));
#1951 = VECTOR('',#1952,1.);
#1952 = DIRECTION('',(0.,0.965925826289,0.258819045103));
#1953 = PCURVE('',#667,#1954);
#1954 = DEFINITIONAL_REPRESENTATION('',(#1955),#1959);
#1955 = LINE('',#1956,#1957);
#1956 = CARTESIAN_POINT('',(5.5,12.25));
#1957 = VECTOR('',#1958,1.);
#1958 = DIRECTION('',(0.,1.));
#1959 = ( GEOMETRIC_REPRESENTATION_CONTEXT(2) 
PARAMETRIC_REPRESENTATION_CONTEXT() REPRESENTATION_CONTEXT('2D SPACE',''
  ) );
#1960 = PCURVE('',#1961,#1966);
#1961 = PLANE('',#1962);
#1962 = AXIS2_PLACEMENT_3D('',#1963,#1964,#1965);
#1963 = CARTESIAN_POINT('',(-5.25,100.90221689129,15.90547411193));
#1964 = DIRECTION('',(1.,0.,0.));
#1965 = DIRECTION('',(0.,0.965925826289,0.258819045103));
#1966 = DEFINITIONAL_REPRESENTATION('',(#1967),#1971);
#1967 = LINE('',#1968,#1969);
#1968 = CARTESIAN_POINT('',(0.,-0.3));
#1969 = VECTOR('',#1970,1.);
#1970 = DIRECTION('',(1.,0.));
#1971 = ( GEOMETRIC_REPRESENTATION_CONTEXT(2) 
PARAMETRIC_REPRESENTATION_CONTEXT() REPRESENTATION_CONTEXT('2D SPACE',''
  ) );
#1972 = ORIENTED_EDGE('',*,*,#1973,.T.);
#1973 = EDGE_CURVE('',#1946,#1974,#1976,.T.);
#1974 = VERTEX_POINT('',#1975);
#1975 = CARTESIAN_POINT('',(-3.75,106.77541756256,17.168610634658));
#1976 = SURFACE_CURVE('',#1977,(#1981,#1988),.PCURVE_S1.);
#1977 = LINE('',#1978,#1979);
#1978 = CARTESIAN_POINT('',(-5.25,106.77541756256,17.168610634658));
#1979 = VECTOR('',#1980,1.);
#1980 = DIRECTION('',(1.,0.,0.));
#1981 = PCURVE('',#667,#1982);
#1982 = DEFINITIONAL_REPRESENTATION('',(#1983),#1987);
#1983 = LINE('',#1984,#1985);
#1984 = CARTESIAN_POINT('',(5.5,18.25));
#1985 = VECTOR('',#1986,1.);
#1986 = DIRECTION('',(1.,0.));
#1987 = ( GEOMETRIC_REPRESENTATION_CONTEXT(2) 
PARAMETRIC_REPRESENTATION_CONTEXT() REPRESENTATION_CONTEXT('2D SPACE',''
  ) );
#1988 = PCURVE('',#1989,#1994);
#1989 = PLANE('',#1990);
#1990 = AXIS2_PLACEMENT_3D('',#1991,#1992,#1993);
#1991 = CARTESIAN_POINT('',(-5.25,106.77541756256,17.168610634658));
#1992 = DIRECTION('',(0.,-0.965925826289,-0.258819045103));
#1993 = DIRECTION('',(0.,-0.258819045103,0.965925826289));
#1994 = DEFINITIONAL_REPRESENTATION('',(#1995),#1999);
#1995 = LINE('',#1996,#1997);
#1996 = CARTESIAN_POINT('',(0.,0.));
#1997 = VECTOR('',#1998,1.);
#1998 = DIRECTION('',(0.,-1.));
#1999 = ( GEOMETRIC_REPRESENTATION_CONTEXT(2) 
PARAMETRIC_REPRESENTATION_CONTEXT() REPRESENTATION_CONTEXT('2D SPACE',''
  ) );
#2000 = ORIENTED_EDGE('',*,*,#2001,.F.);
#2001 = EDGE_CURVE('',#1918,#1974,#2002,.T.);
#2002 = SURFACE_CURVE('',#2003,(#2007,#2014),.PCURVE_S1.);
#2003 = LINE('',#2004,#2005);
#2004 = CARTESIAN_POINT('',(-3.75,100.97986260482,15.615696364043));
#2005 = VECTOR('',#2006,1.);
#2006 = DIRECTION('',(0.,0.965925826289,0.258819045103));
#2007 = PCURVE('',#667,#2008);
#2008 = DEFINITIONAL_REPRESENTATION('',(#2009),#2013);
#2009 = LINE('',#2010,#2011);
#2010 = CARTESIAN_POINT('',(7.,12.25));
#2011 = VECTOR('',#2012,1.);
#2012 = DIRECTION('',(0.,1.));
#2013 = ( GEOMETRIC_REPRESENTATION_CONTEXT(2) 
PARAMETRIC_REPRESENTATION_CONTEXT() REPRESENTATION_CONTEXT('2D SPACE',''
  ) );
#2014 = PCURVE('',#2015,#2020);
#2015 = PLANE('',#2016);
#2016 = AXIS2_PLACEMENT_3D('',#2017,#2018,#2019);
#2017 = CARTESIAN_POINT('',(-3.75,100.90221689129,15.90547411193));
#2018 = DIRECTION('',(1.,0.,0.));
#2019 = DIRECTION('',(0.,0.965925826289,0.258819045103));
#2020 = DEFINITIONAL_REPRESENTATION('',(#2021),#2025);
#2021 = LINE('',#2022,#2023);
#2022 = CARTESIAN_POINT('',(0.,-0.3));
#2023 = VECTOR('',#2024,1.);
#2024 = DIRECTION('',(1.,0.));
#2025 = ( GEOMETRIC_REPRESENTATION_CONTEXT(2) 
PARAMETRIC_REPRESENTATION_CONTEXT() REPRESENTATION_CONTEXT('2D SPACE',''
  ) );
#2026 = FACE_BOUND('',#2027,.T.);
#2027 = EDGE_LOOP('',(#2028,#2058,#2086,#2114));
#2028 = ORIENTED_EDGE('',*,*,#2029,.F.);
#2029 = EDGE_CURVE('',#2030,#2032,#2034,.T.);
#2030 = VERTEX_POINT('',#2031);
#2031 = CARTESIAN_POINT('',(3.75,95.184307647091,14.062782093428));
#2032 = VERTEX_POINT('',#2033);
#2033 = CARTESIAN_POINT('',(5.25,95.184307647091,14.062782093428));
#2034 = SURFACE_CURVE('',#2035,(#2039,#2046),.PCURVE_S1.);
#2035 = LINE('',#2036,#2037);
#2036 = CARTESIAN_POINT('',(3.75,95.184307647091,14.062782093428));
#2037 = VECTOR('',#2038,1.);
#2038 = DIRECTION('',(1.,0.,0.));
#2039 = PCURVE('',#667,#2040);
#2040 = DEFINITIONAL_REPRESENTATION('',(#2041),#2045);
#2041 = LINE('',#2042,#2043);
#2042 = CARTESIAN_POINT('',(14.5,6.25));
#2043 = VECTOR('',#2044,1.);
#2044 = DIRECTION('',(1.,0.));
#2045 = ( GEOMETRIC_REPRESENTATION_CONTEXT(2) 
PARAMETRIC_REPRESENTATION_CONTEXT() REPRESENTATION_CONTEXT('2D SPACE',''
  ) );
#2046 = PCURVE('',#2047,#2052);
#2047 = PLANE('',#2048);
#2048 = AXIS2_PLACEMENT_3D('',#2049,#2050,#2051);
#2049 = CARTESIAN_POINT('',(3.75,95.184307647091,14.062782093428));
#2050 = DIRECTION('',(0.,-0.965925826289,-0.258819045103));
#2051 = DIRECTION('',(0.,-0.258819045103,0.965925826289));
#2052 = DEFINITIONAL_REPRESENTATION('',(#2053),#2057);
#2053 = LINE('',#2054,#2055);
#2054 = CARTESIAN_POINT('',(0.,0.));
#2055 = VECTOR('',#2056,1.);
#2056 = DIRECTION('',(0.,-1.));
#2057 = ( GEOMETRIC_REPRESENTATION_CONTEXT(2) 
PARAMETRIC_REPRESENTATION_CONTEXT() REPRESENTATION_CONTEXT('2D SPACE',''
  ) );
#2058 = ORIENTED_EDGE('',*,*,#2059,.T.);
#2059 = EDGE_CURVE('',#2030,#2060,#2062,.T.);
#2060 = VERTEX_POINT('',#2061);
#2061 = CARTESIAN_POINT('',(3.75,106.77541756256,17.168610634658));
#2062 = SURFACE_CURVE('',#2063,(#2067,#2074),.PCURVE_S1.);
#2063 = LINE('',#2064,#2065);
#2064 = CARTESIAN_POINT('',(3.75,100.97986260482,15.615696364043));
#2065 = VECTOR('',#2066,1.);
#2066 = DIRECTION('',(0.,0.965925826289,0.258819045103));
#2067 = PCURVE('',#667,#2068);
#2068 = DEFINITIONAL_REPRESENTATION('',(#2069),#2073);
#2069 = LINE('',#2070,#2071);
#2070 = CARTESIAN_POINT('',(14.5,12.25));
#2071 = VECTOR('',#2072,1.);
#2072 = DIRECTION('',(0.,1.));
#2073 = ( GEOMETRIC_REPRESENTATION_CONTEXT(2) 
PARAMETRIC_REPRESENTATION_CONTEXT() REPRESENTATION_CONTEXT('2D SPACE',''
  ) );
#2074 = PCURVE('',#2075,#2080);
#2075 = PLANE('',#2076);
#2076 = AXIS2_PLACEMENT_3D('',#2077,#2078,#2079);
#2077 = CARTESIAN_POINT('',(3.75,100.90221689129,15.90547411193));
#2078 = DIRECTION('',(1.,0.,0.));
#2079 = DIRECTION('',(0.,0.965925826289,0.258819045103));
#2080 = DEFINITIONAL_REPRESENTATION('',(#2081),#2085);
#2081 = LINE('',#2082,#2083);
#2082 = CARTESIAN_POINT('',(0.,-0.3));
#2083 = VECTOR('',#2084,1.);
#2084 = DIRECTION('',(1.,0.));
#2085 = ( GEOMETRIC_REPRESENTATION_CONTEXT(2) 
PARAMETRIC_REPRESENTATION_CONTEXT() REPRESENTATION_CONTEXT('2D SPACE',''
  ) );
#2086 = ORIENTED_EDGE('',*,*,#2087,.T.);
#2087 = EDGE_CURVE('',#2060,#2088,#2090,.T.);
#2088 = VERTEX_POINT('',#2089);
#2089 = CARTESIAN_POINT('',(5.25,106.77541756256,17.168610634658));
#2090 = SURFACE_CURVE('',#2091,(#2095,#2102),.PCURVE_S1.);
#2091 = LINE('',#2092,#2093);
#2092 = CARTESIAN_POINT('',(3.75,106.77541756256,17.168610634658));
#2093 = VECTOR('',#2094,1.);
#2094 = DIRECTION('',(1.,0.,0.));
#2095 = PCURVE('',#667,#2096);
#2096 = DEFINITIONAL_REPRESENTATION('',(#2097),#2101);
#2097 = LINE('',#2098,#2099);
#2098 = CARTESIAN_POINT('',(14.5,18.25));
#2099 = VECTOR('',#2100,1.);
#2100 = DIRECTION('',(1.,0.));
#2101 = ( GEOMETRIC_REPRESENTATION_CONTEXT(2) 
PARAMETRIC_REPRESENTATION_CONTEXT() REPRESENTATION_CONTEXT('2D SPACE',''
  ) );
#2102 = PCURVE('',#2103,#2108);
#2103 = PLANE('',#2104);
#2104 = AXIS2_PLACEMENT_3D('',#2105,#2106,#2107);
#2105 = CARTESIAN_POINT('',(3.75,106.77541756256,17.168610634658));
#2106 = DIRECTION('',(0.,-0.965925826289,-0.258819045103));
#2107 = DIRECTION('',(0.,-0.258819045103,0.965925826289));
#2108 = DEFINITIONAL_REPRESENTATION('',(#2109),#2113);
#2109 = LINE('',#2110,#2111);
#2110 = CARTESIAN_POINT('',(0.,0.));
#2111 = VECTOR('',#2112,1.);
#2112 = DIRECTION('',(0.,-1.));
#2113 = ( GEOMETRIC_REPRESENTATION_CONTEXT(2) 
PARAMETRIC_REPRESENTATION_CONTEXT() REPRESENTATION_CONTEXT('2D SPACE',''
  ) );
#2114 = ORIENTED_EDGE('',*,*,#2115,.F.);
#2115 = EDGE_CURVE('',#2032,#2088,#2116,.T.);
#2116 = SURFACE_CURVE('',#2117,(#2121,#2128),.PCURVE_S1.);
#2117 = LINE('',#2118,#2119);
#2118 = CARTESIAN_POINT('',(5.25,100.97986260482,15.615696364043));
#2119 = VECTOR('',#2120,1.);
#2120 = DIRECTION('',(0.,0.965925826289,0.258819045103));
#2121 = PCURVE('',#667,#2122);
#2122 = DEFINITIONAL_REPRESENTATION('',(#2123),#2127);
#2123 = LINE('',#2124,#2125);
#2124 = CARTESIAN_POINT('',(16.,12.25));
#2125 = VECTOR('',#2126,1.);
#2126 = DIRECTION('',(0.,1.));
#2127 = ( GEOMETRIC_REPRESENTATION_CONTEXT(2) 
PARAMETRIC_REPRESENTATION_CONTEXT() REPRESENTATION_CONTEXT('2D SPACE',''
  ) );
#2128 = PCURVE('',#2129,#2134);
#2129 = PLANE('',#2130);
#2130 = AXIS2_PLACEMENT_3D('',#2131,#2132,#2133);
#2131 = CARTESIAN_POINT('',(5.25,100.90221689129,15.90547411193));
#2132 = DIRECTION('',(1.,0.,0.));
#2133 = DIRECTION('',(0.,0.965925826289,0.258819045103));
#2134 = DEFINITIONAL_REPRESENTATION('',(#2135),#2139);
#2135 = LINE('',#2136,#2137);
#2136 = CARTESIAN_POINT('',(0.,-0.3));
#2137 = VECTOR('',#2138,1.);
#2138 = DIRECTION('',(1.,0.));
#2139 = ( GEOMETRIC_REPRESENTATION_CONTEXT(2) 
PARAMETRIC_REPRESENTATION_CONTEXT() REPRESENTATION_CONTEXT('2D SPACE',''
  ) );
#2140 = ADVANCED_FACE('',(#2141),#2103,.F.);
#2141 = FACE_BOUND('',#2142,.F.);
#2142 = EDGE_LOOP('',(#2143,#2144,#2167,#2195));
#2143 = ORIENTED_EDGE('',*,*,#2087,.T.);
#2144 = ORIENTED_EDGE('',*,*,#2145,.T.);
#2145 = EDGE_CURVE('',#2088,#2146,#2148,.T.);
#2146 = VERTEX_POINT('',#2147);
#2147 = CARTESIAN_POINT('',(5.25,106.62012613549,17.748166130432));
#2148 = SURFACE_CURVE('',#2149,(#2153,#2160),.PCURVE_S1.);
#2149 = LINE('',#2150,#2151);
#2150 = CARTESIAN_POINT('',(5.25,106.69777184902,17.458388382545));
#2151 = VECTOR('',#2152,1.);
#2152 = DIRECTION('',(0.,-0.258819045103,0.965925826289));
#2153 = PCURVE('',#2103,#2154);
#2154 = DEFINITIONAL_REPRESENTATION('',(#2155),#2159);
#2155 = LINE('',#2156,#2157);
#2156 = CARTESIAN_POINT('',(0.3,-1.5));
#2157 = VECTOR('',#2158,1.);
#2158 = DIRECTION('',(1.,0.));
#2159 = ( GEOMETRIC_REPRESENTATION_CONTEXT(2) 
PARAMETRIC_REPRESENTATION_CONTEXT() REPRESENTATION_CONTEXT('2D SPACE',''
  ) );
#2160 = PCURVE('',#2129,#2161);
#2161 = DEFINITIONAL_REPRESENTATION('',(#2162),#2166);
#2162 = LINE('',#2163,#2164);
#2163 = CARTESIAN_POINT('',(6.,0.));
#2164 = VECTOR('',#2165,1.);
#2165 = DIRECTION('',(0.,1.));
#2166 = ( GEOMETRIC_REPRESENTATION_CONTEXT(2) 
PARAMETRIC_REPRESENTATION_CONTEXT() REPRESENTATION_CONTEXT('2D SPACE',''
  ) );
#2167 = ORIENTED_EDGE('',*,*,#2168,.F.);
#2168 = EDGE_CURVE('',#2169,#2146,#2171,.T.);
#2169 = VERTEX_POINT('',#2170);
#2170 = CARTESIAN_POINT('',(3.75,106.62012613549,17.748166130432));
#2171 = SURFACE_CURVE('',#2172,(#2176,#2183),.PCURVE_S1.);
#2172 = LINE('',#2173,#2174);
#2173 = CARTESIAN_POINT('',(3.75,106.62012613549,17.748166130431));
#2174 = VECTOR('',#2175,1.);
#2175 = DIRECTION('',(1.,0.,0.));
#2176 = PCURVE('',#2103,#2177);
#2177 = DEFINITIONAL_REPRESENTATION('',(#2178),#2182);
#2178 = LINE('',#2179,#2180);
#2179 = CARTESIAN_POINT('',(0.6,0.));
#2180 = VECTOR('',#2181,1.);
#2181 = DIRECTION('',(0.,-1.));
#2182 = ( GEOMETRIC_REPRESENTATION_CONTEXT(2) 
PARAMETRIC_REPRESENTATION_CONTEXT() REPRESENTATION_CONTEXT('2D SPACE',''
  ) );
#2183 = PCURVE('',#2184,#2189);
#2184 = PLANE('',#2185);
#2185 = AXIS2_PLACEMENT_3D('',#2186,#2187,#2188);
#2186 = CARTESIAN_POINT('',(3.75,95.029016220029,14.642337589201));
#2187 = DIRECTION('',(0.,-0.258819045103,0.965925826289));
#2188 = DIRECTION('',(0.,0.965925826289,0.258819045103));
#2189 = DEFINITIONAL_REPRESENTATION('',(#2190),#2194);
#2190 = LINE('',#2191,#2192);
#2191 = CARTESIAN_POINT('',(12.,0.));
#2192 = VECTOR('',#2193,1.);
#2193 = DIRECTION('',(0.,-1.));
#2194 = ( GEOMETRIC_REPRESENTATION_CONTEXT(2) 
PARAMETRIC_REPRESENTATION_CONTEXT() REPRESENTATION_CONTEXT('2D SPACE',''
  ) );
#2195 = ORIENTED_EDGE('',*,*,#2196,.F.);
#2196 = EDGE_CURVE('',#2060,#2169,#2197,.T.);
#2197 = SURFACE_CURVE('',#2198,(#2202,#2209),.PCURVE_S1.);
#2198 = LINE('',#2199,#2200);
#2199 = CARTESIAN_POINT('',(3.75,106.69777184902,17.458388382545));
#2200 = VECTOR('',#2201,1.);
#2201 = DIRECTION('',(0.,-0.258819045103,0.965925826289));
#2202 = PCURVE('',#2103,#2203);
#2203 = DEFINITIONAL_REPRESENTATION('',(#2204),#2208);
#2204 = LINE('',#2205,#2206);
#2205 = CARTESIAN_POINT('',(0.3,0.));
#2206 = VECTOR('',#2207,1.);
#2207 = DIRECTION('',(1.,0.));
#2208 = ( GEOMETRIC_REPRESENTATION_CONTEXT(2) 
PARAMETRIC_REPRESENTATION_CONTEXT() REPRESENTATION_CONTEXT('2D SPACE',''
  ) );
#2209 = PCURVE('',#2075,#2210);
#2210 = DEFINITIONAL_REPRESENTATION('',(#2211),#2215);
#2211 = LINE('',#2212,#2213);
#2212 = CARTESIAN_POINT('',(6.,0.));
#2213 = VECTOR('',#2214,1.);
#2214 = DIRECTION('',(0.,1.));
#2215 = ( GEOMETRIC_REPRESENTATION_CONTEXT(2) 
PARAMETRIC_REPRESENTATION_CONTEXT() REPRESENTATION_CONTEXT('2D SPACE',''
  ) );
#2216 = ADVANCED_FACE('',(#2217),#2184,.T.);
#2217 = FACE_BOUND('',#2218,.T.);
#2218 = EDGE_LOOP('',(#2219,#2244,#2265,#2266));
#2219 = ORIENTED_EDGE('',*,*,#2220,.T.);
#2220 = EDGE_CURVE('',#2221,#2223,#2225,.T.);
#2221 = VERTEX_POINT('',#2222);
#2222 = CARTESIAN_POINT('',(3.75,95.029016220029,14.642337589201));
#2223 = VERTEX_POINT('',#2224);
#2224 = CARTESIAN_POINT('',(5.25,95.029016220029,14.642337589201));
#2225 = SURFACE_CURVE('',#2226,(#2230,#2237),.PCURVE_S1.);
#2226 = LINE('',#2227,#2228);
#2227 = CARTESIAN_POINT('',(3.75,95.029016220029,14.642337589201));
#2228 = VECTOR('',#2229,1.);
#2229 = DIRECTION('',(1.,0.,0.));
#2230 = PCURVE('',#2184,#2231);
#2231 = DEFINITIONAL_REPRESENTATION('',(#2232),#2236);
#2232 = LINE('',#2233,#2234);
#2233 = CARTESIAN_POINT('',(0.,0.));
#2234 = VECTOR('',#2235,1.);
#2235 = DIRECTION('',(0.,-1.));
#2236 = ( GEOMETRIC_REPRESENTATION_CONTEXT(2) 
PARAMETRIC_REPRESENTATION_CONTEXT() REPRESENTATION_CONTEXT('2D SPACE',''
  ) );
#2237 = PCURVE('',#2047,#2238);
#2238 = DEFINITIONAL_REPRESENTATION('',(#2239),#2243);
#2239 = LINE('',#2240,#2241);
#2240 = CARTESIAN_POINT('',(0.6,0.));
#2241 = VECTOR('',#2242,1.);
#2242 = DIRECTION('',(0.,-1.));
#2243 = ( GEOMETRIC_REPRESENTATION_CONTEXT(2) 
PARAMETRIC_REPRESENTATION_CONTEXT() REPRESENTATION_CONTEXT('2D SPACE',''
  ) );
#2244 = ORIENTED_EDGE('',*,*,#2245,.T.);
#2245 = EDGE_CURVE('',#2223,#2146,#2246,.T.);
#2246 = SURFACE_CURVE('',#2247,(#2251,#2258),.PCURVE_S1.);
#2247 = LINE('',#2248,#2249);
#2248 = CARTESIAN_POINT('',(5.25,100.82457117776,16.195251859816));
#2249 = VECTOR('',#2250,1.);
#2250 = DIRECTION('',(0.,0.965925826289,0.258819045103));
#2251 = PCURVE('',#2184,#2252);
#2252 = DEFINITIONAL_REPRESENTATION('',(#2253),#2257);
#2253 = LINE('',#2254,#2255);
#2254 = CARTESIAN_POINT('',(6.,-1.5));
#2255 = VECTOR('',#2256,1.);
#2256 = DIRECTION('',(1.,0.));
#2257 = ( GEOMETRIC_REPRESENTATION_CONTEXT(2) 
PARAMETRIC_REPRESENTATION_CONTEXT() REPRESENTATION_CONTEXT('2D SPACE',''
  ) );
#2258 = PCURVE('',#2129,#2259);
#2259 = DEFINITIONAL_REPRESENTATION('',(#2260),#2264);
#2260 = LINE('',#2261,#2262);
#2261 = CARTESIAN_POINT('',(0.,0.3));
#2262 = VECTOR('',#2263,1.);
#2263 = DIRECTION('',(1.,0.));
#2264 = ( GEOMETRIC_REPRESENTATION_CONTEXT(2) 
PARAMETRIC_REPRESENTATION_CONTEXT() REPRESENTATION_CONTEXT('2D SPACE',''
  ) );
#2265 = ORIENTED_EDGE('',*,*,#2168,.F.);
#2266 = ORIENTED_EDGE('',*,*,#2267,.F.);
#2267 = EDGE_CURVE('',#2221,#2169,#2268,.T.);
#2268 = SURFACE_CURVE('',#2269,(#2273,#2280),.PCURVE_S1.);
#2269 = LINE('',#2270,#2271);
#2270 = CARTESIAN_POINT('',(3.75,100.82457117776,16.195251859816));
#2271 = VECTOR('',#2272,1.);
#2272 = DIRECTION('',(0.,0.965925826289,0.258819045103));
#2273 = PCURVE('',#2184,#2274);
#2274 = DEFINITIONAL_REPRESENTATION('',(#2275),#2279);
#2275 = LINE('',#2276,#2277);
#2276 = CARTESIAN_POINT('',(6.,0.));
#2277 = VECTOR('',#2278,1.);
#2278 = DIRECTION('',(1.,0.));
#2279 = ( GEOMETRIC_REPRESENTATION_CONTEXT(2) 
PARAMETRIC_REPRESENTATION_CONTEXT() REPRESENTATION_CONTEXT('2D SPACE',''
  ) );
#2280 = PCURVE('',#2075,#2281);
#2281 = DEFINITIONAL_REPRESENTATION('',(#2282),#2286);
#2282 = LINE('',#2283,#2284);
#2283 = CARTESIAN_POINT('',(0.,0.3));
#2284 = VECTOR('',#2285,1.);
#2285 = DIRECTION('',(1.,0.));
#2286 = ( GEOMETRIC_REPRESENTATION_CONTEXT(2) 
PARAMETRIC_REPRESENTATION_CONTEXT() REPRESENTATION_CONTEXT('2D SPACE',''
  ) );
#2287 = ADVANCED_FACE('',(#2288),#2129,.T.);
#2288 = FACE_BOUND('',#2289,.T.);
#2289 = EDGE_LOOP('',(#2290,#2311,#2312,#2313));
#2290 = ORIENTED_EDGE('',*,*,#2291,.F.);
#2291 = EDGE_CURVE('',#2032,#2223,#2292,.T.);
#2292 = SURFACE_CURVE('',#2293,(#2297,#2304),.PCURVE_S1.);
#2293 = LINE('',#2294,#2295);
#2294 = CARTESIAN_POINT('',(5.25,95.10666193356,14.352559841315));
#2295 = VECTOR('',#2296,1.);
#2296 = DIRECTION('',(0.,-0.258819045103,0.965925826289));
#2297 = PCURVE('',#2129,#2298);
#2298 = DEFINITIONAL_REPRESENTATION('',(#2299),#2303);
#2299 = LINE('',#2300,#2301);
#2300 = CARTESIAN_POINT('',(-6.,0.));
#2301 = VECTOR('',#2302,1.);
#2302 = DIRECTION('',(0.,1.));
#2303 = ( GEOMETRIC_REPRESENTATION_CONTEXT(2) 
PARAMETRIC_REPRESENTATION_CONTEXT() REPRESENTATION_CONTEXT('2D SPACE',''
  ) );
#2304 = PCURVE('',#2047,#2305);
#2305 = DEFINITIONAL_REPRESENTATION('',(#2306),#2310);
#2306 = LINE('',#2307,#2308);
#2307 = CARTESIAN_POINT('',(0.3,-1.5));
#2308 = VECTOR('',#2309,1.);
#2309 = DIRECTION('',(1.,0.));
#2310 = ( GEOMETRIC_REPRESENTATION_CONTEXT(2) 
PARAMETRIC_REPRESENTATION_CONTEXT() REPRESENTATION_CONTEXT('2D SPACE',''
  ) );
#2311 = ORIENTED_EDGE('',*,*,#2115,.T.);
#2312 = ORIENTED_EDGE('',*,*,#2145,.T.);
#2313 = ORIENTED_EDGE('',*,*,#2245,.F.);
#2314 = ADVANCED_FACE('',(#2315),#2075,.F.);
#2315 = FACE_BOUND('',#2316,.F.);
#2316 = EDGE_LOOP('',(#2317,#2338,#2339,#2340));
#2317 = ORIENTED_EDGE('',*,*,#2318,.F.);
#2318 = EDGE_CURVE('',#2030,#2221,#2319,.T.);
#2319 = SURFACE_CURVE('',#2320,(#2324,#2331),.PCURVE_S1.);
#2320 = LINE('',#2321,#2322);
#2321 = CARTESIAN_POINT('',(3.75,95.10666193356,14.352559841315));
#2322 = VECTOR('',#2323,1.);
#2323 = DIRECTION('',(0.,-0.258819045103,0.965925826289));
#2324 = PCURVE('',#2075,#2325);
#2325 = DEFINITIONAL_REPRESENTATION('',(#2326),#2330);
#2326 = LINE('',#2327,#2328);
#2327 = CARTESIAN_POINT('',(-6.,0.));
#2328 = VECTOR('',#2329,1.);
#2329 = DIRECTION('',(0.,1.));
#2330 = ( GEOMETRIC_REPRESENTATION_CONTEXT(2) 
PARAMETRIC_REPRESENTATION_CONTEXT() REPRESENTATION_CONTEXT('2D SPACE',''
  ) );
#2331 = PCURVE('',#2047,#2332);
#2332 = DEFINITIONAL_REPRESENTATION('',(#2333),#2337);
#2333 = LINE('',#2334,#2335);
#2334 = CARTESIAN_POINT('',(0.3,0.));
#2335 = VECTOR('',#2336,1.);
#2336 = DIRECTION('',(1.,0.));
#2337 = ( GEOMETRIC_REPRESENTATION_CONTEXT(2) 
PARAMETRIC_REPRESENTATION_CONTEXT() REPRESENTATION_CONTEXT('2D SPACE',''
  ) );
#2338 = ORIENTED_EDGE('',*,*,#2059,.T.);
#2339 = ORIENTED_EDGE('',*,*,#2196,.T.);
#2340 = ORIENTED_EDGE('',*,*,#2267,.F.);
#2341 = ADVANCED_FACE('',(#2342),#2047,.T.);
#2342 = FACE_BOUND('',#2343,.T.);
#2343 = EDGE_LOOP('',(#2344,#2345,#2346,#2347));
#2344 = ORIENTED_EDGE('',*,*,#2029,.T.);
#2345 = ORIENTED_EDGE('',*,*,#2291,.T.);
#2346 = ORIENTED_EDGE('',*,*,#2220,.F.);
#2347 = ORIENTED_EDGE('',*,*,#2318,.F.);
#2348 = ADVANCED_FACE('',(#2349),#1961,.F.);
#2349 = FACE_BOUND('',#2350,.F.);
#2350 = EDGE_LOOP('',(#2351,#2374,#2375,#2398));
#2351 = ORIENTED_EDGE('',*,*,#2352,.F.);
#2352 = EDGE_CURVE('',#1916,#2353,#2355,.T.);
#2353 = VERTEX_POINT('',#2354);
#2354 = CARTESIAN_POINT('',(-5.25,95.029016220029,14.642337589201));
#2355 = SURFACE_CURVE('',#2356,(#2360,#2367),.PCURVE_S1.);
#2356 = LINE('',#2357,#2358);
#2357 = CARTESIAN_POINT('',(-5.25,95.10666193356,14.352559841315));
#2358 = VECTOR('',#2359,1.);
#2359 = DIRECTION('',(0.,-0.258819045103,0.965925826289));
#2360 = PCURVE('',#1961,#2361);
#2361 = DEFINITIONAL_REPRESENTATION('',(#2362),#2366);
#2362 = LINE('',#2363,#2364);
#2363 = CARTESIAN_POINT('',(-6.,0.));
#2364 = VECTOR('',#2365,1.);
#2365 = DIRECTION('',(0.,1.));
#2366 = ( GEOMETRIC_REPRESENTATION_CONTEXT(2) 
PARAMETRIC_REPRESENTATION_CONTEXT() REPRESENTATION_CONTEXT('2D SPACE',''
  ) );
#2367 = PCURVE('',#1933,#2368);
#2368 = DEFINITIONAL_REPRESENTATION('',(#2369),#2373);
#2369 = LINE('',#2370,#2371);
#2370 = CARTESIAN_POINT('',(0.3,0.));
#2371 = VECTOR('',#2372,1.);
#2372 = DIRECTION('',(1.,0.));
#2373 = ( GEOMETRIC_REPRESENTATION_CONTEXT(2) 
PARAMETRIC_REPRESENTATION_CONTEXT() REPRESENTATION_CONTEXT('2D SPACE',''
  ) );
#2374 = ORIENTED_EDGE('',*,*,#1945,.T.);
#2375 = ORIENTED_EDGE('',*,*,#2376,.T.);
#2376 = EDGE_CURVE('',#1946,#2377,#2379,.T.);
#2377 = VERTEX_POINT('',#2378);
#2378 = CARTESIAN_POINT('',(-5.25,106.62012613549,17.748166130432));
#2379 = SURFACE_CURVE('',#2380,(#2384,#2391),.PCURVE_S1.);
#2380 = LINE('',#2381,#2382);
#2381 = CARTESIAN_POINT('',(-5.25,106.69777184902,17.458388382545));
#2382 = VECTOR('',#2383,1.);
#2383 = DIRECTION('',(0.,-0.258819045103,0.965925826289));
#2384 = PCURVE('',#1961,#2385);
#2385 = DEFINITIONAL_REPRESENTATION('',(#2386),#2390);
#2386 = LINE('',#2387,#2388);
#2387 = CARTESIAN_POINT('',(6.,0.));
#2388 = VECTOR('',#2389,1.);
#2389 = DIRECTION('',(0.,1.));
#2390 = ( GEOMETRIC_REPRESENTATION_CONTEXT(2) 
PARAMETRIC_REPRESENTATION_CONTEXT() REPRESENTATION_CONTEXT('2D SPACE',''
  ) );
#2391 = PCURVE('',#1989,#2392);
#2392 = DEFINITIONAL_REPRESENTATION('',(#2393),#2397);
#2393 = LINE('',#2394,#2395);
#2394 = CARTESIAN_POINT('',(0.3,0.));
#2395 = VECTOR('',#2396,1.);
#2396 = DIRECTION('',(1.,0.));
#2397 = ( GEOMETRIC_REPRESENTATION_CONTEXT(2) 
PARAMETRIC_REPRESENTATION_CONTEXT() REPRESENTATION_CONTEXT('2D SPACE',''
  ) );
#2398 = ORIENTED_EDGE('',*,*,#2399,.F.);
#2399 = EDGE_CURVE('',#2353,#2377,#2400,.T.);
#2400 = SURFACE_CURVE('',#2401,(#2405,#2412),.PCURVE_S1.);
#2401 = LINE('',#2402,#2403);
#2402 = CARTESIAN_POINT('',(-5.25,100.82457117776,16.195251859816));
#2403 = VECTOR('',#2404,1.);
#2404 = DIRECTION('',(0.,0.965925826289,0.258819045103));
#2405 = PCURVE('',#1961,#2406);
#2406 = DEFINITIONAL_REPRESENTATION('',(#2407),#2411);
#2407 = LINE('',#2408,#2409);
#2408 = CARTESIAN_POINT('',(0.,0.3));
#2409 = VECTOR('',#2410,1.);
#2410 = DIRECTION('',(1.,0.));
#2411 = ( GEOMETRIC_REPRESENTATION_CONTEXT(2) 
PARAMETRIC_REPRESENTATION_CONTEXT() REPRESENTATION_CONTEXT('2D SPACE',''
  ) );
#2412 = PCURVE('',#2413,#2418);
#2413 = PLANE('',#2414);
#2414 = AXIS2_PLACEMENT_3D('',#2415,#2416,#2417);
#2415 = CARTESIAN_POINT('',(-5.25,95.029016220029,14.642337589201));
#2416 = DIRECTION('',(0.,-0.258819045103,0.965925826289));
#2417 = DIRECTION('',(0.,0.965925826289,0.258819045103));
#2418 = DEFINITIONAL_REPRESENTATION('',(#2419),#2423);
#2419 = LINE('',#2420,#2421);
#2420 = CARTESIAN_POINT('',(6.,0.));
#2421 = VECTOR('',#2422,1.);
#2422 = DIRECTION('',(1.,0.));
#2423 = ( GEOMETRIC_REPRESENTATION_CONTEXT(2) 
PARAMETRIC_REPRESENTATION_CONTEXT() REPRESENTATION_CONTEXT('2D SPACE',''
  ) );
#2424 = ADVANCED_FACE('',(#2425),#2413,.T.);
#2425 = FACE_BOUND('',#2426,.T.);
#2426 = EDGE_LOOP('',(#2427,#2450,#2473,#2494));
#2427 = ORIENTED_EDGE('',*,*,#2428,.T.);
#2428 = EDGE_CURVE('',#2353,#2429,#2431,.T.);
#2429 = VERTEX_POINT('',#2430);
#2430 = CARTESIAN_POINT('',(-3.75,95.029016220029,14.642337589201));
#2431 = SURFACE_CURVE('',#2432,(#2436,#2443),.PCURVE_S1.);
#2432 = LINE('',#2433,#2434);
#2433 = CARTESIAN_POINT('',(-5.25,95.029016220029,14.642337589201));
#2434 = VECTOR('',#2435,1.);
#2435 = DIRECTION('',(1.,0.,0.));
#2436 = PCURVE('',#2413,#2437);
#2437 = DEFINITIONAL_REPRESENTATION('',(#2438),#2442);
#2438 = LINE('',#2439,#2440);
#2439 = CARTESIAN_POINT('',(0.,0.));
#2440 = VECTOR('',#2441,1.);
#2441 = DIRECTION('',(0.,-1.));
#2442 = ( GEOMETRIC_REPRESENTATION_CONTEXT(2) 
PARAMETRIC_REPRESENTATION_CONTEXT() REPRESENTATION_CONTEXT('2D SPACE',''
  ) );
#2443 = PCURVE('',#1933,#2444);
#2444 = DEFINITIONAL_REPRESENTATION('',(#2445),#2449);
#2445 = LINE('',#2446,#2447);
#2446 = CARTESIAN_POINT('',(0.6,0.));
#2447 = VECTOR('',#2448,1.);
#2448 = DIRECTION('',(0.,-1.));
#2449 = ( GEOMETRIC_REPRESENTATION_CONTEXT(2) 
PARAMETRIC_REPRESENTATION_CONTEXT() REPRESENTATION_CONTEXT('2D SPACE',''
  ) );
#2450 = ORIENTED_EDGE('',*,*,#2451,.T.);
#2451 = EDGE_CURVE('',#2429,#2452,#2454,.T.);
#2452 = VERTEX_POINT('',#2453);
#2453 = CARTESIAN_POINT('',(-3.75,106.62012613549,17.748166130432));
#2454 = SURFACE_CURVE('',#2455,(#2459,#2466),.PCURVE_S1.);
#2455 = LINE('',#2456,#2457);
#2456 = CARTESIAN_POINT('',(-3.75,100.82457117776,16.195251859816));
#2457 = VECTOR('',#2458,1.);
#2458 = DIRECTION('',(0.,0.965925826289,0.258819045103));
#2459 = PCURVE('',#2413,#2460);
#2460 = DEFINITIONAL_REPRESENTATION('',(#2461),#2465);
#2461 = LINE('',#2462,#2463);
#2462 = CARTESIAN_POINT('',(6.,-1.5));
#2463 = VECTOR('',#2464,1.);
#2464 = DIRECTION('',(1.,0.));
#2465 = ( GEOMETRIC_REPRESENTATION_CONTEXT(2) 
PARAMETRIC_REPRESENTATION_CONTEXT() REPRESENTATION_CONTEXT('2D SPACE',''
  ) );
#2466 = PCURVE('',#2015,#2467);
#2467 = DEFINITIONAL_REPRESENTATION('',(#2468),#2472);
#2468 = LINE('',#2469,#2470);
#2469 = CARTESIAN_POINT('',(0.,0.3));
#2470 = VECTOR('',#2471,1.);
#2471 = DIRECTION('',(1.,0.));
#2472 = ( GEOMETRIC_REPRESENTATION_CONTEXT(2) 
PARAMETRIC_REPRESENTATION_CONTEXT() REPRESENTATION_CONTEXT('2D SPACE',''
  ) );
#2473 = ORIENTED_EDGE('',*,*,#2474,.F.);
#2474 = EDGE_CURVE('',#2377,#2452,#2475,.T.);
#2475 = SURFACE_CURVE('',#2476,(#2480,#2487),.PCURVE_S1.);
#2476 = LINE('',#2477,#2478);
#2477 = CARTESIAN_POINT('',(-5.25,106.62012613549,17.748166130431));
#2478 = VECTOR('',#2479,1.);
#2479 = DIRECTION('',(1.,0.,0.));
#2480 = PCURVE('',#2413,#2481);
#2481 = DEFINITIONAL_REPRESENTATION('',(#2482),#2486);
#2482 = LINE('',#2483,#2484);
#2483 = CARTESIAN_POINT('',(12.,0.));
#2484 = VECTOR('',#2485,1.);
#2485 = DIRECTION('',(0.,-1.));
#2486 = ( GEOMETRIC_REPRESENTATION_CONTEXT(2) 
PARAMETRIC_REPRESENTATION_CONTEXT() REPRESENTATION_CONTEXT('2D SPACE',''
  ) );
#2487 = PCURVE('',#1989,#2488);
#2488 = DEFINITIONAL_REPRESENTATION('',(#2489),#2493);
#2489 = LINE('',#2490,#2491);
#2490 = CARTESIAN_POINT('',(0.6,0.));
#2491 = VECTOR('',#2492,1.);
#2492 = DIRECTION('',(0.,-1.));
#2493 = ( GEOMETRIC_REPRESENTATION_CONTEXT(2) 
PARAMETRIC_REPRESENTATION_CONTEXT() REPRESENTATION_CONTEXT('2D SPACE',''
  ) );
#2494 = ORIENTED_EDGE('',*,*,#2399,.F.);
#2495 = ADVANCED_FACE('',(#2496),#1989,.F.);
#2496 = FACE_BOUND('',#2497,.F.);
#2497 = EDGE_LOOP('',(#2498,#2499,#2520,#2521));
#2498 = ORIENTED_EDGE('',*,*,#1973,.T.);
#2499 = ORIENTED_EDGE('',*,*,#2500,.T.);
#2500 = EDGE_CURVE('',#1974,#2452,#2501,.T.);
#2501 = SURFACE_CURVE('',#2502,(#2506,#2513),.PCURVE_S1.);
#2502 = LINE('',#2503,#2504);
#2503 = CARTESIAN_POINT('',(-3.75,106.69777184902,17.458388382545));
#2504 = VECTOR('',#2505,1.);
#2505 = DIRECTION('',(0.,-0.258819045103,0.965925826289));
#2506 = PCURVE('',#1989,#2507);
#2507 = DEFINITIONAL_REPRESENTATION('',(#2508),#2512);
#2508 = LINE('',#2509,#2510);
#2509 = CARTESIAN_POINT('',(0.3,-1.5));
#2510 = VECTOR('',#2511,1.);
#2511 = DIRECTION('',(1.,0.));
#2512 = ( GEOMETRIC_REPRESENTATION_CONTEXT(2) 
PARAMETRIC_REPRESENTATION_CONTEXT() REPRESENTATION_CONTEXT('2D SPACE',''
  ) );
#2513 = PCURVE('',#2015,#2514);
#2514 = DEFINITIONAL_REPRESENTATION('',(#2515),#2519);
#2515 = LINE('',#2516,#2517);
#2516 = CARTESIAN_POINT('',(6.,0.));
#2517 = VECTOR('',#2518,1.);
#2518 = DIRECTION('',(0.,1.));
#2519 = ( GEOMETRIC_REPRESENTATION_CONTEXT(2) 
PARAMETRIC_REPRESENTATION_CONTEXT() REPRESENTATION_CONTEXT('2D SPACE',''
  ) );
#2520 = ORIENTED_EDGE('',*,*,#2474,.F.);
#2521 = ORIENTED_EDGE('',*,*,#2376,.F.);
#2522 = ADVANCED_FACE('',(#2523),#2015,.T.);
#2523 = FACE_BOUND('',#2524,.T.);
#2524 = EDGE_LOOP('',(#2525,#2546,#2547,#2548));
#2525 = ORIENTED_EDGE('',*,*,#2526,.F.);
#2526 = EDGE_CURVE('',#1918,#2429,#2527,.T.);
#2527 = SURFACE_CURVE('',#2528,(#2532,#2539),.PCURVE_S1.);
#2528 = LINE('',#2529,#2530);
#2529 = CARTESIAN_POINT('',(-3.75,95.10666193356,14.352559841315));
#2530 = VECTOR('',#2531,1.);
#2531 = DIRECTION('',(0.,-0.258819045103,0.965925826289));
#2532 = PCURVE('',#2015,#2533);
#2533 = DEFINITIONAL_REPRESENTATION('',(#2534),#2538);
#2534 = LINE('',#2535,#2536);
#2535 = CARTESIAN_POINT('',(-6.,0.));
#2536 = VECTOR('',#2537,1.);
#2537 = DIRECTION('',(0.,1.));
#2538 = ( GEOMETRIC_REPRESENTATION_CONTEXT(2) 
PARAMETRIC_REPRESENTATION_CONTEXT() REPRESENTATION_CONTEXT('2D SPACE',''
  ) );
#2539 = PCURVE('',#1933,#2540);
#2540 = DEFINITIONAL_REPRESENTATION('',(#2541),#2545);
#2541 = LINE('',#2542,#2543);
#2542 = CARTESIAN_POINT('',(0.3,-1.5));
#2543 = VECTOR('',#2544,1.);
#2544 = DIRECTION('',(1.,0.));
#2545 = ( GEOMETRIC_REPRESENTATION_CONTEXT(2) 
PARAMETRIC_REPRESENTATION_CONTEXT() REPRESENTATION_CONTEXT('2D SPACE',''
  ) );
#2546 = ORIENTED_EDGE('',*,*,#2001,.T.);
#2547 = ORIENTED_EDGE('',*,*,#2500,.T.);
#2548 = ORIENTED_EDGE('',*,*,#2451,.F.);
#2549 = ADVANCED_FACE('',(#2550),#1933,.T.);
#2550 = FACE_BOUND('',#2551,.T.);
#2551 = EDGE_LOOP('',(#2552,#2553,#2554,#2555));
#2552 = ORIENTED_EDGE('',*,*,#1915,.T.);
#2553 = ORIENTED_EDGE('',*,*,#2526,.T.);
#2554 = ORIENTED_EDGE('',*,*,#2428,.F.);
#2555 = ORIENTED_EDGE('',*,*,#2352,.F.);
#2556 = ADVANCED_FACE('',(#2557),#639,.T.);
#2557 = FACE_BOUND('',#2558,.T.);
#2558 = EDGE_LOOP('',(#2559,#2582,#2583,#2584));
#2559 = ORIENTED_EDGE('',*,*,#2560,.F.);
#2560 = EDGE_CURVE('',#1849,#2561,#2563,.T.);
#2561 = VERTEX_POINT('',#2562);
#2562 = CARTESIAN_POINT('',(10.75,85.94438554964,24.398495161864));
#2563 = SURFACE_CURVE('',#2564,(#2568,#2575),.PCURVE_S1.);
#2564 = LINE('',#2565,#2566);
#2565 = CARTESIAN_POINT('',(10.75,89.147271232784,12.445163061537));
#2566 = VECTOR('',#2567,1.);
#2567 = DIRECTION('',(0.,-0.258819045103,0.965925826289));
#2568 = PCURVE('',#639,#2569);
#2569 = DEFINITIONAL_REPRESENTATION('',(#2570),#2574);
#2570 = LINE('',#2571,#2572);
#2571 = CARTESIAN_POINT('',(0.,21.5));
#2572 = VECTOR('',#2573,1.);
#2573 = DIRECTION('',(1.,0.));
#2574 = ( GEOMETRIC_REPRESENTATION_CONTEXT(2) 
PARAMETRIC_REPRESENTATION_CONTEXT() REPRESENTATION_CONTEXT('2D SPACE',''
  ) );
#2575 = PCURVE('',#437,#2576);
#2576 = DEFINITIONAL_REPRESENTATION('',(#2577),#2581);
#2577 = LINE('',#2578,#2579);
#2578 = CARTESIAN_POINT('',(0.,0.));
#2579 = VECTOR('',#2580,1.);
#2580 = DIRECTION('',(1.,0.));
#2581 = ( GEOMETRIC_REPRESENTATION_CONTEXT(2) 
PARAMETRIC_REPRESENTATION_CONTEXT() REPRESENTATION_CONTEXT('2D SPACE',''
  ) );
#2582 = ORIENTED_EDGE('',*,*,#1848,.F.);
#2583 = ORIENTED_EDGE('',*,*,#621,.T.);
#2584 = ORIENTED_EDGE('',*,*,#2585,.T.);
#2585 = EDGE_CURVE('',#624,#2561,#2586,.T.);
#2586 = SURFACE_CURVE('',#2587,(#2591,#2597),.PCURVE_S1.);
#2587 = LINE('',#2588,#2589);
#2588 = CARTESIAN_POINT('',(-10.75,85.94438554964,24.398495161864));
#2589 = VECTOR('',#2590,1.);
#2590 = DIRECTION('',(1.,0.,0.));
#2591 = PCURVE('',#639,#2592);
#2592 = DEFINITIONAL_REPRESENTATION('',(#2593),#2596);
#2593 = B_SPLINE_CURVE_WITH_KNOTS('',1,(#2594,#2595),.UNSPECIFIED.,.F.,
  .F.,(2,2),(0.,21.5),.PIECEWISE_BEZIER_KNOTS.);
#2594 = CARTESIAN_POINT('',(12.375,0.));
#2595 = CARTESIAN_POINT('',(12.375,21.5));
#2596 = ( GEOMETRIC_REPRESENTATION_CONTEXT(2) 
PARAMETRIC_REPRESENTATION_CONTEXT() REPRESENTATION_CONTEXT('2D SPACE',''
  ) );
#2597 = PCURVE('',#411,#2598);
#2598 = DEFINITIONAL_REPRESENTATION('',(#2599),#2602);
#2599 = B_SPLINE_CURVE_WITH_KNOTS('',1,(#2600,#2601),.UNSPECIFIED.,.F.,
  .F.,(2,2),(0.,21.5),.PIECEWISE_BEZIER_KNOTS.);
#2600 = CARTESIAN_POINT('',(65.75,0.));
#2601 = CARTESIAN_POINT('',(65.75,-21.5));
#2602 = ( GEOMETRIC_REPRESENTATION_CONTEXT(2) 
PARAMETRIC_REPRESENTATION_CONTEXT() REPRESENTATION_CONTEXT('2D SPACE',''
  ) );
#2603 = ADVANCED_FACE('',(#2604),#411,.T.);
#2604 = FACE_BOUND('',#2605,.T.);
#2605 = EDGE_LOOP('',(#2606,#2607,#2608,#2629));
#2606 = ORIENTED_EDGE('',*,*,#703,.F.);
#2607 = ORIENTED_EDGE('',*,*,#396,.F.);
#2608 = ORIENTED_EDGE('',*,*,#2609,.T.);
#2609 = EDGE_CURVE('',#397,#2561,#2610,.T.);
#2610 = SURFACE_CURVE('',#2611,(#2615,#2622),.PCURVE_S1.);
#2611 = LINE('',#2612,#2613);
#2612 = CARTESIAN_POINT('',(10.75,22.434762471134,7.381142946374));
#2613 = VECTOR('',#2614,1.);
#2614 = DIRECTION('',(0.,0.965925826289,0.258819045103));
#2615 = PCURVE('',#411,#2616);
#2616 = DEFINITIONAL_REPRESENTATION('',(#2617),#2621);
#2617 = LINE('',#2618,#2619);
#2618 = CARTESIAN_POINT('',(0.,-21.5));
#2619 = VECTOR('',#2620,1.);
#2620 = DIRECTION('',(1.,0.));
#2621 = ( GEOMETRIC_REPRESENTATION_CONTEXT(2) 
PARAMETRIC_REPRESENTATION_CONTEXT() REPRESENTATION_CONTEXT('2D SPACE',''
  ) );
#2622 = PCURVE('',#437,#2623);
#2623 = DEFINITIONAL_REPRESENTATION('',(#2624),#2628);
#2624 = LINE('',#2625,#2626);
#2625 = CARTESIAN_POINT('',(12.375,65.75));
#2626 = VECTOR('',#2627,1.);
#2627 = DIRECTION('',(0.,-1.));
#2628 = ( GEOMETRIC_REPRESENTATION_CONTEXT(2) 
PARAMETRIC_REPRESENTATION_CONTEXT() REPRESENTATION_CONTEXT('2D SPACE',''
  ) );
#2629 = ORIENTED_EDGE('',*,*,#2585,.F.);
#2630 = ADVANCED_FACE('',(#2631,#2708,#2814,#2849,#2955,#2990),#437,.F.
  );
#2631 = FACE_BOUND('',#2632,.F.);
#2632 = EDGE_LOOP('',(#2633,#2634,#2635,#2658,#2685,#2706,#2707));
#2633 = ORIENTED_EDGE('',*,*,#2560,.F.);
#2634 = ORIENTED_EDGE('',*,*,#1871,.T.);
#2635 = ORIENTED_EDGE('',*,*,#2636,.T.);
#2636 = EDGE_CURVE('',#1872,#2637,#2639,.T.);
#2637 = VERTEX_POINT('',#2638);
#2638 = CARTESIAN_POINT('',(10.75,107.97693446972,35.866708321904));
#2639 = SURFACE_CURVE('',#2640,(#2644,#2651),.PCURVE_S1.);
#2640 = LINE('',#2641,#2642);
#2641 = CARTESIAN_POINT('',(10.75,112.57097252029,18.721524905273));
#2642 = VECTOR('',#2643,1.);
#2643 = DIRECTION('',(1.000764416564E-16,-0.258819045103,0.965925826289)
  );
#2644 = PCURVE('',#437,#2645);
#2645 = DEFINITIONAL_REPRESENTATION('',(#2646),#2650);
#2646 = LINE('',#2647,#2648);
#2647 = CARTESIAN_POINT('',(0.,-24.25));
#2648 = VECTOR('',#2649,1.);
#2649 = DIRECTION('',(1.,0.));
#2650 = ( GEOMETRIC_REPRESENTATION_CONTEXT(2) 
PARAMETRIC_REPRESENTATION_CONTEXT() REPRESENTATION_CONTEXT('2D SPACE',''
  ) );
#2651 = PCURVE('',#142,#2652);
#2652 = DEFINITIONAL_REPRESENTATION('',(#2653),#2657);
#2653 = LINE('',#2654,#2655);
#2654 = CARTESIAN_POINT('',(1.8,-23.1));
#2655 = VECTOR('',#2656,1.);
#2656 = DIRECTION('',(1.,-1.000764416564E-16));
#2657 = ( GEOMETRIC_REPRESENTATION_CONTEXT(2) 
PARAMETRIC_REPRESENTATION_CONTEXT() REPRESENTATION_CONTEXT('2D SPACE',''
  ) );
#2658 = ORIENTED_EDGE('',*,*,#2659,.T.);
#2659 = EDGE_CURVE('',#2637,#2660,#2662,.T.);
#2660 = VERTEX_POINT('',#2661);
#2661 = CARTESIAN_POINT('',(10.75,104.91507229124,37.634475274871));
#2662 = SURFACE_CURVE('',#2663,(#2667,#2674),.PCURVE_S1.);
#2663 = LINE('',#2664,#2665);
#2664 = CARTESIAN_POINT('',(10.75,105.98672405371,37.015756841332));
#2665 = VECTOR('',#2666,1.);
#2666 = DIRECTION('',(0.,-0.866025403784,0.5));
#2667 = PCURVE('',#437,#2668);
#2668 = DEFINITIONAL_REPRESENTATION('',(#2669),#2673);
#2669 = LINE('',#2670,#2671);
#2670 = CARTESIAN_POINT('',(19.375,-22.625));
#2671 = VECTOR('',#2672,1.);
#2672 = DIRECTION('',(0.707106781187,0.707106781187));
#2673 = ( GEOMETRIC_REPRESENTATION_CONTEXT(2) 
PARAMETRIC_REPRESENTATION_CONTEXT() REPRESENTATION_CONTEXT('2D SPACE',''
  ) );
#2674 = PCURVE('',#2675,#2680);
#2675 = PLANE('',#2676);
#2676 = AXIS2_PLACEMENT_3D('',#2677,#2678,#2679);
#2677 = CARTESIAN_POINT('',(-12.35,107.97693446972,35.866708321904));
#2678 = DIRECTION('',(0.,-0.5,-0.866025403784));
#2679 = DIRECTION('',(0.,-0.866025403784,0.5));
#2680 = DEFINITIONAL_REPRESENTATION('',(#2681),#2684);
#2681 = B_SPLINE_CURVE_WITH_KNOTS('',1,(#2682,#2683),.UNSPECIFIED.,.F.,
  .F.,(2,2),(-2.298097038856,1.237436867076),.PIECEWISE_BEZIER_KNOTS.);
#2682 = CARTESIAN_POINT('',(0.,-23.1));
#2683 = CARTESIAN_POINT('',(3.535533905933,-23.1));
#2684 = ( GEOMETRIC_REPRESENTATION_CONTEXT(2) 
PARAMETRIC_REPRESENTATION_CONTEXT() REPRESENTATION_CONTEXT('2D SPACE',''
  ) );
#2685 = ORIENTED_EDGE('',*,*,#2686,.F.);
#2686 = EDGE_CURVE('',#423,#2660,#2687,.T.);
#2687 = SURFACE_CURVE('',#2688,(#2692,#2699),.PCURVE_S1.);
#2688 = LINE('',#2689,#2690);
#2689 = CARTESIAN_POINT('',(10.75,77.295287965108,23.313201600362));
#2690 = VECTOR('',#2691,1.);
#2691 = DIRECTION('',(0.,0.887755792072,0.460314733246));
#2692 = PCURVE('',#437,#2693);
#2693 = DEFINITIONAL_REPRESENTATION('',(#2694),#2698);
#2694 = LINE('',#2695,#2696);
#2695 = CARTESIAN_POINT('',(13.565238097668,8.635281374239));
#2696 = VECTOR('',#2697,1.);
#2697 = DIRECTION('',(0.214861782675,-0.976644466705));
#2698 = ( GEOMETRIC_REPRESENTATION_CONTEXT(2) 
PARAMETRIC_REPRESENTATION_CONTEXT() REPRESENTATION_CONTEXT('2D SPACE',''
  ) );
#2699 = PCURVE('',#461,#2700);
#2700 = DEFINITIONAL_REPRESENTATION('',(#2701),#2705);
#2701 = LINE('',#2702,#2703);
#2702 = CARTESIAN_POINT('',(31.111916782521,-23.1));
#2703 = VECTOR('',#2704,1.);
#2704 = DIRECTION('',(-1.,0.));
#2705 = ( GEOMETRIC_REPRESENTATION_CONTEXT(2) 
PARAMETRIC_REPRESENTATION_CONTEXT() REPRESENTATION_CONTEXT('2D SPACE',''
  ) );
#2706 = ORIENTED_EDGE('',*,*,#422,.F.);
#2707 = ORIENTED_EDGE('',*,*,#2609,.T.);
#2708 = FACE_BOUND('',#2709,.F.);
#2709 = EDGE_LOOP('',(#2710,#2738,#2764,#2790));
#2710 = ORIENTED_EDGE('',*,*,#2711,.F.);
#2711 = EDGE_CURVE('',#2712,#2714,#2716,.T.);
#2712 = VERTEX_POINT('',#2713);
#2713 = CARTESIAN_POINT('',(10.75,106.13177075979,30.195917293876));
#2714 = VERTEX_POINT('',#2715);
#2715 = CARTESIAN_POINT('',(10.75,107.94350407551,23.434436509852));
#2716 = SURFACE_CURVE('',#2717,(#2721,#2727),.PCURVE_S1.);
#2717 = LINE('',#2718,#2719);
#2718 = CARTESIAN_POINT('',(10.75,108.68760883018,20.657399759271));
#2719 = VECTOR('',#2720,1.);
#2720 = DIRECTION('',(0.,0.258819045103,-0.965925826289));
#2721 = PCURVE('',#437,#2722);
#2722 = DEFINITIONAL_REPRESENTATION('',(#2723),#2726);
#2723 = B_SPLINE_CURVE_WITH_KNOTS('',1,(#2724,#2725),.UNSPECIFIED.,.F.,
  .F.,(2,2),(-9.875,-2.875),.PIECEWISE_BEZIER_KNOTS.);
#2724 = CARTESIAN_POINT('',(12.75,-21.));
#2725 = CARTESIAN_POINT('',(5.75,-21.));
#2726 = ( GEOMETRIC_REPRESENTATION_CONTEXT(2) 
PARAMETRIC_REPRESENTATION_CONTEXT() REPRESENTATION_CONTEXT('2D SPACE',''
  ) );
#2727 = PCURVE('',#2728,#2733);
#2728 = PLANE('',#2729);
#2729 = AXIS2_PLACEMENT_3D('',#2730,#2731,#2732);
#2730 = CARTESIAN_POINT('',(10.15,107.94350407551,23.434436509852));
#2731 = DIRECTION('',(0.,-0.965925826289,-0.258819045103));
#2732 = DIRECTION('',(0.,-0.258819045103,0.965925826289));
#2733 = DEFINITIONAL_REPRESENTATION('',(#2734),#2737);
#2734 = B_SPLINE_CURVE_WITH_KNOTS('',1,(#2735,#2736),.UNSPECIFIED.,.F.,
  .F.,(2,2),(-9.875,-2.875),.PIECEWISE_BEZIER_KNOTS.);
#2735 = CARTESIAN_POINT('',(7.,-0.6));
#2736 = CARTESIAN_POINT('',(0.,-0.6));
#2737 = ( GEOMETRIC_REPRESENTATION_CONTEXT(2) 
PARAMETRIC_REPRESENTATION_CONTEXT() REPRESENTATION_CONTEXT('2D SPACE',''
  ) );
#2738 = ORIENTED_EDGE('',*,*,#2739,.F.);
#2739 = EDGE_CURVE('',#2740,#2712,#2742,.T.);
#2740 = VERTEX_POINT('',#2741);
#2741 = CARTESIAN_POINT('',(10.75,107.58065949923,30.584145861529));
#2742 = SURFACE_CURVE('',#2743,(#2747,#2753),.PCURVE_S1.);
#2743 = LINE('',#2744,#2745);
#2744 = CARTESIAN_POINT('',(10.75,95.989549583762,27.478317320299));
#2745 = VECTOR('',#2746,1.);
#2746 = DIRECTION('',(0.,-0.965925826289,-0.258819045103));
#2747 = PCURVE('',#437,#2748);
#2748 = DEFINITIONAL_REPRESENTATION('',(#2749),#2752);
#2749 = B_SPLINE_CURVE_WITH_KNOTS('',1,(#2750,#2751),.UNSPECIFIED.,.F.,
  .F.,(2,2),(-12.,-10.5),.PIECEWISE_BEZIER_KNOTS.);
#2750 = CARTESIAN_POINT('',(12.75,-22.5));
#2751 = CARTESIAN_POINT('',(12.75,-21.));
#2752 = ( GEOMETRIC_REPRESENTATION_CONTEXT(2) 
PARAMETRIC_REPRESENTATION_CONTEXT() REPRESENTATION_CONTEXT('2D SPACE',''
  ) );
#2753 = PCURVE('',#2754,#2759);
#2754 = PLANE('',#2755);
#2755 = AXIS2_PLACEMENT_3D('',#2756,#2757,#2758);
#2756 = CARTESIAN_POINT('',(10.15,106.13177075979,30.195917293876));
#2757 = DIRECTION('',(0.,-0.258819045103,0.965925826289));
#2758 = DIRECTION('',(0.,0.965925826289,0.258819045103));
#2759 = DEFINITIONAL_REPRESENTATION('',(#2760),#2763);
#2760 = B_SPLINE_CURVE_WITH_KNOTS('',1,(#2761,#2762),.UNSPECIFIED.,.F.,
  .F.,(2,2),(-12.,-10.5),.PIECEWISE_BEZIER_KNOTS.);
#2761 = CARTESIAN_POINT('',(1.5,-0.6));
#2762 = CARTESIAN_POINT('',(0.,-0.6));
#2763 = ( GEOMETRIC_REPRESENTATION_CONTEXT(2) 
PARAMETRIC_REPRESENTATION_CONTEXT() REPRESENTATION_CONTEXT('2D SPACE',''
  ) );
#2764 = ORIENTED_EDGE('',*,*,#2765,.T.);
#2765 = EDGE_CURVE('',#2740,#2766,#2768,.T.);
#2766 = VERTEX_POINT('',#2767);
#2767 = CARTESIAN_POINT('',(10.75,109.39239281494,23.822665077506));
#2768 = SURFACE_CURVE('',#2769,(#2773,#2779),.PCURVE_S1.);
#2769 = LINE('',#2770,#2771);
#2770 = CARTESIAN_POINT('',(10.75,110.13649756961,21.045628326925));
#2771 = VECTOR('',#2772,1.);
#2772 = DIRECTION('',(0.,0.258819045103,-0.965925826289));
#2773 = PCURVE('',#437,#2774);
#2774 = DEFINITIONAL_REPRESENTATION('',(#2775),#2778);
#2775 = B_SPLINE_CURVE_WITH_KNOTS('',1,(#2776,#2777),.UNSPECIFIED.,.F.,
  .F.,(2,2),(-9.875,-2.875),.PIECEWISE_BEZIER_KNOTS.);
#2776 = CARTESIAN_POINT('',(12.75,-22.5));
#2777 = CARTESIAN_POINT('',(5.75,-22.5));
#2778 = ( GEOMETRIC_REPRESENTATION_CONTEXT(2) 
PARAMETRIC_REPRESENTATION_CONTEXT() REPRESENTATION_CONTEXT('2D SPACE',''
  ) );
#2779 = PCURVE('',#2780,#2785);
#2780 = PLANE('',#2781);
#2781 = AXIS2_PLACEMENT_3D('',#2782,#2783,#2784);
#2782 = CARTESIAN_POINT('',(10.15,109.39239281494,23.822665077506));
#2783 = DIRECTION('',(0.,-0.965925826289,-0.258819045103));
#2784 = DIRECTION('',(0.,-0.258819045103,0.965925826289));
#2785 = DEFINITIONAL_REPRESENTATION('',(#2786),#2789);
#2786 = B_SPLINE_CURVE_WITH_KNOTS('',1,(#2787,#2788),.UNSPECIFIED.,.F.,
  .F.,(2,2),(-9.875,-2.875),.PIECEWISE_BEZIER_KNOTS.);
#2787 = CARTESIAN_POINT('',(7.,-0.6));
#2788 = CARTESIAN_POINT('',(0.,-0.6));
#2789 = ( GEOMETRIC_REPRESENTATION_CONTEXT(2) 
PARAMETRIC_REPRESENTATION_CONTEXT() REPRESENTATION_CONTEXT('2D SPACE',''
  ) );
#2790 = ORIENTED_EDGE('',*,*,#2791,.T.);
#2791 = EDGE_CURVE('',#2766,#2714,#2792,.T.);
#2792 = SURFACE_CURVE('',#2793,(#2797,#2803),.PCURVE_S1.);
#2793 = LINE('',#2794,#2795);
#2794 = CARTESIAN_POINT('',(10.75,97.80128289948,20.716836536276));
#2795 = VECTOR('',#2796,1.);
#2796 = DIRECTION('',(0.,-0.965925826289,-0.258819045103));
#2797 = PCURVE('',#437,#2798);
#2798 = DEFINITIONAL_REPRESENTATION('',(#2799),#2802);
#2799 = B_SPLINE_CURVE_WITH_KNOTS('',1,(#2800,#2801),.UNSPECIFIED.,.F.,
  .F.,(2,2),(-12.,-10.5),.PIECEWISE_BEZIER_KNOTS.);
#2800 = CARTESIAN_POINT('',(5.75,-22.5));
#2801 = CARTESIAN_POINT('',(5.75,-21.));
#2802 = ( GEOMETRIC_REPRESENTATION_CONTEXT(2) 
PARAMETRIC_REPRESENTATION_CONTEXT() REPRESENTATION_CONTEXT('2D SPACE',''
  ) );
#2803 = PCURVE('',#2804,#2809);
#2804 = PLANE('',#2805);
#2805 = AXIS2_PLACEMENT_3D('',#2806,#2807,#2808);
#2806 = CARTESIAN_POINT('',(10.15,107.94350407551,23.434436509852));
#2807 = DIRECTION('',(0.,-0.258819045103,0.965925826289));
#2808 = DIRECTION('',(0.,0.965925826289,0.258819045103));
#2809 = DEFINITIONAL_REPRESENTATION('',(#2810),#2813);
#2810 = B_SPLINE_CURVE_WITH_KNOTS('',1,(#2811,#2812),.UNSPECIFIED.,.F.,
  .F.,(2,2),(-12.,-10.5),.PIECEWISE_BEZIER_KNOTS.);
#2811 = CARTESIAN_POINT('',(1.5,-0.6));
#2812 = CARTESIAN_POINT('',(0.,-0.6));
#2813 = ( GEOMETRIC_REPRESENTATION_CONTEXT(2) 
PARAMETRIC_REPRESENTATION_CONTEXT() REPRESENTATION_CONTEXT('2D SPACE',''
  ) );
#2814 = FACE_BOUND('',#2815,.F.);
#2815 = EDGE_LOOP('',(#2816));
#2816 = ORIENTED_EDGE('',*,*,#2817,.T.);
#2817 = EDGE_CURVE('',#2818,#2818,#2820,.T.);
#2818 = VERTEX_POINT('',#2819);
#2819 = CARTESIAN_POINT('',(10.75,101.15911099154,27.310582854123));
#2820 = SURFACE_CURVE('',#2821,(#2826,#2837),.PCURVE_S1.);
#2821 = CIRCLE('',#2822,1.2);
#2822 = AXIS2_PLACEMENT_3D('',#2823,#2824,#2825);
#2823 = CARTESIAN_POINT('',(10.75,100.,27.));
#2824 = DIRECTION('',(-1.,0.,0.));
#2825 = DIRECTION('',(0.,0.965925826289,0.258819045103));
#2826 = PCURVE('',#437,#2827);
#2827 = DEFINITIONAL_REPRESENTATION('',(#2828),#2836);
#2828 = ( BOUNDED_CURVE() B_SPLINE_CURVE(2,(#2829,#2830,#2831,#2832,
#2833,#2834,#2835),.UNSPECIFIED.,.T.,.F.) B_SPLINE_CURVE_WITH_KNOTS((1,2
    ,2,2,2,1),(-2.094395102393,0.,2.094395102393,4.188790204786,
6.28318530718,8.377580409573),.UNSPECIFIED.) CURVE() 
GEOMETRIC_REPRESENTATION_ITEM() RATIONAL_B_SPLINE_CURVE((1.,0.5,1.,0.5,
1.,0.5,1.)) REPRESENTATION_ITEM('') );
#2829 = CARTESIAN_POINT('',(11.25,-15.45));
#2830 = CARTESIAN_POINT('',(9.171539030917,-15.45));
#2831 = CARTESIAN_POINT('',(10.210769515459,-13.65));
#2832 = CARTESIAN_POINT('',(11.25,-11.85));
#2833 = CARTESIAN_POINT('',(12.289230484541,-13.65));
#2834 = CARTESIAN_POINT('',(13.328460969083,-15.45));
#2835 = CARTESIAN_POINT('',(11.25,-15.45));
#2836 = ( GEOMETRIC_REPRESENTATION_CONTEXT(2) 
PARAMETRIC_REPRESENTATION_CONTEXT() REPRESENTATION_CONTEXT('2D SPACE',''
  ) );
#2837 = PCURVE('',#2838,#2843);
#2838 = CYLINDRICAL_SURFACE('',#2839,1.2);
#2839 = AXIS2_PLACEMENT_3D('',#2840,#2841,#2842);
#2840 = CARTESIAN_POINT('',(9.75,100.,27.));
#2841 = DIRECTION('',(-1.,0.,-0.));
#2842 = DIRECTION('',(0.,0.965925826289,0.258819045103));
#2843 = DEFINITIONAL_REPRESENTATION('',(#2844),#2848);
#2844 = LINE('',#2845,#2846);
#2845 = CARTESIAN_POINT('',(-6.28318530718,-1.));
#2846 = VECTOR('',#2847,1.);
#2847 = DIRECTION('',(1.,-0.));
#2848 = ( GEOMETRIC_REPRESENTATION_CONTEXT(2) 
PARAMETRIC_REPRESENTATION_CONTEXT() REPRESENTATION_CONTEXT('2D SPACE',''
  ) );
#2849 = FACE_BOUND('',#2850,.F.);
#2850 = EDGE_LOOP('',(#2851,#2879,#2905,#2931));
#2851 = ORIENTED_EDGE('',*,*,#2852,.F.);
#2852 = EDGE_CURVE('',#2853,#2855,#2857,.T.);
#2853 = VERTEX_POINT('',#2854);
#2854 = CARTESIAN_POINT('',(10.75,95.506586670618,27.348907797748));
#2855 = VERTEX_POINT('',#2856);
#2856 = CARTESIAN_POINT('',(10.75,97.318319986335,20.587427013724));
#2857 = SURFACE_CURVE('',#2858,(#2862,#2868),.PCURVE_S1.);
#2858 = LINE('',#2859,#2860);
#2859 = CARTESIAN_POINT('',(10.75,98.062424741005,17.810390263143));
#2860 = VECTOR('',#2861,1.);
#2861 = DIRECTION('',(0.,0.258819045103,-0.965925826289));
#2862 = PCURVE('',#437,#2863);
#2863 = DEFINITIONAL_REPRESENTATION('',(#2864),#2867);
#2864 = B_SPLINE_CURVE_WITH_KNOTS('',1,(#2865,#2866),.UNSPECIFIED.,.F.,
  .F.,(2,2),(-9.875,-2.875),.PIECEWISE_BEZIER_KNOTS.);
#2865 = CARTESIAN_POINT('',(12.75,-10.));
#2866 = CARTESIAN_POINT('',(5.75,-10.));
#2867 = ( GEOMETRIC_REPRESENTATION_CONTEXT(2) 
PARAMETRIC_REPRESENTATION_CONTEXT() REPRESENTATION_CONTEXT('2D SPACE',''
  ) );
#2868 = PCURVE('',#2869,#2874);
#2869 = PLANE('',#2870);
#2870 = AXIS2_PLACEMENT_3D('',#2871,#2872,#2873);
#2871 = CARTESIAN_POINT('',(10.15,97.318319986335,20.587427013724));
#2872 = DIRECTION('',(0.,-0.965925826289,-0.258819045103));
#2873 = DIRECTION('',(0.,-0.258819045103,0.965925826289));
#2874 = DEFINITIONAL_REPRESENTATION('',(#2875),#2878);
#2875 = B_SPLINE_CURVE_WITH_KNOTS('',1,(#2876,#2877),.UNSPECIFIED.,.F.,
  .F.,(2,2),(-9.875,-2.875),.PIECEWISE_BEZIER_KNOTS.);
#2876 = CARTESIAN_POINT('',(7.,-0.6));
#2877 = CARTESIAN_POINT('',(0.,-0.6));
#2878 = ( GEOMETRIC_REPRESENTATION_CONTEXT(2) 
PARAMETRIC_REPRESENTATION_CONTEXT() REPRESENTATION_CONTEXT('2D SPACE',''
  ) );
#2879 = ORIENTED_EDGE('',*,*,#2880,.F.);
#2880 = EDGE_CURVE('',#2881,#2853,#2883,.T.);
#2881 = VERTEX_POINT('',#2882);
#2882 = CARTESIAN_POINT('',(10.75,96.955475410051,27.737136365402));
#2883 = SURFACE_CURVE('',#2884,(#2888,#2894),.PCURVE_S1.);
#2884 = LINE('',#2885,#2886);
#2885 = CARTESIAN_POINT('',(10.75,90.676957539172,26.054812572235));
#2886 = VECTOR('',#2887,1.);
#2887 = DIRECTION('',(0.,-0.965925826289,-0.258819045103));
#2888 = PCURVE('',#437,#2889);
#2889 = DEFINITIONAL_REPRESENTATION('',(#2890),#2893);
#2890 = B_SPLINE_CURVE_WITH_KNOTS('',1,(#2891,#2892),.UNSPECIFIED.,.F.,
  .F.,(2,2),(-6.5,-5.),.PIECEWISE_BEZIER_KNOTS.);
#2891 = CARTESIAN_POINT('',(12.75,-11.5));
#2892 = CARTESIAN_POINT('',(12.75,-10.));
#2893 = ( GEOMETRIC_REPRESENTATION_CONTEXT(2) 
PARAMETRIC_REPRESENTATION_CONTEXT() REPRESENTATION_CONTEXT('2D SPACE',''
  ) );
#2894 = PCURVE('',#2895,#2900);
#2895 = PLANE('',#2896);
#2896 = AXIS2_PLACEMENT_3D('',#2897,#2898,#2899);
#2897 = CARTESIAN_POINT('',(10.15,95.506586670618,27.348907797748));
#2898 = DIRECTION('',(0.,-0.258819045103,0.965925826289));
#2899 = DIRECTION('',(0.,0.965925826289,0.258819045103));
#2900 = DEFINITIONAL_REPRESENTATION('',(#2901),#2904);
#2901 = B_SPLINE_CURVE_WITH_KNOTS('',1,(#2902,#2903),.UNSPECIFIED.,.F.,
  .F.,(2,2),(-6.5,-5.),.PIECEWISE_BEZIER_KNOTS.);
#2902 = CARTESIAN_POINT('',(1.5,-0.6));
#2903 = CARTESIAN_POINT('',(0.,-0.6));
#2904 = ( GEOMETRIC_REPRESENTATION_CONTEXT(2) 
PARAMETRIC_REPRESENTATION_CONTEXT() REPRESENTATION_CONTEXT('2D SPACE',''
  ) );
#2905 = ORIENTED_EDGE('',*,*,#2906,.T.);
#2906 = EDGE_CURVE('',#2881,#2907,#2909,.T.);
#2907 = VERTEX_POINT('',#2908);
#2908 = CARTESIAN_POINT('',(10.75,98.767208725769,20.975655581378));
#2909 = SURFACE_CURVE('',#2910,(#2914,#2920),.PCURVE_S1.);
#2910 = LINE('',#2911,#2912);
#2911 = CARTESIAN_POINT('',(10.75,99.511313480439,18.198618830797));
#2912 = VECTOR('',#2913,1.);
#2913 = DIRECTION('',(0.,0.258819045103,-0.965925826289));
#2914 = PCURVE('',#437,#2915);
#2915 = DEFINITIONAL_REPRESENTATION('',(#2916),#2919);
#2916 = B_SPLINE_CURVE_WITH_KNOTS('',1,(#2917,#2918),.UNSPECIFIED.,.F.,
  .F.,(2,2),(-9.875,-2.875),.PIECEWISE_BEZIER_KNOTS.);
#2917 = CARTESIAN_POINT('',(12.75,-11.5));
#2918 = CARTESIAN_POINT('',(5.75,-11.5));
#2919 = ( GEOMETRIC_REPRESENTATION_CONTEXT(2) 
PARAMETRIC_REPRESENTATION_CONTEXT() REPRESENTATION_CONTEXT('2D SPACE',''
  ) );
#2920 = PCURVE('',#2921,#2926);
#2921 = PLANE('',#2922);
#2922 = AXIS2_PLACEMENT_3D('',#2923,#2924,#2925);
#2923 = CARTESIAN_POINT('',(10.15,98.767208725769,20.975655581378));
#2924 = DIRECTION('',(0.,-0.965925826289,-0.258819045103));
#2925 = DIRECTION('',(0.,-0.258819045103,0.965925826289));
#2926 = DEFINITIONAL_REPRESENTATION('',(#2927),#2930);
#2927 = B_SPLINE_CURVE_WITH_KNOTS('',1,(#2928,#2929),.UNSPECIFIED.,.F.,
  .F.,(2,2),(-9.875,-2.875),.PIECEWISE_BEZIER_KNOTS.);
#2928 = CARTESIAN_POINT('',(7.,-0.6));
#2929 = CARTESIAN_POINT('',(0.,-0.6));
#2930 = ( GEOMETRIC_REPRESENTATION_CONTEXT(2) 
PARAMETRIC_REPRESENTATION_CONTEXT() REPRESENTATION_CONTEXT('2D SPACE',''
  ) );
#2931 = ORIENTED_EDGE('',*,*,#2932,.T.);
#2932 = EDGE_CURVE('',#2907,#2855,#2933,.T.);
#2933 = SURFACE_CURVE('',#2934,(#2938,#2944),.PCURVE_S1.);
#2934 = LINE('',#2935,#2936);
#2935 = CARTESIAN_POINT('',(10.75,92.48869085489,19.293331788212));
#2936 = VECTOR('',#2937,1.);
#2937 = DIRECTION('',(0.,-0.965925826289,-0.258819045103));
#2938 = PCURVE('',#437,#2939);
#2939 = DEFINITIONAL_REPRESENTATION('',(#2940),#2943);
#2940 = B_SPLINE_CURVE_WITH_KNOTS('',1,(#2941,#2942),.UNSPECIFIED.,.F.,
  .F.,(2,2),(-6.5,-5.),.PIECEWISE_BEZIER_KNOTS.);
#2941 = CARTESIAN_POINT('',(5.75,-11.5));
#2942 = CARTESIAN_POINT('',(5.75,-10.));
#2943 = ( GEOMETRIC_REPRESENTATION_CONTEXT(2) 
PARAMETRIC_REPRESENTATION_CONTEXT() REPRESENTATION_CONTEXT('2D SPACE',''
  ) );
#2944 = PCURVE('',#2945,#2950);
#2945 = PLANE('',#2946);
#2946 = AXIS2_PLACEMENT_3D('',#2947,#2948,#2949);
#2947 = CARTESIAN_POINT('',(10.15,97.318319986335,20.587427013724));
#2948 = DIRECTION('',(0.,-0.258819045103,0.965925826289));
#2949 = DIRECTION('',(0.,0.965925826289,0.258819045103));
#2950 = DEFINITIONAL_REPRESENTATION('',(#2951),#2954);
#2951 = B_SPLINE_CURVE_WITH_KNOTS('',1,(#2952,#2953),.UNSPECIFIED.,.F.,
  .F.,(2,2),(-6.5,-5.),.PIECEWISE_BEZIER_KNOTS.);
#2952 = CARTESIAN_POINT('',(1.5,-0.6));
#2953 = CARTESIAN_POINT('',(0.,-0.6));
#2954 = ( GEOMETRIC_REPRESENTATION_CONTEXT(2) 
PARAMETRIC_REPRESENTATION_CONTEXT() REPRESENTATION_CONTEXT('2D SPACE',''
  ) );
#2955 = FACE_BOUND('',#2956,.F.);
#2956 = EDGE_LOOP('',(#2957));
#2957 = ORIENTED_EDGE('',*,*,#2958,.T.);
#2958 = EDGE_CURVE('',#2959,#2959,#2961,.T.);
#2959 = VERTEX_POINT('',#2960);
#2960 = CARTESIAN_POINT('',(10.75,95.363556033812,25.757668583508));
#2961 = SURFACE_CURVE('',#2962,(#2967,#2978),.PCURVE_S1.);
#2962 = CIRCLE('',#2963,1.2);
#2963 = AXIS2_PLACEMENT_3D('',#2964,#2965,#2966);
#2964 = CARTESIAN_POINT('',(10.75,94.204445042266,25.447085729385));
#2965 = DIRECTION('',(-1.,0.,0.));
#2966 = DIRECTION('',(0.,0.965925826289,0.258819045103));
#2967 = PCURVE('',#437,#2968);
#2968 = DEFINITIONAL_REPRESENTATION('',(#2969),#2977);
#2969 = ( BOUNDED_CURVE() B_SPLINE_CURVE(2,(#2970,#2971,#2972,#2973,
#2974,#2975,#2976),.UNSPECIFIED.,.T.,.F.) B_SPLINE_CURVE_WITH_KNOTS((1,2
    ,2,2,2,1),(-2.094395102393,0.,2.094395102393,4.188790204786,
6.28318530718,8.377580409573),.UNSPECIFIED.) CURVE() 
GEOMETRIC_REPRESENTATION_ITEM() RATIONAL_B_SPLINE_CURVE((1.,0.5,1.,0.5,
1.,0.5,1.)) REPRESENTATION_ITEM('') );
#2970 = CARTESIAN_POINT('',(11.25,-9.45));
#2971 = CARTESIAN_POINT('',(9.171539030917,-9.45));
#2972 = CARTESIAN_POINT('',(10.210769515459,-7.65));
#2973 = CARTESIAN_POINT('',(11.25,-5.85));
#2974 = CARTESIAN_POINT('',(12.289230484541,-7.65));
#2975 = CARTESIAN_POINT('',(13.328460969083,-9.45));
#2976 = CARTESIAN_POINT('',(11.25,-9.45));
#2977 = ( GEOMETRIC_REPRESENTATION_CONTEXT(2) 
PARAMETRIC_REPRESENTATION_CONTEXT() REPRESENTATION_CONTEXT('2D SPACE',''
  ) );
#2978 = PCURVE('',#2979,#2984);
#2979 = CYLINDRICAL_SURFACE('',#2980,1.2);
#2980 = AXIS2_PLACEMENT_3D('',#2981,#2982,#2983);
#2981 = CARTESIAN_POINT('',(9.75,94.204445042266,25.447085729385));
#2982 = DIRECTION('',(-1.,0.,-0.));
#2983 = DIRECTION('',(0.,0.965925826289,0.258819045103));
#2984 = DEFINITIONAL_REPRESENTATION('',(#2985),#2989);
#2985 = LINE('',#2986,#2987);
#2986 = CARTESIAN_POINT('',(-6.28318530718,-1.));
#2987 = VECTOR('',#2988,1.);
#2988 = DIRECTION('',(1.,-0.));
#2989 = ( GEOMETRIC_REPRESENTATION_CONTEXT(2) 
PARAMETRIC_REPRESENTATION_CONTEXT() REPRESENTATION_CONTEXT('2D SPACE',''
  ) );
#2990 = FACE_BOUND('',#2991,.F.);
#2991 = EDGE_LOOP('',(#2992,#3020,#3046,#3072));
#2992 = ORIENTED_EDGE('',*,*,#2993,.F.);
#2993 = EDGE_CURVE('',#2994,#2996,#2998,.T.);
#2994 = VERTEX_POINT('',#2995);
#2995 = CARTESIAN_POINT('',(10.75,87.296217147161,25.148945914376));
#2996 = VERTEX_POINT('',#2997);
#2997 = CARTESIAN_POINT('',(10.75,89.107950462878,18.387465130353));
#2998 = SURFACE_CURVE('',#2999,(#3003,#3009),.PCURVE_S1.);
#2999 = LINE('',#3000,#3001);
#3000 = CARTESIAN_POINT('',(10.75,89.852055217548,15.610428379772));
#3001 = VECTOR('',#3002,1.);
#3002 = DIRECTION('',(0.,0.258819045103,-0.965925826289));
#3003 = PCURVE('',#437,#3004);
#3004 = DEFINITIONAL_REPRESENTATION('',(#3005),#3008);
#3005 = B_SPLINE_CURVE_WITH_KNOTS('',1,(#3006,#3007),.UNSPECIFIED.,.F.,
  .F.,(2,2),(-9.875,-2.875),.PIECEWISE_BEZIER_KNOTS.);
#3006 = CARTESIAN_POINT('',(12.75,-1.5));
#3007 = CARTESIAN_POINT('',(5.75,-1.5));
#3008 = ( GEOMETRIC_REPRESENTATION_CONTEXT(2) 
PARAMETRIC_REPRESENTATION_CONTEXT() REPRESENTATION_CONTEXT('2D SPACE',''
  ) );
#3009 = PCURVE('',#3010,#3015);
#3010 = PLANE('',#3011);
#3011 = AXIS2_PLACEMENT_3D('',#3012,#3013,#3014);
#3012 = CARTESIAN_POINT('',(10.15,89.107950462878,18.387465130353));
#3013 = DIRECTION('',(0.,-0.965925826289,-0.258819045103));
#3014 = DIRECTION('',(0.,-0.258819045103,0.965925826289));
#3015 = DEFINITIONAL_REPRESENTATION('',(#3016),#3019);
#3016 = B_SPLINE_CURVE_WITH_KNOTS('',1,(#3017,#3018),.UNSPECIFIED.,.F.,
  .F.,(2,2),(-9.875,-2.875),.PIECEWISE_BEZIER_KNOTS.);
#3017 = CARTESIAN_POINT('',(7.,-0.6));
#3018 = CARTESIAN_POINT('',(0.,-0.6));
#3019 = ( GEOMETRIC_REPRESENTATION_CONTEXT(2) 
PARAMETRIC_REPRESENTATION_CONTEXT() REPRESENTATION_CONTEXT('2D SPACE',''
  ) );
#3020 = ORIENTED_EDGE('',*,*,#3021,.F.);
#3021 = EDGE_CURVE('',#3022,#2994,#3024,.T.);
#3022 = VERTEX_POINT('',#3023);
#3023 = CARTESIAN_POINT('',(10.75,88.745105886594,25.53717448203));
#3024 = SURFACE_CURVE('',#3025,(#3029,#3035),.PCURVE_S1.);
#3025 = LINE('',#3026,#3027);
#3026 = CARTESIAN_POINT('',(10.75,86.571772777444,24.95483163055));
#3027 = VECTOR('',#3028,1.);
#3028 = DIRECTION('',(0.,-0.965925826289,-0.258819045103));
#3029 = PCURVE('',#437,#3030);
#3030 = DEFINITIONAL_REPRESENTATION('',(#3031),#3034);
#3031 = B_SPLINE_CURVE_WITH_KNOTS('',1,(#3032,#3033),.UNSPECIFIED.,.F.,
  .F.,(2,2),(-2.25,-0.75),.PIECEWISE_BEZIER_KNOTS.);
#3032 = CARTESIAN_POINT('',(12.75,-3.));
#3033 = CARTESIAN_POINT('',(12.75,-1.5));
#3034 = ( GEOMETRIC_REPRESENTATION_CONTEXT(2) 
PARAMETRIC_REPRESENTATION_CONTEXT() REPRESENTATION_CONTEXT('2D SPACE',''
  ) );
#3035 = PCURVE('',#3036,#3041);
#3036 = PLANE('',#3037);
#3037 = AXIS2_PLACEMENT_3D('',#3038,#3039,#3040);
#3038 = CARTESIAN_POINT('',(10.15,87.296217147161,25.148945914376));
#3039 = DIRECTION('',(0.,-0.258819045103,0.965925826289));
#3040 = DIRECTION('',(0.,0.965925826289,0.258819045103));
#3041 = DEFINITIONAL_REPRESENTATION('',(#3042),#3045);
#3042 = B_SPLINE_CURVE_WITH_KNOTS('',1,(#3043,#3044),.UNSPECIFIED.,.F.,
  .F.,(2,2),(-2.25,-0.75),.PIECEWISE_BEZIER_KNOTS.);
#3043 = CARTESIAN_POINT('',(1.5,-0.6));
#3044 = CARTESIAN_POINT('',(0.,-0.6));
#3045 = ( GEOMETRIC_REPRESENTATION_CONTEXT(2) 
PARAMETRIC_REPRESENTATION_CONTEXT() REPRESENTATION_CONTEXT('2D SPACE',''
  ) );
#3046 = ORIENTED_EDGE('',*,*,#3047,.T.);
#3047 = EDGE_CURVE('',#3022,#3048,#3050,.T.);
#3048 = VERTEX_POINT('',#3049);
#3049 = CARTESIAN_POINT('',(10.75,90.556839202312,18.775693698007));
#3050 = SURFACE_CURVE('',#3051,(#3055,#3061),.PCURVE_S1.);
#3051 = LINE('',#3052,#3053);
#3052 = CARTESIAN_POINT('',(10.75,91.300943956982,15.998656947426));
#3053 = VECTOR('',#3054,1.);
#3054 = DIRECTION('',(0.,0.258819045103,-0.965925826289));
#3055 = PCURVE('',#437,#3056);
#3056 = DEFINITIONAL_REPRESENTATION('',(#3057),#3060);
#3057 = B_SPLINE_CURVE_WITH_KNOTS('',1,(#3058,#3059),.UNSPECIFIED.,.F.,
  .F.,(2,2),(-9.875,-2.875),.PIECEWISE_BEZIER_KNOTS.);
#3058 = CARTESIAN_POINT('',(12.75,-3.));
#3059 = CARTESIAN_POINT('',(5.75,-3.));
#3060 = ( GEOMETRIC_REPRESENTATION_CONTEXT(2) 
PARAMETRIC_REPRESENTATION_CONTEXT() REPRESENTATION_CONTEXT('2D SPACE',''
  ) );
#3061 = PCURVE('',#3062,#3067);
#3062 = PLANE('',#3063);
#3063 = AXIS2_PLACEMENT_3D('',#3064,#3065,#3066);
#3064 = CARTESIAN_POINT('',(10.15,90.556839202312,18.775693698007));
#3065 = DIRECTION('',(0.,-0.965925826289,-0.258819045103));
#3066 = DIRECTION('',(0.,-0.258819045103,0.965925826289));
#3067 = DEFINITIONAL_REPRESENTATION('',(#3068),#3071);
#3068 = B_SPLINE_CURVE_WITH_KNOTS('',1,(#3069,#3070),.UNSPECIFIED.,.F.,
  .F.,(2,2),(-9.875,-2.875),.PIECEWISE_BEZIER_KNOTS.);
#3069 = CARTESIAN_POINT('',(7.,-0.6));
#3070 = CARTESIAN_POINT('',(0.,-0.6));
#3071 = ( GEOMETRIC_REPRESENTATION_CONTEXT(2) 
PARAMETRIC_REPRESENTATION_CONTEXT() REPRESENTATION_CONTEXT('2D SPACE',''
  ) );
#3072 = ORIENTED_EDGE('',*,*,#3073,.T.);
#3073 = EDGE_CURVE('',#3048,#2996,#3074,.T.);
#3074 = SURFACE_CURVE('',#3075,(#3079,#3085),.PCURVE_S1.);
#3075 = LINE('',#3076,#3077);
#3076 = CARTESIAN_POINT('',(10.75,88.383506093161,18.193350846526));
#3077 = VECTOR('',#3078,1.);
#3078 = DIRECTION('',(0.,-0.965925826289,-0.258819045103));
#3079 = PCURVE('',#437,#3080);
#3080 = DEFINITIONAL_REPRESENTATION('',(#3081),#3084);
#3081 = B_SPLINE_CURVE_WITH_KNOTS('',1,(#3082,#3083),.UNSPECIFIED.,.F.,
  .F.,(2,2),(-2.25,-0.75),.PIECEWISE_BEZIER_KNOTS.);
#3082 = CARTESIAN_POINT('',(5.75,-3.));
#3083 = CARTESIAN_POINT('',(5.75,-1.5));
#3084 = ( GEOMETRIC_REPRESENTATION_CONTEXT(2) 
PARAMETRIC_REPRESENTATION_CONTEXT() REPRESENTATION_CONTEXT('2D SPACE',''
  ) );
#3085 = PCURVE('',#3086,#3091);
#3086 = PLANE('',#3087);
#3087 = AXIS2_PLACEMENT_3D('',#3088,#3089,#3090);
#3088 = CARTESIAN_POINT('',(10.15,89.107950462878,18.387465130353));
#3089 = DIRECTION('',(0.,-0.258819045103,0.965925826289));
#3090 = DIRECTION('',(0.,0.965925826289,0.258819045103));
#3091 = DEFINITIONAL_REPRESENTATION('',(#3092),#3095);
#3092 = B_SPLINE_CURVE_WITH_KNOTS('',1,(#3093,#3094),.UNSPECIFIED.,.F.,
  .F.,(2,2),(-2.25,-0.75),.PIECEWISE_BEZIER_KNOTS.);
#3093 = CARTESIAN_POINT('',(1.5,-0.6));
#3094 = CARTESIAN_POINT('',(0.,-0.6));
#3095 = ( GEOMETRIC_REPRESENTATION_CONTEXT(2) 
PARAMETRIC_REPRESENTATION_CONTEXT() REPRESENTATION_CONTEXT('2D SPACE',''
  ) );
#3096 = ADVANCED_FACE('',(#3097),#3062,.F.);
#3097 = FACE_BOUND('',#3098,.F.);
#3098 = EDGE_LOOP('',(#3099,#3129,#3150,#3151));
#3099 = ORIENTED_EDGE('',*,*,#3100,.F.);
#3100 = EDGE_CURVE('',#3101,#3103,#3105,.T.);
#3101 = VERTEX_POINT('',#3102);
#3102 = CARTESIAN_POINT('',(10.15,90.556839202312,18.775693698007));
#3103 = VERTEX_POINT('',#3104);
#3104 = CARTESIAN_POINT('',(10.15,88.745105886594,25.53717448203));
#3105 = SURFACE_CURVE('',#3106,(#3110,#3117),.PCURVE_S1.);
#3106 = LINE('',#3107,#3108);
#3107 = CARTESIAN_POINT('',(10.15,89.650972544453,22.156434090019));
#3108 = VECTOR('',#3109,1.);
#3109 = DIRECTION('',(0.,-0.258819045103,0.965925826289));
#3110 = PCURVE('',#3062,#3111);
#3111 = DEFINITIONAL_REPRESENTATION('',(#3112),#3116);
#3112 = LINE('',#3113,#3114);
#3113 = CARTESIAN_POINT('',(3.5,0.));
#3114 = VECTOR('',#3115,1.);
#3115 = DIRECTION('',(1.,0.));
#3116 = ( GEOMETRIC_REPRESENTATION_CONTEXT(2) 
PARAMETRIC_REPRESENTATION_CONTEXT() REPRESENTATION_CONTEXT('2D SPACE',''
  ) );
#3117 = PCURVE('',#3118,#3123);
#3118 = PLANE('',#3119);
#3119 = AXIS2_PLACEMENT_3D('',#3120,#3121,#3122);
#3120 = CARTESIAN_POINT('',(10.15,88.926528174736,21.962319806192));
#3121 = DIRECTION('',(1.,0.,0.));
#3122 = DIRECTION('',(0.,0.965925826289,0.258819045103));
#3123 = DEFINITIONAL_REPRESENTATION('',(#3124),#3128);
#3124 = LINE('',#3125,#3126);
#3125 = CARTESIAN_POINT('',(0.75,0.));
#3126 = VECTOR('',#3127,1.);
#3127 = DIRECTION('',(0.,1.));
#3128 = ( GEOMETRIC_REPRESENTATION_CONTEXT(2) 
PARAMETRIC_REPRESENTATION_CONTEXT() REPRESENTATION_CONTEXT('2D SPACE',''
  ) );
#3129 = ORIENTED_EDGE('',*,*,#3130,.T.);
#3130 = EDGE_CURVE('',#3101,#3048,#3131,.T.);
#3131 = SURFACE_CURVE('',#3132,(#3136,#3143),.PCURVE_S1.);
#3132 = LINE('',#3133,#3134);
#3133 = CARTESIAN_POINT('',(10.15,90.556839202312,18.775693698007));
#3134 = VECTOR('',#3135,1.);
#3135 = DIRECTION('',(1.,0.,0.));
#3136 = PCURVE('',#3062,#3137);
#3137 = DEFINITIONAL_REPRESENTATION('',(#3138),#3142);
#3138 = LINE('',#3139,#3140);
#3139 = CARTESIAN_POINT('',(0.,0.));
#3140 = VECTOR('',#3141,1.);
#3141 = DIRECTION('',(0.,-1.));
#3142 = ( GEOMETRIC_REPRESENTATION_CONTEXT(2) 
PARAMETRIC_REPRESENTATION_CONTEXT() REPRESENTATION_CONTEXT('2D SPACE',''
  ) );
#3143 = PCURVE('',#3086,#3144);
#3144 = DEFINITIONAL_REPRESENTATION('',(#3145),#3149);
#3145 = LINE('',#3146,#3147);
#3146 = CARTESIAN_POINT('',(1.5,0.));
#3147 = VECTOR('',#3148,1.);
#3148 = DIRECTION('',(0.,-1.));
#3149 = ( GEOMETRIC_REPRESENTATION_CONTEXT(2) 
PARAMETRIC_REPRESENTATION_CONTEXT() REPRESENTATION_CONTEXT('2D SPACE',''
  ) );
#3150 = ORIENTED_EDGE('',*,*,#3047,.F.);
#3151 = ORIENTED_EDGE('',*,*,#3152,.F.);
#3152 = EDGE_CURVE('',#3103,#3022,#3153,.T.);
#3153 = SURFACE_CURVE('',#3154,(#3158,#3165),.PCURVE_S1.);
#3154 = LINE('',#3155,#3156);
#3155 = CARTESIAN_POINT('',(10.15,88.745105886594,25.53717448203));
#3156 = VECTOR('',#3157,1.);
#3157 = DIRECTION('',(1.,0.,0.));
#3158 = PCURVE('',#3062,#3159);
#3159 = DEFINITIONAL_REPRESENTATION('',(#3160),#3164);
#3160 = LINE('',#3161,#3162);
#3161 = CARTESIAN_POINT('',(7.,0.));
#3162 = VECTOR('',#3163,1.);
#3163 = DIRECTION('',(0.,-1.));
#3164 = ( GEOMETRIC_REPRESENTATION_CONTEXT(2) 
PARAMETRIC_REPRESENTATION_CONTEXT() REPRESENTATION_CONTEXT('2D SPACE',''
  ) );
#3165 = PCURVE('',#3036,#3166);
#3166 = DEFINITIONAL_REPRESENTATION('',(#3167),#3171);
#3167 = LINE('',#3168,#3169);
#3168 = CARTESIAN_POINT('',(1.5,0.));
#3169 = VECTOR('',#3170,1.);
#3170 = DIRECTION('',(0.,-1.));
#3171 = ( GEOMETRIC_REPRESENTATION_CONTEXT(2) 
PARAMETRIC_REPRESENTATION_CONTEXT() REPRESENTATION_CONTEXT('2D SPACE',''
  ) );
#3172 = ADVANCED_FACE('',(#3173),#3118,.F.);
#3173 = FACE_BOUND('',#3174,.F.);
#3174 = EDGE_LOOP('',(#3175,#3200,#3221,#3222));
#3175 = ORIENTED_EDGE('',*,*,#3176,.F.);
#3176 = EDGE_CURVE('',#3177,#3179,#3181,.T.);
#3177 = VERTEX_POINT('',#3178);
#3178 = CARTESIAN_POINT('',(10.15,89.107950462878,18.387465130353));
#3179 = VERTEX_POINT('',#3180);
#3180 = CARTESIAN_POINT('',(10.15,87.296217147161,25.148945914376));
#3181 = SURFACE_CURVE('',#3182,(#3186,#3193),.PCURVE_S1.);
#3182 = LINE('',#3183,#3184);
#3183 = CARTESIAN_POINT('',(10.15,88.202083805019,21.768205522365));
#3184 = VECTOR('',#3185,1.);
#3185 = DIRECTION('',(0.,-0.258819045103,0.965925826289));
#3186 = PCURVE('',#3118,#3187);
#3187 = DEFINITIONAL_REPRESENTATION('',(#3188),#3192);
#3188 = LINE('',#3189,#3190);
#3189 = CARTESIAN_POINT('',(-0.75,0.));
#3190 = VECTOR('',#3191,1.);
#3191 = DIRECTION('',(0.,1.));
#3192 = ( GEOMETRIC_REPRESENTATION_CONTEXT(2) 
PARAMETRIC_REPRESENTATION_CONTEXT() REPRESENTATION_CONTEXT('2D SPACE',''
  ) );
#3193 = PCURVE('',#3010,#3194);
#3194 = DEFINITIONAL_REPRESENTATION('',(#3195),#3199);
#3195 = LINE('',#3196,#3197);
#3196 = CARTESIAN_POINT('',(3.5,0.));
#3197 = VECTOR('',#3198,1.);
#3198 = DIRECTION('',(1.,0.));
#3199 = ( GEOMETRIC_REPRESENTATION_CONTEXT(2) 
PARAMETRIC_REPRESENTATION_CONTEXT() REPRESENTATION_CONTEXT('2D SPACE',''
  ) );
#3200 = ORIENTED_EDGE('',*,*,#3201,.T.);
#3201 = EDGE_CURVE('',#3177,#3101,#3202,.T.);
#3202 = SURFACE_CURVE('',#3203,(#3207,#3214),.PCURVE_S1.);
#3203 = LINE('',#3204,#3205);
#3204 = CARTESIAN_POINT('',(10.15,89.832394832595,18.58157941418));
#3205 = VECTOR('',#3206,1.);
#3206 = DIRECTION('',(0.,0.965925826289,0.258819045103));
#3207 = PCURVE('',#3118,#3208);
#3208 = DEFINITIONAL_REPRESENTATION('',(#3209),#3213);
#3209 = LINE('',#3210,#3211);
#3210 = CARTESIAN_POINT('',(0.,-3.5));
#3211 = VECTOR('',#3212,1.);
#3212 = DIRECTION('',(1.,0.));
#3213 = ( GEOMETRIC_REPRESENTATION_CONTEXT(2) 
PARAMETRIC_REPRESENTATION_CONTEXT() REPRESENTATION_CONTEXT('2D SPACE',''
  ) );
#3214 = PCURVE('',#3086,#3215);
#3215 = DEFINITIONAL_REPRESENTATION('',(#3216),#3220);
#3216 = LINE('',#3217,#3218);
#3217 = CARTESIAN_POINT('',(0.75,0.));
#3218 = VECTOR('',#3219,1.);
#3219 = DIRECTION('',(1.,0.));
#3220 = ( GEOMETRIC_REPRESENTATION_CONTEXT(2) 
PARAMETRIC_REPRESENTATION_CONTEXT() REPRESENTATION_CONTEXT('2D SPACE',''
  ) );
#3221 = ORIENTED_EDGE('',*,*,#3100,.T.);
#3222 = ORIENTED_EDGE('',*,*,#3223,.F.);
#3223 = EDGE_CURVE('',#3179,#3103,#3224,.T.);
#3224 = SURFACE_CURVE('',#3225,(#3229,#3236),.PCURVE_S1.);
#3225 = LINE('',#3226,#3227);
#3226 = CARTESIAN_POINT('',(10.15,88.020661516877,25.343060198203));
#3227 = VECTOR('',#3228,1.);
#3228 = DIRECTION('',(0.,0.965925826289,0.258819045103));
#3229 = PCURVE('',#3118,#3230);
#3230 = DEFINITIONAL_REPRESENTATION('',(#3231),#3235);
#3231 = LINE('',#3232,#3233);
#3232 = CARTESIAN_POINT('',(0.,3.5));
#3233 = VECTOR('',#3234,1.);
#3234 = DIRECTION('',(1.,0.));
#3235 = ( GEOMETRIC_REPRESENTATION_CONTEXT(2) 
PARAMETRIC_REPRESENTATION_CONTEXT() REPRESENTATION_CONTEXT('2D SPACE',''
  ) );
#3236 = PCURVE('',#3036,#3237);
#3237 = DEFINITIONAL_REPRESENTATION('',(#3238),#3242);
#3238 = LINE('',#3239,#3240);
#3239 = CARTESIAN_POINT('',(0.75,0.));
#3240 = VECTOR('',#3241,1.);
#3241 = DIRECTION('',(1.,0.));
#3242 = ( GEOMETRIC_REPRESENTATION_CONTEXT(2) 
PARAMETRIC_REPRESENTATION_CONTEXT() REPRESENTATION_CONTEXT('2D SPACE',''
  ) );
#3243 = ADVANCED_FACE('',(#3244),#3086,.F.);
#3244 = FACE_BOUND('',#3245,.F.);
#3245 = EDGE_LOOP('',(#3246,#3247,#3268,#3269));
#3246 = ORIENTED_EDGE('',*,*,#3201,.F.);
#3247 = ORIENTED_EDGE('',*,*,#3248,.T.);
#3248 = EDGE_CURVE('',#3177,#2996,#3249,.T.);
#3249 = SURFACE_CURVE('',#3250,(#3254,#3261),.PCURVE_S1.);
#3250 = LINE('',#3251,#3252);
#3251 = CARTESIAN_POINT('',(10.15,89.107950462878,18.387465130353));
#3252 = VECTOR('',#3253,1.);
#3253 = DIRECTION('',(1.,0.,0.));
#3254 = PCURVE('',#3086,#3255);
#3255 = DEFINITIONAL_REPRESENTATION('',(#3256),#3260);
#3256 = LINE('',#3257,#3258);
#3257 = CARTESIAN_POINT('',(0.,0.));
#3258 = VECTOR('',#3259,1.);
#3259 = DIRECTION('',(0.,-1.));
#3260 = ( GEOMETRIC_REPRESENTATION_CONTEXT(2) 
PARAMETRIC_REPRESENTATION_CONTEXT() REPRESENTATION_CONTEXT('2D SPACE',''
  ) );
#3261 = PCURVE('',#3010,#3262);
#3262 = DEFINITIONAL_REPRESENTATION('',(#3263),#3267);
#3263 = LINE('',#3264,#3265);
#3264 = CARTESIAN_POINT('',(0.,0.));
#3265 = VECTOR('',#3266,1.);
#3266 = DIRECTION('',(0.,-1.));
#3267 = ( GEOMETRIC_REPRESENTATION_CONTEXT(2) 
PARAMETRIC_REPRESENTATION_CONTEXT() REPRESENTATION_CONTEXT('2D SPACE',''
  ) );
#3268 = ORIENTED_EDGE('',*,*,#3073,.F.);
#3269 = ORIENTED_EDGE('',*,*,#3130,.F.);
#3270 = ADVANCED_FACE('',(#3271),#3036,.T.);
#3271 = FACE_BOUND('',#3272,.T.);
#3272 = EDGE_LOOP('',(#3273,#3274,#3295,#3296));
#3273 = ORIENTED_EDGE('',*,*,#3223,.F.);
#3274 = ORIENTED_EDGE('',*,*,#3275,.T.);
#3275 = EDGE_CURVE('',#3179,#2994,#3276,.T.);
#3276 = SURFACE_CURVE('',#3277,(#3281,#3288),.PCURVE_S1.);
#3277 = LINE('',#3278,#3279);
#3278 = CARTESIAN_POINT('',(10.15,87.296217147161,25.148945914376));
#3279 = VECTOR('',#3280,1.);
#3280 = DIRECTION('',(1.,0.,0.));
#3281 = PCURVE('',#3036,#3282);
#3282 = DEFINITIONAL_REPRESENTATION('',(#3283),#3287);
#3283 = LINE('',#3284,#3285);
#3284 = CARTESIAN_POINT('',(0.,0.));
#3285 = VECTOR('',#3286,1.);
#3286 = DIRECTION('',(0.,-1.));
#3287 = ( GEOMETRIC_REPRESENTATION_CONTEXT(2) 
PARAMETRIC_REPRESENTATION_CONTEXT() REPRESENTATION_CONTEXT('2D SPACE',''
  ) );
#3288 = PCURVE('',#3010,#3289);
#3289 = DEFINITIONAL_REPRESENTATION('',(#3290),#3294);
#3290 = LINE('',#3291,#3292);
#3291 = CARTESIAN_POINT('',(7.,0.));
#3292 = VECTOR('',#3293,1.);
#3293 = DIRECTION('',(0.,-1.));
#3294 = ( GEOMETRIC_REPRESENTATION_CONTEXT(2) 
PARAMETRIC_REPRESENTATION_CONTEXT() REPRESENTATION_CONTEXT('2D SPACE',''
  ) );
#3295 = ORIENTED_EDGE('',*,*,#3021,.F.);
#3296 = ORIENTED_EDGE('',*,*,#3152,.F.);
#3297 = ADVANCED_FACE('',(#3298),#3010,.T.);
#3298 = FACE_BOUND('',#3299,.T.);
#3299 = EDGE_LOOP('',(#3300,#3301,#3302,#3303));
#3300 = ORIENTED_EDGE('',*,*,#3176,.F.);
#3301 = ORIENTED_EDGE('',*,*,#3248,.T.);
#3302 = ORIENTED_EDGE('',*,*,#2993,.F.);
#3303 = ORIENTED_EDGE('',*,*,#3275,.F.);
#3304 = ADVANCED_FACE('',(#3305),#2979,.F.);
#3305 = FACE_BOUND('',#3306,.T.);
#3306 = EDGE_LOOP('',(#3307,#3308,#3331,#3357));
#3307 = ORIENTED_EDGE('',*,*,#2958,.T.);
#3308 = ORIENTED_EDGE('',*,*,#3309,.T.);
#3309 = EDGE_CURVE('',#2959,#3310,#3312,.T.);
#3310 = VERTEX_POINT('',#3311);
#3311 = CARTESIAN_POINT('',(12.35,95.363556033812,25.757668583508));
#3312 = SEAM_CURVE('',#3313,(#3317,#3324),.PCURVE_S1.);
#3313 = LINE('',#3314,#3315);
#3314 = CARTESIAN_POINT('',(9.75,95.363556033812,25.757668583508));
#3315 = VECTOR('',#3316,1.);
#3316 = DIRECTION('',(1.,0.,0.));
#3317 = PCURVE('',#2979,#3318);
#3318 = DEFINITIONAL_REPRESENTATION('',(#3319),#3323);
#3319 = LINE('',#3320,#3321);
#3320 = CARTESIAN_POINT('',(-6.28318530718,0.));
#3321 = VECTOR('',#3322,1.);
#3322 = DIRECTION('',(-0.,-1.));
#3323 = ( GEOMETRIC_REPRESENTATION_CONTEXT(2) 
PARAMETRIC_REPRESENTATION_CONTEXT() REPRESENTATION_CONTEXT('2D SPACE',''
  ) );
#3324 = PCURVE('',#2979,#3325);
#3325 = DEFINITIONAL_REPRESENTATION('',(#3326),#3330);
#3326 = LINE('',#3327,#3328);
#3327 = CARTESIAN_POINT('',(-0.,0.));
#3328 = VECTOR('',#3329,1.);
#3329 = DIRECTION('',(-0.,-1.));
#3330 = ( GEOMETRIC_REPRESENTATION_CONTEXT(2) 
PARAMETRIC_REPRESENTATION_CONTEXT() REPRESENTATION_CONTEXT('2D SPACE',''
  ) );
#3331 = ORIENTED_EDGE('',*,*,#3332,.F.);
#3332 = EDGE_CURVE('',#3310,#3310,#3333,.T.);
#3333 = SURFACE_CURVE('',#3334,(#3339,#3346),.PCURVE_S1.);
#3334 = CIRCLE('',#3335,1.2);
#3335 = AXIS2_PLACEMENT_3D('',#3336,#3337,#3338);
#3336 = CARTESIAN_POINT('',(12.35,94.204445042266,25.447085729385));
#3337 = DIRECTION('',(-1.,0.,0.));
#3338 = DIRECTION('',(0.,0.965925826289,0.258819045103));
#3339 = PCURVE('',#2979,#3340);
#3340 = DEFINITIONAL_REPRESENTATION('',(#3341),#3345);
#3341 = LINE('',#3342,#3343);
#3342 = CARTESIAN_POINT('',(-6.28318530718,-2.6));
#3343 = VECTOR('',#3344,1.);
#3344 = DIRECTION('',(1.,-0.));
#3345 = ( GEOMETRIC_REPRESENTATION_CONTEXT(2) 
PARAMETRIC_REPRESENTATION_CONTEXT() REPRESENTATION_CONTEXT('2D SPACE',''
  ) );
#3346 = PCURVE('',#116,#3347);
#3347 = DEFINITIONAL_REPRESENTATION('',(#3348),#3356);
#3348 = ( BOUNDED_CURVE() B_SPLINE_CURVE(2,(#3349,#3350,#3351,#3352,
#3353,#3354,#3355),.UNSPECIFIED.,.T.,.F.) B_SPLINE_CURVE_WITH_KNOTS((1,2
    ,2,2,2,1),(-2.094395102393,0.,2.094395102393,4.188790204786,
6.28318530718,8.377580409573),.UNSPECIFIED.) CURVE() 
GEOMETRIC_REPRESENTATION_ITEM() RATIONAL_B_SPLINE_CURVE((1.,0.5,1.,0.5,
1.,0.5,1.)) REPRESENTATION_ITEM('') );
#3349 = CARTESIAN_POINT('',(-0.20674787307,3.000212798593));
#3350 = CARTESIAN_POINT('',(-0.20674787307,0.92175182951));
#3351 = CARTESIAN_POINT('',(-2.00674787307,1.960982314052));
#3352 = CARTESIAN_POINT('',(-3.80674787307,3.000212798593));
#3353 = CARTESIAN_POINT('',(-2.00674787307,4.039443283134));
#3354 = CARTESIAN_POINT('',(-0.20674787307,5.078673767676));
#3355 = CARTESIAN_POINT('',(-0.20674787307,3.000212798593));
#3356 = ( GEOMETRIC_REPRESENTATION_CONTEXT(2) 
PARAMETRIC_REPRESENTATION_CONTEXT() REPRESENTATION_CONTEXT('2D SPACE',''
  ) );
#3357 = ORIENTED_EDGE('',*,*,#3309,.F.);
#3358 = ADVANCED_FACE('',(#3359),#2921,.F.);
#3359 = FACE_BOUND('',#3360,.F.);
#3360 = EDGE_LOOP('',(#3361,#3391,#3412,#3413));
#3361 = ORIENTED_EDGE('',*,*,#3362,.F.);
#3362 = EDGE_CURVE('',#3363,#3365,#3367,.T.);
#3363 = VERTEX_POINT('',#3364);
#3364 = CARTESIAN_POINT('',(10.15,98.767208725769,20.975655581378));
#3365 = VERTEX_POINT('',#3366);
#3366 = CARTESIAN_POINT('',(10.15,96.955475410051,27.737136365402));
#3367 = SURFACE_CURVE('',#3368,(#3372,#3379),.PCURVE_S1.);
#3368 = LINE('',#3369,#3370);
#3369 = CARTESIAN_POINT('',(10.15,97.86134206791,24.35639597339));
#3370 = VECTOR('',#3371,1.);
#3371 = DIRECTION('',(0.,-0.258819045103,0.965925826289));
#3372 = PCURVE('',#2921,#3373);
#3373 = DEFINITIONAL_REPRESENTATION('',(#3374),#3378);
#3374 = LINE('',#3375,#3376);
#3375 = CARTESIAN_POINT('',(3.5,0.));
#3376 = VECTOR('',#3377,1.);
#3377 = DIRECTION('',(1.,0.));
#3378 = ( GEOMETRIC_REPRESENTATION_CONTEXT(2) 
PARAMETRIC_REPRESENTATION_CONTEXT() REPRESENTATION_CONTEXT('2D SPACE',''
  ) );
#3379 = PCURVE('',#3380,#3385);
#3380 = PLANE('',#3381);
#3381 = AXIS2_PLACEMENT_3D('',#3382,#3383,#3384);
#3382 = CARTESIAN_POINT('',(10.15,97.136897698193,24.162281689563));
#3383 = DIRECTION('',(1.,0.,0.));
#3384 = DIRECTION('',(0.,0.965925826289,0.258819045103));
#3385 = DEFINITIONAL_REPRESENTATION('',(#3386),#3390);
#3386 = LINE('',#3387,#3388);
#3387 = CARTESIAN_POINT('',(0.75,0.));
#3388 = VECTOR('',#3389,1.);
#3389 = DIRECTION('',(0.,1.));
#3390 = ( GEOMETRIC_REPRESENTATION_CONTEXT(2) 
PARAMETRIC_REPRESENTATION_CONTEXT() REPRESENTATION_CONTEXT('2D SPACE',''
  ) );
#3391 = ORIENTED_EDGE('',*,*,#3392,.T.);
#3392 = EDGE_CURVE('',#3363,#2907,#3393,.T.);
#3393 = SURFACE_CURVE('',#3394,(#3398,#3405),.PCURVE_S1.);
#3394 = LINE('',#3395,#3396);
#3395 = CARTESIAN_POINT('',(10.15,98.767208725769,20.975655581378));
#3396 = VECTOR('',#3397,1.);
#3397 = DIRECTION('',(1.,0.,0.));
#3398 = PCURVE('',#2921,#3399);
#3399 = DEFINITIONAL_REPRESENTATION('',(#3400),#3404);
#3400 = LINE('',#3401,#3402);
#3401 = CARTESIAN_POINT('',(0.,0.));
#3402 = VECTOR('',#3403,1.);
#3403 = DIRECTION('',(0.,-1.));
#3404 = ( GEOMETRIC_REPRESENTATION_CONTEXT(2) 
PARAMETRIC_REPRESENTATION_CONTEXT() REPRESENTATION_CONTEXT('2D SPACE',''
  ) );
#3405 = PCURVE('',#2945,#3406);
#3406 = DEFINITIONAL_REPRESENTATION('',(#3407),#3411);
#3407 = LINE('',#3408,#3409);
#3408 = CARTESIAN_POINT('',(1.5,0.));
#3409 = VECTOR('',#3410,1.);
#3410 = DIRECTION('',(0.,-1.));
#3411 = ( GEOMETRIC_REPRESENTATION_CONTEXT(2) 
PARAMETRIC_REPRESENTATION_CONTEXT() REPRESENTATION_CONTEXT('2D SPACE',''
  ) );
#3412 = ORIENTED_EDGE('',*,*,#2906,.F.);
#3413 = ORIENTED_EDGE('',*,*,#3414,.F.);
#3414 = EDGE_CURVE('',#3365,#2881,#3415,.T.);
#3415 = SURFACE_CURVE('',#3416,(#3420,#3427),.PCURVE_S1.);
#3416 = LINE('',#3417,#3418);
#3417 = CARTESIAN_POINT('',(10.15,96.955475410051,27.737136365402));
#3418 = VECTOR('',#3419,1.);
#3419 = DIRECTION('',(1.,0.,0.));
#3420 = PCURVE('',#2921,#3421);
#3421 = DEFINITIONAL_REPRESENTATION('',(#3422),#3426);
#3422 = LINE('',#3423,#3424);
#3423 = CARTESIAN_POINT('',(7.,0.));
#3424 = VECTOR('',#3425,1.);
#3425 = DIRECTION('',(0.,-1.));
#3426 = ( GEOMETRIC_REPRESENTATION_CONTEXT(2) 
PARAMETRIC_REPRESENTATION_CONTEXT() REPRESENTATION_CONTEXT('2D SPACE',''
  ) );
#3427 = PCURVE('',#2895,#3428);
#3428 = DEFINITIONAL_REPRESENTATION('',(#3429),#3433);
#3429 = LINE('',#3430,#3431);
#3430 = CARTESIAN_POINT('',(1.5,0.));
#3431 = VECTOR('',#3432,1.);
#3432 = DIRECTION('',(0.,-1.));
#3433 = ( GEOMETRIC_REPRESENTATION_CONTEXT(2) 
PARAMETRIC_REPRESENTATION_CONTEXT() REPRESENTATION_CONTEXT('2D SPACE',''
  ) );
#3434 = ADVANCED_FACE('',(#3435),#3380,.F.);
#3435 = FACE_BOUND('',#3436,.F.);
#3436 = EDGE_LOOP('',(#3437,#3462,#3483,#3484));
#3437 = ORIENTED_EDGE('',*,*,#3438,.F.);
#3438 = EDGE_CURVE('',#3439,#3441,#3443,.T.);
#3439 = VERTEX_POINT('',#3440);
#3440 = CARTESIAN_POINT('',(10.15,97.318319986335,20.587427013724));
#3441 = VERTEX_POINT('',#3442);
#3442 = CARTESIAN_POINT('',(10.15,95.506586670618,27.348907797748));
#3443 = SURFACE_CURVE('',#3444,(#3448,#3455),.PCURVE_S1.);
#3444 = LINE('',#3445,#3446);
#3445 = CARTESIAN_POINT('',(10.15,96.412453328477,23.968167405736));
#3446 = VECTOR('',#3447,1.);
#3447 = DIRECTION('',(0.,-0.258819045103,0.965925826289));
#3448 = PCURVE('',#3380,#3449);
#3449 = DEFINITIONAL_REPRESENTATION('',(#3450),#3454);
#3450 = LINE('',#3451,#3452);
#3451 = CARTESIAN_POINT('',(-0.75,0.));
#3452 = VECTOR('',#3453,1.);
#3453 = DIRECTION('',(0.,1.));
#3454 = ( GEOMETRIC_REPRESENTATION_CONTEXT(2) 
PARAMETRIC_REPRESENTATION_CONTEXT() REPRESENTATION_CONTEXT('2D SPACE',''
  ) );
#3455 = PCURVE('',#2869,#3456);
#3456 = DEFINITIONAL_REPRESENTATION('',(#3457),#3461);
#3457 = LINE('',#3458,#3459);
#3458 = CARTESIAN_POINT('',(3.5,0.));
#3459 = VECTOR('',#3460,1.);
#3460 = DIRECTION('',(1.,0.));
#3461 = ( GEOMETRIC_REPRESENTATION_CONTEXT(2) 
PARAMETRIC_REPRESENTATION_CONTEXT() REPRESENTATION_CONTEXT('2D SPACE',''
  ) );
#3462 = ORIENTED_EDGE('',*,*,#3463,.T.);
#3463 = EDGE_CURVE('',#3439,#3363,#3464,.T.);
#3464 = SURFACE_CURVE('',#3465,(#3469,#3476),.PCURVE_S1.);
#3465 = LINE('',#3466,#3467);
#3466 = CARTESIAN_POINT('',(10.15,98.042764356052,20.781541297551));
#3467 = VECTOR('',#3468,1.);
#3468 = DIRECTION('',(0.,0.965925826289,0.258819045103));
#3469 = PCURVE('',#3380,#3470);
#3470 = DEFINITIONAL_REPRESENTATION('',(#3471),#3475);
#3471 = LINE('',#3472,#3473);
#3472 = CARTESIAN_POINT('',(0.,-3.5));
#3473 = VECTOR('',#3474,1.);
#3474 = DIRECTION('',(1.,0.));
#3475 = ( GEOMETRIC_REPRESENTATION_CONTEXT(2) 
PARAMETRIC_REPRESENTATION_CONTEXT() REPRESENTATION_CONTEXT('2D SPACE',''
  ) );
#3476 = PCURVE('',#2945,#3477);
#3477 = DEFINITIONAL_REPRESENTATION('',(#3478),#3482);
#3478 = LINE('',#3479,#3480);
#3479 = CARTESIAN_POINT('',(0.75,0.));
#3480 = VECTOR('',#3481,1.);
#3481 = DIRECTION('',(1.,0.));
#3482 = ( GEOMETRIC_REPRESENTATION_CONTEXT(2) 
PARAMETRIC_REPRESENTATION_CONTEXT() REPRESENTATION_CONTEXT('2D SPACE',''
  ) );
#3483 = ORIENTED_EDGE('',*,*,#3362,.T.);
#3484 = ORIENTED_EDGE('',*,*,#3485,.F.);
#3485 = EDGE_CURVE('',#3441,#3365,#3486,.T.);
#3486 = SURFACE_CURVE('',#3487,(#3491,#3498),.PCURVE_S1.);
#3487 = LINE('',#3488,#3489);
#3488 = CARTESIAN_POINT('',(10.15,96.231031040334,27.543022081575));
#3489 = VECTOR('',#3490,1.);
#3490 = DIRECTION('',(0.,0.965925826289,0.258819045103));
#3491 = PCURVE('',#3380,#3492);
#3492 = DEFINITIONAL_REPRESENTATION('',(#3493),#3497);
#3493 = LINE('',#3494,#3495);
#3494 = CARTESIAN_POINT('',(0.,3.5));
#3495 = VECTOR('',#3496,1.);
#3496 = DIRECTION('',(1.,0.));
#3497 = ( GEOMETRIC_REPRESENTATION_CONTEXT(2) 
PARAMETRIC_REPRESENTATION_CONTEXT() REPRESENTATION_CONTEXT('2D SPACE',''
  ) );
#3498 = PCURVE('',#2895,#3499);
#3499 = DEFINITIONAL_REPRESENTATION('',(#3500),#3504);
#3500 = LINE('',#3501,#3502);
#3501 = CARTESIAN_POINT('',(0.75,0.));
#3502 = VECTOR('',#3503,1.);
#3503 = DIRECTION('',(1.,0.));
#3504 = ( GEOMETRIC_REPRESENTATION_CONTEXT(2) 
PARAMETRIC_REPRESENTATION_CONTEXT() REPRESENTATION_CONTEXT('2D SPACE',''
  ) );
#3505 = ADVANCED_FACE('',(#3506),#2945,.F.);
#3506 = FACE_BOUND('',#3507,.F.);
#3507 = EDGE_LOOP('',(#3508,#3509,#3530,#3531));
#3508 = ORIENTED_EDGE('',*,*,#3463,.F.);
#3509 = ORIENTED_EDGE('',*,*,#3510,.T.);
#3510 = EDGE_CURVE('',#3439,#2855,#3511,.T.);
#3511 = SURFACE_CURVE('',#3512,(#3516,#3523),.PCURVE_S1.);
#3512 = LINE('',#3513,#3514);
#3513 = CARTESIAN_POINT('',(10.15,97.318319986335,20.587427013724));
#3514 = VECTOR('',#3515,1.);
#3515 = DIRECTION('',(1.,0.,0.));
#3516 = PCURVE('',#2945,#3517);
#3517 = DEFINITIONAL_REPRESENTATION('',(#3518),#3522);
#3518 = LINE('',#3519,#3520);
#3519 = CARTESIAN_POINT('',(0.,0.));
#3520 = VECTOR('',#3521,1.);
#3521 = DIRECTION('',(0.,-1.));
#3522 = ( GEOMETRIC_REPRESENTATION_CONTEXT(2) 
PARAMETRIC_REPRESENTATION_CONTEXT() REPRESENTATION_CONTEXT('2D SPACE',''
  ) );
#3523 = PCURVE('',#2869,#3524);
#3524 = DEFINITIONAL_REPRESENTATION('',(#3525),#3529);
#3525 = LINE('',#3526,#3527);
#3526 = CARTESIAN_POINT('',(0.,0.));
#3527 = VECTOR('',#3528,1.);
#3528 = DIRECTION('',(0.,-1.));
#3529 = ( GEOMETRIC_REPRESENTATION_CONTEXT(2) 
PARAMETRIC_REPRESENTATION_CONTEXT() REPRESENTATION_CONTEXT('2D SPACE',''
  ) );
#3530 = ORIENTED_EDGE('',*,*,#2932,.F.);
#3531 = ORIENTED_EDGE('',*,*,#3392,.F.);
#3532 = ADVANCED_FACE('',(#3533),#2895,.T.);
#3533 = FACE_BOUND('',#3534,.T.);
#3534 = EDGE_LOOP('',(#3535,#3536,#3557,#3558));
#3535 = ORIENTED_EDGE('',*,*,#3485,.F.);
#3536 = ORIENTED_EDGE('',*,*,#3537,.T.);
#3537 = EDGE_CURVE('',#3441,#2853,#3538,.T.);
#3538 = SURFACE_CURVE('',#3539,(#3543,#3550),.PCURVE_S1.);
#3539 = LINE('',#3540,#3541);
#3540 = CARTESIAN_POINT('',(10.15,95.506586670618,27.348907797748));
#3541 = VECTOR('',#3542,1.);
#3542 = DIRECTION('',(1.,0.,0.));
#3543 = PCURVE('',#2895,#3544);
#3544 = DEFINITIONAL_REPRESENTATION('',(#3545),#3549);
#3545 = LINE('',#3546,#3547);
#3546 = CARTESIAN_POINT('',(0.,0.));
#3547 = VECTOR('',#3548,1.);
#3548 = DIRECTION('',(0.,-1.));
#3549 = ( GEOMETRIC_REPRESENTATION_CONTEXT(2) 
PARAMETRIC_REPRESENTATION_CONTEXT() REPRESENTATION_CONTEXT('2D SPACE',''
  ) );
#3550 = PCURVE('',#2869,#3551);
#3551 = DEFINITIONAL_REPRESENTATION('',(#3552),#3556);
#3552 = LINE('',#3553,#3554);
#3553 = CARTESIAN_POINT('',(7.,0.));
#3554 = VECTOR('',#3555,1.);
#3555 = DIRECTION('',(0.,-1.));
#3556 = ( GEOMETRIC_REPRESENTATION_CONTEXT(2) 
PARAMETRIC_REPRESENTATION_CONTEXT() REPRESENTATION_CONTEXT('2D SPACE',''
  ) );
#3557 = ORIENTED_EDGE('',*,*,#2880,.F.);
#3558 = ORIENTED_EDGE('',*,*,#3414,.F.);
#3559 = ADVANCED_FACE('',(#3560),#2869,.T.);
#3560 = FACE_BOUND('',#3561,.T.);
#3561 = EDGE_LOOP('',(#3562,#3563,#3564,#3565));
#3562 = ORIENTED_EDGE('',*,*,#3438,.F.);
#3563 = ORIENTED_EDGE('',*,*,#3510,.T.);
#3564 = ORIENTED_EDGE('',*,*,#2852,.F.);
#3565 = ORIENTED_EDGE('',*,*,#3537,.F.);
#3566 = ADVANCED_FACE('',(#3567),#2838,.F.);
#3567 = FACE_BOUND('',#3568,.T.);
#3568 = EDGE_LOOP('',(#3569,#3570,#3593,#3619));
#3569 = ORIENTED_EDGE('',*,*,#2817,.T.);
#3570 = ORIENTED_EDGE('',*,*,#3571,.T.);
#3571 = EDGE_CURVE('',#2818,#3572,#3574,.T.);
#3572 = VERTEX_POINT('',#3573);
#3573 = CARTESIAN_POINT('',(12.35,101.15911099154,27.310582854123));
#3574 = SEAM_CURVE('',#3575,(#3579,#3586),.PCURVE_S1.);
#3575 = LINE('',#3576,#3577);
#3576 = CARTESIAN_POINT('',(9.75,101.15911099154,27.310582854123));
#3577 = VECTOR('',#3578,1.);
#3578 = DIRECTION('',(1.,0.,0.));
#3579 = PCURVE('',#2838,#3580);
#3580 = DEFINITIONAL_REPRESENTATION('',(#3581),#3585);
#3581 = LINE('',#3582,#3583);
#3582 = CARTESIAN_POINT('',(-6.28318530718,0.));
#3583 = VECTOR('',#3584,1.);
#3584 = DIRECTION('',(-0.,-1.));
#3585 = ( GEOMETRIC_REPRESENTATION_CONTEXT(2) 
PARAMETRIC_REPRESENTATION_CONTEXT() REPRESENTATION_CONTEXT('2D SPACE',''
  ) );
#3586 = PCURVE('',#2838,#3587);
#3587 = DEFINITIONAL_REPRESENTATION('',(#3588),#3592);
#3588 = LINE('',#3589,#3590);
#3589 = CARTESIAN_POINT('',(-0.,0.));
#3590 = VECTOR('',#3591,1.);
#3591 = DIRECTION('',(-0.,-1.));
#3592 = ( GEOMETRIC_REPRESENTATION_CONTEXT(2) 
PARAMETRIC_REPRESENTATION_CONTEXT() REPRESENTATION_CONTEXT('2D SPACE',''
  ) );
#3593 = ORIENTED_EDGE('',*,*,#3594,.F.);
#3594 = EDGE_CURVE('',#3572,#3572,#3595,.T.);
#3595 = SURFACE_CURVE('',#3596,(#3601,#3608),.PCURVE_S1.);
#3596 = CIRCLE('',#3597,1.2);
#3597 = AXIS2_PLACEMENT_3D('',#3598,#3599,#3600);
#3598 = CARTESIAN_POINT('',(12.35,100.,27.));
#3599 = DIRECTION('',(-1.,0.,0.));
#3600 = DIRECTION('',(0.,0.965925826289,0.258819045103));
#3601 = PCURVE('',#2838,#3602);
#3602 = DEFINITIONAL_REPRESENTATION('',(#3603),#3607);
#3603 = LINE('',#3604,#3605);
#3604 = CARTESIAN_POINT('',(-6.28318530718,-2.6));
#3605 = VECTOR('',#3606,1.);
#3606 = DIRECTION('',(1.,-0.));
#3607 = ( GEOMETRIC_REPRESENTATION_CONTEXT(2) 
PARAMETRIC_REPRESENTATION_CONTEXT() REPRESENTATION_CONTEXT('2D SPACE',''
  ) );
#3608 = PCURVE('',#116,#3609);
#3609 = DEFINITIONAL_REPRESENTATION('',(#3610),#3618);
#3610 = ( BOUNDED_CURVE() B_SPLINE_CURVE(2,(#3611,#3612,#3613,#3614,
#3615,#3616,#3617),.UNSPECIFIED.,.T.,.F.) B_SPLINE_CURVE_WITH_KNOTS((1,2
    ,2,2,2,1),(-2.094395102393,0.,2.094395102393,4.188790204786,
6.28318530718,8.377580409573),.UNSPECIFIED.) CURVE() 
GEOMETRIC_REPRESENTATION_ITEM() RATIONAL_B_SPLINE_CURVE((1.,0.5,1.,0.5,
1.,0.5,1.)) REPRESENTATION_ITEM('') );
#3611 = CARTESIAN_POINT('',(5.79325212693,3.000212798593));
#3612 = CARTESIAN_POINT('',(5.79325212693,0.92175182951));
#3613 = CARTESIAN_POINT('',(3.99325212693,1.960982314052));
#3614 = CARTESIAN_POINT('',(2.19325212693,3.000212798593));
#3615 = CARTESIAN_POINT('',(3.99325212693,4.039443283134));
#3616 = CARTESIAN_POINT('',(5.79325212693,5.078673767676));
#3617 = CARTESIAN_POINT('',(5.79325212693,3.000212798593));
#3618 = ( GEOMETRIC_REPRESENTATION_CONTEXT(2) 
PARAMETRIC_REPRESENTATION_CONTEXT() REPRESENTATION_CONTEXT('2D SPACE',''
  ) );
#3619 = ORIENTED_EDGE('',*,*,#3571,.F.);
#3620 = ADVANCED_FACE('',(#3621),#2780,.F.);
#3621 = FACE_BOUND('',#3622,.F.);
#3622 = EDGE_LOOP('',(#3623,#3653,#3674,#3675));
#3623 = ORIENTED_EDGE('',*,*,#3624,.F.);
#3624 = EDGE_CURVE('',#3625,#3627,#3629,.T.);
#3625 = VERTEX_POINT('',#3626);
#3626 = CARTESIAN_POINT('',(10.15,109.39239281494,23.822665077506));
#3627 = VERTEX_POINT('',#3628);
#3628 = CARTESIAN_POINT('',(10.15,107.58065949923,30.584145861529));
#3629 = SURFACE_CURVE('',#3630,(#3634,#3641),.PCURVE_S1.);
#3630 = LINE('',#3631,#3632);
#3631 = CARTESIAN_POINT('',(10.15,108.48652615709,27.203405469518));
#3632 = VECTOR('',#3633,1.);
#3633 = DIRECTION('',(0.,-0.258819045103,0.965925826289));
#3634 = PCURVE('',#2780,#3635);
#3635 = DEFINITIONAL_REPRESENTATION('',(#3636),#3640);
#3636 = LINE('',#3637,#3638);
#3637 = CARTESIAN_POINT('',(3.5,0.));
#3638 = VECTOR('',#3639,1.);
#3639 = DIRECTION('',(1.,0.));
#3640 = ( GEOMETRIC_REPRESENTATION_CONTEXT(2) 
PARAMETRIC_REPRESENTATION_CONTEXT() REPRESENTATION_CONTEXT('2D SPACE',''
  ) );
#3641 = PCURVE('',#3642,#3647);
#3642 = PLANE('',#3643);
#3643 = AXIS2_PLACEMENT_3D('',#3644,#3645,#3646);
#3644 = CARTESIAN_POINT('',(10.15,107.76208178737,27.009291185691));
#3645 = DIRECTION('',(1.,0.,0.));
#3646 = DIRECTION('',(0.,0.965925826289,0.258819045103));
#3647 = DEFINITIONAL_REPRESENTATION('',(#3648),#3652);
#3648 = LINE('',#3649,#3650);
#3649 = CARTESIAN_POINT('',(0.75,0.));
#3650 = VECTOR('',#3651,1.);
#3651 = DIRECTION('',(0.,1.));
#3652 = ( GEOMETRIC_REPRESENTATION_CONTEXT(2) 
PARAMETRIC_REPRESENTATION_CONTEXT() REPRESENTATION_CONTEXT('2D SPACE',''
  ) );
#3653 = ORIENTED_EDGE('',*,*,#3654,.T.);
#3654 = EDGE_CURVE('',#3625,#2766,#3655,.T.);
#3655 = SURFACE_CURVE('',#3656,(#3660,#3667),.PCURVE_S1.);
#3656 = LINE('',#3657,#3658);
#3657 = CARTESIAN_POINT('',(10.15,109.39239281494,23.822665077506));
#3658 = VECTOR('',#3659,1.);
#3659 = DIRECTION('',(1.,0.,0.));
#3660 = PCURVE('',#2780,#3661);
#3661 = DEFINITIONAL_REPRESENTATION('',(#3662),#3666);
#3662 = LINE('',#3663,#3664);
#3663 = CARTESIAN_POINT('',(0.,0.));
#3664 = VECTOR('',#3665,1.);
#3665 = DIRECTION('',(0.,-1.));
#3666 = ( GEOMETRIC_REPRESENTATION_CONTEXT(2) 
PARAMETRIC_REPRESENTATION_CONTEXT() REPRESENTATION_CONTEXT('2D SPACE',''
  ) );
#3667 = PCURVE('',#2804,#3668);
#3668 = DEFINITIONAL_REPRESENTATION('',(#3669),#3673);
#3669 = LINE('',#3670,#3671);
#3670 = CARTESIAN_POINT('',(1.5,0.));
#3671 = VECTOR('',#3672,1.);
#3672 = DIRECTION('',(0.,-1.));
#3673 = ( GEOMETRIC_REPRESENTATION_CONTEXT(2) 
PARAMETRIC_REPRESENTATION_CONTEXT() REPRESENTATION_CONTEXT('2D SPACE',''
  ) );
#3674 = ORIENTED_EDGE('',*,*,#2765,.F.);
#3675 = ORIENTED_EDGE('',*,*,#3676,.F.);
#3676 = EDGE_CURVE('',#3627,#2740,#3677,.T.);
#3677 = SURFACE_CURVE('',#3678,(#3682,#3689),.PCURVE_S1.);
#3678 = LINE('',#3679,#3680);
#3679 = CARTESIAN_POINT('',(10.15,107.58065949923,30.584145861529));
#3680 = VECTOR('',#3681,1.);
#3681 = DIRECTION('',(1.,0.,0.));
#3682 = PCURVE('',#2780,#3683);
#3683 = DEFINITIONAL_REPRESENTATION('',(#3684),#3688);
#3684 = LINE('',#3685,#3686);
#3685 = CARTESIAN_POINT('',(7.,0.));
#3686 = VECTOR('',#3687,1.);
#3687 = DIRECTION('',(0.,-1.));
#3688 = ( GEOMETRIC_REPRESENTATION_CONTEXT(2) 
PARAMETRIC_REPRESENTATION_CONTEXT() REPRESENTATION_CONTEXT('2D SPACE',''
  ) );
#3689 = PCURVE('',#2754,#3690);
#3690 = DEFINITIONAL_REPRESENTATION('',(#3691),#3695);
#3691 = LINE('',#3692,#3693);
#3692 = CARTESIAN_POINT('',(1.5,0.));
#3693 = VECTOR('',#3694,1.);
#3694 = DIRECTION('',(0.,-1.));
#3695 = ( GEOMETRIC_REPRESENTATION_CONTEXT(2) 
PARAMETRIC_REPRESENTATION_CONTEXT() REPRESENTATION_CONTEXT('2D SPACE',''
  ) );
#3696 = ADVANCED_FACE('',(#3697),#3642,.F.);
#3697 = FACE_BOUND('',#3698,.F.);
#3698 = EDGE_LOOP('',(#3699,#3724,#3745,#3746));
#3699 = ORIENTED_EDGE('',*,*,#3700,.F.);
#3700 = EDGE_CURVE('',#3701,#3703,#3705,.T.);
#3701 = VERTEX_POINT('',#3702);
#3702 = CARTESIAN_POINT('',(10.15,107.94350407551,23.434436509852));
#3703 = VERTEX_POINT('',#3704);
#3704 = CARTESIAN_POINT('',(10.15,106.13177075979,30.195917293876));
#3705 = SURFACE_CURVE('',#3706,(#3710,#3717),.PCURVE_S1.);
#3706 = LINE('',#3707,#3708);
#3707 = CARTESIAN_POINT('',(10.15,107.03763741765,26.815176901864));
#3708 = VECTOR('',#3709,1.);
#3709 = DIRECTION('',(0.,-0.258819045103,0.965925826289));
#3710 = PCURVE('',#3642,#3711);
#3711 = DEFINITIONAL_REPRESENTATION('',(#3712),#3716);
#3712 = LINE('',#3713,#3714);
#3713 = CARTESIAN_POINT('',(-0.75,0.));
#3714 = VECTOR('',#3715,1.);
#3715 = DIRECTION('',(0.,1.));
#3716 = ( GEOMETRIC_REPRESENTATION_CONTEXT(2) 
PARAMETRIC_REPRESENTATION_CONTEXT() REPRESENTATION_CONTEXT('2D SPACE',''
  ) );
#3717 = PCURVE('',#2728,#3718);
#3718 = DEFINITIONAL_REPRESENTATION('',(#3719),#3723);
#3719 = LINE('',#3720,#3721);
#3720 = CARTESIAN_POINT('',(3.5,0.));
#3721 = VECTOR('',#3722,1.);
#3722 = DIRECTION('',(1.,0.));
#3723 = ( GEOMETRIC_REPRESENTATION_CONTEXT(2) 
PARAMETRIC_REPRESENTATION_CONTEXT() REPRESENTATION_CONTEXT('2D SPACE',''
  ) );
#3724 = ORIENTED_EDGE('',*,*,#3725,.T.);
#3725 = EDGE_CURVE('',#3701,#3625,#3726,.T.);
#3726 = SURFACE_CURVE('',#3727,(#3731,#3738),.PCURVE_S1.);
#3727 = LINE('',#3728,#3729);
#3728 = CARTESIAN_POINT('',(10.15,108.66794844523,23.628550793679));
#3729 = VECTOR('',#3730,1.);
#3730 = DIRECTION('',(0.,0.965925826289,0.258819045103));
#3731 = PCURVE('',#3642,#3732);
#3732 = DEFINITIONAL_REPRESENTATION('',(#3733),#3737);
#3733 = LINE('',#3734,#3735);
#3734 = CARTESIAN_POINT('',(0.,-3.5));
#3735 = VECTOR('',#3736,1.);
#3736 = DIRECTION('',(1.,0.));
#3737 = ( GEOMETRIC_REPRESENTATION_CONTEXT(2) 
PARAMETRIC_REPRESENTATION_CONTEXT() REPRESENTATION_CONTEXT('2D SPACE',''
  ) );
#3738 = PCURVE('',#2804,#3739);
#3739 = DEFINITIONAL_REPRESENTATION('',(#3740),#3744);
#3740 = LINE('',#3741,#3742);
#3741 = CARTESIAN_POINT('',(0.75,0.));
#3742 = VECTOR('',#3743,1.);
#3743 = DIRECTION('',(1.,0.));
#3744 = ( GEOMETRIC_REPRESENTATION_CONTEXT(2) 
PARAMETRIC_REPRESENTATION_CONTEXT() REPRESENTATION_CONTEXT('2D SPACE',''
  ) );
#3745 = ORIENTED_EDGE('',*,*,#3624,.T.);
#3746 = ORIENTED_EDGE('',*,*,#3747,.F.);
#3747 = EDGE_CURVE('',#3703,#3627,#3748,.T.);
#3748 = SURFACE_CURVE('',#3749,(#3753,#3760),.PCURVE_S1.);
#3749 = LINE('',#3750,#3751);
#3750 = CARTESIAN_POINT('',(10.15,106.85621512951,30.390031577703));
#3751 = VECTOR('',#3752,1.);
#3752 = DIRECTION('',(0.,0.965925826289,0.258819045103));
#3753 = PCURVE('',#3642,#3754);
#3754 = DEFINITIONAL_REPRESENTATION('',(#3755),#3759);
#3755 = LINE('',#3756,#3757);
#3756 = CARTESIAN_POINT('',(0.,3.5));
#3757 = VECTOR('',#3758,1.);
#3758 = DIRECTION('',(1.,0.));
#3759 = ( GEOMETRIC_REPRESENTATION_CONTEXT(2) 
PARAMETRIC_REPRESENTATION_CONTEXT() REPRESENTATION_CONTEXT('2D SPACE',''
  ) );
#3760 = PCURVE('',#2754,#3761);
#3761 = DEFINITIONAL_REPRESENTATION('',(#3762),#3766);
#3762 = LINE('',#3763,#3764);
#3763 = CARTESIAN_POINT('',(0.75,0.));
#3764 = VECTOR('',#3765,1.);
#3765 = DIRECTION('',(1.,0.));
#3766 = ( GEOMETRIC_REPRESENTATION_CONTEXT(2) 
PARAMETRIC_REPRESENTATION_CONTEXT() REPRESENTATION_CONTEXT('2D SPACE',''
  ) );
#3767 = ADVANCED_FACE('',(#3768),#2804,.F.);
#3768 = FACE_BOUND('',#3769,.F.);
#3769 = EDGE_LOOP('',(#3770,#3771,#3792,#3793));
#3770 = ORIENTED_EDGE('',*,*,#3725,.F.);
#3771 = ORIENTED_EDGE('',*,*,#3772,.T.);
#3772 = EDGE_CURVE('',#3701,#2714,#3773,.T.);
#3773 = SURFACE_CURVE('',#3774,(#3778,#3785),.PCURVE_S1.);
#3774 = LINE('',#3775,#3776);
#3775 = CARTESIAN_POINT('',(10.15,107.94350407551,23.434436509852));
#3776 = VECTOR('',#3777,1.);
#3777 = DIRECTION('',(1.,0.,0.));
#3778 = PCURVE('',#2804,#3779);
#3779 = DEFINITIONAL_REPRESENTATION('',(#3780),#3784);
#3780 = LINE('',#3781,#3782);
#3781 = CARTESIAN_POINT('',(0.,0.));
#3782 = VECTOR('',#3783,1.);
#3783 = DIRECTION('',(0.,-1.));
#3784 = ( GEOMETRIC_REPRESENTATION_CONTEXT(2) 
PARAMETRIC_REPRESENTATION_CONTEXT() REPRESENTATION_CONTEXT('2D SPACE',''
  ) );
#3785 = PCURVE('',#2728,#3786);
#3786 = DEFINITIONAL_REPRESENTATION('',(#3787),#3791);
#3787 = LINE('',#3788,#3789);
#3788 = CARTESIAN_POINT('',(0.,0.));
#3789 = VECTOR('',#3790,1.);
#3790 = DIRECTION('',(0.,-1.));
#3791 = ( GEOMETRIC_REPRESENTATION_CONTEXT(2) 
PARAMETRIC_REPRESENTATION_CONTEXT() REPRESENTATION_CONTEXT('2D SPACE',''
  ) );
#3792 = ORIENTED_EDGE('',*,*,#2791,.F.);
#3793 = ORIENTED_EDGE('',*,*,#3654,.F.);
#3794 = ADVANCED_FACE('',(#3795),#2754,.T.);
#3795 = FACE_BOUND('',#3796,.T.);
#3796 = EDGE_LOOP('',(#3797,#3798,#3819,#3820));
#3797 = ORIENTED_EDGE('',*,*,#3747,.F.);
#3798 = ORIENTED_EDGE('',*,*,#3799,.T.);
#3799 = EDGE_CURVE('',#3703,#2712,#3800,.T.);
#3800 = SURFACE_CURVE('',#3801,(#3805,#3812),.PCURVE_S1.);
#3801 = LINE('',#3802,#3803);
#3802 = CARTESIAN_POINT('',(10.15,106.13177075979,30.195917293876));
#3803 = VECTOR('',#3804,1.);
#3804 = DIRECTION('',(1.,0.,0.));
#3805 = PCURVE('',#2754,#3806);
#3806 = DEFINITIONAL_REPRESENTATION('',(#3807),#3811);
#3807 = LINE('',#3808,#3809);
#3808 = CARTESIAN_POINT('',(0.,0.));
#3809 = VECTOR('',#3810,1.);
#3810 = DIRECTION('',(0.,-1.));
#3811 = ( GEOMETRIC_REPRESENTATION_CONTEXT(2) 
PARAMETRIC_REPRESENTATION_CONTEXT() REPRESENTATION_CONTEXT('2D SPACE',''
  ) );
#3812 = PCURVE('',#2728,#3813);
#3813 = DEFINITIONAL_REPRESENTATION('',(#3814),#3818);
#3814 = LINE('',#3815,#3816);
#3815 = CARTESIAN_POINT('',(7.,0.));
#3816 = VECTOR('',#3817,1.);
#3817 = DIRECTION('',(0.,-1.));
#3818 = ( GEOMETRIC_REPRESENTATION_CONTEXT(2) 
PARAMETRIC_REPRESENTATION_CONTEXT() REPRESENTATION_CONTEXT('2D SPACE',''
  ) );
#3819 = ORIENTED_EDGE('',*,*,#2739,.F.);
#3820 = ORIENTED_EDGE('',*,*,#3676,.F.);
#3821 = ADVANCED_FACE('',(#3822),#2728,.T.);
#3822 = FACE_BOUND('',#3823,.T.);
#3823 = EDGE_LOOP('',(#3824,#3825,#3826,#3827));
#3824 = ORIENTED_EDGE('',*,*,#3700,.F.);
#3825 = ORIENTED_EDGE('',*,*,#3772,.T.);
#3826 = ORIENTED_EDGE('',*,*,#2711,.F.);
#3827 = ORIENTED_EDGE('',*,*,#3799,.F.);
#3828 = ADVANCED_FACE('',(#3829),#2675,.F.);
#3829 = FACE_BOUND('',#3830,.F.);
#3830 = EDGE_LOOP('',(#3831,#3832,#3855,#3878));
#3831 = ORIENTED_EDGE('',*,*,#2659,.F.);
#3832 = ORIENTED_EDGE('',*,*,#3833,.T.);
#3833 = EDGE_CURVE('',#2637,#3834,#3836,.T.);
#3834 = VERTEX_POINT('',#3835);
#3835 = CARTESIAN_POINT('',(12.35,107.97693446972,35.866708321904));
#3836 = SURFACE_CURVE('',#3837,(#3841,#3848),.PCURVE_S1.);
#3837 = LINE('',#3838,#3839);
#3838 = CARTESIAN_POINT('',(-12.35,107.97693446972,35.866708321904));
#3839 = VECTOR('',#3840,1.);
#3840 = DIRECTION('',(1.,0.,0.));
#3841 = PCURVE('',#2675,#3842);
#3842 = DEFINITIONAL_REPRESENTATION('',(#3843),#3847);
#3843 = LINE('',#3844,#3845);
#3844 = CARTESIAN_POINT('',(0.,0.));
#3845 = VECTOR('',#3846,1.);
#3846 = DIRECTION('',(0.,-1.));
#3847 = ( GEOMETRIC_REPRESENTATION_CONTEXT(2) 
PARAMETRIC_REPRESENTATION_CONTEXT() REPRESENTATION_CONTEXT('2D SPACE',''
  ) );
#3848 = PCURVE('',#142,#3849);
#3849 = DEFINITIONAL_REPRESENTATION('',(#3850),#3854);
#3850 = LINE('',#3851,#3852);
#3851 = CARTESIAN_POINT('',(19.55,0.));
#3852 = VECTOR('',#3853,1.);
#3853 = DIRECTION('',(0.,-1.));
#3854 = ( GEOMETRIC_REPRESENTATION_CONTEXT(2) 
PARAMETRIC_REPRESENTATION_CONTEXT() REPRESENTATION_CONTEXT('2D SPACE',''
  ) );
#3855 = ORIENTED_EDGE('',*,*,#3856,.T.);
#3856 = EDGE_CURVE('',#3834,#3857,#3859,.T.);
#3857 = VERTEX_POINT('',#3858);
#3858 = CARTESIAN_POINT('',(12.35,104.91507229124,37.634475274871));
#3859 = SURFACE_CURVE('',#3860,(#3864,#3871),.PCURVE_S1.);
#3860 = LINE('',#3861,#3862);
#3861 = CARTESIAN_POINT('',(12.35,107.97693446972,35.866708321904));
#3862 = VECTOR('',#3863,1.);
#3863 = DIRECTION('',(0.,-0.866025403784,0.5));
#3864 = PCURVE('',#2675,#3865);
#3865 = DEFINITIONAL_REPRESENTATION('',(#3866),#3870);
#3866 = LINE('',#3867,#3868);
#3867 = CARTESIAN_POINT('',(0.,-24.7));
#3868 = VECTOR('',#3869,1.);
#3869 = DIRECTION('',(1.,0.));
#3870 = ( GEOMETRIC_REPRESENTATION_CONTEXT(2) 
PARAMETRIC_REPRESENTATION_CONTEXT() REPRESENTATION_CONTEXT('2D SPACE',''
  ) );
#3871 = PCURVE('',#116,#3872);
#3872 = DEFINITIONAL_REPRESENTATION('',(#3873),#3877);
#3873 = LINE('',#3874,#3875);
#3874 = CARTESIAN_POINT('',(14.59325212693,9.500212798593));
#3875 = VECTOR('',#3876,1.);
#3876 = DIRECTION('',(-0.707106781187,0.707106781187));
#3877 = ( GEOMETRIC_REPRESENTATION_CONTEXT(2) 
PARAMETRIC_REPRESENTATION_CONTEXT() REPRESENTATION_CONTEXT('2D SPACE',''
  ) );
#3878 = ORIENTED_EDGE('',*,*,#3879,.F.);
#3879 = EDGE_CURVE('',#2660,#3857,#3880,.T.);
#3880 = SURFACE_CURVE('',#3881,(#3885,#3892),.PCURVE_S1.);
#3881 = LINE('',#3882,#3883);
#3882 = CARTESIAN_POINT('',(-12.35,104.91507229124,37.634475274871));
#3883 = VECTOR('',#3884,1.);
#3884 = DIRECTION('',(1.,0.,0.));
#3885 = PCURVE('',#2675,#3886);
#3886 = DEFINITIONAL_REPRESENTATION('',(#3887),#3891);
#3887 = LINE('',#3888,#3889);
#3888 = CARTESIAN_POINT('',(3.535533905933,0.));
#3889 = VECTOR('',#3890,1.);
#3890 = DIRECTION('',(0.,-1.));
#3891 = ( GEOMETRIC_REPRESENTATION_CONTEXT(2) 
PARAMETRIC_REPRESENTATION_CONTEXT() REPRESENTATION_CONTEXT('2D SPACE',''
  ) );
#3892 = PCURVE('',#461,#3893);
#3893 = DEFINITIONAL_REPRESENTATION('',(#3894),#3898);
#3894 = LINE('',#3895,#3896);
#3895 = CARTESIAN_POINT('',(0.,0.));
#3896 = VECTOR('',#3897,1.);
#3897 = DIRECTION('',(0.,-1.));
#3898 = ( GEOMETRIC_REPRESENTATION_CONTEXT(2) 
PARAMETRIC_REPRESENTATION_CONTEXT() REPRESENTATION_CONTEXT('2D SPACE',''
  ) );
#3899 = ADVANCED_FACE('',(#3900),#461,.F.);
#3900 = FACE_BOUND('',#3901,.F.);
#3901 = EDGE_LOOP('',(#3902,#3903,#3904,#3905));
#3902 = ORIENTED_EDGE('',*,*,#448,.F.);
#3903 = ORIENTED_EDGE('',*,*,#2686,.T.);
#3904 = ORIENTED_EDGE('',*,*,#3879,.T.);
#3905 = ORIENTED_EDGE('',*,*,#3906,.T.);
#3906 = EDGE_CURVE('',#3857,#302,#3907,.T.);
#3907 = SURFACE_CURVE('',#3908,(#3912,#3919),.PCURVE_S1.);
#3908 = LINE('',#3909,#3910);
#3909 = CARTESIAN_POINT('',(12.35,104.91507229124,37.634475274871));
#3910 = VECTOR('',#3911,1.);
#3911 = DIRECTION('',(0.,-0.887755792072,-0.460314733246));
#3912 = PCURVE('',#461,#3913);
#3913 = DEFINITIONAL_REPRESENTATION('',(#3914),#3918);
#3914 = LINE('',#3915,#3916);
#3915 = CARTESIAN_POINT('',(0.,-24.7));
#3916 = VECTOR('',#3917,1.);
#3917 = DIRECTION('',(1.,0.));
#3918 = ( GEOMETRIC_REPRESENTATION_CONTEXT(2) 
PARAMETRIC_REPRESENTATION_CONTEXT() REPRESENTATION_CONTEXT('2D SPACE',''
  ) );
#3919 = PCURVE('',#116,#3920);
#3920 = DEFINITIONAL_REPRESENTATION('',(#3921),#3925);
#3921 = LINE('',#3922,#3923);
#3922 = CARTESIAN_POINT('',(12.09325212693,12.000212798593));
#3923 = VECTOR('',#3924,1.);
#3924 = DIRECTION('',(-0.976644466705,-0.214861782675));
#3925 = ( GEOMETRIC_REPRESENTATION_CONTEXT(2) 
PARAMETRIC_REPRESENTATION_CONTEXT() REPRESENTATION_CONTEXT('2D SPACE',''
  ) );
#3926 = ADVANCED_FACE('',(#3927,#3956,#4076,#4196,#4199),#116,.T.);
#3927 = FACE_BOUND('',#3928,.T.);
#3928 = EDGE_LOOP('',(#3929,#3930,#3931,#3952,#3953,#3954,#3955));
#3929 = ORIENTED_EDGE('',*,*,#157,.F.);
#3930 = ORIENTED_EDGE('',*,*,#100,.T.);
#3931 = ORIENTED_EDGE('',*,*,#3932,.T.);
#3932 = EDGE_CURVE('',#101,#3834,#3933,.T.);
#3933 = SURFACE_CURVE('',#3934,(#3938,#3945),.PCURVE_S1.);
#3934 = LINE('',#3935,#3936);
#3935 = CARTESIAN_POINT('',(12.35,113.03684680147,16.982858417953));
#3936 = VECTOR('',#3937,1.);
#3937 = DIRECTION('',(0.,-0.258819045103,0.965925826289));
#3938 = PCURVE('',#116,#3939);
#3939 = DEFINITIONAL_REPRESENTATION('',(#3940),#3944);
#3940 = LINE('',#3941,#3942);
#3941 = CARTESIAN_POINT('',(14.59325212693,-10.0497872014));
#3942 = VECTOR('',#3943,1.);
#3943 = DIRECTION('',(0.,1.));
#3944 = ( GEOMETRIC_REPRESENTATION_CONTEXT(2) 
PARAMETRIC_REPRESENTATION_CONTEXT() REPRESENTATION_CONTEXT('2D SPACE',''
  ) );
#3945 = PCURVE('',#142,#3946);
#3946 = DEFINITIONAL_REPRESENTATION('',(#3947),#3951);
#3947 = LINE('',#3948,#3949);
#3948 = CARTESIAN_POINT('',(0.,-24.7));
#3949 = VECTOR('',#3950,1.);
#3950 = DIRECTION('',(1.,0.));
#3951 = ( GEOMETRIC_REPRESENTATION_CONTEXT(2) 
PARAMETRIC_REPRESENTATION_CONTEXT() REPRESENTATION_CONTEXT('2D SPACE',''
  ) );
#3952 = ORIENTED_EDGE('',*,*,#3856,.T.);
#3953 = ORIENTED_EDGE('',*,*,#3906,.T.);
#3954 = ORIENTED_EDGE('',*,*,#301,.F.);
#3955 = ORIENTED_EDGE('',*,*,#276,.T.);
#3956 = FACE_BOUND('',#3957,.T.);
#3957 = EDGE_LOOP('',(#3958,#3986,#4019,#4045));
#3958 = ORIENTED_EDGE('',*,*,#3959,.F.);
#3959 = EDGE_CURVE('',#3960,#3962,#3964,.T.);
#3960 = VERTEX_POINT('',#3961);
#3961 = CARTESIAN_POINT('',(12.35,106.4,22.489343826144));
#3962 = VERTEX_POINT('',#3963);
#3963 = CARTESIAN_POINT('',(12.35,105.6,22.489343826144));
#3964 = SURFACE_CURVE('',#3965,(#3969,#3975),.PCURVE_S1.);
#3965 = LINE('',#3966,#3967);
#3966 = CARTESIAN_POINT('',(12.35,100.96988567778,22.489343826144));
#3967 = VECTOR('',#3968,1.);
#3968 = DIRECTION('',(0.,-1.,0.));
#3969 = PCURVE('',#116,#3970);
#3970 = DEFINITIONAL_REPRESENTATION('',(#3971),#3974);
#3971 = B_SPLINE_CURVE_WITH_KNOTS('',1,(#3972,#3973),.UNSPECIFIED.,.F.,
  .F.,(2,2),(-5.430114322211,-4.630114322211),.PIECEWISE_BEZIER_KNOTS.);
#3972 = CARTESIAN_POINT('',(9.607733691477,-3.013188381901));
#3973 = CARTESIAN_POINT('',(8.834993030446,-2.806133145819));
#3974 = ( GEOMETRIC_REPRESENTATION_CONTEXT(2) 
PARAMETRIC_REPRESENTATION_CONTEXT() REPRESENTATION_CONTEXT('2D SPACE',''
  ) );
#3975 = PCURVE('',#3976,#3981);
#3976 = PLANE('',#3977);
#3977 = AXIS2_PLACEMENT_3D('',#3978,#3979,#3980);
#3978 = CARTESIAN_POINT('',(11.15,105.6,22.489343826144));
#3979 = DIRECTION('',(0.,0.,1.));
#3980 = DIRECTION('',(0.,1.,0.));
#3981 = DEFINITIONAL_REPRESENTATION('',(#3982),#3985);
#3982 = B_SPLINE_CURVE_WITH_KNOTS('',1,(#3983,#3984),.UNSPECIFIED.,.F.,
  .F.,(2,2),(-5.430114322211,-4.630114322211),.PIECEWISE_BEZIER_KNOTS.);
#3983 = CARTESIAN_POINT('',(0.8,-1.2));
#3984 = CARTESIAN_POINT('',(0.,-1.2));
#3985 = ( GEOMETRIC_REPRESENTATION_CONTEXT(2) 
PARAMETRIC_REPRESENTATION_CONTEXT() REPRESENTATION_CONTEXT('2D SPACE',''
  ) );
#3986 = ORIENTED_EDGE('',*,*,#3987,.T.);
#3987 = EDGE_CURVE('',#3960,#3988,#3990,.T.);
#3988 = VERTEX_POINT('',#3989);
#3989 = CARTESIAN_POINT('',(12.35,106.4,20.889343826144));
#3990 = SURFACE_CURVE('',#3991,(#3996,#4007),.PCURVE_S1.);
#3991 = CIRCLE('',#3992,0.8);
#3992 = AXIS2_PLACEMENT_3D('',#3993,#3994,#3995);
#3993 = CARTESIAN_POINT('',(12.35,106.4,21.689343826144));
#3994 = DIRECTION('',(-1.,0.,0.));
#3995 = DIRECTION('',(0.,-1.,0.));
#3996 = PCURVE('',#116,#3997);
#3997 = DEFINITIONAL_REPRESENTATION('',(#3998),#4006);
#3998 = ( BOUNDED_CURVE() B_SPLINE_CURVE(2,(#3999,#4000,#4001,#4002,
#4003,#4004,#4005),.UNSPECIFIED.,.T.,.F.) B_SPLINE_CURVE_WITH_KNOTS((1,2
    ,2,2,2,1),(-2.094395102393,0.,2.094395102393,4.188790204786,
6.28318530718,8.377580409573),.UNSPECIFIED.) CURVE() 
GEOMETRIC_REPRESENTATION_ITEM() RATIONAL_B_SPLINE_CURVE((1.,0.5,1.,0.5,
1.,0.5,1.)) REPRESENTATION_ITEM('') );
#3999 = CARTESIAN_POINT('',(8.627937794364,-3.57887380685));
#4000 = CARTESIAN_POINT('',(8.986567983231,-2.24044772087));
#4001 = CARTESIAN_POINT('',(9.966363880344,-3.220243617983));
#4002 = CARTESIAN_POINT('',(10.946159777457,-4.200039515096));
#4003 = CARTESIAN_POINT('',(9.607733691477,-4.558669703963));
#4004 = CARTESIAN_POINT('',(8.269307605496,-4.917299892831));
#4005 = CARTESIAN_POINT('',(8.627937794364,-3.57887380685));
#4006 = ( GEOMETRIC_REPRESENTATION_CONTEXT(2) 
PARAMETRIC_REPRESENTATION_CONTEXT() REPRESENTATION_CONTEXT('2D SPACE',''
  ) );
#4007 = PCURVE('',#4008,#4013);
#4008 = CYLINDRICAL_SURFACE('',#4009,0.8);
#4009 = AXIS2_PLACEMENT_3D('',#4010,#4011,#4012);
#4010 = CARTESIAN_POINT('',(11.15,106.4,21.689343826144));
#4011 = DIRECTION('',(-1.,0.,0.));
#4012 = DIRECTION('',(0.,-1.,0.));
#4013 = DEFINITIONAL_REPRESENTATION('',(#4014),#4018);
#4014 = LINE('',#4015,#4016);
#4015 = CARTESIAN_POINT('',(0.,-1.2));
#4016 = VECTOR('',#4017,1.);
#4017 = DIRECTION('',(1.,0.));
#4018 = ( GEOMETRIC_REPRESENTATION_CONTEXT(2) 
PARAMETRIC_REPRESENTATION_CONTEXT() REPRESENTATION_CONTEXT('2D SPACE',''
  ) );
#4019 = ORIENTED_EDGE('',*,*,#4020,.T.);
#4020 = EDGE_CURVE('',#3988,#4021,#4023,.T.);
#4021 = VERTEX_POINT('',#4022);
#4022 = CARTESIAN_POINT('',(12.35,105.6,20.889343826144));
#4023 = SURFACE_CURVE('',#4024,(#4028,#4034),.PCURVE_S1.);
#4024 = LINE('',#4025,#4026);
#4025 = CARTESIAN_POINT('',(12.35,101.16988567778,20.889343826144));
#4026 = VECTOR('',#4027,1.);
#4027 = DIRECTION('',(0.,-1.,0.));
#4028 = PCURVE('',#116,#4029);
#4029 = DEFINITIONAL_REPRESENTATION('',(#4030),#4033);
#4030 = B_SPLINE_CURVE_WITH_KNOTS('',1,(#4031,#4032),.UNSPECIFIED.,.F.,
  .F.,(2,2),(-5.230114322211,-4.430114322211),.PIECEWISE_BEZIER_KNOTS.);
#4031 = CARTESIAN_POINT('',(9.193623219313,-4.558669703963));
#4032 = CARTESIAN_POINT('',(8.420882558282,-4.351614467881));
#4033 = ( GEOMETRIC_REPRESENTATION_CONTEXT(2) 
PARAMETRIC_REPRESENTATION_CONTEXT() REPRESENTATION_CONTEXT('2D SPACE',''
  ) );
#4034 = PCURVE('',#4035,#4040);
#4035 = PLANE('',#4036);
#4036 = AXIS2_PLACEMENT_3D('',#4037,#4038,#4039);
#4037 = CARTESIAN_POINT('',(11.15,106.,20.889343826144));
#4038 = DIRECTION('',(0.,0.,1.));
#4039 = DIRECTION('',(0.,1.,0.));
#4040 = DEFINITIONAL_REPRESENTATION('',(#4041),#4044);
#4041 = B_SPLINE_CURVE_WITH_KNOTS('',1,(#4042,#4043),.UNSPECIFIED.,.F.,
  .F.,(2,2),(-5.230114322211,-4.430114322211),.PIECEWISE_BEZIER_KNOTS.);
#4042 = CARTESIAN_POINT('',(0.4,-1.2));
#4043 = CARTESIAN_POINT('',(-0.4,-1.2));
#4044 = ( GEOMETRIC_REPRESENTATION_CONTEXT(2) 
PARAMETRIC_REPRESENTATION_CONTEXT() REPRESENTATION_CONTEXT('2D SPACE',''
  ) );
#4045 = ORIENTED_EDGE('',*,*,#4046,.T.);
#4046 = EDGE_CURVE('',#4021,#3962,#4047,.T.);
#4047 = SURFACE_CURVE('',#4048,(#4053,#4064),.PCURVE_S1.);
#4048 = CIRCLE('',#4049,0.8);
#4049 = AXIS2_PLACEMENT_3D('',#4050,#4051,#4052);
#4050 = CARTESIAN_POINT('',(12.35,105.6,21.689343826144));
#4051 = DIRECTION('',(-1.,0.,0.));
#4052 = DIRECTION('',(0.,1.,0.));
#4053 = PCURVE('',#116,#4054);
#4054 = DEFINITIONAL_REPRESENTATION('',(#4055),#4063);
#4055 = ( BOUNDED_CURVE() B_SPLINE_CURVE(2,(#4056,#4057,#4058,#4059,
#4060,#4061,#4062),.UNSPECIFIED.,.T.,.F.) B_SPLINE_CURVE_WITH_KNOTS((1,2
    ,2,2,2,1),(-2.094395102393,0.,2.094395102393,4.188790204786,
6.28318530718,8.377580409573),.UNSPECIFIED.) CURVE() 
GEOMETRIC_REPRESENTATION_ITEM() RATIONAL_B_SPLINE_CURVE((1.,0.5,1.,0.5,
1.,0.5,1.)) REPRESENTATION_ITEM('') );
#4056 = CARTESIAN_POINT('',(9.400678455395,-3.785929042932));
#4057 = CARTESIAN_POINT('',(9.042048266528,-5.124355128913));
#4058 = CARTESIAN_POINT('',(8.062252369414,-4.144559231799));
#4059 = CARTESIAN_POINT('',(7.082456472301,-3.164763334686));
#4060 = CARTESIAN_POINT('',(8.420882558282,-2.806133145819));
#4061 = CARTESIAN_POINT('',(9.759308644262,-2.447502956952));
#4062 = CARTESIAN_POINT('',(9.400678455395,-3.785929042932));
#4063 = ( GEOMETRIC_REPRESENTATION_CONTEXT(2) 
PARAMETRIC_REPRESENTATION_CONTEXT() REPRESENTATION_CONTEXT('2D SPACE',''
  ) );
#4064 = PCURVE('',#4065,#4070);
#4065 = CYLINDRICAL_SURFACE('',#4066,0.8);
#4066 = AXIS2_PLACEMENT_3D('',#4067,#4068,#4069);
#4067 = CARTESIAN_POINT('',(11.15,105.6,21.689343826144));
#4068 = DIRECTION('',(-1.,0.,0.));
#4069 = DIRECTION('',(0.,1.,0.));
#4070 = DEFINITIONAL_REPRESENTATION('',(#4071),#4075);
#4071 = LINE('',#4072,#4073);
#4072 = CARTESIAN_POINT('',(0.,-1.2));
#4073 = VECTOR('',#4074,1.);
#4074 = DIRECTION('',(1.,0.));
#4075 = ( GEOMETRIC_REPRESENTATION_CONTEXT(2) 
PARAMETRIC_REPRESENTATION_CONTEXT() REPRESENTATION_CONTEXT('2D SPACE',''
  ) );
#4076 = FACE_BOUND('',#4077,.T.);
#4077 = EDGE_LOOP('',(#4078,#4106,#4139,#4165));
#4078 = ORIENTED_EDGE('',*,*,#4079,.F.);
#4079 = EDGE_CURVE('',#4080,#4082,#4084,.T.);
#4080 = VERTEX_POINT('',#4081);
#4081 = CARTESIAN_POINT('',(12.35,109.8,22.263408509511));
#4082 = VERTEX_POINT('',#4083);
#4083 = CARTESIAN_POINT('',(12.35,109.,22.263408509511));
#4084 = SURFACE_CURVE('',#4085,(#4089,#4095),.PCURVE_S1.);
#4085 = LINE('',#4086,#4087);
#4086 = CARTESIAN_POINT('',(12.35,102.66988567778,22.263408509511));
#4087 = VECTOR('',#4088,1.);
#4088 = DIRECTION('',(0.,-1.,0.));
#4089 = PCURVE('',#116,#4090);
#4090 = DEFINITIONAL_REPRESENTATION('',(#4091),#4094);
#4091 = B_SPLINE_CURVE_WITH_KNOTS('',1,(#4092,#4093),.UNSPECIFIED.,.F.,
  .F.,(2,2),(-7.130114322211,-6.330114322211),.PIECEWISE_BEZIER_KNOTS.);
#4092 = CARTESIAN_POINT('',(12.833405137954,-4.111409892656));
#4093 = CARTESIAN_POINT('',(12.060664476923,-3.904354656574));
#4094 = ( GEOMETRIC_REPRESENTATION_CONTEXT(2) 
PARAMETRIC_REPRESENTATION_CONTEXT() REPRESENTATION_CONTEXT('2D SPACE',''
  ) );
#4095 = PCURVE('',#4096,#4101);
#4096 = PLANE('',#4097);
#4097 = AXIS2_PLACEMENT_3D('',#4098,#4099,#4100);
#4098 = CARTESIAN_POINT('',(11.15,109.,22.263408509511));
#4099 = DIRECTION('',(0.,0.,1.));
#4100 = DIRECTION('',(0.,1.,0.));
#4101 = DEFINITIONAL_REPRESENTATION('',(#4102),#4105);
#4102 = B_SPLINE_CURVE_WITH_KNOTS('',1,(#4103,#4104),.UNSPECIFIED.,.F.,
  .F.,(2,2),(-7.130114322211,-6.330114322211),.PIECEWISE_BEZIER_KNOTS.);
#4103 = CARTESIAN_POINT('',(0.8,-1.2));
#4104 = CARTESIAN_POINT('',(0.,-1.2));
#4105 = ( GEOMETRIC_REPRESENTATION_CONTEXT(2) 
PARAMETRIC_REPRESENTATION_CONTEXT() REPRESENTATION_CONTEXT('2D SPACE',''
  ) );
#4106 = ORIENTED_EDGE('',*,*,#4107,.T.);
#4107 = EDGE_CURVE('',#4080,#4108,#4110,.T.);
#4108 = VERTEX_POINT('',#4109);
#4109 = CARTESIAN_POINT('',(12.35,109.8,20.663408509511));
#4110 = SURFACE_CURVE('',#4111,(#4116,#4127),.PCURVE_S1.);
#4111 = CIRCLE('',#4112,0.8);
#4112 = AXIS2_PLACEMENT_3D('',#4113,#4114,#4115);
#4113 = CARTESIAN_POINT('',(12.35,109.8,21.463408509511));
#4114 = DIRECTION('',(-1.,0.,0.));
#4115 = DIRECTION('',(0.,-1.,0.));
#4116 = PCURVE('',#116,#4117);
#4117 = DEFINITIONAL_REPRESENTATION('',(#4118),#4126);
#4118 = ( BOUNDED_CURVE() B_SPLINE_CURVE(2,(#4119,#4120,#4121,#4122,
#4123,#4124,#4125),.UNSPECIFIED.,.T.,.F.) B_SPLINE_CURVE_WITH_KNOTS((1,2
    ,2,2,2,1),(-2.094395102393,0.,2.094395102393,4.188790204786,
6.28318530718,8.377580409573),.UNSPECIFIED.) CURVE() 
GEOMETRIC_REPRESENTATION_ITEM() RATIONAL_B_SPLINE_CURVE((1.,0.5,1.,0.5,
1.,0.5,1.)) REPRESENTATION_ITEM('') );
#4119 = CARTESIAN_POINT('',(11.853609240841,-4.677095317605));
#4120 = CARTESIAN_POINT('',(12.212239429708,-3.338669231625));
#4121 = CARTESIAN_POINT('',(13.192035326821,-4.318465128738));
#4122 = CARTESIAN_POINT('',(14.171831223934,-5.298261025851));
#4123 = CARTESIAN_POINT('',(12.833405137954,-5.656891214719));
#4124 = CARTESIAN_POINT('',(11.494979051973,-6.015521403586));
#4125 = CARTESIAN_POINT('',(11.853609240841,-4.677095317605));
#4126 = ( GEOMETRIC_REPRESENTATION_CONTEXT(2) 
PARAMETRIC_REPRESENTATION_CONTEXT() REPRESENTATION_CONTEXT('2D SPACE',''
  ) );
#4127 = PCURVE('',#4128,#4133);
#4128 = CYLINDRICAL_SURFACE('',#4129,0.8);
#4129 = AXIS2_PLACEMENT_3D('',#4130,#4131,#4132);
#4130 = CARTESIAN_POINT('',(11.15,109.8,21.463408509511));
#4131 = DIRECTION('',(-1.,0.,0.));
#4132 = DIRECTION('',(0.,-1.,0.));
#4133 = DEFINITIONAL_REPRESENTATION('',(#4134),#4138);
#4134 = LINE('',#4135,#4136);
#4135 = CARTESIAN_POINT('',(0.,-1.2));
#4136 = VECTOR('',#4137,1.);
#4137 = DIRECTION('',(1.,0.));
#4138 = ( GEOMETRIC_REPRESENTATION_CONTEXT(2) 
PARAMETRIC_REPRESENTATION_CONTEXT() REPRESENTATION_CONTEXT('2D SPACE',''
  ) );
#4139 = ORIENTED_EDGE('',*,*,#4140,.T.);
#4140 = EDGE_CURVE('',#4108,#4141,#4143,.T.);
#4141 = VERTEX_POINT('',#4142);
#4142 = CARTESIAN_POINT('',(12.35,109.,20.663408509511));
#4143 = SURFACE_CURVE('',#4144,(#4148,#4154),.PCURVE_S1.);
#4144 = LINE('',#4145,#4146);
#4145 = CARTESIAN_POINT('',(12.35,102.86988567778,20.663408509511));
#4146 = VECTOR('',#4147,1.);
#4147 = DIRECTION('',(0.,-1.,0.));
#4148 = PCURVE('',#116,#4149);
#4149 = DEFINITIONAL_REPRESENTATION('',(#4150),#4153);
#4150 = B_SPLINE_CURVE_WITH_KNOTS('',1,(#4151,#4152),.UNSPECIFIED.,.F.,
  .F.,(2,2),(-6.930114322211,-6.130114322211),.PIECEWISE_BEZIER_KNOTS.);
#4151 = CARTESIAN_POINT('',(12.41929466579,-5.656891214719));
#4152 = CARTESIAN_POINT('',(11.646554004759,-5.449835978637));
#4153 = ( GEOMETRIC_REPRESENTATION_CONTEXT(2) 
PARAMETRIC_REPRESENTATION_CONTEXT() REPRESENTATION_CONTEXT('2D SPACE',''
  ) );
#4154 = PCURVE('',#4155,#4160);
#4155 = PLANE('',#4156);
#4156 = AXIS2_PLACEMENT_3D('',#4157,#4158,#4159);
#4157 = CARTESIAN_POINT('',(11.15,109.4,20.663408509511));
#4158 = DIRECTION('',(0.,0.,1.));
#4159 = DIRECTION('',(0.,1.,0.));
#4160 = DEFINITIONAL_REPRESENTATION('',(#4161),#4164);
#4161 = B_SPLINE_CURVE_WITH_KNOTS('',1,(#4162,#4163),.UNSPECIFIED.,.F.,
  .F.,(2,2),(-6.930114322211,-6.130114322211),.PIECEWISE_BEZIER_KNOTS.);
#4162 = CARTESIAN_POINT('',(0.4,-1.2));
#4163 = CARTESIAN_POINT('',(-0.4,-1.2));
#4164 = ( GEOMETRIC_REPRESENTATION_CONTEXT(2) 
PARAMETRIC_REPRESENTATION_CONTEXT() REPRESENTATION_CONTEXT('2D SPACE',''
  ) );
#4165 = ORIENTED_EDGE('',*,*,#4166,.T.);
#4166 = EDGE_CURVE('',#4141,#4082,#4167,.T.);
#4167 = SURFACE_CURVE('',#4168,(#4173,#4184),.PCURVE_S1.);
#4168 = CIRCLE('',#4169,0.8);
#4169 = AXIS2_PLACEMENT_3D('',#4170,#4171,#4172);
#4170 = CARTESIAN_POINT('',(12.35,109.,21.463408509511));
#4171 = DIRECTION('',(-1.,0.,0.));
#4172 = DIRECTION('',(0.,1.,0.));
#4173 = PCURVE('',#116,#4174);
#4174 = DEFINITIONAL_REPRESENTATION('',(#4175),#4183);
#4175 = ( BOUNDED_CURVE() B_SPLINE_CURVE(2,(#4176,#4177,#4178,#4179,
#4180,#4181,#4182),.UNSPECIFIED.,.T.,.F.) B_SPLINE_CURVE_WITH_KNOTS((1,2
    ,2,2,2,1),(-2.094395102393,0.,2.094395102393,4.188790204786,
6.28318530718,8.377580409573),.UNSPECIFIED.) CURVE() 
GEOMETRIC_REPRESENTATION_ITEM() RATIONAL_B_SPLINE_CURVE((1.,0.5,1.,0.5,
1.,0.5,1.)) REPRESENTATION_ITEM('') );
#4176 = CARTESIAN_POINT('',(12.626349901872,-4.884150553687));
#4177 = CARTESIAN_POINT('',(12.267719713005,-6.222576639668));
#4178 = CARTESIAN_POINT('',(11.287923815891,-5.242780742555));
#4179 = CARTESIAN_POINT('',(10.308127918778,-4.262984845441));
#4180 = CARTESIAN_POINT('',(11.646554004759,-3.904354656574));
#4181 = CARTESIAN_POINT('',(12.984980090739,-3.545724467707));
#4182 = CARTESIAN_POINT('',(12.626349901872,-4.884150553687));
#4183 = ( GEOMETRIC_REPRESENTATION_CONTEXT(2) 
PARAMETRIC_REPRESENTATION_CONTEXT() REPRESENTATION_CONTEXT('2D SPACE',''
  ) );
#4184 = PCURVE('',#4185,#4190);
#4185 = CYLINDRICAL_SURFACE('',#4186,0.8);
#4186 = AXIS2_PLACEMENT_3D('',#4187,#4188,#4189);
#4187 = CARTESIAN_POINT('',(11.15,109.,21.463408509511));
#4188 = DIRECTION('',(-1.,0.,0.));
#4189 = DIRECTION('',(0.,1.,0.));
#4190 = DEFINITIONAL_REPRESENTATION('',(#4191),#4195);
#4191 = LINE('',#4192,#4193);
#4192 = CARTESIAN_POINT('',(0.,-1.2));
#4193 = VECTOR('',#4194,1.);
#4194 = DIRECTION('',(1.,0.));
#4195 = ( GEOMETRIC_REPRESENTATION_CONTEXT(2) 
PARAMETRIC_REPRESENTATION_CONTEXT() REPRESENTATION_CONTEXT('2D SPACE',''
  ) );
#4196 = FACE_BOUND('',#4197,.T.);
#4197 = EDGE_LOOP('',(#4198));
#4198 = ORIENTED_EDGE('',*,*,#3332,.T.);
#4199 = FACE_BOUND('',#4200,.T.);
#4200 = EDGE_LOOP('',(#4201));
#4201 = ORIENTED_EDGE('',*,*,#3594,.T.);
#4202 = ADVANCED_FACE('',(#4203),#4128,.T.);
#4203 = FACE_BOUND('',#4204,.T.);
#4204 = EDGE_LOOP('',(#4205,#4206,#4229,#4326));
#4205 = ORIENTED_EDGE('',*,*,#4107,.F.);
#4206 = ORIENTED_EDGE('',*,*,#4207,.T.);
#4207 = EDGE_CURVE('',#4080,#4208,#4210,.T.);
#4208 = VERTEX_POINT('',#4209);
#4209 = CARTESIAN_POINT('',(14.21643438427,109.8,22.263408509511));
#4210 = SURFACE_CURVE('',#4211,(#4215,#4222),.PCURVE_S1.);
#4211 = LINE('',#4212,#4213);
#4212 = CARTESIAN_POINT('',(11.15,109.8,22.263408509511));
#4213 = VECTOR('',#4214,1.);
#4214 = DIRECTION('',(1.,0.,0.));
#4215 = PCURVE('',#4128,#4216);
#4216 = DEFINITIONAL_REPRESENTATION('',(#4217),#4221);
#4217 = LINE('',#4218,#4219);
#4218 = CARTESIAN_POINT('',(1.570796326795,0.));
#4219 = VECTOR('',#4220,1.);
#4220 = DIRECTION('',(0.,-1.));
#4221 = ( GEOMETRIC_REPRESENTATION_CONTEXT(2) 
PARAMETRIC_REPRESENTATION_CONTEXT() REPRESENTATION_CONTEXT('2D SPACE',''
  ) );
#4222 = PCURVE('',#4096,#4223);
#4223 = DEFINITIONAL_REPRESENTATION('',(#4224),#4228);
#4224 = LINE('',#4225,#4226);
#4225 = CARTESIAN_POINT('',(0.8,0.));
#4226 = VECTOR('',#4227,1.);
#4227 = DIRECTION('',(0.,-1.));
#4228 = ( GEOMETRIC_REPRESENTATION_CONTEXT(2) 
PARAMETRIC_REPRESENTATION_CONTEXT() REPRESENTATION_CONTEXT('2D SPACE',''
  ) );
#4229 = ORIENTED_EDGE('',*,*,#4230,.T.);
#4230 = EDGE_CURVE('',#4208,#4231,#4233,.T.);
#4231 = VERTEX_POINT('',#4232);
#4232 = CARTESIAN_POINT('',(14.21643438427,109.8,20.663408509511));
#4233 = SURFACE_CURVE('',#4234,(#4261,#4291),.PCURVE_S1.);
#4234 = B_SPLINE_CURVE_WITH_KNOTS('',7,(#4235,#4236,#4237,#4238,#4239,
    #4240,#4241,#4242,#4243,#4244,#4245,#4246,#4247,#4248,#4249,#4250,
    #4251,#4252,#4253,#4254,#4255,#4256,#4257,#4258,#4259,#4260),
  .UNSPECIFIED.,.F.,.F.,(8,6,6,6,8),(0.,0.258281601801,0.499999999935,
    0.74171839807,1.),.UNSPECIFIED.);
#4235 = CARTESIAN_POINT('',(14.216434384269,109.8,22.263408509511));
#4236 = CARTESIAN_POINT('',(14.233422137469,109.90157754011,
    22.263408509511));
#4237 = CARTESIAN_POINT('',(14.252759935194,110.00173855194,
    22.24836152246));
#4238 = CARTESIAN_POINT('',(14.27391393125,110.09784104077,
    22.21902227975));
#4239 = CARTESIAN_POINT('',(14.295997704062,110.18748351549,
    22.17669810475));
#4240 = CARTESIAN_POINT('',(14.317845149371,110.26863499164,
    22.123213521075));
#4241 = CARTESIAN_POINT('',(14.338294058703,110.33976402242,
    22.060883093753));
#4242 = CARTESIAN_POINT('',(14.373505289959,110.45654514978,
    21.928420906169));
#4243 = CARTESIAN_POINT('',(14.388711359433,110.50407987405,
    21.858431587841));
#4244 = CARTESIAN_POINT('',(14.401513947356,110.54235025393,
    21.783851513476));
#4245 = CARTESIAN_POINT('',(14.411437655273,110.57115499538,
    21.70592214361));
#4246 = CARTESIAN_POINT('',(14.41815811871,110.59038648157,
    21.62580214425));
#4247 = CARTESIAN_POINT('',(14.421517718719,110.6,21.544600925835));
#4248 = CARTESIAN_POINT('',(14.421517718719,110.6,21.382216093187));
#4249 = CARTESIAN_POINT('',(14.41815811871,110.59038648157,
    21.301014874772));
#4250 = CARTESIAN_POINT('',(14.411437655273,110.57115499538,
    21.220894875412));
#4251 = CARTESIAN_POINT('',(14.401513947356,110.54235025393,
    21.142965505546));
#4252 = CARTESIAN_POINT('',(14.388711359433,110.50407987405,
    21.068385431181));
#4253 = CARTESIAN_POINT('',(14.373505289959,110.45654514978,
    20.998396112853));
#4254 = CARTESIAN_POINT('',(14.338294058694,110.33976402239,
    20.865933925234));
#4255 = CARTESIAN_POINT('',(14.317845149393,110.26863499171,
    20.803603498038));
#4256 = CARTESIAN_POINT('',(14.295997704047,110.18748351547,
    20.750118914165));
#4257 = CARTESIAN_POINT('',(14.273913931241,110.09784104067,
    20.707794739333));
#4258 = CARTESIAN_POINT('',(14.252759935214,110.00173855208,
    20.678455496548));
#4259 = CARTESIAN_POINT('',(14.233422137458,109.90157754005,
    20.663408509511));
#4260 = CARTESIAN_POINT('',(14.216434384269,109.8,20.663408509511));
#4261 = PCURVE('',#4128,#4262);
#4262 = DEFINITIONAL_REPRESENTATION('',(#4263),#4290);
#4263 = B_SPLINE_CURVE_WITH_KNOTS('',7,(#4264,#4265,#4266,#4267,#4268,
    #4269,#4270,#4271,#4272,#4273,#4274,#4275,#4276,#4277,#4278,#4279,
    #4280,#4281,#4282,#4283,#4284,#4285,#4286,#4287,#4288,#4289),
  .UNSPECIFIED.,.F.,.F.,(8,6,6,6,8),(0.,0.258281601801,0.499999999935,
    0.74171839807,1.),.UNSPECIFIED.);
#4264 = CARTESIAN_POINT('',(1.570796326795,-3.066434384269));
#4265 = CARTESIAN_POINT('',(1.69776825194,-3.083422137469));
#4266 = CARTESIAN_POINT('',(1.822969560948,-3.102759935194));
#4267 = CARTESIAN_POINT('',(1.946440856004,-3.12391393125));
#4268 = CARTESIAN_POINT('',(2.068105829786,-3.145997704062));
#4269 = CARTESIAN_POINT('',(2.187759981762,-3.167845149372));
#4270 = CARTESIAN_POINT('',(2.305001409568,-3.188294058703));
#4271 = CARTESIAN_POINT('',(2.525739032547,-3.223505289959));
#4272 = CARTESIAN_POINT('',(2.630658239917,-3.238711359433));
#4273 = CARTESIAN_POINT('',(2.734206572657,-3.251513947356));
#4274 = CARTESIAN_POINT('',(2.836743936511,-3.261437655273));
#4275 = CARTESIAN_POINT('',(2.93860029368,-3.26815811871));
#4276 = CARTESIAN_POINT('',(3.040102133185,-3.271517718719));
#4277 = CARTESIAN_POINT('',(3.243083173995,-3.271517718719));
#4278 = CARTESIAN_POINT('',(3.3445850135,-3.26815811871));
#4279 = CARTESIAN_POINT('',(3.446441370669,-3.261437655273));
#4280 = CARTESIAN_POINT('',(3.548978734522,-3.251513947356));
#4281 = CARTESIAN_POINT('',(3.652527067262,-3.238711359433));
#4282 = CARTESIAN_POINT('',(3.757446274633,-3.223505289959));
#4283 = CARTESIAN_POINT('',(3.978183897668,-3.188294058694));
#4284 = CARTESIAN_POINT('',(4.095425325289,-3.167845149393));
#4285 = CARTESIAN_POINT('',(4.215079477469,-3.145997704047));
#4286 = CARTESIAN_POINT('',(4.336744451265,-3.123913931241));
#4287 = CARTESIAN_POINT('',(4.460215746074,-3.102759935214));
#4288 = CARTESIAN_POINT('',(4.585417055316,-3.083422137458));
#4289 = CARTESIAN_POINT('',(4.712388980385,-3.066434384269));
#4290 = ( GEOMETRIC_REPRESENTATION_CONTEXT(2) 
PARAMETRIC_REPRESENTATION_CONTEXT() REPRESENTATION_CONTEXT('2D SPACE',''
  ) );
#4291 = PCURVE('',#4292,#4297);
#4292 = CYLINDRICAL_SURFACE('',#4293,4.85);
#4293 = AXIS2_PLACEMENT_3D('',#4294,#4295,#4296);
#4294 = CARTESIAN_POINT('',(19.,109.,11.));
#4295 = DIRECTION('',(-0.,-0.,-1.));
#4296 = DIRECTION('',(1.,0.,0.));
#4297 = DEFINITIONAL_REPRESENTATION('',(#4298),#4325);
#4298 = B_SPLINE_CURVE_WITH_KNOTS('',7,(#4299,#4300,#4301,#4302,#4303,
    #4304,#4305,#4306,#4307,#4308,#4309,#4310,#4311,#4312,#4313,#4314,
    #4315,#4316,#4317,#4318,#4319,#4320,#4321,#4322,#4323,#4324),
  .UNSPECIFIED.,.F.,.F.,(8,6,6,6,8),(0.,0.258281601801,0.499999999935,
    0.74171839807,1.),.UNSPECIFIED.);
#4299 = CARTESIAN_POINT('',(-2.975886904779,-11.26340850951));
#4300 = CARTESIAN_POINT('',(-2.95465221328,-11.26340850951));
#4301 = CARTESIAN_POINT('',(-2.933625646545,-11.24836152246));
#4302 = CARTESIAN_POINT('',(-2.913347128058,-11.21902227975));
#4303 = CARTESIAN_POINT('',(-2.89432045599,-11.17669810475));
#4304 = CARTESIAN_POINT('',(-2.87699649452,-11.12321352107));
#4305 = CARTESIAN_POINT('',(-2.861737963712,-11.06088309375));
#4306 = CARTESIAN_POINT('',(-2.836588680427,-10.92842090616));
#4307 = CARTESIAN_POINT('',(-2.826299901892,-10.85843158784));
#4308 = CARTESIAN_POINT('',(-2.81798002455,-10.78385151347));
#4309 = CARTESIAN_POINT('',(-2.81169843102,-10.70592214361));
#4310 = CARTESIAN_POINT('',(-2.807497994983,-10.62580214425));
#4311 = CARTESIAN_POINT('',(-2.805398287014,-10.54460092583));
#4312 = CARTESIAN_POINT('',(-2.805398287014,-10.38221609318));
#4313 = CARTESIAN_POINT('',(-2.807497994983,-10.30101487477));
#4314 = CARTESIAN_POINT('',(-2.81169843102,-10.22089487541));
#4315 = CARTESIAN_POINT('',(-2.81798002455,-10.14296550554));
#4316 = CARTESIAN_POINT('',(-2.826299901892,-10.06838543118));
#4317 = CARTESIAN_POINT('',(-2.836588680427,-9.998396112853));
#4318 = CARTESIAN_POINT('',(-2.861737963719,-9.865933925234));
#4319 = CARTESIAN_POINT('',(-2.876996494507,-9.803603498038));
#4320 = CARTESIAN_POINT('',(-2.894320455994,-9.750118914165));
#4321 = CARTESIAN_POINT('',(-2.913347128078,-9.707794739333));
#4322 = CARTESIAN_POINT('',(-2.933625646517,-9.678455496548));
#4323 = CARTESIAN_POINT('',(-2.954652213293,-9.663408509511));
#4324 = CARTESIAN_POINT('',(-2.975886904779,-9.663408509511));
#4325 = ( GEOMETRIC_REPRESENTATION_CONTEXT(2) 
PARAMETRIC_REPRESENTATION_CONTEXT() REPRESENTATION_CONTEXT('2D SPACE',''
  ) );
#4326 = ORIENTED_EDGE('',*,*,#4327,.F.);
#4327 = EDGE_CURVE('',#4108,#4231,#4328,.T.);
#4328 = SURFACE_CURVE('',#4329,(#4333,#4340),.PCURVE_S1.);
#4329 = LINE('',#4330,#4331);
#4330 = CARTESIAN_POINT('',(11.15,109.8,20.663408509511));
#4331 = VECTOR('',#4332,1.);
#4332 = DIRECTION('',(1.,0.,0.));
#4333 = PCURVE('',#4128,#4334);
#4334 = DEFINITIONAL_REPRESENTATION('',(#4335),#4339);
#4335 = LINE('',#4336,#4337);
#4336 = CARTESIAN_POINT('',(4.712388980385,0.));
#4337 = VECTOR('',#4338,1.);
#4338 = DIRECTION('',(0.,-1.));
#4339 = ( GEOMETRIC_REPRESENTATION_CONTEXT(2) 
PARAMETRIC_REPRESENTATION_CONTEXT() REPRESENTATION_CONTEXT('2D SPACE',''
  ) );
#4340 = PCURVE('',#4155,#4341);
#4341 = DEFINITIONAL_REPRESENTATION('',(#4342),#4346);
#4342 = LINE('',#4343,#4344);
#4343 = CARTESIAN_POINT('',(0.4,0.));
#4344 = VECTOR('',#4345,1.);
#4345 = DIRECTION('',(0.,-1.));
#4346 = ( GEOMETRIC_REPRESENTATION_CONTEXT(2) 
PARAMETRIC_REPRESENTATION_CONTEXT() REPRESENTATION_CONTEXT('2D SPACE',''
  ) );
#4347 = ADVANCED_FACE('',(#4348,#4430,#4813),#4292,.T.);
#4348 = FACE_BOUND('',#4349,.F.);
#4349 = EDGE_LOOP('',(#4350,#4375,#4402,#4403));
#4350 = ORIENTED_EDGE('',*,*,#4351,.F.);
#4351 = EDGE_CURVE('',#4352,#4354,#4356,.T.);
#4352 = VERTEX_POINT('',#4353);
#4353 = CARTESIAN_POINT('',(23.85,109.,11.));
#4354 = VERTEX_POINT('',#4355);
#4355 = CARTESIAN_POINT('',(23.85,109.,29.));
#4356 = SEAM_CURVE('',#4357,(#4361,#4368),.PCURVE_S1.);
#4357 = LINE('',#4358,#4359);
#4358 = CARTESIAN_POINT('',(23.85,109.,11.));
#4359 = VECTOR('',#4360,1.);
#4360 = DIRECTION('',(0.,0.,1.));
#4361 = PCURVE('',#4292,#4362);
#4362 = DEFINITIONAL_REPRESENTATION('',(#4363),#4367);
#4363 = LINE('',#4364,#4365);
#4364 = CARTESIAN_POINT('',(-6.28318530718,0.));
#4365 = VECTOR('',#4366,1.);
#4366 = DIRECTION('',(-0.,-1.));
#4367 = ( GEOMETRIC_REPRESENTATION_CONTEXT(2) 
PARAMETRIC_REPRESENTATION_CONTEXT() REPRESENTATION_CONTEXT('2D SPACE',''
  ) );
#4368 = PCURVE('',#4292,#4369);
#4369 = DEFINITIONAL_REPRESENTATION('',(#4370),#4374);
#4370 = LINE('',#4371,#4372);
#4371 = CARTESIAN_POINT('',(-0.,0.));
#4372 = VECTOR('',#4373,1.);
#4373 = DIRECTION('',(-0.,-1.));
#4374 = ( GEOMETRIC_REPRESENTATION_CONTEXT(2) 
PARAMETRIC_REPRESENTATION_CONTEXT() REPRESENTATION_CONTEXT('2D SPACE',''
  ) );
#4375 = ORIENTED_EDGE('',*,*,#4376,.F.);
#4376 = EDGE_CURVE('',#4352,#4352,#4377,.T.);
#4377 = SURFACE_CURVE('',#4378,(#4383,#4390),.PCURVE_S1.);
#4378 = CIRCLE('',#4379,4.85);
#4379 = AXIS2_PLACEMENT_3D('',#4380,#4381,#4382);
#4380 = CARTESIAN_POINT('',(19.,109.,11.));
#4381 = DIRECTION('',(0.,0.,1.));
#4382 = DIRECTION('',(1.,0.,0.));
#4383 = PCURVE('',#4292,#4384);
#4384 = DEFINITIONAL_REPRESENTATION('',(#4385),#4389);
#4385 = LINE('',#4386,#4387);
#4386 = CARTESIAN_POINT('',(-0.,0.));
#4387 = VECTOR('',#4388,1.);
#4388 = DIRECTION('',(-1.,0.));
#4389 = ( GEOMETRIC_REPRESENTATION_CONTEXT(2) 
PARAMETRIC_REPRESENTATION_CONTEXT() REPRESENTATION_CONTEXT('2D SPACE',''
  ) );
#4390 = PCURVE('',#4391,#4396);
#4391 = PLANE('',#4392);
#4392 = AXIS2_PLACEMENT_3D('',#4393,#4394,#4395);
#4393 = CARTESIAN_POINT('',(19.,109.,11.));
#4394 = DIRECTION('',(0.,0.,1.));
#4395 = DIRECTION('',(1.,0.,0.));
#4396 = DEFINITIONAL_REPRESENTATION('',(#4397),#4401);
#4397 = CIRCLE('',#4398,4.85);
#4398 = AXIS2_PLACEMENT_2D('',#4399,#4400);
#4399 = CARTESIAN_POINT('',(4.229196286204E-16,-8.396185321814E-17));
#4400 = DIRECTION('',(1.,0.));
#4401 = ( GEOMETRIC_REPRESENTATION_CONTEXT(2) 
PARAMETRIC_REPRESENTATION_CONTEXT() REPRESENTATION_CONTEXT('2D SPACE',''
  ) );
#4402 = ORIENTED_EDGE('',*,*,#4351,.T.);
#4403 = ORIENTED_EDGE('',*,*,#4404,.T.);
#4404 = EDGE_CURVE('',#4354,#4354,#4405,.T.);
#4405 = SURFACE_CURVE('',#4406,(#4411,#4418),.PCURVE_S1.);
#4406 = CIRCLE('',#4407,4.85);
#4407 = AXIS2_PLACEMENT_3D('',#4408,#4409,#4410);
#4408 = CARTESIAN_POINT('',(19.,109.,29.));
#4409 = DIRECTION('',(0.,0.,1.));
#4410 = DIRECTION('',(1.,0.,0.));
#4411 = PCURVE('',#4292,#4412);
#4412 = DEFINITIONAL_REPRESENTATION('',(#4413),#4417);
#4413 = LINE('',#4414,#4415);
#4414 = CARTESIAN_POINT('',(-0.,-18.));
#4415 = VECTOR('',#4416,1.);
#4416 = DIRECTION('',(-1.,0.));
#4417 = ( GEOMETRIC_REPRESENTATION_CONTEXT(2) 
PARAMETRIC_REPRESENTATION_CONTEXT() REPRESENTATION_CONTEXT('2D SPACE',''
  ) );
#4418 = PCURVE('',#4419,#4424);
#4419 = PLANE('',#4420);
#4420 = AXIS2_PLACEMENT_3D('',#4421,#4422,#4423);
#4421 = CARTESIAN_POINT('',(19.,109.,29.));
#4422 = DIRECTION('',(0.,0.,1.));
#4423 = DIRECTION('',(1.,0.,0.));
#4424 = DEFINITIONAL_REPRESENTATION('',(#4425),#4429);
#4425 = CIRCLE('',#4426,4.85);
#4426 = AXIS2_PLACEMENT_2D('',#4427,#4428);
#4427 = CARTESIAN_POINT('',(4.229196286204E-16,-8.396185321814E-17));
#4428 = DIRECTION('',(1.,0.));
#4429 = ( GEOMETRIC_REPRESENTATION_CONTEXT(2) 
PARAMETRIC_REPRESENTATION_CONTEXT() REPRESENTATION_CONTEXT('2D SPACE',''
  ) );
#4430 = FACE_BOUND('',#4431,.F.);
#4431 = EDGE_LOOP('',(#4432,#4462,#4602,#4630));
#4432 = ORIENTED_EDGE('',*,*,#4433,.T.);
#4433 = EDGE_CURVE('',#4434,#4436,#4438,.T.);
#4434 = VERTEX_POINT('',#4435);
#4435 = CARTESIAN_POINT('',(15.541315278896,105.6,22.489343826144));
#4436 = VERTEX_POINT('',#4437);
#4437 = CARTESIAN_POINT('',(14.905796780813,106.4,22.489343826144));
#4438 = SURFACE_CURVE('',#4439,(#4444,#4451),.PCURVE_S1.);
#4439 = CIRCLE('',#4440,4.85);
#4440 = AXIS2_PLACEMENT_3D('',#4441,#4442,#4443);
#4441 = CARTESIAN_POINT('',(19.,109.,22.489343826144));
#4442 = DIRECTION('',(0.,0.,-1.));
#4443 = DIRECTION('',(1.,0.,0.));
#4444 = PCURVE('',#4292,#4445);
#4445 = DEFINITIONAL_REPRESENTATION('',(#4446),#4450);
#4446 = LINE('',#4447,#4448);
#4447 = CARTESIAN_POINT('',(-6.28318530718,-11.48934382614));
#4448 = VECTOR('',#4449,1.);
#4449 = DIRECTION('',(1.,-0.));
#4450 = ( GEOMETRIC_REPRESENTATION_CONTEXT(2) 
PARAMETRIC_REPRESENTATION_CONTEXT() REPRESENTATION_CONTEXT('2D SPACE',''
  ) );
#4451 = PCURVE('',#3976,#4452);
#4452 = DEFINITIONAL_REPRESENTATION('',(#4453),#4461);
#4453 = ( BOUNDED_CURVE() B_SPLINE_CURVE(2,(#4454,#4455,#4456,#4457,
#4458,#4459,#4460),.UNSPECIFIED.,.T.,.F.) B_SPLINE_CURVE_WITH_KNOTS((1,2
    ,2,2,2,1),(-2.094395102393,0.,2.094395102393,4.188790204786,
6.28318530718,8.377580409573),.UNSPECIFIED.) CURVE() 
GEOMETRIC_REPRESENTATION_ITEM() RATIONAL_B_SPLINE_CURVE((1.,0.5,1.,0.5,
1.,0.5,1.)) REPRESENTATION_ITEM('') );
#4454 = CARTESIAN_POINT('',(3.4,-12.7));
#4455 = CARTESIAN_POINT('',(-5.000446416709,-12.7));
#4456 = CARTESIAN_POINT('',(-0.800223208355,-5.425));
#4457 = CARTESIAN_POINT('',(3.4,1.85));
#4458 = CARTESIAN_POINT('',(7.600223208355,-5.425));
#4459 = CARTESIAN_POINT('',(11.800446416709,-12.7));
#4460 = CARTESIAN_POINT('',(3.4,-12.7));
#4461 = ( GEOMETRIC_REPRESENTATION_CONTEXT(2) 
PARAMETRIC_REPRESENTATION_CONTEXT() REPRESENTATION_CONTEXT('2D SPACE',''
  ) );
#4462 = ORIENTED_EDGE('',*,*,#4463,.T.);
#4463 = EDGE_CURVE('',#4436,#4464,#4466,.T.);
#4464 = VERTEX_POINT('',#4465);
#4465 = CARTESIAN_POINT('',(14.905796780813,106.4,20.889343826144));
#4466 = SURFACE_CURVE('',#4467,(#4510,#4556),.PCURVE_S1.);
#4467 = B_SPLINE_CURVE_WITH_KNOTS('',5,(#4468,#4469,#4470,#4471,#4472,
    #4473,#4474,#4475,#4476,#4477,#4478,#4479,#4480,#4481,#4482,#4483,
    #4484,#4485,#4486,#4487,#4488,#4489,#4490,#4491,#4492,#4493,#4494,
    #4495,#4496,#4497,#4498,#4499,#4500,#4501,#4502,#4503,#4504,#4505,
    #4506,#4507,#4508,#4509),.UNSPECIFIED.,.F.,.F.,(6,4,4,4,4,4,4,4,4,4,
    6),(0.,0.116604886203,0.231937451873,0.293462892456,0.358915116623,
    0.499988004106,0.642108457201,0.708499172053,0.768039798612,
    0.883383639548,1.),.UNSPECIFIED.);
#4468 = CARTESIAN_POINT('',(14.905796780813,106.4,22.489343826144));
#4469 = CARTESIAN_POINT('',(14.868880444274,106.45813191688,
    22.489343826144));
#4470 = CARTESIAN_POINT('',(14.833026011948,106.51687108005,
    22.484063557796));
#4471 = CARTESIAN_POINT('',(14.798737020463,106.57541999517,
    22.473282911502));
#4472 = CARTESIAN_POINT('',(14.766377825758,106.63294312301,
    22.457005892062));
#4473 = CARTESIAN_POINT('',(14.706313074677,106.74374637492,
    22.414139346797));
#4474 = CARTESIAN_POINT('',(14.678597522914,106.79699809875,
    22.387690631049));
#4475 = CARTESIAN_POINT('',(14.653254320634,106.84763974296,
    22.35635281966));
#4476 = CARTESIAN_POINT('',(14.63037630285,106.89496010021,
    22.320585078757));
#4477 = CARTESIAN_POINT('',(14.599086944645,106.96158884912,
    22.259957582051));
#4478 = CARTESIAN_POINT('',(14.588902568902,106.98367373467,
    22.237787262649));
#4479 = CARTESIAN_POINT('',(14.579412333189,107.00459719751,
    22.214620727299));
#4480 = CARTESIAN_POINT('',(14.570607110142,107.02430147018,
    22.190548899531));
#4481 = CARTESIAN_POINT('',(14.553824043372,107.0623522245,
    22.139204563209));
#4482 = CARTESIAN_POINT('',(14.545934836625,107.08053241954,
    22.111825226364));
#4483 = CARTESIAN_POINT('',(14.538788173636,107.0972332848,
    22.083635548956));
#4484 = CARTESIAN_POINT('',(14.532365827689,107.11241855914,
    22.054741594385));
#4485 = CARTESIAN_POINT('',(14.514332360632,107.15546692958,
    21.961693214227));
#4486 = CARTESIAN_POINT('',(14.505304015297,107.17769707055,
    21.895392419823));
#4487 = CARTESIAN_POINT('',(14.499360185482,107.19256967134,
    21.827290615017));
#4488 = CARTESIAN_POINT('',(14.49639033663,107.2,21.758303272911));
#4489 = CARTESIAN_POINT('',(14.49639033663,107.2,21.619872306885));
#4490 = CARTESIAN_POINT('',(14.499404460348,107.19245890943,
    21.550371854165));
#4491 = CARTESIAN_POINT('',(14.505437015482,107.17736425595,
    21.481776980304));
#4492 = CARTESIAN_POINT('',(14.514601797825,107.15480360291,
    21.415024231673));
#4493 = CARTESIAN_POINT('',(14.532953111113,107.11102659532,
    21.321202722156));
#4494 = CARTESIAN_POINT('',(14.539524754851,107.09550202647,
    21.291946748874));
#4495 = CARTESIAN_POINT('',(14.546842861822,107.07841999045,
    21.263422240969));
#4496 = CARTESIAN_POINT('',(14.554926412956,107.05981899785,
    21.235740069065));
#4497 = CARTESIAN_POINT('',(14.571749347754,107.02174737752,
    21.185033431579));
#4498 = CARTESIAN_POINT('',(14.580333542355,107.00256729703,
    21.161826426473));
#4499 = CARTESIAN_POINT('',(14.58956078763,106.98224682255,
    21.13947040812));
#4500 = CARTESIAN_POINT('',(14.599439133225,106.96083888537,
    21.11804765573));
#4501 = CARTESIAN_POINT('',(14.630376284235,106.89496013985,
    21.0581026096));
#4502 = CARTESIAN_POINT('',(14.653254304262,106.84763977506,
    21.022334848537));
#4503 = CARTESIAN_POINT('',(14.678597525309,106.79699809172,
    20.990997010997));
#4504 = CARTESIAN_POINT('',(14.706313093783,106.74374633968,
    20.964548291856));
#4505 = CARTESIAN_POINT('',(14.766377825758,106.63294312301,
    20.921681760225));
#4506 = CARTESIAN_POINT('',(14.798737020463,106.57541999517,
    20.905404740786));
#4507 = CARTESIAN_POINT('',(14.833026011948,106.51687108005,
    20.894624094491));
#4508 = CARTESIAN_POINT('',(14.868880444274,106.45813191688,
    20.889343826144));
#4509 = CARTESIAN_POINT('',(14.905796780813,106.4,20.889343826144));
#4510 = PCURVE('',#4292,#4511);
#4511 = DEFINITIONAL_REPRESENTATION('',(#4512),#4555);
#4512 = B_SPLINE_CURVE_WITH_KNOTS('',5,(#4513,#4514,#4515,#4516,#4517,
    #4518,#4519,#4520,#4521,#4522,#4523,#4524,#4525,#4526,#4527,#4528,
    #4529,#4530,#4531,#4532,#4533,#4534,#4535,#4536,#4537,#4538,#4539,
    #4540,#4541,#4542,#4543,#4544,#4545,#4546,#4547,#4548,#4549,#4550,
    #4551,#4552,#4553,#4554),.UNSPECIFIED.,.F.,.F.,(6,4,4,4,4,4,4,4,4,4,
    6),(0.,0.116604886203,0.231937451873,0.293462892456,0.358915116623,
    0.499988004106,0.642108457201,0.708499172053,0.768039798612,
    0.883383639548,1.),.UNSPECIFIED.);
#4513 = CARTESIAN_POINT('',(-3.707382180184,-11.48934382614));
#4514 = CARTESIAN_POINT('',(-3.693183589207,-11.48934382614));
#4515 = CARTESIAN_POINT('',(-3.67899669114,-11.48406355779));
#4516 = CARTESIAN_POINT('',(-3.665009913101,-11.4732829115));
#4517 = CARTESIAN_POINT('',(-3.651403283434,-11.45700589206));
#4518 = CARTESIAN_POINT('',(-3.625416428873,-11.41413934679));
#4519 = CARTESIAN_POINT('',(-3.613040376279,-11.38769063104));
#4520 = CARTESIAN_POINT('',(-3.601365961987,-11.35635281966));
#4521 = CARTESIAN_POINT('',(-3.590529394168,-11.32058507875));
#4522 = CARTESIAN_POINT('',(-3.575352099764,-11.25995758205));
#4523 = CARTESIAN_POINT('',(-3.570337779136,-11.23778726264));
#4524 = CARTESIAN_POINT('',(-3.565600756205,-11.21462072729));
#4525 = CARTESIAN_POINT('',(-3.561150872104,-11.19054889953));
#4526 = CARTESIAN_POINT('',(-3.552576102374,-11.1392045632));
#4527 = CARTESIAN_POINT('',(-3.548489953511,-11.11182522636));
#4528 = CARTESIAN_POINT('',(-3.544744502225,-11.08363554895));
#4529 = CARTESIAN_POINT('',(-3.541345023938,-11.05474159438));
#4530 = CARTESIAN_POINT('',(-3.531721726729,-10.96169321422));
#4531 = CARTESIAN_POINT('',(-3.52677488278,-10.89539241982));
#4532 = CARTESIAN_POINT('',(-3.523472471533,-10.82729061501));
#4533 = CARTESIAN_POINT('',(-3.521822619292,-10.75830327291));
#4534 = CARTESIAN_POINT('',(-3.521822619292,-10.61987230688));
#4535 = CARTESIAN_POINT('',(-3.523497065239,-10.55037185416));
#4536 = CARTESIAN_POINT('',(-3.526848783398,-10.4817769803));
#4537 = CARTESIAN_POINT('',(-3.531869338421,-10.41502423167));
#4538 = CARTESIAN_POINT('',(-3.541656524661,-10.32120272215));
#4539 = CARTESIAN_POINT('',(-3.545132425078,-10.29194674887));
#4540 = CARTESIAN_POINT('',(-3.548964033709,-10.26342224096));
#4541 = CARTESIAN_POINT('',(-3.553145721204,-10.23574006906));
#4542 = CARTESIAN_POINT('',(-3.561727746603,-10.18503343157));
#4543 = CARTESIAN_POINT('',(-3.566060364686,-10.16182642647));
#4544 = CARTESIAN_POINT('',(-3.57066177418,-10.13947040812));
#4545 = CARTESIAN_POINT('',(-3.575522933238,-10.11804765573));
#4546 = CARTESIAN_POINT('',(-3.590529385138,-10.0581026096));
#4547 = CARTESIAN_POINT('',(-3.60136595458,-10.02233484853));
#4548 = CARTESIAN_POINT('',(-3.613040377776,-9.990997010997));
#4549 = CARTESIAN_POINT('',(-3.625416437139,-9.964548291856));
#4550 = CARTESIAN_POINT('',(-3.651403283434,-9.921681760225));
#4551 = CARTESIAN_POINT('',(-3.665009913101,-9.905404740786));
#4552 = CARTESIAN_POINT('',(-3.67899669114,-9.894624094491));
#4553 = CARTESIAN_POINT('',(-3.693183589207,-9.889343826144));
#4554 = CARTESIAN_POINT('',(-3.707382180184,-9.889343826144));
#4555 = ( GEOMETRIC_REPRESENTATION_CONTEXT(2) 
PARAMETRIC_REPRESENTATION_CONTEXT() REPRESENTATION_CONTEXT('2D SPACE',''
  ) );
#4556 = PCURVE('',#4008,#4557);
#4557 = DEFINITIONAL_REPRESENTATION('',(#4558),#4601);
#4558 = B_SPLINE_CURVE_WITH_KNOTS('',5,(#4559,#4560,#4561,#4562,#4563,
    #4564,#4565,#4566,#4567,#4568,#4569,#4570,#4571,#4572,#4573,#4574,
    #4575,#4576,#4577,#4578,#4579,#4580,#4581,#4582,#4583,#4584,#4585,
    #4586,#4587,#4588,#4589,#4590,#4591,#4592,#4593,#4594,#4595,#4596,
    #4597,#4598,#4599,#4600),.UNSPECIFIED.,.F.,.F.,(6,4,4,4,4,4,4,4,4,4,
    6),(0.,0.116604886203,0.231937451873,0.293462892456,0.358915116623,
    0.499988004106,0.642108457201,0.708499172053,0.768039798612,
    0.883383639548,1.),.UNSPECIFIED.);
#4559 = CARTESIAN_POINT('',(1.570796326795,-3.755796780813));
#4560 = CARTESIAN_POINT('',(1.6434612229,-3.718880444274));
#4561 = CARTESIAN_POINT('',(1.716885171055,-3.683026011948));
#4562 = CARTESIAN_POINT('',(1.790870740254,-3.648737020463));
#4563 = CARTESIAN_POINT('',(1.865272291372,-3.616377825758));
#4564 = CARTESIAN_POINT('',(2.013779979192,-3.556313074677));
#4565 = CARTESIAN_POINT('',(2.087789740848,-3.528597522914));
#4566 = CARTESIAN_POINT('',(2.161799456149,-3.503254320634));
#4567 = CARTESIAN_POINT('',(2.235638873942,-3.48037630285));
#4568 = CARTESIAN_POINT('',(2.348243572014,-3.449086944645));
#4569 = CARTESIAN_POINT('',(2.387312829001,-3.438902568902));
#4570 = CARTESIAN_POINT('',(2.426272225825,-3.429412333189));
#4571 = CARTESIAN_POINT('',(2.465111970577,-3.420607110142));
#4572 = CARTESIAN_POINT('',(2.544995682706,-3.403824043372));
#4573 = CARTESIAN_POINT('',(2.586022887584,-3.395934836625));
#4574 = CARTESIAN_POINT('',(2.626908593669,-3.388788173636));
#4575 = CARTESIAN_POINT('',(2.6676579738,-3.382365827689));
#4576 = CARTESIAN_POINT('',(2.795812929128,-3.364332360632));
#4577 = CARTESIAN_POINT('',(2.882697110849,-3.355304015297));
#4578 = CARTESIAN_POINT('',(2.969159315192,-3.349360185482));
#4579 = CARTESIAN_POINT('',(3.055393345131,-3.34639033663));
#4580 = CARTESIAN_POINT('',(3.228432052664,-3.34639033663));
#4581 = CARTESIAN_POINT('',(3.315307462595,-3.349404460348));
#4582 = CARTESIAN_POINT('',(3.402415983592,-3.355437015482));
#4583 = CARTESIAN_POINT('',(3.489955211549,-3.364601797825));
#4584 = CARTESIAN_POINT('',(3.619370374652,-3.382953111113));
#4585 = CARTESIAN_POINT('',(3.660715646206,-3.389524754851));
#4586 = CARTESIAN_POINT('',(3.70220158835,-3.396842861822));
#4587 = CARTESIAN_POINT('',(3.743833265326,-3.404926412956));
#4588 = CARTESIAN_POINT('',(3.823093629,-3.421749347754));
#4589 = CARTESIAN_POINT('',(3.86068642827,-3.430333542355));
#4590 = CARTESIAN_POINT('',(3.89839465669,-3.43956078763));
#4591 = CARTESIAN_POINT('',(3.936209197683,-3.449439133225));
#4592 = CARTESIAN_POINT('',(4.047546366246,-3.480376284235));
#4593 = CARTESIAN_POINT('',(4.121385807685,-3.503254304262));
#4594 = CARTESIAN_POINT('',(4.195395579398,-3.528597525309));
#4595 = CARTESIAN_POINT('',(4.269405375227,-3.556313093783));
#4596 = CARTESIAN_POINT('',(4.417913015807,-3.616377825758));
#4597 = CARTESIAN_POINT('',(4.492314566926,-3.648737020463));
#4598 = CARTESIAN_POINT('',(4.566300136125,-3.683026011948));
#4599 = CARTESIAN_POINT('',(4.639724084279,-3.718880444274));
#4600 = CARTESIAN_POINT('',(4.712388980385,-3.755796780813));
#4601 = ( GEOMETRIC_REPRESENTATION_CONTEXT(2) 
PARAMETRIC_REPRESENTATION_CONTEXT() REPRESENTATION_CONTEXT('2D SPACE',''
  ) );
#4602 = ORIENTED_EDGE('',*,*,#4603,.F.);
#4603 = EDGE_CURVE('',#4604,#4464,#4606,.T.);
#4604 = VERTEX_POINT('',#4605);
#4605 = CARTESIAN_POINT('',(15.541315278896,105.6,20.889343826144));
#4606 = SURFACE_CURVE('',#4607,(#4612,#4619),.PCURVE_S1.);
#4607 = CIRCLE('',#4608,4.85);
#4608 = AXIS2_PLACEMENT_3D('',#4609,#4610,#4611);
#4609 = CARTESIAN_POINT('',(19.,109.,20.889343826144));
#4610 = DIRECTION('',(0.,0.,-1.));
#4611 = DIRECTION('',(1.,0.,0.));
#4612 = PCURVE('',#4292,#4613);
#4613 = DEFINITIONAL_REPRESENTATION('',(#4614),#4618);
#4614 = LINE('',#4615,#4616);
#4615 = CARTESIAN_POINT('',(-6.28318530718,-9.889343826144));
#4616 = VECTOR('',#4617,1.);
#4617 = DIRECTION('',(1.,-0.));
#4618 = ( GEOMETRIC_REPRESENTATION_CONTEXT(2) 
PARAMETRIC_REPRESENTATION_CONTEXT() REPRESENTATION_CONTEXT('2D SPACE',''
  ) );
#4619 = PCURVE('',#4035,#4620);
#4620 = DEFINITIONAL_REPRESENTATION('',(#4621),#4629);
#4621 = ( BOUNDED_CURVE() B_SPLINE_CURVE(2,(#4622,#4623,#4624,#4625,
#4626,#4627,#4628),.UNSPECIFIED.,.T.,.F.) B_SPLINE_CURVE_WITH_KNOTS((1,2
    ,2,2,2,1),(-2.094395102393,0.,2.094395102393,4.188790204786,
6.28318530718,8.377580409573),.UNSPECIFIED.) CURVE() 
GEOMETRIC_REPRESENTATION_ITEM() RATIONAL_B_SPLINE_CURVE((1.,0.5,1.,0.5,
1.,0.5,1.)) REPRESENTATION_ITEM('') );
#4622 = CARTESIAN_POINT('',(3.,-12.7));
#4623 = CARTESIAN_POINT('',(-5.400446416709,-12.7));
#4624 = CARTESIAN_POINT('',(-1.200223208355,-5.425));
#4625 = CARTESIAN_POINT('',(3.,1.85));
#4626 = CARTESIAN_POINT('',(7.200223208355,-5.425));
#4627 = CARTESIAN_POINT('',(11.400446416709,-12.7));
#4628 = CARTESIAN_POINT('',(3.,-12.7));
#4629 = ( GEOMETRIC_REPRESENTATION_CONTEXT(2) 
PARAMETRIC_REPRESENTATION_CONTEXT() REPRESENTATION_CONTEXT('2D SPACE',''
  ) );
#4630 = ORIENTED_EDGE('',*,*,#4631,.T.);
#4631 = EDGE_CURVE('',#4604,#4434,#4632,.T.);
#4632 = SURFACE_CURVE('',#4633,(#4691,#4752),.PCURVE_S1.);
#4633 = B_SPLINE_CURVE_WITH_KNOTS('',6,(#4634,#4635,#4636,#4637,#4638,
    #4639,#4640,#4641,#4642,#4643,#4644,#4645,#4646,#4647,#4648,#4649,
    #4650,#4651,#4652,#4653,#4654,#4655,#4656,#4657,#4658,#4659,#4660,
    #4661,#4662,#4663,#4664,#4665,#4666,#4667,#4668,#4669,#4670,#4671,
    #4672,#4673,#4674,#4675,#4676,#4677,#4678,#4679,#4680,#4681,#4682,
    #4683,#4684,#4685,#4686,#4687,#4688,#4689,#4690),.UNSPECIFIED.,.F.,
  .F.,(7,5,5,5,5,5,5,5,5,5,5,7),(0.,0.175798634211,0.334193295342,
    0.388574246788,0.430122925756,0.452423860229,0.499673501118,
    0.569120456714,0.611623175876,0.663526668094,0.823955700315,1.),
  .UNSPECIFIED.);
#4634 = CARTESIAN_POINT('',(15.541315278896,105.6,20.889343826144));
#4635 = CARTESIAN_POINT('',(15.61452824499,105.52552336258,
    20.889343826144));
#4636 = CARTESIAN_POINT('',(15.689717113887,105.45288627665,
    20.897664067074));
#4637 = CARTESIAN_POINT('',(15.766177276292,105.38281524208,
    20.913533371362));
#4638 = CARTESIAN_POINT('',(15.843189449373,105.3158207392,
    20.936322079256));
#4639 = CARTESIAN_POINT('',(15.919945024478,105.25233317971,
    20.965522785637));
#4640 = CARTESIAN_POINT('',(16.063430933469,105.13909758892,
    21.03249012735));
#4641 = CARTESIAN_POINT('',(16.130337440218,105.08866257963,
    21.069092266958));
#4642 = CARTESIAN_POINT('',(16.195763239787,105.04146593126,
    21.11043026928));
#4643 = CARTESIAN_POINT('',(16.259022350609,104.99773186031,
    21.156560863459));
#4644 = CARTESIAN_POINT('',(16.318902697274,104.95791704715,
    21.207581589459));
#4645 = CARTESIAN_POINT('',(16.392240284634,104.91067409272,
    21.282718260299));
#4646 = CARTESIAN_POINT('',(16.410376580409,104.8991373582,
    21.30251675472));
#4647 = CARTESIAN_POINT('',(16.427824733199,104.88817035575,
    21.322911244068));
#4648 = CARTESIAN_POINT('',(16.444494857778,104.8778087973,
    21.343901450015));
#4649 = CARTESIAN_POINT('',(16.460288084463,104.86809194122,
    21.365485969682));
#4650 = CARTESIAN_POINT('',(16.486410678186,104.85216389878,
    21.404605638935));
#4651 = CARTESIAN_POINT('',(16.497151864488,104.84566556372,
    21.421897208312));
#4652 = CARTESIAN_POINT('',(16.507262937669,104.83959201976,
    21.439522947095));
#4653 = CARTESIAN_POINT('',(16.516688343811,104.8339666527,
    21.457468984459));
#4654 = CARTESIAN_POINT('',(16.525374155436,104.8288118015,
    21.475721615418));
#4655 = CARTESIAN_POINT('',(16.537505070355,104.82164590563,
    21.504221555108));
#4656 = CARTESIAN_POINT('',(16.54151299899,104.81928533425,
    21.514257905201));
#4657 = CARTESIAN_POINT('',(16.545283164757,104.81707072717,
    21.524372608971));
#4658 = CARTESIAN_POINT('',(16.548807282577,104.81500560615,
    21.53456125439));
#4659 = CARTESIAN_POINT('',(16.552077474945,104.81309333176,
    21.54481875954));
#4660 = CARTESIAN_POINT('',(16.561461097948,104.80761613074,
    21.577005956837));
#4661 = CARTESIAN_POINT('',(16.566666827078,104.80459319772,
    21.59916966632));
#4662 = CARTESIAN_POINT('',(16.57062528787,104.80230298698,
    21.621557389266));
#4663 = CARTESIAN_POINT('',(16.573283388756,104.80076809699,
    21.644096360852));
#4664 = CARTESIAN_POINT('',(16.574613432873,104.8,21.666715013335));
#4665 = CARTESIAN_POINT('',(16.574613432873,104.8,21.722603383863));
#4666 = CARTESIAN_POINT('',(16.571740457236,104.80165932609,
    21.755801282163));
#4667 = CARTESIAN_POINT('',(16.566012526801,104.80496630643,
    21.788747530138));
#4668 = CARTESIAN_POINT('',(16.557552293949,104.80987231659,
    21.821240731712));
#4669 = CARTESIAN_POINT('',(16.546584311092,104.81628337713,
    21.853072876669));
#4670 = CARTESIAN_POINT('',(16.525383043969,104.82880612827,
    21.902982946881));
#4671 = CARTESIAN_POINT('',(16.516506844924,104.8340739195,
    21.921626061167));
#4672 = CARTESIAN_POINT('',(16.506859397944,104.83983246499,
    21.939949160572));
#4673 = CARTESIAN_POINT('',(16.496498140142,104.84605797708,
    21.957937741812));
#4674 = CARTESIAN_POINT('',(16.485482249837,104.85272554031,
    21.975577112294));
#4675 = CARTESIAN_POINT('',(16.459695225318,104.8684594303,
    22.013948622688));
#4676 = CARTESIAN_POINT('',(16.444628688,104.87773209771,22.034507284178
    ));
#4677 = CARTESIAN_POINT('',(16.428766116388,104.88759016351,
    22.054526141905));
#4678 = CARTESIAN_POINT('',(16.412193218619,104.89799957999,
    22.074003890034));
#4679 = CARTESIAN_POINT('',(16.394988329189,104.90892920185,
    22.092940149581));
#4680 = CARTESIAN_POINT('',(16.322309545305,104.95565387736,
    22.168193746564));
#4681 = CARTESIAN_POINT('',(16.261901419991,104.99574292731,
    22.220022673411));
#4682 = CARTESIAN_POINT('',(16.197996652543,105.03985558606,
    22.266843809053));
#4683 = CARTESIAN_POINT('',(16.131861973874,105.08751387759,
    22.308760302028));
#4684 = CARTESIAN_POINT('',(16.064208270166,105.1384841337,
    22.345834728531));
#4685 = CARTESIAN_POINT('',(15.919945024479,105.25233317971,
    22.413164866651));
#4686 = CARTESIAN_POINT('',(15.843189449373,105.3158207392,
    22.442365573032));
#4687 = CARTESIAN_POINT('',(15.766177276292,105.38281524208,
    22.465154280926));
#4688 = CARTESIAN_POINT('',(15.689717113887,105.45288627665,
    22.481023585214));
#4689 = CARTESIAN_POINT('',(15.61452824499,105.52552336258,
    22.489343826144));
#4690 = CARTESIAN_POINT('',(15.541315278896,105.6,22.489343826144));
#4691 = PCURVE('',#4292,#4692);
#4692 = DEFINITIONAL_REPRESENTATION('',(#4693),#4751);
#4693 = B_SPLINE_CURVE_WITH_KNOTS('',6,(#4694,#4695,#4696,#4697,#4698,
    #4699,#4700,#4701,#4702,#4703,#4704,#4705,#4706,#4707,#4708,#4709,
    #4710,#4711,#4712,#4713,#4714,#4715,#4716,#4717,#4718,#4719,#4720,
    #4721,#4722,#4723,#4724,#4725,#4726,#4727,#4728,#4729,#4730,#4731,
    #4732,#4733,#4734,#4735,#4736,#4737,#4738,#4739,#4740,#4741,#4742,
    #4743,#4744,#4745,#4746,#4747,#4748,#4749,#4750),.UNSPECIFIED.,.F.,
  .F.,(7,5,5,5,5,5,5,5,5,5,5,7),(0.,0.175798634211,0.334193295342,
    0.388574246788,0.430122925756,0.452423860229,0.499673501118,
    0.569120456714,0.611623175876,0.663526668094,0.823955700315,1.),
  .UNSPECIFIED.);
#4694 = CARTESIAN_POINT('',(-3.918434761204,-9.889343826144));
#4695 = CARTESIAN_POINT('',(-3.939967986526,-9.889343826144));
#4696 = CARTESIAN_POINT('',(-3.961516326379,-9.897664067074));
#4697 = CARTESIAN_POINT('',(-3.982889117325,-9.913533371362));
#4698 = CARTESIAN_POINT('',(-4.003925310865,-9.936322079256));
#4699 = CARTESIAN_POINT('',(-4.024457968129,-9.965522785637));
#4700 = CARTESIAN_POINT('',(-4.062145680962,-10.03249012735));
#4701 = CARTESIAN_POINT('',(-4.079417006847,-10.06909226695));
#4702 = CARTESIAN_POINT('',(-4.096045223073,-10.11043026928));
#4703 = CARTESIAN_POINT('',(-4.111897767329,-10.15656086345));
#4704 = CARTESIAN_POINT('',(-4.126722772869,-10.20758158945));
#4705 = CARTESIAN_POINT('',(-4.144709788252,-10.28271826029));
#4706 = CARTESIAN_POINT('',(-4.149141608982,-10.30251675472));
#4707 = CARTESIAN_POINT('',(-4.153390711312,-10.32291124406));
#4708 = CARTESIAN_POINT('',(-4.157437636982,-10.34390145001));
#4709 = CARTESIAN_POINT('',(-4.16126090747,-10.36548596968));
#4710 = CARTESIAN_POINT('',(-4.16756928433,-10.40460563893));
#4711 = CARTESIAN_POINT('',(-4.170157711018,-10.42189720831));
#4712 = CARTESIAN_POINT('',(-4.172589649942,-10.43952294709));
#4713 = CARTESIAN_POINT('',(-4.174852829188,-10.45746898445));
#4714 = CARTESIAN_POINT('',(-4.176935359032,-10.47572161541));
#4715 = CARTESIAN_POINT('',(-4.179840375091,-10.5042215551));
#4716 = CARTESIAN_POINT('',(-4.180799431818,-10.5142579052));
#4717 = CARTESIAN_POINT('',(-4.181700974443,-10.52437260897));
#4718 = CARTESIAN_POINT('',(-4.182543163783,-10.53456125439));
#4719 = CARTESIAN_POINT('',(-4.183324249149,-10.54481875954));
#4720 = CARTESIAN_POINT('',(-4.185564492214,-10.57700595683));
#4721 = CARTESIAN_POINT('',(-4.186805680805,-10.59916966632));
#4722 = CARTESIAN_POINT('',(-4.187748614828,-10.62155738926));
#4723 = CARTESIAN_POINT('',(-4.188381487107,-10.64409636085));
#4724 = CARTESIAN_POINT('',(-4.18869816744,-10.66671501333));
#4725 = CARTESIAN_POINT('',(-4.18869816744,-10.72260338386));
#4726 = CARTESIAN_POINT('',(-4.188014099818,-10.75580128216));
#4727 = CARTESIAN_POINT('',(-4.186650380048,-10.78874753013));
#4728 = CARTESIAN_POINT('',(-4.184633936073,-10.82124073171));
#4729 = CARTESIAN_POINT('',(-4.182014526607,-10.85307287666));
#4730 = CARTESIAN_POINT('',(-4.176937531909,-10.90298294688));
#4731 = CARTESIAN_POINT('',(-4.174809359826,-10.92162606116));
#4732 = CARTESIAN_POINT('',(-4.172492796364,-10.93994916057));
#4733 = CARTESIAN_POINT('',(-4.17000050428,-10.95793774181));
#4734 = CARTESIAN_POINT('',(-4.16734555592,-10.97557711229));
#4735 = CARTESIAN_POINT('',(-4.161117093221,-11.01394862268));
#4736 = CARTESIAN_POINT('',(-4.157469425053,-11.03450728417));
#4737 = CARTESIAN_POINT('',(-4.153618707617,-11.0545261419));
#4738 = CARTESIAN_POINT('',(-4.149583562336,-11.07400389003));
#4739 = CARTESIAN_POINT('',(-4.145380953152,-11.09294014958));
#4740 = CARTESIAN_POINT('',(-4.127565994053,-11.16819374656));
#4741 = CARTESIAN_POINT('',(-4.112619076667,-11.22002267341));
#4742 = CARTESIAN_POINT('',(-4.09661275561,-11.26684380905));
#4743 = CARTESIAN_POINT('',(-4.079810487497,-11.30876030202));
#4744 = CARTESIAN_POINT('',(-4.062349854615,-11.34583472853));
#4745 = CARTESIAN_POINT('',(-4.024457968129,-11.41316486665));
#4746 = CARTESIAN_POINT('',(-4.003925310865,-11.44236557303));
#4747 = CARTESIAN_POINT('',(-3.982889117325,-11.46515428092));
#4748 = CARTESIAN_POINT('',(-3.961516326379,-11.48102358521));
#4749 = CARTESIAN_POINT('',(-3.939967986526,-11.48934382614));
#4750 = CARTESIAN_POINT('',(-3.918434761204,-11.48934382614));
#4751 = ( GEOMETRIC_REPRESENTATION_CONTEXT(2) 
PARAMETRIC_REPRESENTATION_CONTEXT() REPRESENTATION_CONTEXT('2D SPACE',''
  ) );
#4752 = PCURVE('',#4065,#4753);
#4753 = DEFINITIONAL_REPRESENTATION('',(#4754),#4812);
#4754 = B_SPLINE_CURVE_WITH_KNOTS('',6,(#4755,#4756,#4757,#4758,#4759,
    #4760,#4761,#4762,#4763,#4764,#4765,#4766,#4767,#4768,#4769,#4770,
    #4771,#4772,#4773,#4774,#4775,#4776,#4777,#4778,#4779,#4780,#4781,
    #4782,#4783,#4784,#4785,#4786,#4787,#4788,#4789,#4790,#4791,#4792,
    #4793,#4794,#4795,#4796,#4797,#4798,#4799,#4800,#4801,#4802,#4803,
    #4804,#4805,#4806,#4807,#4808,#4809,#4810,#4811),.UNSPECIFIED.,.F.,
  .F.,(7,5,5,5,5,5,5,5,5,5,5,7),(0.,0.175798634211,0.334193295342,
    0.388574246788,0.430122925756,0.452423860229,0.499673501118,
    0.569120456714,0.611623175876,0.663526668094,0.823955700315,1.),
  .UNSPECIFIED.);
#4755 = CARTESIAN_POINT('',(1.570796326795,-4.391315278896));
#4756 = CARTESIAN_POINT('',(1.663892123565,-4.46452824499));
#4757 = CARTESIAN_POINT('',(1.754688795299,-4.539717113887));
#4758 = CARTESIAN_POINT('',(1.843728356612,-4.616177276292));
#4759 = CARTESIAN_POINT('',(1.931474059419,-4.693189449373));
#4760 = CARTESIAN_POINT('',(2.018362773408,-4.769945024478));
#4761 = CARTESIAN_POINT('',(2.182807501383,-4.913430933469));
#4762 = CARTESIAN_POINT('',(2.260362219512,-4.980337440218));
#4763 = CARTESIAN_POINT('',(2.338296547253,-5.045763239787));
#4764 = CARTESIAN_POINT('',(2.417223331713,-5.109022350609));
#4765 = CARTESIAN_POINT('',(2.497705190006,-5.168902697274));
#4766 = CARTESIAN_POINT('',(2.608648700741,-5.242240284634));
#4767 = CARTESIAN_POINT('',(2.637275875756,-5.260376580409));
#4768 = CARTESIAN_POINT('',(2.666195226452,-5.277824733199));
#4769 = CARTESIAN_POINT('',(2.695428098994,-5.294494857778));
#4770 = CARTESIAN_POINT('',(2.724997367514,-5.310288084463));
#4771 = CARTESIAN_POINT('',(2.777794903241,-5.336410678186));
#4772 = CARTESIAN_POINT('',(2.800876772676,-5.347151864488));
#4773 = CARTESIAN_POINT('',(2.82416681696,-5.357262937669));
#4774 = CARTESIAN_POINT('',(2.847661455174,-5.366688343811));
#4775 = CARTESIAN_POINT('',(2.871359750931,-5.375374155436));
#4776 = CARTESIAN_POINT('',(2.908093519156,-5.387505070355));
#4777 = CARTESIAN_POINT('',(2.92097977346,-5.39151299899));
#4778 = CARTESIAN_POINT('',(2.933920335532,-5.395283164757));
#4779 = CARTESIAN_POINT('',(2.946912742538,-5.398807282577));
#4780 = CARTESIAN_POINT('',(2.959953908571,-5.402077474945));
#4781 = CARTESIAN_POINT('',(3.000766272675,-5.411461097948));
#4782 = CARTESIAN_POINT('',(3.02871218073,-5.416666827078));
#4783 = CARTESIAN_POINT('',(3.056818886289,-5.42062528787));
#4784 = CARTESIAN_POINT('',(3.085033313208,-5.423283388756));
#4785 = CARTESIAN_POINT('',(3.113306637579,-5.424613432873));
#4786 = CARTESIAN_POINT('',(3.183167100738,-5.424613432873));
#4787 = CARTESIAN_POINT('',(3.224664587891,-5.421740457236));
#4788 = CARTESIAN_POINT('',(3.265976425065,-5.416012526801));
#4789 = CARTESIAN_POINT('',(3.306978876256,-5.407552293949));
#4790 = CARTESIAN_POINT('',(3.347522939115,-5.396584311092));
#4791 = CARTESIAN_POINT('',(3.411844329471,-5.375383043969));
#4792 = CARTESIAN_POINT('',(3.436050066679,-5.366506844924));
#4793 = CARTESIAN_POINT('',(3.460043329176,-5.356859397944));
#4794 = CARTESIAN_POINT('',(3.483823225255,-5.346498140142));
#4795 = CARTESIAN_POINT('',(3.507385978572,-5.335482249837));
#4796 = CARTESIAN_POINT('',(3.559225998469,-5.309695225318));
#4797 = CARTESIAN_POINT('',(3.587400672453,-5.294628688));
#4798 = CARTESIAN_POINT('',(3.615269926605,-5.278766116388));
#4799 = CARTESIAN_POINT('',(3.642853442234,-5.262193218619));
#4800 = CARTESIAN_POINT('',(3.670169605455,-5.244988329189));
#4801 = CARTESIAN_POINT('',(3.780893778238,-5.172309545305));
#4802 = CARTESIAN_POINT('',(3.862367182387,-5.111901419991));
#4803 = CARTESIAN_POINT('',(3.942227249193,-5.047996652543));
#4804 = CARTESIAN_POINT('',(4.021055773858,-4.981861973874));
#4805 = CARTESIAN_POINT('',(4.099486924437,-4.914208270166));
#4806 = CARTESIAN_POINT('',(4.264822533771,-4.769945024479));
#4807 = CARTESIAN_POINT('',(4.351711247761,-4.693189449373));
#4808 = CARTESIAN_POINT('',(4.439456950568,-4.616177276292));
#4809 = CARTESIAN_POINT('',(4.528496511881,-4.539717113887));
#4810 = CARTESIAN_POINT('',(4.619293183614,-4.46452824499));
#4811 = CARTESIAN_POINT('',(4.712388980385,-4.391315278896));
#4812 = ( GEOMETRIC_REPRESENTATION_CONTEXT(2) 
PARAMETRIC_REPRESENTATION_CONTEXT() REPRESENTATION_CONTEXT('2D SPACE',''
  ) );
#4813 = FACE_BOUND('',#4814,.F.);
#4814 = EDGE_LOOP('',(#4815,#4843,#4844,#4872));
#4815 = ORIENTED_EDGE('',*,*,#4816,.T.);
#4816 = EDGE_CURVE('',#4817,#4208,#4819,.T.);
#4817 = VERTEX_POINT('',#4818);
#4818 = CARTESIAN_POINT('',(14.15,109.,22.263408509511));
#4819 = SURFACE_CURVE('',#4820,(#4825,#4832),.PCURVE_S1.);
#4820 = CIRCLE('',#4821,4.85);
#4821 = AXIS2_PLACEMENT_3D('',#4822,#4823,#4824);
#4822 = CARTESIAN_POINT('',(19.,109.,22.263408509511));
#4823 = DIRECTION('',(0.,0.,-1.));
#4824 = DIRECTION('',(1.,0.,0.));
#4825 = PCURVE('',#4292,#4826);
#4826 = DEFINITIONAL_REPRESENTATION('',(#4827),#4831);
#4827 = LINE('',#4828,#4829);
#4828 = CARTESIAN_POINT('',(-6.28318530718,-11.26340850951));
#4829 = VECTOR('',#4830,1.);
#4830 = DIRECTION('',(1.,-0.));
#4831 = ( GEOMETRIC_REPRESENTATION_CONTEXT(2) 
PARAMETRIC_REPRESENTATION_CONTEXT() REPRESENTATION_CONTEXT('2D SPACE',''
  ) );
#4832 = PCURVE('',#4096,#4833);
#4833 = DEFINITIONAL_REPRESENTATION('',(#4834),#4842);
#4834 = ( BOUNDED_CURVE() B_SPLINE_CURVE(2,(#4835,#4836,#4837,#4838,
#4839,#4840,#4841),.UNSPECIFIED.,.T.,.F.) B_SPLINE_CURVE_WITH_KNOTS((1,2
    ,2,2,2,1),(-2.094395102393,0.,2.094395102393,4.188790204786,
6.28318530718,8.377580409573),.UNSPECIFIED.) CURVE() 
GEOMETRIC_REPRESENTATION_ITEM() RATIONAL_B_SPLINE_CURVE((1.,0.5,1.,0.5,
1.,0.5,1.)) REPRESENTATION_ITEM('') );
#4835 = CARTESIAN_POINT('',(0.,-12.7));
#4836 = CARTESIAN_POINT('',(-8.400446416709,-12.7));
#4837 = CARTESIAN_POINT('',(-4.200223208355,-5.425));
#4838 = CARTESIAN_POINT('',(-1.187907395173E-15,1.85));
#4839 = CARTESIAN_POINT('',(4.200223208355,-5.425));
#4840 = CARTESIAN_POINT('',(8.400446416709,-12.7));
#4841 = CARTESIAN_POINT('',(0.,-12.7));
#4842 = ( GEOMETRIC_REPRESENTATION_CONTEXT(2) 
PARAMETRIC_REPRESENTATION_CONTEXT() REPRESENTATION_CONTEXT('2D SPACE',''
  ) );
#4843 = ORIENTED_EDGE('',*,*,#4230,.T.);
#4844 = ORIENTED_EDGE('',*,*,#4845,.F.);
#4845 = EDGE_CURVE('',#4846,#4231,#4848,.T.);
#4846 = VERTEX_POINT('',#4847);
#4847 = CARTESIAN_POINT('',(14.15,109.,20.663408509511));
#4848 = SURFACE_CURVE('',#4849,(#4854,#4861),.PCURVE_S1.);
#4849 = CIRCLE('',#4850,4.85);
#4850 = AXIS2_PLACEMENT_3D('',#4851,#4852,#4853);
#4851 = CARTESIAN_POINT('',(19.,109.,20.663408509511));
#4852 = DIRECTION('',(0.,0.,-1.));
#4853 = DIRECTION('',(1.,0.,0.));
#4854 = PCURVE('',#4292,#4855);
#4855 = DEFINITIONAL_REPRESENTATION('',(#4856),#4860);
#4856 = LINE('',#4857,#4858);
#4857 = CARTESIAN_POINT('',(-6.28318530718,-9.663408509511));
#4858 = VECTOR('',#4859,1.);
#4859 = DIRECTION('',(1.,-0.));
#4860 = ( GEOMETRIC_REPRESENTATION_CONTEXT(2) 
PARAMETRIC_REPRESENTATION_CONTEXT() REPRESENTATION_CONTEXT('2D SPACE',''
  ) );
#4861 = PCURVE('',#4155,#4862);
#4862 = DEFINITIONAL_REPRESENTATION('',(#4863),#4871);
#4863 = ( BOUNDED_CURVE() B_SPLINE_CURVE(2,(#4864,#4865,#4866,#4867,
#4868,#4869,#4870),.UNSPECIFIED.,.T.,.F.) B_SPLINE_CURVE_WITH_KNOTS((1,2
    ,2,2,2,1),(-2.094395102393,0.,2.094395102393,4.188790204786,
6.28318530718,8.377580409573),.UNSPECIFIED.) CURVE() 
GEOMETRIC_REPRESENTATION_ITEM() RATIONAL_B_SPLINE_CURVE((1.,0.5,1.,0.5,
1.,0.5,1.)) REPRESENTATION_ITEM('') );
#4864 = CARTESIAN_POINT('',(-0.4,-12.7));
#4865 = CARTESIAN_POINT('',(-8.800446416709,-12.7));
#4866 = CARTESIAN_POINT('',(-4.600223208355,-5.425));
#4867 = CARTESIAN_POINT('',(-0.4,1.85));
#4868 = CARTESIAN_POINT('',(3.800223208355,-5.425));
#4869 = CARTESIAN_POINT('',(8.000446416709,-12.7));
#4870 = CARTESIAN_POINT('',(-0.4,-12.7));
#4871 = ( GEOMETRIC_REPRESENTATION_CONTEXT(2) 
PARAMETRIC_REPRESENTATION_CONTEXT() REPRESENTATION_CONTEXT('2D SPACE',''
  ) );
#4872 = ORIENTED_EDGE('',*,*,#4873,.T.);
#4873 = EDGE_CURVE('',#4846,#4817,#4874,.T.);
#4874 = SURFACE_CURVE('',#4875,(#4902,#4932),.PCURVE_S1.);
#4875 = B_SPLINE_CURVE_WITH_KNOTS('',7,(#4876,#4877,#4878,#4879,#4880,
    #4881,#4882,#4883,#4884,#4885,#4886,#4887,#4888,#4889,#4890,#4891,
    #4892,#4893,#4894,#4895,#4896,#4897,#4898,#4899,#4900,#4901),
  .UNSPECIFIED.,.F.,.F.,(8,6,6,6,8),(0.,0.27681696013,0.499576333044,
    0.802566938906,1.),.UNSPECIFIED.);
#4876 = CARTESIAN_POINT('',(14.15,109.,20.663408509511));
#4877 = CARTESIAN_POINT('',(14.15,108.89054052495,20.663408509511));
#4878 = CARTESIAN_POINT('',(14.152882258493,108.78260068089,
    20.680881213161));
#4879 = CARTESIAN_POINT('',(14.158501706631,108.67952815098,
    20.714954340335));
#4880 = CARTESIAN_POINT('',(14.166202839951,108.58437310373,
    20.763967203201));
#4881 = CARTESIAN_POINT('',(14.174914735908,108.49968540029,
    20.825517658496));
#4882 = CARTESIAN_POINT('',(14.183559330393,108.42729508724,
    20.896480228124));
#4883 = CARTESIAN_POINT('',(14.197655988432,108.32006041979,
    21.03472632839));
#4884 = CARTESIAN_POINT('',(14.203476232193,108.28007826994,
    21.100752329456));
#4885 = CARTESIAN_POINT('',(14.208485796003,108.24804582777,
    21.170117399572));
#4886 = CARTESIAN_POINT('',(14.212418166196,108.22401556098,
    21.241894583362));
#4887 = CARTESIAN_POINT('',(14.215096121732,108.20800178013,
    21.31523485226));
#4888 = CARTESIAN_POINT('',(14.216434384269,108.2,21.38933449827));
#4889 = CARTESIAN_POINT('',(14.216434384269,108.2,21.564161753923));
#4890 = CARTESIAN_POINT('',(14.213958634312,108.21480386763,
    21.665093287573));
#4891 = CARTESIAN_POINT('',(14.208991115401,108.24450582346,
    21.764160317837));
#4892 = CARTESIAN_POINT('',(14.201826038586,108.28912571838,
    21.859228016463));
#4893 = CARTESIAN_POINT('',(14.193090250917,108.34851721957,
    21.947964331881));
#4894 = CARTESIAN_POINT('',(14.18372688693,108.42231111212,
    22.027766640284));
#4895 = CARTESIAN_POINT('',(14.1690642816,108.56660151106,
    22.139689746385));
#4896 = CARTESIAN_POINT('',(14.163465980825,108.62948554517,
    22.178887839179));
#4897 = CARTESIAN_POINT('',(14.158419795652,108.69761130536,
    22.211773445011));
#4898 = CARTESIAN_POINT('',(14.154309822974,108.76997318941,
    22.237283209376));
#4899 = CARTESIAN_POINT('',(14.151444558495,108.84537320448,
    22.254649606062));
#4900 = CARTESIAN_POINT('',(14.15,108.92250158919,22.263408509511));
#4901 = CARTESIAN_POINT('',(14.15,109.,22.263408509511));
#4902 = PCURVE('',#4292,#4903);
#4903 = DEFINITIONAL_REPRESENTATION('',(#4904),#4931);
#4904 = B_SPLINE_CURVE_WITH_KNOTS('',7,(#4905,#4906,#4907,#4908,#4909,
    #4910,#4911,#4912,#4913,#4914,#4915,#4916,#4917,#4918,#4919,#4920,
    #4921,#4922,#4923,#4924,#4925,#4926,#4927,#4928,#4929,#4930),
  .UNSPECIFIED.,.F.,.F.,(8,6,6,6,8),(0.,0.27681696013,0.499576333044,
    0.802566938906,1.),.UNSPECIFIED.);
#4905 = CARTESIAN_POINT('',(-3.14159265359,-9.663408509511));
#4906 = CARTESIAN_POINT('',(-3.164161617517,-9.663408509511));
#4907 = CARTESIAN_POINT('',(-3.18641728573,-9.680881213161));
#4908 = CARTESIAN_POINT('',(-3.207687965897,-9.714954340335));
#4909 = CARTESIAN_POINT('',(-3.22736201066,-9.763967203201));
#4910 = CARTESIAN_POINT('',(-3.244911789399,-9.825517658496));
#4911 = CARTESIAN_POINT('',(-3.259942591005,-9.896480228124));
#4912 = CARTESIAN_POINT('',(-3.282243053917,-10.03472632839));
#4913 = CARTESIAN_POINT('',(-3.290572882548,-10.10075232945));
#4914 = CARTESIAN_POINT('',(-3.297257413293,-10.17011739957));
#4915 = CARTESIAN_POINT('',(-3.302277969974,-10.24189458336));
#4916 = CARTESIAN_POINT('',(-3.305625638492,-10.31523485226));
#4917 = CARTESIAN_POINT('',(-3.3072984024,-10.38933449827));
#4918 = CARTESIAN_POINT('',(-3.3072984024,-10.56416175392));
#4919 = CARTESIAN_POINT('',(-3.304203660133,-10.66509328757));
#4920 = CARTESIAN_POINT('',(-3.297994532925,-10.76416031783));
#4921 = CARTESIAN_POINT('',(-3.28867676493,-10.85922801646));
#4922 = CARTESIAN_POINT('',(-3.276301994642,-10.94796433188));
#4923 = CARTESIAN_POINT('',(-3.2609695447,-11.02776664028));
#4924 = CARTESIAN_POINT('',(-3.23106573375,-11.13968974638));
#4925 = CARTESIAN_POINT('',(-3.218049676192,-11.17888783917));
#4926 = CARTESIAN_POINT('',(-3.203967261118,-11.21177344501));
#4927 = CARTESIAN_POINT('',(-3.189027488913,-11.23728320937));
#4928 = CARTESIAN_POINT('',(-3.173474479682,-11.25464960606));
#4929 = CARTESIAN_POINT('',(-3.157571707365,-11.26340850951));
#4930 = CARTESIAN_POINT('',(-3.14159265359,-11.26340850951));
#4931 = ( GEOMETRIC_REPRESENTATION_CONTEXT(2) 
PARAMETRIC_REPRESENTATION_CONTEXT() REPRESENTATION_CONTEXT('2D SPACE',''
  ) );
#4932 = PCURVE('',#4185,#4933);
#4933 = DEFINITIONAL_REPRESENTATION('',(#4934),#4961);
#4934 = B_SPLINE_CURVE_WITH_KNOTS('',7,(#4935,#4936,#4937,#4938,#4939,
    #4940,#4941,#4942,#4943,#4944,#4945,#4946,#4947,#4948,#4949,#4950,
    #4951,#4952,#4953,#4954,#4955,#4956,#4957,#4958,#4959,#4960),
  .UNSPECIFIED.,.F.,.F.,(8,6,6,6,8),(0.,0.27681696013,0.499576333044,
    0.802566938906,1.),.UNSPECIFIED.);
#4935 = CARTESIAN_POINT('',(1.570796326795,-3.));
#4936 = CARTESIAN_POINT('',(1.707620670601,-3.));
#4937 = CARTESIAN_POINT('',(1.842545507542,-3.002882258493));
#4938 = CARTESIAN_POINT('',(1.975569644232,-3.008501706631));
#4939 = CARTESIAN_POINT('',(2.106543170781,-3.016202839951));
#4940 = CARTESIAN_POINT('',(2.235125418432,-3.024914735908));
#4941 = CARTESIAN_POINT('',(2.360675268201,-3.033559330393));
#4942 = CARTESIAN_POINT('',(2.579376184636,-3.047655988432));
#4943 = CARTESIAN_POINT('',(2.675221708725,-3.053476232193));
#4944 = CARTESIAN_POINT('',(2.769787605044,-3.058485796003));
#4945 = CARTESIAN_POINT('',(2.863404487862,-3.062418166196));
#4946 = CARTESIAN_POINT('',(2.956375238521,-3.065096121732));
#4947 = CARTESIAN_POINT('',(3.049000139539,-3.066434384269));
#4948 = CARTESIAN_POINT('',(3.267534209105,-3.066434384269));
#4949 = CARTESIAN_POINT('',(3.393698448436,-3.063958634312));
#4950 = CARTESIAN_POINT('',(3.520795807336,-3.058991115401));
#4951 = CARTESIAN_POINT('',(3.649468879711,-3.051826038586));
#4952 = CARTESIAN_POINT('',(3.780423351185,-3.043090250917));
#4953 = CARTESIAN_POINT('',(3.914448659118,-3.03372688693));
#4954 = CARTESIAN_POINT('',(4.142711463067,-3.0190642816));
#4955 = CARTESIAN_POINT('',(4.234852196562,-3.013465980825));
#4956 = CARTESIAN_POINT('',(4.328528736051,-3.008419795652));
#4957 = CARTESIAN_POINT('',(4.423369594107,-3.004309822974));
#4958 = CARTESIAN_POINT('',(4.519105868055,-3.001444558495));
#4959 = CARTESIAN_POINT('',(4.615515966874,-3.));
#4960 = CARTESIAN_POINT('',(4.712388980385,-3.));
#4961 = ( GEOMETRIC_REPRESENTATION_CONTEXT(2) 
PARAMETRIC_REPRESENTATION_CONTEXT() REPRESENTATION_CONTEXT('2D SPACE',''
  ) );
#4962 = ADVANCED_FACE('',(#4963,#4966),#4391,.F.);
#4963 = FACE_BOUND('',#4964,.F.);
#4964 = EDGE_LOOP('',(#4965));
#4965 = ORIENTED_EDGE('',*,*,#4376,.T.);
#4966 = FACE_BOUND('',#4967,.F.);
#4967 = EDGE_LOOP('',(#4968));
#4968 = ORIENTED_EDGE('',*,*,#4969,.F.);
#4969 = EDGE_CURVE('',#4970,#4970,#4972,.T.);
#4970 = VERTEX_POINT('',#4971);
#4971 = CARTESIAN_POINT('',(22.25,109.,11.));
#4972 = SURFACE_CURVE('',#4973,(#4978,#4985),.PCURVE_S1.);
#4973 = CIRCLE('',#4974,3.25);
#4974 = AXIS2_PLACEMENT_3D('',#4975,#4976,#4977);
#4975 = CARTESIAN_POINT('',(19.,109.,11.));
#4976 = DIRECTION('',(0.,0.,1.));
#4977 = DIRECTION('',(1.,0.,0.));
#4978 = PCURVE('',#4391,#4979);
#4979 = DEFINITIONAL_REPRESENTATION('',(#4980),#4984);
#4980 = CIRCLE('',#4981,3.25);
#4981 = AXIS2_PLACEMENT_2D('',#4982,#4983);
#4982 = CARTESIAN_POINT('',(4.229196286204E-16,-8.396185321814E-17));
#4983 = DIRECTION('',(1.,0.));
#4984 = ( GEOMETRIC_REPRESENTATION_CONTEXT(2) 
PARAMETRIC_REPRESENTATION_CONTEXT() REPRESENTATION_CONTEXT('2D SPACE',''
  ) );
#4985 = PCURVE('',#4986,#4991);
#4986 = CYLINDRICAL_SURFACE('',#4987,3.25);
#4987 = AXIS2_PLACEMENT_3D('',#4988,#4989,#4990);
#4988 = CARTESIAN_POINT('',(19.,109.,11.));
#4989 = DIRECTION('',(-0.,-0.,-1.));
#4990 = DIRECTION('',(1.,0.,0.));
#4991 = DEFINITIONAL_REPRESENTATION('',(#4992),#4996);
#4992 = LINE('',#4993,#4994);
#4993 = CARTESIAN_POINT('',(-0.,0.));
#4994 = VECTOR('',#4995,1.);
#4995 = DIRECTION('',(-1.,0.));
#4996 = ( GEOMETRIC_REPRESENTATION_CONTEXT(2) 
PARAMETRIC_REPRESENTATION_CONTEXT() REPRESENTATION_CONTEXT('2D SPACE',''
  ) );
#4997 = ADVANCED_FACE('',(#4998),#4986,.F.);
#4998 = FACE_BOUND('',#4999,.T.);
#4999 = EDGE_LOOP('',(#5000,#5024,#5045,#5046));
#5000 = ORIENTED_EDGE('',*,*,#5001,.T.);
#5001 = EDGE_CURVE('',#5002,#5002,#5004,.T.);
#5002 = VERTEX_POINT('',#5003);
#5003 = CARTESIAN_POINT('',(22.25,109.,29.));
#5004 = SURFACE_CURVE('',#5005,(#5010,#5017),.PCURVE_S1.);
#5005 = CIRCLE('',#5006,3.25);
#5006 = AXIS2_PLACEMENT_3D('',#5007,#5008,#5009);
#5007 = CARTESIAN_POINT('',(19.,109.,29.));
#5008 = DIRECTION('',(0.,0.,1.));
#5009 = DIRECTION('',(1.,0.,0.));
#5010 = PCURVE('',#4986,#5011);
#5011 = DEFINITIONAL_REPRESENTATION('',(#5012),#5016);
#5012 = LINE('',#5013,#5014);
#5013 = CARTESIAN_POINT('',(-0.,-18.));
#5014 = VECTOR('',#5015,1.);
#5015 = DIRECTION('',(-1.,0.));
#5016 = ( GEOMETRIC_REPRESENTATION_CONTEXT(2) 
PARAMETRIC_REPRESENTATION_CONTEXT() REPRESENTATION_CONTEXT('2D SPACE',''
  ) );
#5017 = PCURVE('',#4419,#5018);
#5018 = DEFINITIONAL_REPRESENTATION('',(#5019),#5023);
#5019 = CIRCLE('',#5020,3.25);
#5020 = AXIS2_PLACEMENT_2D('',#5021,#5022);
#5021 = CARTESIAN_POINT('',(4.229196286204E-16,-8.396185321814E-17));
#5022 = DIRECTION('',(1.,0.));
#5023 = ( GEOMETRIC_REPRESENTATION_CONTEXT(2) 
PARAMETRIC_REPRESENTATION_CONTEXT() REPRESENTATION_CONTEXT('2D SPACE',''
  ) );
#5024 = ORIENTED_EDGE('',*,*,#5025,.F.);
#5025 = EDGE_CURVE('',#4970,#5002,#5026,.T.);
#5026 = SEAM_CURVE('',#5027,(#5031,#5038),.PCURVE_S1.);
#5027 = LINE('',#5028,#5029);
#5028 = CARTESIAN_POINT('',(22.25,109.,11.));
#5029 = VECTOR('',#5030,1.);
#5030 = DIRECTION('',(0.,0.,1.));
#5031 = PCURVE('',#4986,#5032);
#5032 = DEFINITIONAL_REPRESENTATION('',(#5033),#5037);
#5033 = LINE('',#5034,#5035);
#5034 = CARTESIAN_POINT('',(-6.28318530718,0.));
#5035 = VECTOR('',#5036,1.);
#5036 = DIRECTION('',(-0.,-1.));
#5037 = ( GEOMETRIC_REPRESENTATION_CONTEXT(2) 
PARAMETRIC_REPRESENTATION_CONTEXT() REPRESENTATION_CONTEXT('2D SPACE',''
  ) );
#5038 = PCURVE('',#4986,#5039);
#5039 = DEFINITIONAL_REPRESENTATION('',(#5040),#5044);
#5040 = LINE('',#5041,#5042);
#5041 = CARTESIAN_POINT('',(-0.,0.));
#5042 = VECTOR('',#5043,1.);
#5043 = DIRECTION('',(-0.,-1.));
#5044 = ( GEOMETRIC_REPRESENTATION_CONTEXT(2) 
PARAMETRIC_REPRESENTATION_CONTEXT() REPRESENTATION_CONTEXT('2D SPACE',''
  ) );
#5045 = ORIENTED_EDGE('',*,*,#4969,.F.);
#5046 = ORIENTED_EDGE('',*,*,#5025,.T.);
#5047 = ADVANCED_FACE('',(#5048,#5051),#4419,.T.);
#5048 = FACE_BOUND('',#5049,.T.);
#5049 = EDGE_LOOP('',(#5050));
#5050 = ORIENTED_EDGE('',*,*,#4404,.T.);
#5051 = FACE_BOUND('',#5052,.T.);
#5052 = EDGE_LOOP('',(#5053));
#5053 = ORIENTED_EDGE('',*,*,#5001,.F.);
#5054 = ADVANCED_FACE('',(#5055),#4155,.F.);
#5055 = FACE_BOUND('',#5056,.F.);
#5056 = EDGE_LOOP('',(#5057,#5058,#5059,#5080));
#5057 = ORIENTED_EDGE('',*,*,#4327,.F.);
#5058 = ORIENTED_EDGE('',*,*,#4140,.T.);
#5059 = ORIENTED_EDGE('',*,*,#5060,.T.);
#5060 = EDGE_CURVE('',#4141,#4846,#5061,.T.);
#5061 = SURFACE_CURVE('',#5062,(#5066,#5073),.PCURVE_S1.);
#5062 = LINE('',#5063,#5064);
#5063 = CARTESIAN_POINT('',(11.15,109.,20.663408509511));
#5064 = VECTOR('',#5065,1.);
#5065 = DIRECTION('',(1.,0.,0.));
#5066 = PCURVE('',#4155,#5067);
#5067 = DEFINITIONAL_REPRESENTATION('',(#5068),#5072);
#5068 = LINE('',#5069,#5070);
#5069 = CARTESIAN_POINT('',(-0.4,0.));
#5070 = VECTOR('',#5071,1.);
#5071 = DIRECTION('',(0.,-1.));
#5072 = ( GEOMETRIC_REPRESENTATION_CONTEXT(2) 
PARAMETRIC_REPRESENTATION_CONTEXT() REPRESENTATION_CONTEXT('2D SPACE',''
  ) );
#5073 = PCURVE('',#4185,#5074);
#5074 = DEFINITIONAL_REPRESENTATION('',(#5075),#5079);
#5075 = LINE('',#5076,#5077);
#5076 = CARTESIAN_POINT('',(1.570796326795,0.));
#5077 = VECTOR('',#5078,1.);
#5078 = DIRECTION('',(0.,-1.));
#5079 = ( GEOMETRIC_REPRESENTATION_CONTEXT(2) 
PARAMETRIC_REPRESENTATION_CONTEXT() REPRESENTATION_CONTEXT('2D SPACE',''
  ) );
#5080 = ORIENTED_EDGE('',*,*,#4845,.T.);
#5081 = ADVANCED_FACE('',(#5082),#4185,.T.);
#5082 = FACE_BOUND('',#5083,.T.);
#5083 = EDGE_LOOP('',(#5084,#5085,#5086,#5087));
#5084 = ORIENTED_EDGE('',*,*,#4166,.F.);
#5085 = ORIENTED_EDGE('',*,*,#5060,.T.);
#5086 = ORIENTED_EDGE('',*,*,#4873,.T.);
#5087 = ORIENTED_EDGE('',*,*,#5088,.F.);
#5088 = EDGE_CURVE('',#4082,#4817,#5089,.T.);
#5089 = SURFACE_CURVE('',#5090,(#5094,#5101),.PCURVE_S1.);
#5090 = LINE('',#5091,#5092);
#5091 = CARTESIAN_POINT('',(11.15,109.,22.263408509511));
#5092 = VECTOR('',#5093,1.);
#5093 = DIRECTION('',(1.,0.,0.));
#5094 = PCURVE('',#4185,#5095);
#5095 = DEFINITIONAL_REPRESENTATION('',(#5096),#5100);
#5096 = LINE('',#5097,#5098);
#5097 = CARTESIAN_POINT('',(4.712388980385,0.));
#5098 = VECTOR('',#5099,1.);
#5099 = DIRECTION('',(0.,-1.));
#5100 = ( GEOMETRIC_REPRESENTATION_CONTEXT(2) 
PARAMETRIC_REPRESENTATION_CONTEXT() REPRESENTATION_CONTEXT('2D SPACE',''
  ) );
#5101 = PCURVE('',#4096,#5102);
#5102 = DEFINITIONAL_REPRESENTATION('',(#5103),#5107);
#5103 = LINE('',#5104,#5105);
#5104 = CARTESIAN_POINT('',(0.,0.));
#5105 = VECTOR('',#5106,1.);
#5106 = DIRECTION('',(0.,-1.));
#5107 = ( GEOMETRIC_REPRESENTATION_CONTEXT(2) 
PARAMETRIC_REPRESENTATION_CONTEXT() REPRESENTATION_CONTEXT('2D SPACE',''
  ) );
#5108 = ADVANCED_FACE('',(#5109),#4096,.T.);
#5109 = FACE_BOUND('',#5110,.T.);
#5110 = EDGE_LOOP('',(#5111,#5112,#5113,#5114));
#5111 = ORIENTED_EDGE('',*,*,#4207,.F.);
#5112 = ORIENTED_EDGE('',*,*,#4079,.T.);
#5113 = ORIENTED_EDGE('',*,*,#5088,.T.);
#5114 = ORIENTED_EDGE('',*,*,#4816,.T.);
#5115 = ADVANCED_FACE('',(#5116),#4035,.F.);
#5116 = FACE_BOUND('',#5117,.F.);
#5117 = EDGE_LOOP('',(#5118,#5139,#5140,#5161));
#5118 = ORIENTED_EDGE('',*,*,#5119,.F.);
#5119 = EDGE_CURVE('',#3988,#4464,#5120,.T.);
#5120 = SURFACE_CURVE('',#5121,(#5125,#5132),.PCURVE_S1.);
#5121 = LINE('',#5122,#5123);
#5122 = CARTESIAN_POINT('',(11.15,106.4,20.889343826144));
#5123 = VECTOR('',#5124,1.);
#5124 = DIRECTION('',(1.,0.,0.));
#5125 = PCURVE('',#4035,#5126);
#5126 = DEFINITIONAL_REPRESENTATION('',(#5127),#5131);
#5127 = LINE('',#5128,#5129);
#5128 = CARTESIAN_POINT('',(0.4,0.));
#5129 = VECTOR('',#5130,1.);
#5130 = DIRECTION('',(0.,-1.));
#5131 = ( GEOMETRIC_REPRESENTATION_CONTEXT(2) 
PARAMETRIC_REPRESENTATION_CONTEXT() REPRESENTATION_CONTEXT('2D SPACE',''
  ) );
#5132 = PCURVE('',#4008,#5133);
#5133 = DEFINITIONAL_REPRESENTATION('',(#5134),#5138);
#5134 = LINE('',#5135,#5136);
#5135 = CARTESIAN_POINT('',(4.712388980385,0.));
#5136 = VECTOR('',#5137,1.);
#5137 = DIRECTION('',(0.,-1.));
#5138 = ( GEOMETRIC_REPRESENTATION_CONTEXT(2) 
PARAMETRIC_REPRESENTATION_CONTEXT() REPRESENTATION_CONTEXT('2D SPACE',''
  ) );
#5139 = ORIENTED_EDGE('',*,*,#4020,.T.);
#5140 = ORIENTED_EDGE('',*,*,#5141,.T.);
#5141 = EDGE_CURVE('',#4021,#4604,#5142,.T.);
#5142 = SURFACE_CURVE('',#5143,(#5147,#5154),.PCURVE_S1.);
#5143 = LINE('',#5144,#5145);
#5144 = CARTESIAN_POINT('',(11.15,105.6,20.889343826144));
#5145 = VECTOR('',#5146,1.);
#5146 = DIRECTION('',(1.,0.,0.));
#5147 = PCURVE('',#4035,#5148);
#5148 = DEFINITIONAL_REPRESENTATION('',(#5149),#5153);
#5149 = LINE('',#5150,#5151);
#5150 = CARTESIAN_POINT('',(-0.4,0.));
#5151 = VECTOR('',#5152,1.);
#5152 = DIRECTION('',(0.,-1.));
#5153 = ( GEOMETRIC_REPRESENTATION_CONTEXT(2) 
PARAMETRIC_REPRESENTATION_CONTEXT() REPRESENTATION_CONTEXT('2D SPACE',''
  ) );
#5154 = PCURVE('',#4065,#5155);
#5155 = DEFINITIONAL_REPRESENTATION('',(#5156),#5160);
#5156 = LINE('',#5157,#5158);
#5157 = CARTESIAN_POINT('',(1.570796326795,0.));
#5158 = VECTOR('',#5159,1.);
#5159 = DIRECTION('',(0.,-1.));
#5160 = ( GEOMETRIC_REPRESENTATION_CONTEXT(2) 
PARAMETRIC_REPRESENTATION_CONTEXT() REPRESENTATION_CONTEXT('2D SPACE',''
  ) );
#5161 = ORIENTED_EDGE('',*,*,#4603,.T.);
#5162 = ADVANCED_FACE('',(#5163),#4065,.T.);
#5163 = FACE_BOUND('',#5164,.T.);
#5164 = EDGE_LOOP('',(#5165,#5166,#5167,#5168));
#5165 = ORIENTED_EDGE('',*,*,#4046,.F.);
#5166 = ORIENTED_EDGE('',*,*,#5141,.T.);
#5167 = ORIENTED_EDGE('',*,*,#4631,.T.);
#5168 = ORIENTED_EDGE('',*,*,#5169,.F.);
#5169 = EDGE_CURVE('',#3962,#4434,#5170,.T.);
#5170 = SURFACE_CURVE('',#5171,(#5175,#5182),.PCURVE_S1.);
#5171 = LINE('',#5172,#5173);
#5172 = CARTESIAN_POINT('',(11.15,105.6,22.489343826144));
#5173 = VECTOR('',#5174,1.);
#5174 = DIRECTION('',(1.,0.,0.));
#5175 = PCURVE('',#4065,#5176);
#5176 = DEFINITIONAL_REPRESENTATION('',(#5177),#5181);
#5177 = LINE('',#5178,#5179);
#5178 = CARTESIAN_POINT('',(4.712388980385,0.));
#5179 = VECTOR('',#5180,1.);
#5180 = DIRECTION('',(0.,-1.));
#5181 = ( GEOMETRIC_REPRESENTATION_CONTEXT(2) 
PARAMETRIC_REPRESENTATION_CONTEXT() REPRESENTATION_CONTEXT('2D SPACE',''
  ) );
#5182 = PCURVE('',#3976,#5183);
#5183 = DEFINITIONAL_REPRESENTATION('',(#5184),#5188);
#5184 = LINE('',#5185,#5186);
#5185 = CARTESIAN_POINT('',(0.,0.));
#5186 = VECTOR('',#5187,1.);
#5187 = DIRECTION('',(0.,-1.));
#5188 = ( GEOMETRIC_REPRESENTATION_CONTEXT(2) 
PARAMETRIC_REPRESENTATION_CONTEXT() REPRESENTATION_CONTEXT('2D SPACE',''
  ) );
#5189 = ADVANCED_FACE('',(#5190),#4008,.T.);
#5190 = FACE_BOUND('',#5191,.T.);
#5191 = EDGE_LOOP('',(#5192,#5193,#5214,#5215));
#5192 = ORIENTED_EDGE('',*,*,#3987,.F.);
#5193 = ORIENTED_EDGE('',*,*,#5194,.T.);
#5194 = EDGE_CURVE('',#3960,#4436,#5195,.T.);
#5195 = SURFACE_CURVE('',#5196,(#5200,#5207),.PCURVE_S1.);
#5196 = LINE('',#5197,#5198);
#5197 = CARTESIAN_POINT('',(11.15,106.4,22.489343826144));
#5198 = VECTOR('',#5199,1.);
#5199 = DIRECTION('',(1.,0.,0.));
#5200 = PCURVE('',#4008,#5201);
#5201 = DEFINITIONAL_REPRESENTATION('',(#5202),#5206);
#5202 = LINE('',#5203,#5204);
#5203 = CARTESIAN_POINT('',(1.570796326795,0.));
#5204 = VECTOR('',#5205,1.);
#5205 = DIRECTION('',(0.,-1.));
#5206 = ( GEOMETRIC_REPRESENTATION_CONTEXT(2) 
PARAMETRIC_REPRESENTATION_CONTEXT() REPRESENTATION_CONTEXT('2D SPACE',''
  ) );
#5207 = PCURVE('',#3976,#5208);
#5208 = DEFINITIONAL_REPRESENTATION('',(#5209),#5213);
#5209 = LINE('',#5210,#5211);
#5210 = CARTESIAN_POINT('',(0.8,0.));
#5211 = VECTOR('',#5212,1.);
#5212 = DIRECTION('',(0.,-1.));
#5213 = ( GEOMETRIC_REPRESENTATION_CONTEXT(2) 
PARAMETRIC_REPRESENTATION_CONTEXT() REPRESENTATION_CONTEXT('2D SPACE',''
  ) );
#5214 = ORIENTED_EDGE('',*,*,#4463,.T.);
#5215 = ORIENTED_EDGE('',*,*,#5119,.F.);
#5216 = ADVANCED_FACE('',(#5217),#3976,.T.);
#5217 = FACE_BOUND('',#5218,.T.);
#5218 = EDGE_LOOP('',(#5219,#5220,#5221,#5222));
#5219 = ORIENTED_EDGE('',*,*,#5194,.F.);
#5220 = ORIENTED_EDGE('',*,*,#3959,.T.);
#5221 = ORIENTED_EDGE('',*,*,#5169,.T.);
#5222 = ORIENTED_EDGE('',*,*,#4433,.T.);
#5223 = ADVANCED_FACE('',(#5224),#142,.F.);
#5224 = FACE_BOUND('',#5225,.F.);
#5225 = EDGE_LOOP('',(#5226,#5247,#5248,#5249,#5250,#5251,#5252,#5253));
#5226 = ORIENTED_EDGE('',*,*,#5227,.F.);
#5227 = EDGE_CURVE('',#42,#552,#5228,.T.);
#5228 = SURFACE_CURVE('',#5229,(#5233,#5240),.PCURVE_S1.);
#5229 = LINE('',#5230,#5231);
#5230 = CARTESIAN_POINT('',(-12.35,113.03684680147,16.982858417953));
#5231 = VECTOR('',#5232,1.);
#5232 = DIRECTION('',(0.,-0.258819045103,0.965925826289));
#5233 = PCURVE('',#142,#5234);
#5234 = DEFINITIONAL_REPRESENTATION('',(#5235),#5239);
#5235 = LINE('',#5236,#5237);
#5236 = CARTESIAN_POINT('',(0.,0.));
#5237 = VECTOR('',#5238,1.);
#5238 = DIRECTION('',(1.,0.));
#5239 = ( GEOMETRIC_REPRESENTATION_CONTEXT(2) 
PARAMETRIC_REPRESENTATION_CONTEXT() REPRESENTATION_CONTEXT('2D SPACE',''
  ) );
#5240 = PCURVE('',#62,#5241);
#5241 = DEFINITIONAL_REPRESENTATION('',(#5242),#5246);
#5242 = LINE('',#5243,#5244);
#5243 = CARTESIAN_POINT('',(14.59325212693,-10.0497872014));
#5244 = VECTOR('',#5245,1.);
#5245 = DIRECTION('',(0.,1.));
#5246 = ( GEOMETRIC_REPRESENTATION_CONTEXT(2) 
PARAMETRIC_REPRESENTATION_CONTEXT() REPRESENTATION_CONTEXT('2D SPACE',''
  ) );
#5247 = ORIENTED_EDGE('',*,*,#128,.T.);
#5248 = ORIENTED_EDGE('',*,*,#3932,.T.);
#5249 = ORIENTED_EDGE('',*,*,#3833,.F.);
#5250 = ORIENTED_EDGE('',*,*,#2636,.F.);
#5251 = ORIENTED_EDGE('',*,*,#1894,.T.);
#5252 = ORIENTED_EDGE('',*,*,#679,.F.);
#5253 = ORIENTED_EDGE('',*,*,#574,.F.);
#5254 = ADVANCED_FACE('',(#5255,#5264,#5384,#5504,#5507),#62,.F.);
#5255 = FACE_BOUND('',#5256,.F.);
#5256 = EDGE_LOOP('',(#5257,#5258,#5259,#5260,#5261,#5262,#5263));
#5257 = ORIENTED_EDGE('',*,*,#179,.F.);
#5258 = ORIENTED_EDGE('',*,*,#39,.T.);
#5259 = ORIENTED_EDGE('',*,*,#5227,.T.);
#5260 = ORIENTED_EDGE('',*,*,#551,.T.);
#5261 = ORIENTED_EDGE('',*,*,#475,.T.);
#5262 = ORIENTED_EDGE('',*,*,#323,.F.);
#5263 = ORIENTED_EDGE('',*,*,#227,.T.);
#5264 = FACE_BOUND('',#5265,.F.);
#5265 = EDGE_LOOP('',(#5266,#5294,#5327,#5353));
#5266 = ORIENTED_EDGE('',*,*,#5267,.F.);
#5267 = EDGE_CURVE('',#5268,#5270,#5272,.T.);
#5268 = VERTEX_POINT('',#5269);
#5269 = CARTESIAN_POINT('',(-12.35,106.4,22.489343826144));
#5270 = VERTEX_POINT('',#5271);
#5271 = CARTESIAN_POINT('',(-12.35,105.6,22.489343826144));
#5272 = SURFACE_CURVE('',#5273,(#5277,#5283),.PCURVE_S1.);
#5273 = LINE('',#5274,#5275);
#5274 = CARTESIAN_POINT('',(-12.35,100.96988567778,22.489343826144));
#5275 = VECTOR('',#5276,1.);
#5276 = DIRECTION('',(0.,-1.,0.));
#5277 = PCURVE('',#62,#5278);
#5278 = DEFINITIONAL_REPRESENTATION('',(#5279),#5282);
#5279 = B_SPLINE_CURVE_WITH_KNOTS('',1,(#5280,#5281),.UNSPECIFIED.,.F.,
  .F.,(2,2),(-5.430114322212,-4.630114322211),.PIECEWISE_BEZIER_KNOTS.);
#5280 = CARTESIAN_POINT('',(9.607733691477,-3.013188381901));
#5281 = CARTESIAN_POINT('',(8.834993030446,-2.806133145819));
#5282 = ( GEOMETRIC_REPRESENTATION_CONTEXT(2) 
PARAMETRIC_REPRESENTATION_CONTEXT() REPRESENTATION_CONTEXT('2D SPACE',''
  ) );
#5283 = PCURVE('',#5284,#5289);
#5284 = PLANE('',#5285);
#5285 = AXIS2_PLACEMENT_3D('',#5286,#5287,#5288);
#5286 = CARTESIAN_POINT('',(-18.,105.6,22.489343826144));
#5287 = DIRECTION('',(0.,0.,1.));
#5288 = DIRECTION('',(0.,1.,0.));
#5289 = DEFINITIONAL_REPRESENTATION('',(#5290),#5293);
#5290 = B_SPLINE_CURVE_WITH_KNOTS('',1,(#5291,#5292),.UNSPECIFIED.,.F.,
  .F.,(2,2),(-5.430114322212,-4.630114322211),.PIECEWISE_BEZIER_KNOTS.);
#5291 = CARTESIAN_POINT('',(0.8,-5.65));
#5292 = CARTESIAN_POINT('',(0.,-5.65));
#5293 = ( GEOMETRIC_REPRESENTATION_CONTEXT(2) 
PARAMETRIC_REPRESENTATION_CONTEXT() REPRESENTATION_CONTEXT('2D SPACE',''
  ) );
#5294 = ORIENTED_EDGE('',*,*,#5295,.T.);
#5295 = EDGE_CURVE('',#5268,#5296,#5298,.T.);
#5296 = VERTEX_POINT('',#5297);
#5297 = CARTESIAN_POINT('',(-12.35,106.4,20.889343826144));
#5298 = SURFACE_CURVE('',#5299,(#5304,#5315),.PCURVE_S1.);
#5299 = CIRCLE('',#5300,0.8);
#5300 = AXIS2_PLACEMENT_3D('',#5301,#5302,#5303);
#5301 = CARTESIAN_POINT('',(-12.35,106.4,21.689343826144));
#5302 = DIRECTION('',(-1.,0.,0.));
#5303 = DIRECTION('',(0.,-1.,0.));
#5304 = PCURVE('',#62,#5305);
#5305 = DEFINITIONAL_REPRESENTATION('',(#5306),#5314);
#5306 = ( BOUNDED_CURVE() B_SPLINE_CURVE(2,(#5307,#5308,#5309,#5310,
#5311,#5312,#5313),.UNSPECIFIED.,.T.,.F.) B_SPLINE_CURVE_WITH_KNOTS((1,2
    ,2,2,2,1),(-2.094395102393,0.,2.094395102393,4.188790204786,
6.28318530718,8.377580409573),.UNSPECIFIED.) CURVE() 
GEOMETRIC_REPRESENTATION_ITEM() RATIONAL_B_SPLINE_CURVE((1.,0.5,1.,0.5,
1.,0.5,1.)) REPRESENTATION_ITEM('') );
#5307 = CARTESIAN_POINT('',(8.627937794364,-3.57887380685));
#5308 = CARTESIAN_POINT('',(8.986567983231,-2.24044772087));
#5309 = CARTESIAN_POINT('',(9.966363880344,-3.220243617983));
#5310 = CARTESIAN_POINT('',(10.946159777457,-4.200039515096));
#5311 = CARTESIAN_POINT('',(9.607733691477,-4.558669703963));
#5312 = CARTESIAN_POINT('',(8.269307605496,-4.917299892831));
#5313 = CARTESIAN_POINT('',(8.627937794364,-3.57887380685));
#5314 = ( GEOMETRIC_REPRESENTATION_CONTEXT(2) 
PARAMETRIC_REPRESENTATION_CONTEXT() REPRESENTATION_CONTEXT('2D SPACE',''
  ) );
#5315 = PCURVE('',#5316,#5321);
#5316 = CYLINDRICAL_SURFACE('',#5317,0.8);
#5317 = AXIS2_PLACEMENT_3D('',#5318,#5319,#5320);
#5318 = CARTESIAN_POINT('',(-18.,106.4,21.689343826144));
#5319 = DIRECTION('',(-1.,0.,0.));
#5320 = DIRECTION('',(0.,-1.,0.));
#5321 = DEFINITIONAL_REPRESENTATION('',(#5322),#5326);
#5322 = LINE('',#5323,#5324);
#5323 = CARTESIAN_POINT('',(0.,-5.65));
#5324 = VECTOR('',#5325,1.);
#5325 = DIRECTION('',(1.,0.));
#5326 = ( GEOMETRIC_REPRESENTATION_CONTEXT(2) 
PARAMETRIC_REPRESENTATION_CONTEXT() REPRESENTATION_CONTEXT('2D SPACE',''
  ) );
#5327 = ORIENTED_EDGE('',*,*,#5328,.T.);
#5328 = EDGE_CURVE('',#5296,#5329,#5331,.T.);
#5329 = VERTEX_POINT('',#5330);
#5330 = CARTESIAN_POINT('',(-12.35,105.6,20.889343826144));
#5331 = SURFACE_CURVE('',#5332,(#5336,#5342),.PCURVE_S1.);
#5332 = LINE('',#5333,#5334);
#5333 = CARTESIAN_POINT('',(-12.35,101.16988567778,20.889343826144));
#5334 = VECTOR('',#5335,1.);
#5335 = DIRECTION('',(0.,-1.,0.));
#5336 = PCURVE('',#62,#5337);
#5337 = DEFINITIONAL_REPRESENTATION('',(#5338),#5341);
#5338 = B_SPLINE_CURVE_WITH_KNOTS('',1,(#5339,#5340),.UNSPECIFIED.,.F.,
  .F.,(2,2),(-5.230114322212,-4.430114322211),.PIECEWISE_BEZIER_KNOTS.);
#5339 = CARTESIAN_POINT('',(9.193623219313,-4.558669703963));
#5340 = CARTESIAN_POINT('',(8.420882558282,-4.351614467881));
#5341 = ( GEOMETRIC_REPRESENTATION_CONTEXT(2) 
PARAMETRIC_REPRESENTATION_CONTEXT() REPRESENTATION_CONTEXT('2D SPACE',''
  ) );
#5342 = PCURVE('',#5343,#5348);
#5343 = PLANE('',#5344);
#5344 = AXIS2_PLACEMENT_3D('',#5345,#5346,#5347);
#5345 = CARTESIAN_POINT('',(-18.,106.,20.889343826144));
#5346 = DIRECTION('',(0.,0.,1.));
#5347 = DIRECTION('',(0.,1.,0.));
#5348 = DEFINITIONAL_REPRESENTATION('',(#5349),#5352);
#5349 = B_SPLINE_CURVE_WITH_KNOTS('',1,(#5350,#5351),.UNSPECIFIED.,.F.,
  .F.,(2,2),(-5.230114322212,-4.430114322211),.PIECEWISE_BEZIER_KNOTS.);
#5350 = CARTESIAN_POINT('',(0.4,-5.65));
#5351 = CARTESIAN_POINT('',(-0.4,-5.65));
#5352 = ( GEOMETRIC_REPRESENTATION_CONTEXT(2) 
PARAMETRIC_REPRESENTATION_CONTEXT() REPRESENTATION_CONTEXT('2D SPACE',''
  ) );
#5353 = ORIENTED_EDGE('',*,*,#5354,.T.);
#5354 = EDGE_CURVE('',#5329,#5270,#5355,.T.);
#5355 = SURFACE_CURVE('',#5356,(#5361,#5372),.PCURVE_S1.);
#5356 = CIRCLE('',#5357,0.8);
#5357 = AXIS2_PLACEMENT_3D('',#5358,#5359,#5360);
#5358 = CARTESIAN_POINT('',(-12.35,105.6,21.689343826144));
#5359 = DIRECTION('',(-1.,0.,0.));
#5360 = DIRECTION('',(0.,1.,0.));
#5361 = PCURVE('',#62,#5362);
#5362 = DEFINITIONAL_REPRESENTATION('',(#5363),#5371);
#5363 = ( BOUNDED_CURVE() B_SPLINE_CURVE(2,(#5364,#5365,#5366,#5367,
#5368,#5369,#5370),.UNSPECIFIED.,.T.,.F.) B_SPLINE_CURVE_WITH_KNOTS((1,2
    ,2,2,2,1),(-2.094395102393,0.,2.094395102393,4.188790204786,
6.28318530718,8.377580409573),.UNSPECIFIED.) CURVE() 
GEOMETRIC_REPRESENTATION_ITEM() RATIONAL_B_SPLINE_CURVE((1.,0.5,1.,0.5,
1.,0.5,1.)) REPRESENTATION_ITEM('') );
#5364 = CARTESIAN_POINT('',(9.400678455395,-3.785929042932));
#5365 = CARTESIAN_POINT('',(9.042048266528,-5.124355128913));
#5366 = CARTESIAN_POINT('',(8.062252369414,-4.144559231799));
#5367 = CARTESIAN_POINT('',(7.082456472301,-3.164763334686));
#5368 = CARTESIAN_POINT('',(8.420882558282,-2.806133145819));
#5369 = CARTESIAN_POINT('',(9.759308644262,-2.447502956952));
#5370 = CARTESIAN_POINT('',(9.400678455395,-3.785929042932));
#5371 = ( GEOMETRIC_REPRESENTATION_CONTEXT(2) 
PARAMETRIC_REPRESENTATION_CONTEXT() REPRESENTATION_CONTEXT('2D SPACE',''
  ) );
#5372 = PCURVE('',#5373,#5378);
#5373 = CYLINDRICAL_SURFACE('',#5374,0.8);
#5374 = AXIS2_PLACEMENT_3D('',#5375,#5376,#5377);
#5375 = CARTESIAN_POINT('',(-18.,105.6,21.689343826144));
#5376 = DIRECTION('',(-1.,0.,0.));
#5377 = DIRECTION('',(0.,1.,0.));
#5378 = DEFINITIONAL_REPRESENTATION('',(#5379),#5383);
#5379 = LINE('',#5380,#5381);
#5380 = CARTESIAN_POINT('',(0.,-5.65));
#5381 = VECTOR('',#5382,1.);
#5382 = DIRECTION('',(1.,0.));
#5383 = ( GEOMETRIC_REPRESENTATION_CONTEXT(2) 
PARAMETRIC_REPRESENTATION_CONTEXT() REPRESENTATION_CONTEXT('2D SPACE',''
  ) );
#5384 = FACE_BOUND('',#5385,.F.);
#5385 = EDGE_LOOP('',(#5386,#5414,#5447,#5473));
#5386 = ORIENTED_EDGE('',*,*,#5387,.F.);
#5387 = EDGE_CURVE('',#5388,#5390,#5392,.T.);
#5388 = VERTEX_POINT('',#5389);
#5389 = CARTESIAN_POINT('',(-12.35,109.8,22.263408509511));
#5390 = VERTEX_POINT('',#5391);
#5391 = CARTESIAN_POINT('',(-12.35,109.,22.263408509511));
#5392 = SURFACE_CURVE('',#5393,(#5397,#5403),.PCURVE_S1.);
#5393 = LINE('',#5394,#5395);
#5394 = CARTESIAN_POINT('',(-12.35,102.66988567778,22.263408509511));
#5395 = VECTOR('',#5396,1.);
#5396 = DIRECTION('',(0.,-1.,0.));
#5397 = PCURVE('',#62,#5398);
#5398 = DEFINITIONAL_REPRESENTATION('',(#5399),#5402);
#5399 = B_SPLINE_CURVE_WITH_KNOTS('',1,(#5400,#5401),.UNSPECIFIED.,.F.,
  .F.,(2,2),(-7.130114322211,-6.330114322211),.PIECEWISE_BEZIER_KNOTS.);
#5400 = CARTESIAN_POINT('',(12.833405137954,-4.111409892656));
#5401 = CARTESIAN_POINT('',(12.060664476923,-3.904354656574));
#5402 = ( GEOMETRIC_REPRESENTATION_CONTEXT(2) 
PARAMETRIC_REPRESENTATION_CONTEXT() REPRESENTATION_CONTEXT('2D SPACE',''
  ) );
#5403 = PCURVE('',#5404,#5409);
#5404 = PLANE('',#5405);
#5405 = AXIS2_PLACEMENT_3D('',#5406,#5407,#5408);
#5406 = CARTESIAN_POINT('',(-18.,109.,22.263408509511));
#5407 = DIRECTION('',(0.,0.,1.));
#5408 = DIRECTION('',(0.,1.,0.));
#5409 = DEFINITIONAL_REPRESENTATION('',(#5410),#5413);
#5410 = B_SPLINE_CURVE_WITH_KNOTS('',1,(#5411,#5412),.UNSPECIFIED.,.F.,
  .F.,(2,2),(-7.130114322211,-6.330114322211),.PIECEWISE_BEZIER_KNOTS.);
#5411 = CARTESIAN_POINT('',(0.8,-5.65));
#5412 = CARTESIAN_POINT('',(0.,-5.65));
#5413 = ( GEOMETRIC_REPRESENTATION_CONTEXT(2) 
PARAMETRIC_REPRESENTATION_CONTEXT() REPRESENTATION_CONTEXT('2D SPACE',''
  ) );
#5414 = ORIENTED_EDGE('',*,*,#5415,.T.);
#5415 = EDGE_CURVE('',#5388,#5416,#5418,.T.);
#5416 = VERTEX_POINT('',#5417);
#5417 = CARTESIAN_POINT('',(-12.35,109.8,20.663408509511));
#5418 = SURFACE_CURVE('',#5419,(#5424,#5435),.PCURVE_S1.);
#5419 = CIRCLE('',#5420,0.8);
#5420 = AXIS2_PLACEMENT_3D('',#5421,#5422,#5423);
#5421 = CARTESIAN_POINT('',(-12.35,109.8,21.463408509511));
#5422 = DIRECTION('',(-1.,0.,0.));
#5423 = DIRECTION('',(0.,-1.,0.));
#5424 = PCURVE('',#62,#5425);
#5425 = DEFINITIONAL_REPRESENTATION('',(#5426),#5434);
#5426 = ( BOUNDED_CURVE() B_SPLINE_CURVE(2,(#5427,#5428,#5429,#5430,
#5431,#5432,#5433),.UNSPECIFIED.,.T.,.F.) B_SPLINE_CURVE_WITH_KNOTS((1,2
    ,2,2,2,1),(-2.094395102393,0.,2.094395102393,4.188790204786,
6.28318530718,8.377580409573),.UNSPECIFIED.) CURVE() 
GEOMETRIC_REPRESENTATION_ITEM() RATIONAL_B_SPLINE_CURVE((1.,0.5,1.,0.5,
1.,0.5,1.)) REPRESENTATION_ITEM('') );
#5427 = CARTESIAN_POINT('',(11.853609240841,-4.677095317605));
#5428 = CARTESIAN_POINT('',(12.212239429708,-3.338669231625));
#5429 = CARTESIAN_POINT('',(13.192035326821,-4.318465128738));
#5430 = CARTESIAN_POINT('',(14.171831223934,-5.298261025851));
#5431 = CARTESIAN_POINT('',(12.833405137954,-5.656891214719));
#5432 = CARTESIAN_POINT('',(11.494979051973,-6.015521403586));
#5433 = CARTESIAN_POINT('',(11.853609240841,-4.677095317605));
#5434 = ( GEOMETRIC_REPRESENTATION_CONTEXT(2) 
PARAMETRIC_REPRESENTATION_CONTEXT() REPRESENTATION_CONTEXT('2D SPACE',''
  ) );
#5435 = PCURVE('',#5436,#5441);
#5436 = CYLINDRICAL_SURFACE('',#5437,0.8);
#5437 = AXIS2_PLACEMENT_3D('',#5438,#5439,#5440);
#5438 = CARTESIAN_POINT('',(-18.,109.8,21.463408509511));
#5439 = DIRECTION('',(-1.,0.,0.));
#5440 = DIRECTION('',(0.,-1.,0.));
#5441 = DEFINITIONAL_REPRESENTATION('',(#5442),#5446);
#5442 = LINE('',#5443,#5444);
#5443 = CARTESIAN_POINT('',(0.,-5.65));
#5444 = VECTOR('',#5445,1.);
#5445 = DIRECTION('',(1.,0.));
#5446 = ( GEOMETRIC_REPRESENTATION_CONTEXT(2) 
PARAMETRIC_REPRESENTATION_CONTEXT() REPRESENTATION_CONTEXT('2D SPACE',''
  ) );
#5447 = ORIENTED_EDGE('',*,*,#5448,.T.);
#5448 = EDGE_CURVE('',#5416,#5449,#5451,.T.);
#5449 = VERTEX_POINT('',#5450);
#5450 = CARTESIAN_POINT('',(-12.35,109.,20.663408509511));
#5451 = SURFACE_CURVE('',#5452,(#5456,#5462),.PCURVE_S1.);
#5452 = LINE('',#5453,#5454);
#5453 = CARTESIAN_POINT('',(-12.35,102.86988567778,20.663408509511));
#5454 = VECTOR('',#5455,1.);
#5455 = DIRECTION('',(0.,-1.,0.));
#5456 = PCURVE('',#62,#5457);
#5457 = DEFINITIONAL_REPRESENTATION('',(#5458),#5461);
#5458 = B_SPLINE_CURVE_WITH_KNOTS('',1,(#5459,#5460),.UNSPECIFIED.,.F.,
  .F.,(2,2),(-6.930114322211,-6.130114322211),.PIECEWISE_BEZIER_KNOTS.);
#5459 = CARTESIAN_POINT('',(12.41929466579,-5.656891214719));
#5460 = CARTESIAN_POINT('',(11.646554004759,-5.449835978637));
#5461 = ( GEOMETRIC_REPRESENTATION_CONTEXT(2) 
PARAMETRIC_REPRESENTATION_CONTEXT() REPRESENTATION_CONTEXT('2D SPACE',''
  ) );
#5462 = PCURVE('',#5463,#5468);
#5463 = PLANE('',#5464);
#5464 = AXIS2_PLACEMENT_3D('',#5465,#5466,#5467);
#5465 = CARTESIAN_POINT('',(-18.,109.4,20.663408509511));
#5466 = DIRECTION('',(0.,0.,1.));
#5467 = DIRECTION('',(0.,1.,0.));
#5468 = DEFINITIONAL_REPRESENTATION('',(#5469),#5472);
#5469 = B_SPLINE_CURVE_WITH_KNOTS('',1,(#5470,#5471),.UNSPECIFIED.,.F.,
  .F.,(2,2),(-6.930114322211,-6.130114322211),.PIECEWISE_BEZIER_KNOTS.);
#5470 = CARTESIAN_POINT('',(0.4,-5.65));
#5471 = CARTESIAN_POINT('',(-0.4,-5.65));
#5472 = ( GEOMETRIC_REPRESENTATION_CONTEXT(2) 
PARAMETRIC_REPRESENTATION_CONTEXT() REPRESENTATION_CONTEXT('2D SPACE',''
  ) );
#5473 = ORIENTED_EDGE('',*,*,#5474,.T.);
#5474 = EDGE_CURVE('',#5449,#5390,#5475,.T.);
#5475 = SURFACE_CURVE('',#5476,(#5481,#5492),.PCURVE_S1.);
#5476 = CIRCLE('',#5477,0.8);
#5477 = AXIS2_PLACEMENT_3D('',#5478,#5479,#5480);
#5478 = CARTESIAN_POINT('',(-12.35,109.,21.463408509511));
#5479 = DIRECTION('',(-1.,0.,0.));
#5480 = DIRECTION('',(0.,1.,0.));
#5481 = PCURVE('',#62,#5482);
#5482 = DEFINITIONAL_REPRESENTATION('',(#5483),#5491);
#5483 = ( BOUNDED_CURVE() B_SPLINE_CURVE(2,(#5484,#5485,#5486,#5487,
#5488,#5489,#5490),.UNSPECIFIED.,.T.,.F.) B_SPLINE_CURVE_WITH_KNOTS((1,2
    ,2,2,2,1),(-2.094395102393,0.,2.094395102393,4.188790204786,
6.28318530718,8.377580409573),.UNSPECIFIED.) CURVE() 
GEOMETRIC_REPRESENTATION_ITEM() RATIONAL_B_SPLINE_CURVE((1.,0.5,1.,0.5,
1.,0.5,1.)) REPRESENTATION_ITEM('') );
#5484 = CARTESIAN_POINT('',(12.626349901872,-4.884150553687));
#5485 = CARTESIAN_POINT('',(12.267719713005,-6.222576639668));
#5486 = CARTESIAN_POINT('',(11.287923815891,-5.242780742555));
#5487 = CARTESIAN_POINT('',(10.308127918778,-4.262984845441));
#5488 = CARTESIAN_POINT('',(11.646554004759,-3.904354656574));
#5489 = CARTESIAN_POINT('',(12.984980090739,-3.545724467707));
#5490 = CARTESIAN_POINT('',(12.626349901872,-4.884150553687));
#5491 = ( GEOMETRIC_REPRESENTATION_CONTEXT(2) 
PARAMETRIC_REPRESENTATION_CONTEXT() REPRESENTATION_CONTEXT('2D SPACE',''
  ) );
#5492 = PCURVE('',#5493,#5498);
#5493 = CYLINDRICAL_SURFACE('',#5494,0.8);
#5494 = AXIS2_PLACEMENT_3D('',#5495,#5496,#5497);
#5495 = CARTESIAN_POINT('',(-18.,109.,21.463408509511));
#5496 = DIRECTION('',(-1.,0.,0.));
#5497 = DIRECTION('',(0.,1.,0.));
#5498 = DEFINITIONAL_REPRESENTATION('',(#5499),#5503);
#5499 = LINE('',#5500,#5501);
#5500 = CARTESIAN_POINT('',(0.,-5.65));
#5501 = VECTOR('',#5502,1.);
#5502 = DIRECTION('',(1.,0.));
#5503 = ( GEOMETRIC_REPRESENTATION_CONTEXT(2) 
PARAMETRIC_REPRESENTATION_CONTEXT() REPRESENTATION_CONTEXT('2D SPACE',''
  ) );
#5504 = FACE_BOUND('',#5505,.F.);
#5505 = EDGE_LOOP('',(#5506));
#5506 = ORIENTED_EDGE('',*,*,#1323,.T.);
#5507 = FACE_BOUND('',#5508,.F.);
#5508 = EDGE_LOOP('',(#5509));
#5509 = ORIENTED_EDGE('',*,*,#1585,.T.);
#5510 = ADVANCED_FACE('',(#5511),#5436,.T.);
#5511 = FACE_BOUND('',#5512,.T.);
#5512 = EDGE_LOOP('',(#5513,#5612,#5633,#5634));
#5513 = ORIENTED_EDGE('',*,*,#5514,.F.);
#5514 = EDGE_CURVE('',#5515,#5517,#5519,.T.);
#5515 = VERTEX_POINT('',#5516);
#5516 = CARTESIAN_POINT('',(-14.21643438426,109.8,22.263408509511));
#5517 = VERTEX_POINT('',#5518);
#5518 = CARTESIAN_POINT('',(-14.21643438426,109.8,20.663408509511));
#5519 = SURFACE_CURVE('',#5520,(#5547,#5577),.PCURVE_S1.);
#5520 = B_SPLINE_CURVE_WITH_KNOTS('',7,(#5521,#5522,#5523,#5524,#5525,
    #5526,#5527,#5528,#5529,#5530,#5531,#5532,#5533,#5534,#5535,#5536,
    #5537,#5538,#5539,#5540,#5541,#5542,#5543,#5544,#5545,#5546),
  .UNSPECIFIED.,.F.,.F.,(8,6,6,6,8),(0.,0.258281601801,0.499999999935,
    0.74171839807,1.),.UNSPECIFIED.);
#5521 = CARTESIAN_POINT('',(-14.21643438426,109.8,22.263408509511));
#5522 = CARTESIAN_POINT('',(-14.23342213746,109.90157754011,
    22.263408509511));
#5523 = CARTESIAN_POINT('',(-14.25275993519,110.00173855194,
    22.24836152246));
#5524 = CARTESIAN_POINT('',(-14.27391393125,110.09784104077,
    22.21902227975));
#5525 = CARTESIAN_POINT('',(-14.29599770406,110.18748351549,
    22.17669810475));
#5526 = CARTESIAN_POINT('',(-14.31784514937,110.26863499164,
    22.123213521075));
#5527 = CARTESIAN_POINT('',(-14.3382940587,110.33976402242,
    22.060883093753));
#5528 = CARTESIAN_POINT('',(-14.37350528995,110.45654514978,
    21.928420906169));
#5529 = CARTESIAN_POINT('',(-14.38871135943,110.50407987405,
    21.858431587841));
#5530 = CARTESIAN_POINT('',(-14.40151394735,110.54235025393,
    21.783851513476));
#5531 = CARTESIAN_POINT('',(-14.41143765527,110.57115499538,
    21.70592214361));
#5532 = CARTESIAN_POINT('',(-14.41815811871,110.59038648157,
    21.62580214425));
#5533 = CARTESIAN_POINT('',(-14.42151771871,110.6,21.544600925835));
#5534 = CARTESIAN_POINT('',(-14.42151771871,110.6,21.382216093187));
#5535 = CARTESIAN_POINT('',(-14.41815811871,110.59038648157,
    21.301014874772));
#5536 = CARTESIAN_POINT('',(-14.41143765527,110.57115499538,
    21.220894875412));
#5537 = CARTESIAN_POINT('',(-14.40151394735,110.54235025393,
    21.142965505546));
#5538 = CARTESIAN_POINT('',(-14.38871135943,110.50407987405,
    21.068385431181));
#5539 = CARTESIAN_POINT('',(-14.37350528995,110.45654514978,
    20.998396112853));
#5540 = CARTESIAN_POINT('',(-14.33829405869,110.33976402239,
    20.865933925234));
#5541 = CARTESIAN_POINT('',(-14.31784514939,110.26863499171,
    20.803603498038));
#5542 = CARTESIAN_POINT('',(-14.29599770404,110.18748351547,
    20.750118914165));
#5543 = CARTESIAN_POINT('',(-14.27391393124,110.09784104067,
    20.707794739333));
#5544 = CARTESIAN_POINT('',(-14.25275993521,110.00173855208,
    20.678455496548));
#5545 = CARTESIAN_POINT('',(-14.23342213745,109.90157754005,
    20.663408509511));
#5546 = CARTESIAN_POINT('',(-14.21643438426,109.8,20.663408509511));
#5547 = PCURVE('',#5436,#5548);
#5548 = DEFINITIONAL_REPRESENTATION('',(#5549),#5576);
#5549 = B_SPLINE_CURVE_WITH_KNOTS('',7,(#5550,#5551,#5552,#5553,#5554,
    #5555,#5556,#5557,#5558,#5559,#5560,#5561,#5562,#5563,#5564,#5565,
    #5566,#5567,#5568,#5569,#5570,#5571,#5572,#5573,#5574,#5575),
  .UNSPECIFIED.,.F.,.F.,(8,6,6,6,8),(0.,0.258281601801,0.499999999935,
    0.74171839807,1.),.UNSPECIFIED.);
#5550 = CARTESIAN_POINT('',(1.570796326795,-3.783565615731));
#5551 = CARTESIAN_POINT('',(1.69776825194,-3.766577862531));
#5552 = CARTESIAN_POINT('',(1.822969560948,-3.747240064806));
#5553 = CARTESIAN_POINT('',(1.946440856004,-3.72608606875));
#5554 = CARTESIAN_POINT('',(2.068105829786,-3.704002295938));
#5555 = CARTESIAN_POINT('',(2.187759981762,-3.682154850628));
#5556 = CARTESIAN_POINT('',(2.305001409568,-3.661705941297));
#5557 = CARTESIAN_POINT('',(2.525739032547,-3.626494710041));
#5558 = CARTESIAN_POINT('',(2.630658239917,-3.611288640567));
#5559 = CARTESIAN_POINT('',(2.734206572657,-3.598486052644));
#5560 = CARTESIAN_POINT('',(2.83674393651,-3.588562344727));
#5561 = CARTESIAN_POINT('',(2.93860029368,-3.58184188129));
#5562 = CARTESIAN_POINT('',(3.040102133185,-3.578482281281));
#5563 = CARTESIAN_POINT('',(3.243083173995,-3.578482281281));
#5564 = CARTESIAN_POINT('',(3.3445850135,-3.58184188129));
#5565 = CARTESIAN_POINT('',(3.446441370669,-3.588562344727));
#5566 = CARTESIAN_POINT('',(3.548978734522,-3.598486052644));
#5567 = CARTESIAN_POINT('',(3.652527067262,-3.611288640567));
#5568 = CARTESIAN_POINT('',(3.757446274633,-3.626494710041));
#5569 = CARTESIAN_POINT('',(3.978183897668,-3.661705941306));
#5570 = CARTESIAN_POINT('',(4.095425325289,-3.682154850607));
#5571 = CARTESIAN_POINT('',(4.21507947747,-3.704002295954));
#5572 = CARTESIAN_POINT('',(4.336744451264,-3.726086068758));
#5573 = CARTESIAN_POINT('',(4.460215746075,-3.747240064786));
#5574 = CARTESIAN_POINT('',(4.585417055316,-3.766577862541));
#5575 = CARTESIAN_POINT('',(4.712388980385,-3.783565615731));
#5576 = ( GEOMETRIC_REPRESENTATION_CONTEXT(2) 
PARAMETRIC_REPRESENTATION_CONTEXT() REPRESENTATION_CONTEXT('2D SPACE',''
  ) );
#5577 = PCURVE('',#5578,#5583);
#5578 = CYLINDRICAL_SURFACE('',#5579,4.85);
#5579 = AXIS2_PLACEMENT_3D('',#5580,#5581,#5582);
#5580 = CARTESIAN_POINT('',(-19.,109.,11.));
#5581 = DIRECTION('',(-0.,-0.,-1.));
#5582 = DIRECTION('',(1.,0.,0.));
#5583 = DEFINITIONAL_REPRESENTATION('',(#5584),#5611);
#5584 = B_SPLINE_CURVE_WITH_KNOTS('',7,(#5585,#5586,#5587,#5588,#5589,
    #5590,#5591,#5592,#5593,#5594,#5595,#5596,#5597,#5598,#5599,#5600,
    #5601,#5602,#5603,#5604,#5605,#5606,#5607,#5608,#5609,#5610),
  .UNSPECIFIED.,.F.,.F.,(8,6,6,6,8),(0.,0.258281601801,0.499999999935,
    0.74171839807,1.),.UNSPECIFIED.);
#5585 = CARTESIAN_POINT('',(-0.165705748811,-11.26340850951));
#5586 = CARTESIAN_POINT('',(-0.18694044031,-11.26340850951));
#5587 = CARTESIAN_POINT('',(-0.207967007045,-11.24836152246));
#5588 = CARTESIAN_POINT('',(-0.228245525532,-11.21902227975));
#5589 = CARTESIAN_POINT('',(-0.2472721976,-11.17669810475));
#5590 = CARTESIAN_POINT('',(-0.264596159069,-11.12321352107));
#5591 = CARTESIAN_POINT('',(-0.279854689878,-11.06088309375));
#5592 = CARTESIAN_POINT('',(-0.305003973162,-10.92842090616));
#5593 = CARTESIAN_POINT('',(-0.315292751698,-10.85843158784));
#5594 = CARTESIAN_POINT('',(-0.32361262904,-10.78385151347));
#5595 = CARTESIAN_POINT('',(-0.32989422257,-10.70592214361));
#5596 = CARTESIAN_POINT('',(-0.334094658607,-10.62580214425));
#5597 = CARTESIAN_POINT('',(-0.336194366575,-10.54460092583));
#5598 = CARTESIAN_POINT('',(-0.336194366575,-10.38221609318));
#5599 = CARTESIAN_POINT('',(-0.334094658607,-10.30101487477));
#5600 = CARTESIAN_POINT('',(-0.32989422257,-10.22089487541));
#5601 = CARTESIAN_POINT('',(-0.32361262904,-10.14296550554));
#5602 = CARTESIAN_POINT('',(-0.315292751698,-10.06838543118));
#5603 = CARTESIAN_POINT('',(-0.305003973162,-9.998396112853));
#5604 = CARTESIAN_POINT('',(-0.279854689871,-9.865933925234));
#5605 = CARTESIAN_POINT('',(-0.264596159083,-9.803603498038));
#5606 = CARTESIAN_POINT('',(-0.247272197596,-9.750118914165));
#5607 = CARTESIAN_POINT('',(-0.228245525512,-9.707794739333));
#5608 = CARTESIAN_POINT('',(-0.207967007072,-9.678455496548));
#5609 = CARTESIAN_POINT('',(-0.186940440297,-9.663408509511));
#5610 = CARTESIAN_POINT('',(-0.165705748811,-9.663408509511));
#5611 = ( GEOMETRIC_REPRESENTATION_CONTEXT(2) 
PARAMETRIC_REPRESENTATION_CONTEXT() REPRESENTATION_CONTEXT('2D SPACE',''
  ) );
#5612 = ORIENTED_EDGE('',*,*,#5613,.T.);
#5613 = EDGE_CURVE('',#5515,#5388,#5614,.T.);
#5614 = SURFACE_CURVE('',#5615,(#5619,#5626),.PCURVE_S1.);
#5615 = LINE('',#5616,#5617);
#5616 = CARTESIAN_POINT('',(-18.,109.8,22.263408509511));
#5617 = VECTOR('',#5618,1.);
#5618 = DIRECTION('',(1.,0.,0.));
#5619 = PCURVE('',#5436,#5620);
#5620 = DEFINITIONAL_REPRESENTATION('',(#5621),#5625);
#5621 = LINE('',#5622,#5623);
#5622 = CARTESIAN_POINT('',(1.570796326795,0.));
#5623 = VECTOR('',#5624,1.);
#5624 = DIRECTION('',(0.,-1.));
#5625 = ( GEOMETRIC_REPRESENTATION_CONTEXT(2) 
PARAMETRIC_REPRESENTATION_CONTEXT() REPRESENTATION_CONTEXT('2D SPACE',''
  ) );
#5626 = PCURVE('',#5404,#5627);
#5627 = DEFINITIONAL_REPRESENTATION('',(#5628),#5632);
#5628 = LINE('',#5629,#5630);
#5629 = CARTESIAN_POINT('',(0.8,0.));
#5630 = VECTOR('',#5631,1.);
#5631 = DIRECTION('',(0.,-1.));
#5632 = ( GEOMETRIC_REPRESENTATION_CONTEXT(2) 
PARAMETRIC_REPRESENTATION_CONTEXT() REPRESENTATION_CONTEXT('2D SPACE',''
  ) );
#5633 = ORIENTED_EDGE('',*,*,#5415,.T.);
#5634 = ORIENTED_EDGE('',*,*,#5635,.F.);
#5635 = EDGE_CURVE('',#5517,#5416,#5636,.T.);
#5636 = SURFACE_CURVE('',#5637,(#5641,#5648),.PCURVE_S1.);
#5637 = LINE('',#5638,#5639);
#5638 = CARTESIAN_POINT('',(-18.,109.8,20.663408509511));
#5639 = VECTOR('',#5640,1.);
#5640 = DIRECTION('',(1.,0.,0.));
#5641 = PCURVE('',#5436,#5642);
#5642 = DEFINITIONAL_REPRESENTATION('',(#5643),#5647);
#5643 = LINE('',#5644,#5645);
#5644 = CARTESIAN_POINT('',(4.712388980385,0.));
#5645 = VECTOR('',#5646,1.);
#5646 = DIRECTION('',(0.,-1.));
#5647 = ( GEOMETRIC_REPRESENTATION_CONTEXT(2) 
PARAMETRIC_REPRESENTATION_CONTEXT() REPRESENTATION_CONTEXT('2D SPACE',''
  ) );
#5648 = PCURVE('',#5463,#5649);
#5649 = DEFINITIONAL_REPRESENTATION('',(#5650),#5654);
#5650 = LINE('',#5651,#5652);
#5651 = CARTESIAN_POINT('',(0.4,0.));
#5652 = VECTOR('',#5653,1.);
#5653 = DIRECTION('',(0.,-1.));
#5654 = ( GEOMETRIC_REPRESENTATION_CONTEXT(2) 
PARAMETRIC_REPRESENTATION_CONTEXT() REPRESENTATION_CONTEXT('2D SPACE',''
  ) );
#5655 = ADVANCED_FACE('',(#5656,#5907),#5578,.T.);
#5656 = FACE_BOUND('',#5657,.F.);
#5657 = EDGE_LOOP('',(#5658,#5683,#5710,#5711,#5737,#5738,#5766,#5789,
    #5816,#5817));
#5658 = ORIENTED_EDGE('',*,*,#5659,.F.);
#5659 = EDGE_CURVE('',#5660,#5662,#5664,.T.);
#5660 = VERTEX_POINT('',#5661);
#5661 = CARTESIAN_POINT('',(-14.15,109.,11.));
#5662 = VERTEX_POINT('',#5663);
#5663 = CARTESIAN_POINT('',(-14.15,109.,20.663408509511));
#5664 = SEAM_CURVE('',#5665,(#5669,#5676),.PCURVE_S1.);
#5665 = LINE('',#5666,#5667);
#5666 = CARTESIAN_POINT('',(-14.15,109.,11.));
#5667 = VECTOR('',#5668,1.);
#5668 = DIRECTION('',(0.,0.,1.));
#5669 = PCURVE('',#5578,#5670);
#5670 = DEFINITIONAL_REPRESENTATION('',(#5671),#5675);
#5671 = LINE('',#5672,#5673);
#5672 = CARTESIAN_POINT('',(-6.28318530718,0.));
#5673 = VECTOR('',#5674,1.);
#5674 = DIRECTION('',(-0.,-1.));
#5675 = ( GEOMETRIC_REPRESENTATION_CONTEXT(2) 
PARAMETRIC_REPRESENTATION_CONTEXT() REPRESENTATION_CONTEXT('2D SPACE',''
  ) );
#5676 = PCURVE('',#5578,#5677);
#5677 = DEFINITIONAL_REPRESENTATION('',(#5678),#5682);
#5678 = LINE('',#5679,#5680);
#5679 = CARTESIAN_POINT('',(-0.,0.));
#5680 = VECTOR('',#5681,1.);
#5681 = DIRECTION('',(-0.,-1.));
#5682 = ( GEOMETRIC_REPRESENTATION_CONTEXT(2) 
PARAMETRIC_REPRESENTATION_CONTEXT() REPRESENTATION_CONTEXT('2D SPACE',''
  ) );
#5683 = ORIENTED_EDGE('',*,*,#5684,.F.);
#5684 = EDGE_CURVE('',#5660,#5660,#5685,.T.);
#5685 = SURFACE_CURVE('',#5686,(#5691,#5698),.PCURVE_S1.);
#5686 = CIRCLE('',#5687,4.85);
#5687 = AXIS2_PLACEMENT_3D('',#5688,#5689,#5690);
#5688 = CARTESIAN_POINT('',(-19.,109.,11.));
#5689 = DIRECTION('',(0.,0.,1.));
#5690 = DIRECTION('',(1.,0.,0.));
#5691 = PCURVE('',#5578,#5692);
#5692 = DEFINITIONAL_REPRESENTATION('',(#5693),#5697);
#5693 = LINE('',#5694,#5695);
#5694 = CARTESIAN_POINT('',(-0.,0.));
#5695 = VECTOR('',#5696,1.);
#5696 = DIRECTION('',(-1.,0.));
#5697 = ( GEOMETRIC_REPRESENTATION_CONTEXT(2) 
PARAMETRIC_REPRESENTATION_CONTEXT() REPRESENTATION_CONTEXT('2D SPACE',''
  ) );
#5698 = PCURVE('',#5699,#5704);
#5699 = PLANE('',#5700);
#5700 = AXIS2_PLACEMENT_3D('',#5701,#5702,#5703);
#5701 = CARTESIAN_POINT('',(-19.,109.,11.));
#5702 = DIRECTION('',(0.,0.,1.));
#5703 = DIRECTION('',(1.,0.,0.));
#5704 = DEFINITIONAL_REPRESENTATION('',(#5705),#5709);
#5705 = CIRCLE('',#5706,4.85);
#5706 = AXIS2_PLACEMENT_2D('',#5707,#5708);
#5707 = CARTESIAN_POINT('',(4.229196286204E-16,-8.396185321814E-17));
#5708 = DIRECTION('',(1.,0.));
#5709 = ( GEOMETRIC_REPRESENTATION_CONTEXT(2) 
PARAMETRIC_REPRESENTATION_CONTEXT() REPRESENTATION_CONTEXT('2D SPACE',''
  ) );
#5710 = ORIENTED_EDGE('',*,*,#5659,.T.);
#5711 = ORIENTED_EDGE('',*,*,#5712,.F.);
#5712 = EDGE_CURVE('',#5517,#5662,#5713,.T.);
#5713 = SURFACE_CURVE('',#5714,(#5719,#5726),.PCURVE_S1.);
#5714 = CIRCLE('',#5715,4.85);
#5715 = AXIS2_PLACEMENT_3D('',#5716,#5717,#5718);
#5716 = CARTESIAN_POINT('',(-19.,109.,20.663408509511));
#5717 = DIRECTION('',(0.,0.,-1.));
#5718 = DIRECTION('',(1.,0.,0.));
#5719 = PCURVE('',#5578,#5720);
#5720 = DEFINITIONAL_REPRESENTATION('',(#5721),#5725);
#5721 = LINE('',#5722,#5723);
#5722 = CARTESIAN_POINT('',(-6.28318530718,-9.663408509511));
#5723 = VECTOR('',#5724,1.);
#5724 = DIRECTION('',(1.,-0.));
#5725 = ( GEOMETRIC_REPRESENTATION_CONTEXT(2) 
PARAMETRIC_REPRESENTATION_CONTEXT() REPRESENTATION_CONTEXT('2D SPACE',''
  ) );
#5726 = PCURVE('',#5463,#5727);
#5727 = DEFINITIONAL_REPRESENTATION('',(#5728),#5736);
#5728 = ( BOUNDED_CURVE() B_SPLINE_CURVE(2,(#5729,#5730,#5731,#5732,
#5733,#5734,#5735),.UNSPECIFIED.,.T.,.F.) B_SPLINE_CURVE_WITH_KNOTS((1,2
    ,2,2,2,1),(-2.094395102393,0.,2.094395102393,4.188790204786,
6.28318530718,8.377580409573),.UNSPECIFIED.) CURVE() 
GEOMETRIC_REPRESENTATION_ITEM() RATIONAL_B_SPLINE_CURVE((1.,0.5,1.,0.5,
1.,0.5,1.)) REPRESENTATION_ITEM('') );
#5729 = CARTESIAN_POINT('',(-0.4,-3.85));
#5730 = CARTESIAN_POINT('',(-8.800446416709,-3.85));
#5731 = CARTESIAN_POINT('',(-4.600223208355,3.425));
#5732 = CARTESIAN_POINT('',(-0.4,10.7));
#5733 = CARTESIAN_POINT('',(3.800223208355,3.425));
#5734 = CARTESIAN_POINT('',(8.000446416709,-3.85));
#5735 = CARTESIAN_POINT('',(-0.4,-3.85));
#5736 = ( GEOMETRIC_REPRESENTATION_CONTEXT(2) 
PARAMETRIC_REPRESENTATION_CONTEXT() REPRESENTATION_CONTEXT('2D SPACE',''
  ) );
#5737 = ORIENTED_EDGE('',*,*,#5514,.F.);
#5738 = ORIENTED_EDGE('',*,*,#5739,.T.);
#5739 = EDGE_CURVE('',#5515,#5740,#5742,.T.);
#5740 = VERTEX_POINT('',#5741);
#5741 = CARTESIAN_POINT('',(-14.15,109.,22.263408509511));
#5742 = SURFACE_CURVE('',#5743,(#5748,#5755),.PCURVE_S1.);
#5743 = CIRCLE('',#5744,4.85);
#5744 = AXIS2_PLACEMENT_3D('',#5745,#5746,#5747);
#5745 = CARTESIAN_POINT('',(-19.,109.,22.263408509511));
#5746 = DIRECTION('',(0.,0.,-1.));
#5747 = DIRECTION('',(1.,0.,0.));
#5748 = PCURVE('',#5578,#5749);
#5749 = DEFINITIONAL_REPRESENTATION('',(#5750),#5754);
#5750 = LINE('',#5751,#5752);
#5751 = CARTESIAN_POINT('',(-6.28318530718,-11.26340850951));
#5752 = VECTOR('',#5753,1.);
#5753 = DIRECTION('',(1.,-0.));
#5754 = ( GEOMETRIC_REPRESENTATION_CONTEXT(2) 
PARAMETRIC_REPRESENTATION_CONTEXT() REPRESENTATION_CONTEXT('2D SPACE',''
  ) );
#5755 = PCURVE('',#5404,#5756);
#5756 = DEFINITIONAL_REPRESENTATION('',(#5757),#5765);
#5757 = ( BOUNDED_CURVE() B_SPLINE_CURVE(2,(#5758,#5759,#5760,#5761,
#5762,#5763,#5764),.UNSPECIFIED.,.T.,.F.) B_SPLINE_CURVE_WITH_KNOTS((1,2
    ,2,2,2,1),(-2.094395102393,0.,2.094395102393,4.188790204786,
6.28318530718,8.377580409573),.UNSPECIFIED.) CURVE() 
GEOMETRIC_REPRESENTATION_ITEM() RATIONAL_B_SPLINE_CURVE((1.,0.5,1.,0.5,
1.,0.5,1.)) REPRESENTATION_ITEM('') );
#5758 = CARTESIAN_POINT('',(0.,-3.85));
#5759 = CARTESIAN_POINT('',(-8.400446416709,-3.85));
#5760 = CARTESIAN_POINT('',(-4.200223208355,3.425));
#5761 = CARTESIAN_POINT('',(-1.187907395173E-15,10.7));
#5762 = CARTESIAN_POINT('',(4.200223208355,3.425));
#5763 = CARTESIAN_POINT('',(8.400446416709,-3.85));
#5764 = CARTESIAN_POINT('',(0.,-3.85));
#5765 = ( GEOMETRIC_REPRESENTATION_CONTEXT(2) 
PARAMETRIC_REPRESENTATION_CONTEXT() REPRESENTATION_CONTEXT('2D SPACE',''
  ) );
#5766 = ORIENTED_EDGE('',*,*,#5767,.T.);
#5767 = EDGE_CURVE('',#5740,#5768,#5770,.T.);
#5768 = VERTEX_POINT('',#5769);
#5769 = CARTESIAN_POINT('',(-14.15,109.,29.));
#5770 = SEAM_CURVE('',#5771,(#5775,#5782),.PCURVE_S1.);
#5771 = LINE('',#5772,#5773);
#5772 = CARTESIAN_POINT('',(-14.15,109.,11.));
#5773 = VECTOR('',#5774,1.);
#5774 = DIRECTION('',(0.,0.,1.));
#5775 = PCURVE('',#5578,#5776);
#5776 = DEFINITIONAL_REPRESENTATION('',(#5777),#5781);
#5777 = LINE('',#5778,#5779);
#5778 = CARTESIAN_POINT('',(-6.28318530718,0.));
#5779 = VECTOR('',#5780,1.);
#5780 = DIRECTION('',(-0.,-1.));
#5781 = ( GEOMETRIC_REPRESENTATION_CONTEXT(2) 
PARAMETRIC_REPRESENTATION_CONTEXT() REPRESENTATION_CONTEXT('2D SPACE',''
  ) );
#5782 = PCURVE('',#5578,#5783);
#5783 = DEFINITIONAL_REPRESENTATION('',(#5784),#5788);
#5784 = LINE('',#5785,#5786);
#5785 = CARTESIAN_POINT('',(-0.,0.));
#5786 = VECTOR('',#5787,1.);
#5787 = DIRECTION('',(-0.,-1.));
#5788 = ( GEOMETRIC_REPRESENTATION_CONTEXT(2) 
PARAMETRIC_REPRESENTATION_CONTEXT() REPRESENTATION_CONTEXT('2D SPACE',''
  ) );
#5789 = ORIENTED_EDGE('',*,*,#5790,.T.);
#5790 = EDGE_CURVE('',#5768,#5768,#5791,.T.);
#5791 = SURFACE_CURVE('',#5792,(#5797,#5804),.PCURVE_S1.);
#5792 = CIRCLE('',#5793,4.85);
#5793 = AXIS2_PLACEMENT_3D('',#5794,#5795,#5796);
#5794 = CARTESIAN_POINT('',(-19.,109.,29.));
#5795 = DIRECTION('',(0.,0.,1.));
#5796 = DIRECTION('',(1.,0.,0.));
#5797 = PCURVE('',#5578,#5798);
#5798 = DEFINITIONAL_REPRESENTATION('',(#5799),#5803);
#5799 = LINE('',#5800,#5801);
#5800 = CARTESIAN_POINT('',(-0.,-18.));
#5801 = VECTOR('',#5802,1.);
#5802 = DIRECTION('',(-1.,0.));
#5803 = ( GEOMETRIC_REPRESENTATION_CONTEXT(2) 
PARAMETRIC_REPRESENTATION_CONTEXT() REPRESENTATION_CONTEXT('2D SPACE',''
  ) );
#5804 = PCURVE('',#5805,#5810);
#5805 = PLANE('',#5806);
#5806 = AXIS2_PLACEMENT_3D('',#5807,#5808,#5809);
#5807 = CARTESIAN_POINT('',(-19.,109.,29.));
#5808 = DIRECTION('',(0.,0.,1.));
#5809 = DIRECTION('',(1.,0.,0.));
#5810 = DEFINITIONAL_REPRESENTATION('',(#5811),#5815);
#5811 = CIRCLE('',#5812,4.85);
#5812 = AXIS2_PLACEMENT_2D('',#5813,#5814);
#5813 = CARTESIAN_POINT('',(4.229196286204E-16,-8.396185321814E-17));
#5814 = DIRECTION('',(1.,0.));
#5815 = ( GEOMETRIC_REPRESENTATION_CONTEXT(2) 
PARAMETRIC_REPRESENTATION_CONTEXT() REPRESENTATION_CONTEXT('2D SPACE',''
  ) );
#5816 = ORIENTED_EDGE('',*,*,#5767,.F.);
#5817 = ORIENTED_EDGE('',*,*,#5818,.F.);
#5818 = EDGE_CURVE('',#5662,#5740,#5819,.T.);
#5819 = SURFACE_CURVE('',#5820,(#5847,#5877),.PCURVE_S1.);
#5820 = B_SPLINE_CURVE_WITH_KNOTS('',7,(#5821,#5822,#5823,#5824,#5825,
    #5826,#5827,#5828,#5829,#5830,#5831,#5832,#5833,#5834,#5835,#5836,
    #5837,#5838,#5839,#5840,#5841,#5842,#5843,#5844,#5845,#5846),
  .UNSPECIFIED.,.F.,.F.,(8,6,6,6,8),(0.,0.27681696013,0.499576333044,
    0.802566938906,1.),.UNSPECIFIED.);
#5821 = CARTESIAN_POINT('',(-14.15,109.,20.663408509511));
#5822 = CARTESIAN_POINT('',(-14.15,108.89054052495,20.663408509511));
#5823 = CARTESIAN_POINT('',(-14.15288225849,108.78260068089,
    20.680881213161));
#5824 = CARTESIAN_POINT('',(-14.15850170663,108.67952815098,
    20.714954340335));
#5825 = CARTESIAN_POINT('',(-14.16620283995,108.58437310373,
    20.763967203201));
#5826 = CARTESIAN_POINT('',(-14.1749147359,108.49968540029,
    20.825517658496));
#5827 = CARTESIAN_POINT('',(-14.18355933039,108.42729508724,
    20.896480228124));
#5828 = CARTESIAN_POINT('',(-14.19765598843,108.32006041979,
    21.03472632839));
#5829 = CARTESIAN_POINT('',(-14.20347623219,108.28007826994,
    21.100752329456));
#5830 = CARTESIAN_POINT('',(-14.208485796,108.24804582777,
    21.170117399572));
#5831 = CARTESIAN_POINT('',(-14.21241816619,108.22401556098,
    21.241894583362));
#5832 = CARTESIAN_POINT('',(-14.21509612173,108.20800178013,
    21.31523485226));
#5833 = CARTESIAN_POINT('',(-14.21643438426,108.2,21.38933449827));
#5834 = CARTESIAN_POINT('',(-14.21643438426,108.2,21.564161753923));
#5835 = CARTESIAN_POINT('',(-14.21395863431,108.21480386763,
    21.665093287573));
#5836 = CARTESIAN_POINT('',(-14.2089911154,108.24450582346,
    21.764160317838));
#5837 = CARTESIAN_POINT('',(-14.20182603858,108.28912571838,
    21.859228016462));
#5838 = CARTESIAN_POINT('',(-14.19309025091,108.34851721957,
    21.947964331881));
#5839 = CARTESIAN_POINT('',(-14.18372688693,108.42231111212,
    22.027766640284));
#5840 = CARTESIAN_POINT('',(-14.1690642816,108.56660151106,
    22.139689746385));
#5841 = CARTESIAN_POINT('',(-14.16346598082,108.62948554517,
    22.178887839179));
#5842 = CARTESIAN_POINT('',(-14.15841979565,108.69761130536,
    22.211773445011));
#5843 = CARTESIAN_POINT('',(-14.15430982297,108.76997318941,
    22.237283209376));
#5844 = CARTESIAN_POINT('',(-14.15144455849,108.84537320448,
    22.254649606062));
#5845 = CARTESIAN_POINT('',(-14.15,108.92250158919,22.263408509511));
#5846 = CARTESIAN_POINT('',(-14.15,109.,22.263408509511));
#5847 = PCURVE('',#5578,#5848);
#5848 = DEFINITIONAL_REPRESENTATION('',(#5849),#5876);
#5849 = B_SPLINE_CURVE_WITH_KNOTS('',7,(#5850,#5851,#5852,#5853,#5854,
    #5855,#5856,#5857,#5858,#5859,#5860,#5861,#5862,#5863,#5864,#5865,
    #5866,#5867,#5868,#5869,#5870,#5871,#5872,#5873,#5874,#5875),
  .UNSPECIFIED.,.F.,.F.,(8,6,6,6,8),(0.,0.27681696013,0.499576333044,
    0.802566938906,1.),.UNSPECIFIED.);
#5850 = CARTESIAN_POINT('',(-6.28318530718,-9.663408509511));
#5851 = CARTESIAN_POINT('',(-6.260616343253,-9.663408509511));
#5852 = CARTESIAN_POINT('',(-6.23836067504,-9.680881213161));
#5853 = CARTESIAN_POINT('',(-6.217089994872,-9.714954340335));
#5854 = CARTESIAN_POINT('',(-6.197415950109,-9.763967203201));
#5855 = CARTESIAN_POINT('',(-6.17986617137,-9.825517658496));
#5856 = CARTESIAN_POINT('',(-6.164835369764,-9.896480228124));
#5857 = CARTESIAN_POINT('',(-6.142534906852,-10.03472632839));
#5858 = CARTESIAN_POINT('',(-6.134205078221,-10.10075232945));
#5859 = CARTESIAN_POINT('',(-6.127520547476,-10.17011739957));
#5860 = CARTESIAN_POINT('',(-6.122499990795,-10.24189458336));
#5861 = CARTESIAN_POINT('',(-6.119152322277,-10.31523485226));
#5862 = CARTESIAN_POINT('',(-6.117479558369,-10.38933449827));
#5863 = CARTESIAN_POINT('',(-6.117479558369,-10.56416175392));
#5864 = CARTESIAN_POINT('',(-6.120574300636,-10.66509328757));
#5865 = CARTESIAN_POINT('',(-6.126783427844,-10.76416031783));
#5866 = CARTESIAN_POINT('',(-6.136101195839,-10.85922801646));
#5867 = CARTESIAN_POINT('',(-6.148475966128,-10.94796433188));
#5868 = CARTESIAN_POINT('',(-6.163808416069,-11.02776664028));
#5869 = CARTESIAN_POINT('',(-6.193712227019,-11.13968974638));
#5870 = CARTESIAN_POINT('',(-6.206728284578,-11.17888783917));
#5871 = CARTESIAN_POINT('',(-6.220810699651,-11.21177344501));
#5872 = CARTESIAN_POINT('',(-6.235750471856,-11.23728320937));
#5873 = CARTESIAN_POINT('',(-6.251303481087,-11.25464960606));
#5874 = CARTESIAN_POINT('',(-6.267206253405,-11.26340850951));
#5875 = CARTESIAN_POINT('',(-6.28318530718,-11.26340850951));
#5876 = ( GEOMETRIC_REPRESENTATION_CONTEXT(2) 
PARAMETRIC_REPRESENTATION_CONTEXT() REPRESENTATION_CONTEXT('2D SPACE',''
  ) );
#5877 = PCURVE('',#5493,#5878);
#5878 = DEFINITIONAL_REPRESENTATION('',(#5879),#5906);
#5879 = B_SPLINE_CURVE_WITH_KNOTS('',7,(#5880,#5881,#5882,#5883,#5884,
    #5885,#5886,#5887,#5888,#5889,#5890,#5891,#5892,#5893,#5894,#5895,
    #5896,#5897,#5898,#5899,#5900,#5901,#5902,#5903,#5904,#5905),
  .UNSPECIFIED.,.F.,.F.,(8,6,6,6,8),(0.,0.27681696013,0.499576333044,
    0.802566938906,1.),.UNSPECIFIED.);
#5880 = CARTESIAN_POINT('',(1.570796326795,-3.85));
#5881 = CARTESIAN_POINT('',(1.707620670601,-3.85));
#5882 = CARTESIAN_POINT('',(1.842545507542,-3.847117741507));
#5883 = CARTESIAN_POINT('',(1.975569644232,-3.841498293369));
#5884 = CARTESIAN_POINT('',(2.106543170781,-3.833797160049));
#5885 = CARTESIAN_POINT('',(2.235125418432,-3.825085264092));
#5886 = CARTESIAN_POINT('',(2.360675268201,-3.816440669607));
#5887 = CARTESIAN_POINT('',(2.579376184636,-3.802344011568));
#5888 = CARTESIAN_POINT('',(2.675221708725,-3.796523767807));
#5889 = CARTESIAN_POINT('',(2.769787605044,-3.791514203997));
#5890 = CARTESIAN_POINT('',(2.863404487862,-3.787581833804));
#5891 = CARTESIAN_POINT('',(2.956375238521,-3.784903878268));
#5892 = CARTESIAN_POINT('',(3.049000139539,-3.783565615731));
#5893 = CARTESIAN_POINT('',(3.267534209105,-3.783565615731));
#5894 = CARTESIAN_POINT('',(3.393698448435,-3.786041365688));
#5895 = CARTESIAN_POINT('',(3.520795807337,-3.791008884599));
#5896 = CARTESIAN_POINT('',(3.64946887971,-3.798173961414));
#5897 = CARTESIAN_POINT('',(3.780423351185,-3.806909749083));
#5898 = CARTESIAN_POINT('',(3.914448659118,-3.81627311307));
#5899 = CARTESIAN_POINT('',(4.142711463067,-3.8309357184));
#5900 = CARTESIAN_POINT('',(4.234852196562,-3.836534019175));
#5901 = CARTESIAN_POINT('',(4.328528736051,-3.841580204348));
#5902 = CARTESIAN_POINT('',(4.423369594107,-3.845690177026));
#5903 = CARTESIAN_POINT('',(4.519105868055,-3.848555441505));
#5904 = CARTESIAN_POINT('',(4.615515966874,-3.85));
#5905 = CARTESIAN_POINT('',(4.712388980385,-3.85));
#5906 = ( GEOMETRIC_REPRESENTATION_CONTEXT(2) 
PARAMETRIC_REPRESENTATION_CONTEXT() REPRESENTATION_CONTEXT('2D SPACE',''
  ) );
#5907 = FACE_BOUND('',#5908,.F.);
#5908 = EDGE_LOOP('',(#5909,#6051,#6079,#6264));
#5909 = ORIENTED_EDGE('',*,*,#5910,.F.);
#5910 = EDGE_CURVE('',#5911,#5913,#5915,.T.);
#5911 = VERTEX_POINT('',#5912);
#5912 = CARTESIAN_POINT('',(-14.90579678081,106.4,22.489343826144));
#5913 = VERTEX_POINT('',#5914);
#5914 = CARTESIAN_POINT('',(-14.90579678081,106.4,20.889343826144));
#5915 = SURFACE_CURVE('',#5916,(#5959,#6005),.PCURVE_S1.);
#5916 = B_SPLINE_CURVE_WITH_KNOTS('',5,(#5917,#5918,#5919,#5920,#5921,
    #5922,#5923,#5924,#5925,#5926,#5927,#5928,#5929,#5930,#5931,#5932,
    #5933,#5934,#5935,#5936,#5937,#5938,#5939,#5940,#5941,#5942,#5943,
    #5944,#5945,#5946,#5947,#5948,#5949,#5950,#5951,#5952,#5953,#5954,
    #5955,#5956,#5957,#5958),.UNSPECIFIED.,.F.,.F.,(6,4,4,4,4,4,4,4,4,4,
    6),(0.,0.116604868808,0.231937417274,0.29346284868,0.358915070652,
    0.49998796825,0.642108431537,0.708499151149,0.768039781978,
    0.883383631185,1.),.UNSPECIFIED.);
#5917 = CARTESIAN_POINT('',(-14.90579678081,106.4,22.489343826144));
#5918 = CARTESIAN_POINT('',(-14.86888044427,106.45813191688,
    22.489343826144));
#5919 = CARTESIAN_POINT('',(-14.83302601194,106.51687108005,
    22.484063557796));
#5920 = CARTESIAN_POINT('',(-14.79873702046,106.57541999517,
    22.473282911502));
#5921 = CARTESIAN_POINT('',(-14.76637782575,106.63294312301,
    22.457005892062));
#5922 = CARTESIAN_POINT('',(-14.70631307467,106.74374637492,
    22.414139346797));
#5923 = CARTESIAN_POINT('',(-14.67859752291,106.79699809875,
    22.387690631049));
#5924 = CARTESIAN_POINT('',(-14.65325432063,106.84763974296,
    22.35635281966));
#5925 = CARTESIAN_POINT('',(-14.63037630285,106.89496010021,
    22.320585078757));
#5926 = CARTESIAN_POINT('',(-14.59908694464,106.96158884912,
    22.259957582051));
#5927 = CARTESIAN_POINT('',(-14.5889025689,106.98367373467,
    22.237787262649));
#5928 = CARTESIAN_POINT('',(-14.57941233318,107.00459719751,
    22.214620727299));
#5929 = CARTESIAN_POINT('',(-14.57060711014,107.02430147018,
    22.190548899531));
#5930 = CARTESIAN_POINT('',(-14.55382404237,107.06235222676,
    22.139204560148));
#5931 = CARTESIAN_POINT('',(-14.54593483716,107.08053241825,
    22.111825228932));
#5932 = CARTESIAN_POINT('',(-14.53878817437,107.0972332831,
    22.083635551503));
#5933 = CARTESIAN_POINT('',(-14.53236582708,107.11241856057,
    22.054741591281));
#5934 = CARTESIAN_POINT('',(-14.51433236063,107.15546692958,
    21.961693214227));
#5935 = CARTESIAN_POINT('',(-14.50530401529,107.17769707055,
    21.895392419823));
#5936 = CARTESIAN_POINT('',(-14.49936018548,107.19256967134,
    21.827290615017));
#5937 = CARTESIAN_POINT('',(-14.49639033663,107.2,21.758303272911));
#5938 = CARTESIAN_POINT('',(-14.49639033663,107.2,21.619872306885));
#5939 = CARTESIAN_POINT('',(-14.49940446034,107.19245890943,
    21.550371854165));
#5940 = CARTESIAN_POINT('',(-14.50543701548,107.17736425595,
    21.481776980304));
#5941 = CARTESIAN_POINT('',(-14.51460179782,107.15480360291,
    21.415024231673));
#5942 = CARTESIAN_POINT('',(-14.53295311111,107.11102659532,
    21.321202722156));
#5943 = CARTESIAN_POINT('',(-14.53952475485,107.09550202647,
    21.291946748874));
#5944 = CARTESIAN_POINT('',(-14.54684286182,107.07841999045,
    21.263422240969));
#5945 = CARTESIAN_POINT('',(-14.55492641295,107.05981899785,
    21.235740069064));
#5946 = CARTESIAN_POINT('',(-14.57174934775,107.02174737752,
    21.185033431579));
#5947 = CARTESIAN_POINT('',(-14.58033354235,107.00256729703,
    21.161826426473));
#5948 = CARTESIAN_POINT('',(-14.58956078763,106.98224682255,
    21.13947040812));
#5949 = CARTESIAN_POINT('',(-14.59943913322,106.96083888537,
    21.11804765573));
#5950 = CARTESIAN_POINT('',(-14.63037628423,106.89496013985,
    21.0581026096));
#5951 = CARTESIAN_POINT('',(-14.65325430426,106.84763977506,
    21.022334848537));
#5952 = CARTESIAN_POINT('',(-14.6785975253,106.79699809172,
    20.990997010997));
#5953 = CARTESIAN_POINT('',(-14.70631309378,106.74374633968,
    20.964548291856));
#5954 = CARTESIAN_POINT('',(-14.76637782575,106.63294312301,
    20.921681760225));
#5955 = CARTESIAN_POINT('',(-14.79873702046,106.57541999517,
    20.905404740786));
#5956 = CARTESIAN_POINT('',(-14.83302601194,106.51687108005,
    20.894624094491));
#5957 = CARTESIAN_POINT('',(-14.86888044427,106.45813191688,
    20.889343826144));
#5958 = CARTESIAN_POINT('',(-14.90579678081,106.4,20.889343826144));
#5959 = PCURVE('',#5578,#5960);
#5960 = DEFINITIONAL_REPRESENTATION('',(#5961),#6004);
#5961 = B_SPLINE_CURVE_WITH_KNOTS('',5,(#5962,#5963,#5964,#5965,#5966,
    #5967,#5968,#5969,#5970,#5971,#5972,#5973,#5974,#5975,#5976,#5977,
    #5978,#5979,#5980,#5981,#5982,#5983,#5984,#5985,#5986,#5987,#5988,
    #5989,#5990,#5991,#5992,#5993,#5994,#5995,#5996,#5997,#5998,#5999,
    #6000,#6001,#6002,#6003),.UNSPECIFIED.,.F.,.F.,(6,4,4,4,4,4,4,4,4,4,
    6),(0.,0.116604868808,0.231937417274,0.29346284868,0.358915070652,
    0.49998796825,0.642108431537,0.708499151149,0.768039781978,
    0.883383631185,1.),.UNSPECIFIED.);
#5962 = CARTESIAN_POINT('',(-5.717395780585,-11.48934382614));
#5963 = CARTESIAN_POINT('',(-5.731594371562,-11.48934382614));
#5964 = CARTESIAN_POINT('',(-5.745781269629,-11.48406355779));
#5965 = CARTESIAN_POINT('',(-5.759768047668,-11.4732829115));
#5966 = CARTESIAN_POINT('',(-5.773374677336,-11.45700589206));
#5967 = CARTESIAN_POINT('',(-5.799361531897,-11.41413934679));
#5968 = CARTESIAN_POINT('',(-5.81173758449,-11.38769063104));
#5969 = CARTESIAN_POINT('',(-5.823411998782,-11.35635281966));
#5970 = CARTESIAN_POINT('',(-5.834248566602,-11.32058507875));
#5971 = CARTESIAN_POINT('',(-5.849425861005,-11.25995758205));
#5972 = CARTESIAN_POINT('',(-5.854440181633,-11.23778726264));
#5973 = CARTESIAN_POINT('',(-5.859177204565,-11.21462072729));
#5974 = CARTESIAN_POINT('',(-5.863627088665,-11.19054889953));
#5975 = CARTESIAN_POINT('',(-5.872201858907,-11.13920456014));
#5976 = CARTESIAN_POINT('',(-5.876288006971,-11.11182522893));
#5977 = CARTESIAN_POINT('',(-5.880033458162,-11.0836355515));
#5978 = CARTESIAN_POINT('',(-5.883432937152,-11.05474159128));
#5979 = CARTESIAN_POINT('',(-5.89305623404,-10.96169321422));
#5980 = CARTESIAN_POINT('',(-5.89800307799,-10.89539241982));
#5981 = CARTESIAN_POINT('',(-5.901305489237,-10.82729061501));
#5982 = CARTESIAN_POINT('',(-5.902955341477,-10.75830327291));
#5983 = CARTESIAN_POINT('',(-5.902955341477,-10.61987230688));
#5984 = CARTESIAN_POINT('',(-5.901280895531,-10.55037185416));
#5985 = CARTESIAN_POINT('',(-5.897929177371,-10.4817769803));
#5986 = CARTESIAN_POINT('',(-5.892908622349,-10.41502423167));
#5987 = CARTESIAN_POINT('',(-5.883121436109,-10.32120272215));
#5988 = CARTESIAN_POINT('',(-5.879645535691,-10.29194674887));
#5989 = CARTESIAN_POINT('',(-5.875813927061,-10.26342224096));
#5990 = CARTESIAN_POINT('',(-5.871632239566,-10.23574006906));
#5991 = CARTESIAN_POINT('',(-5.863050214166,-10.18503343157));
#5992 = CARTESIAN_POINT('',(-5.858717596084,-10.16182642647));
#5993 = CARTESIAN_POINT('',(-5.854116186589,-10.13947040812));
#5994 = CARTESIAN_POINT('',(-5.849255027531,-10.11804765573));
#5995 = CARTESIAN_POINT('',(-5.834248575631,-10.0581026096));
#5996 = CARTESIAN_POINT('',(-5.82341200619,-10.02233484853));
#5997 = CARTESIAN_POINT('',(-5.811737582993,-9.990997010997));
#5998 = CARTESIAN_POINT('',(-5.79936152363,-9.964548291856));
#5999 = CARTESIAN_POINT('',(-5.773374677336,-9.921681760225));
#6000 = CARTESIAN_POINT('',(-5.759768047668,-9.905404740786));
#6001 = CARTESIAN_POINT('',(-5.745781269629,-9.894624094491));
#6002 = CARTESIAN_POINT('',(-5.731594371562,-9.889343826144));
#6003 = CARTESIAN_POINT('',(-5.717395780585,-9.889343826144));
#6004 = ( GEOMETRIC_REPRESENTATION_CONTEXT(2) 
PARAMETRIC_REPRESENTATION_CONTEXT() REPRESENTATION_CONTEXT('2D SPACE',''
  ) );
#6005 = PCURVE('',#5316,#6006);
#6006 = DEFINITIONAL_REPRESENTATION('',(#6007),#6050);
#6007 = B_SPLINE_CURVE_WITH_KNOTS('',5,(#6008,#6009,#6010,#6011,#6012,
    #6013,#6014,#6015,#6016,#6017,#6018,#6019,#6020,#6021,#6022,#6023,
    #6024,#6025,#6026,#6027,#6028,#6029,#6030,#6031,#6032,#6033,#6034,
    #6035,#6036,#6037,#6038,#6039,#6040,#6041,#6042,#6043,#6044,#6045,
    #6046,#6047,#6048,#6049),.UNSPECIFIED.,.F.,.F.,(6,4,4,4,4,4,4,4,4,4,
    6),(0.,0.116604868808,0.231937417274,0.29346284868,0.358915070652,
    0.49998796825,0.642108431537,0.708499151149,0.768039781978,
    0.883383631185,1.),.UNSPECIFIED.);
#6008 = CARTESIAN_POINT('',(1.570796326795,-3.094203219187));
#6009 = CARTESIAN_POINT('',(1.6434612229,-3.131119555726));
#6010 = CARTESIAN_POINT('',(1.716885171055,-3.166973988052));
#6011 = CARTESIAN_POINT('',(1.790870740254,-3.201262979537));
#6012 = CARTESIAN_POINT('',(1.865272291372,-3.233622174242));
#6013 = CARTESIAN_POINT('',(2.013779979192,-3.293686925323));
#6014 = CARTESIAN_POINT('',(2.087789740848,-3.321402477086));
#6015 = CARTESIAN_POINT('',(2.161799456149,-3.346745679366));
#6016 = CARTESIAN_POINT('',(2.235638873942,-3.36962369715));
#6017 = CARTESIAN_POINT('',(2.348243572014,-3.400913055355));
#6018 = CARTESIAN_POINT('',(2.387312829001,-3.411097431098));
#6019 = CARTESIAN_POINT('',(2.426272225825,-3.420587666811));
#6020 = CARTESIAN_POINT('',(2.465111970577,-3.429392889858));
#6021 = CARTESIAN_POINT('',(2.544995687468,-3.446175957628));
#6022 = CARTESIAN_POINT('',(2.586022883987,-3.454065162831));
#6023 = CARTESIAN_POINT('',(2.626908589828,-3.461211825621));
#6024 = CARTESIAN_POINT('',(2.667657978074,-3.467634172912));
#6025 = CARTESIAN_POINT('',(2.795812929128,-3.485667639368));
#6026 = CARTESIAN_POINT('',(2.882697110849,-3.494695984703));
#6027 = CARTESIAN_POINT('',(2.969159315192,-3.500639814518));
#6028 = CARTESIAN_POINT('',(3.055393345131,-3.50360966337));
#6029 = CARTESIAN_POINT('',(3.228432052664,-3.50360966337));
#6030 = CARTESIAN_POINT('',(3.315307462595,-3.500595539652));
#6031 = CARTESIAN_POINT('',(3.402415983592,-3.494562984518));
#6032 = CARTESIAN_POINT('',(3.489955211549,-3.485398202175));
#6033 = CARTESIAN_POINT('',(3.619370374652,-3.467046888887));
#6034 = CARTESIAN_POINT('',(3.660715646206,-3.460475245149));
#6035 = CARTESIAN_POINT('',(3.70220158835,-3.453157138178));
#6036 = CARTESIAN_POINT('',(3.743833265326,-3.445073587044));
#6037 = CARTESIAN_POINT('',(3.823093629,-3.428250652246));
#6038 = CARTESIAN_POINT('',(3.86068642827,-3.419666457645));
#6039 = CARTESIAN_POINT('',(3.89839465669,-3.41043921237));
#6040 = CARTESIAN_POINT('',(3.936209197683,-3.400560866775));
#6041 = CARTESIAN_POINT('',(4.047546366246,-3.369623715765));
#6042 = CARTESIAN_POINT('',(4.121385807685,-3.346745695738));
#6043 = CARTESIAN_POINT('',(4.195395579398,-3.321402474691));
#6044 = CARTESIAN_POINT('',(4.269405375227,-3.293686906217));
#6045 = CARTESIAN_POINT('',(4.417913015807,-3.233622174242));
#6046 = CARTESIAN_POINT('',(4.492314566926,-3.201262979537));
#6047 = CARTESIAN_POINT('',(4.566300136125,-3.166973988052));
#6048 = CARTESIAN_POINT('',(4.639724084279,-3.131119555726));
#6049 = CARTESIAN_POINT('',(4.712388980385,-3.094203219187));
#6050 = ( GEOMETRIC_REPRESENTATION_CONTEXT(2) 
PARAMETRIC_REPRESENTATION_CONTEXT() REPRESENTATION_CONTEXT('2D SPACE',''
  ) );
#6051 = ORIENTED_EDGE('',*,*,#6052,.T.);
#6052 = EDGE_CURVE('',#5911,#6053,#6055,.T.);
#6053 = VERTEX_POINT('',#6054);
#6054 = CARTESIAN_POINT('',(-15.54131527889,105.6,22.489343826144));
#6055 = SURFACE_CURVE('',#6056,(#6061,#6068),.PCURVE_S1.);
#6056 = CIRCLE('',#6057,4.85);
#6057 = AXIS2_PLACEMENT_3D('',#6058,#6059,#6060);
#6058 = CARTESIAN_POINT('',(-19.,109.,22.489343826144));
#6059 = DIRECTION('',(0.,0.,-1.));
#6060 = DIRECTION('',(1.,0.,0.));
#6061 = PCURVE('',#5578,#6062);
#6062 = DEFINITIONAL_REPRESENTATION('',(#6063),#6067);
#6063 = LINE('',#6064,#6065);
#6064 = CARTESIAN_POINT('',(-6.28318530718,-11.48934382614));
#6065 = VECTOR('',#6066,1.);
#6066 = DIRECTION('',(1.,-0.));
#6067 = ( GEOMETRIC_REPRESENTATION_CONTEXT(2) 
PARAMETRIC_REPRESENTATION_CONTEXT() REPRESENTATION_CONTEXT('2D SPACE',''
  ) );
#6068 = PCURVE('',#5284,#6069);
#6069 = DEFINITIONAL_REPRESENTATION('',(#6070),#6078);
#6070 = ( BOUNDED_CURVE() B_SPLINE_CURVE(2,(#6071,#6072,#6073,#6074,
#6075,#6076,#6077),.UNSPECIFIED.,.T.,.F.) B_SPLINE_CURVE_WITH_KNOTS((1,2
    ,2,2,2,1),(-2.094395102393,0.,2.094395102393,4.188790204786,
6.28318530718,8.377580409573),.UNSPECIFIED.) CURVE() 
GEOMETRIC_REPRESENTATION_ITEM() RATIONAL_B_SPLINE_CURVE((1.,0.5,1.,0.5,
1.,0.5,1.)) REPRESENTATION_ITEM('') );
#6071 = CARTESIAN_POINT('',(3.4,-3.85));
#6072 = CARTESIAN_POINT('',(-5.000446416709,-3.85));
#6073 = CARTESIAN_POINT('',(-0.800223208355,3.425));
#6074 = CARTESIAN_POINT('',(3.4,10.7));
#6075 = CARTESIAN_POINT('',(7.600223208355,3.425));
#6076 = CARTESIAN_POINT('',(11.800446416709,-3.85));
#6077 = CARTESIAN_POINT('',(3.4,-3.85));
#6078 = ( GEOMETRIC_REPRESENTATION_CONTEXT(2) 
PARAMETRIC_REPRESENTATION_CONTEXT() REPRESENTATION_CONTEXT('2D SPACE',''
  ) );
#6079 = ORIENTED_EDGE('',*,*,#6080,.F.);
#6080 = EDGE_CURVE('',#6081,#6053,#6083,.T.);
#6081 = VERTEX_POINT('',#6082);
#6082 = CARTESIAN_POINT('',(-15.54131527889,105.6,20.889343826144));
#6083 = SURFACE_CURVE('',#6084,(#6142,#6203),.PCURVE_S1.);
#6084 = B_SPLINE_CURVE_WITH_KNOTS('',6,(#6085,#6086,#6087,#6088,#6089,
    #6090,#6091,#6092,#6093,#6094,#6095,#6096,#6097,#6098,#6099,#6100,
    #6101,#6102,#6103,#6104,#6105,#6106,#6107,#6108,#6109,#6110,#6111,
    #6112,#6113,#6114,#6115,#6116,#6117,#6118,#6119,#6120,#6121,#6122,
    #6123,#6124,#6125,#6126,#6127,#6128,#6129,#6130,#6131,#6132,#6133,
    #6134,#6135,#6136,#6137,#6138,#6139,#6140,#6141),.UNSPECIFIED.,.F.,
  .F.,(7,5,5,5,5,5,5,5,5,5,5,7),(0.,0.17579880635,0.334193622578,
    0.388574614243,0.430123298855,0.452424228094,0.499673857885,
    0.569120797158,0.611623489943,0.663526935365,0.823955840153,1.),
  .UNSPECIFIED.);
#6085 = CARTESIAN_POINT('',(-15.54131527889,105.6,20.889343826144));
#6086 = CARTESIAN_POINT('',(-15.61452824499,105.52552336258,
    20.889343826144));
#6087 = CARTESIAN_POINT('',(-15.68971711388,105.45288627665,
    20.897664067074));
#6088 = CARTESIAN_POINT('',(-15.76617727629,105.38281524208,
    20.913533371362));
#6089 = CARTESIAN_POINT('',(-15.84318944937,105.3158207392,
    20.936322079256));
#6090 = CARTESIAN_POINT('',(-15.91994502447,105.25233317971,
    20.965522785637));
#6091 = CARTESIAN_POINT('',(-16.06343093346,105.13909758892,
    21.03249012735));
#6092 = CARTESIAN_POINT('',(-16.13033744021,105.08866257962,
    21.069092266958));
#6093 = CARTESIAN_POINT('',(-16.19576323978,105.04146593126,
    21.11043026928));
#6094 = CARTESIAN_POINT('',(-16.2590223506,104.99773186031,
    21.156560863459));
#6095 = CARTESIAN_POINT('',(-16.31890269727,104.95791704715,
    21.207581589459));
#6096 = CARTESIAN_POINT('',(-16.39224028014,104.91067409562,
    21.282718255698));
#6097 = CARTESIAN_POINT('',(-16.41037658112,104.89913735781,
    21.302516756348));
#6098 = CARTESIAN_POINT('',(-16.42782473723,104.88817035321,
    21.322911249042));
#6099 = CARTESIAN_POINT('',(-16.44449485921,104.87780879634,
    21.343901451033));
#6100 = CARTESIAN_POINT('',(-16.46028808088,104.86809194341,
    21.365485964319));
#6101 = CARTESIAN_POINT('',(-16.48641067409,104.85216390128,
    21.404605632804));
#6102 = CARTESIAN_POINT('',(-16.49715186496,104.84566556346,
    21.421897210346));
#6103 = CARTESIAN_POINT('',(-16.50726294118,104.83959201764,
    21.439522953604));
#6104 = CARTESIAN_POINT('',(-16.51668834522,104.83396665183,
    21.457468985901));
#6105 = CARTESIAN_POINT('',(-16.52537415251,104.82881180322,
    21.475721608546));
#6106 = CARTESIAN_POINT('',(-16.53750507035,104.82164590563,
    21.504221555108));
#6107 = CARTESIAN_POINT('',(-16.54151299899,104.81928533425,
    21.514257905201));
#6108 = CARTESIAN_POINT('',(-16.54528316475,104.81707072717,
    21.524372608971));
#6109 = CARTESIAN_POINT('',(-16.54880728257,104.81500560615,
    21.53456125439));
#6110 = CARTESIAN_POINT('',(-16.55207747494,104.81309333176,
    21.54481875954));
#6111 = CARTESIAN_POINT('',(-16.56146109794,104.80761613074,
    21.577005956833));
#6112 = CARTESIAN_POINT('',(-16.56666682707,104.80459319772,
    21.599169666321));
#6113 = CARTESIAN_POINT('',(-16.57062528787,104.80230298698,
    21.62155738927));
#6114 = CARTESIAN_POINT('',(-16.57328338875,104.80076809699,
    21.644096360853));
#6115 = CARTESIAN_POINT('',(-16.57461343287,104.8,21.666715013331));
#6116 = CARTESIAN_POINT('',(-16.57461343287,104.8,21.722603383863));
#6117 = CARTESIAN_POINT('',(-16.57174045723,104.80165932609,
    21.755801282163));
#6118 = CARTESIAN_POINT('',(-16.5660125268,104.80496630643,
    21.788747530138));
#6119 = CARTESIAN_POINT('',(-16.55755229394,104.80987231659,
    21.821240731712));
#6120 = CARTESIAN_POINT('',(-16.54658431109,104.81628337713,
    21.853072876669));
#6121 = CARTESIAN_POINT('',(-16.52538304707,104.82880612644,
    21.902982939576));
#6122 = CARTESIAN_POINT('',(-16.51650684336,104.83407392047,
    21.921626062816));
#6123 = CARTESIAN_POINT('',(-16.50685939416,104.83983246727,
    21.939949167602));
#6124 = CARTESIAN_POINT('',(-16.49649813971,104.84605797731,
    21.957937743922));
#6125 = CARTESIAN_POINT('',(-16.48548225436,104.85272553755,
    21.975577105565));
#6126 = CARTESIAN_POINT('',(-16.45969522377,104.86845943124,
    22.013948624977));
#6127 = CARTESIAN_POINT('',(-16.44462868861,104.8777320973,
    22.034507283731));
#6128 = CARTESIAN_POINT('',(-16.42876611811,104.88759016242,
    22.054526139766));
#6129 = CARTESIAN_POINT('',(-16.41219321893,104.89799957981,
    22.074003889334));
#6130 = CARTESIAN_POINT('',(-16.39498832728,104.90892920307,
    22.092940151554));
#6131 = CARTESIAN_POINT('',(-16.3223095453,104.95565387736,
    22.168193746564));
#6132 = CARTESIAN_POINT('',(-16.26190141999,104.99574292731,
    22.220022673411));
#6133 = CARTESIAN_POINT('',(-16.19799665254,105.03985558606,
    22.266843809053));
#6134 = CARTESIAN_POINT('',(-16.13186197387,105.08751387759,
    22.308760302028));
#6135 = CARTESIAN_POINT('',(-16.06420827016,105.1384841337,
    22.345834728531));
#6136 = CARTESIAN_POINT('',(-15.91994502447,105.25233317971,
    22.413164866651));
#6137 = CARTESIAN_POINT('',(-15.84318944937,105.3158207392,
    22.442365573032));
#6138 = CARTESIAN_POINT('',(-15.76617727629,105.38281524208,
    22.465154280926));
#6139 = CARTESIAN_POINT('',(-15.68971711388,105.45288627665,
    22.481023585214));
#6140 = CARTESIAN_POINT('',(-15.61452824499,105.52552336258,
    22.489343826144));
#6141 = CARTESIAN_POINT('',(-15.54131527889,105.6,22.489343826144));
#6142 = PCURVE('',#5578,#6143);
#6143 = DEFINITIONAL_REPRESENTATION('',(#6144),#6202);
#6144 = B_SPLINE_CURVE_WITH_KNOTS('',6,(#6145,#6146,#6147,#6148,#6149,
    #6150,#6151,#6152,#6153,#6154,#6155,#6156,#6157,#6158,#6159,#6160,
    #6161,#6162,#6163,#6164,#6165,#6166,#6167,#6168,#6169,#6170,#6171,
    #6172,#6173,#6174,#6175,#6176,#6177,#6178,#6179,#6180,#6181,#6182,
    #6183,#6184,#6185,#6186,#6187,#6188,#6189,#6190,#6191,#6192,#6193,
    #6194,#6195,#6196,#6197,#6198,#6199,#6200,#6201),.UNSPECIFIED.,.F.,
  .F.,(7,5,5,5,5,5,5,5,5,5,5,7),(0.,0.17579880635,0.334193622578,
    0.388574614243,0.430123298855,0.452424228094,0.499673857885,
    0.569120797158,0.611623489943,0.663526935365,0.823955840153,1.),
  .UNSPECIFIED.);
#6145 = CARTESIAN_POINT('',(-5.506343199565,-9.889343826144));
#6146 = CARTESIAN_POINT('',(-5.484809974243,-9.889343826144));
#6147 = CARTESIAN_POINT('',(-5.463261634391,-9.897664067074));
#6148 = CARTESIAN_POINT('',(-5.441888843444,-9.913533371362));
#6149 = CARTESIAN_POINT('',(-5.420852649904,-9.936322079256));
#6150 = CARTESIAN_POINT('',(-5.400319992641,-9.965522785637));
#6151 = CARTESIAN_POINT('',(-5.362632279807,-10.03249012735));
#6152 = CARTESIAN_POINT('',(-5.345360953923,-10.06909226695));
#6153 = CARTESIAN_POINT('',(-5.328732737696,-10.11043026928));
#6154 = CARTESIAN_POINT('',(-5.31288019344,-10.15656086345));
#6155 = CARTESIAN_POINT('',(-5.2980551879,-10.20758158945));
#6156 = CARTESIAN_POINT('',(-5.280068173619,-10.28271825569));
#6157 = CARTESIAN_POINT('',(-5.27563635162,-10.30251675634));
#6158 = CARTESIAN_POINT('',(-5.271387248475,-10.32291124904));
#6159 = CARTESIAN_POINT('',(-5.267340323431,-10.34390145103));
#6160 = CARTESIAN_POINT('',(-5.263517054165,-10.36548596431));
#6161 = CARTESIAN_POINT('',(-5.257208677428,-10.4046056328));
#6162 = CARTESIAN_POINT('',(-5.25462024964,-10.42189721034));
#6163 = CARTESIAN_POINT('',(-5.252188309981,-10.4395229536));
#6164 = CARTESIAN_POINT('',(-5.24992513124,-10.4574689859));
#6165 = CARTESIAN_POINT('',(-5.247842602438,-10.47572160854));
#6166 = CARTESIAN_POINT('',(-5.244937585678,-10.5042215551));
#6167 = CARTESIAN_POINT('',(-5.243978528951,-10.5142579052));
#6168 = CARTESIAN_POINT('',(-5.243076986326,-10.52437260897));
#6169 = CARTESIAN_POINT('',(-5.242234796986,-10.53456125439));
#6170 = CARTESIAN_POINT('',(-5.24145371162,-10.54481875954));
#6171 = CARTESIAN_POINT('',(-5.239213468556,-10.57700595683));
#6172 = CARTESIAN_POINT('',(-5.237972279964,-10.59916966632));
#6173 = CARTESIAN_POINT('',(-5.237029345942,-10.62155738927));
#6174 = CARTESIAN_POINT('',(-5.236396473662,-10.64409636085));
#6175 = CARTESIAN_POINT('',(-5.236079793329,-10.66671501333));
#6176 = CARTESIAN_POINT('',(-5.236079793329,-10.72260338386));
#6177 = CARTESIAN_POINT('',(-5.236763860951,-10.75580128216));
#6178 = CARTESIAN_POINT('',(-5.238127580722,-10.78874753013));
#6179 = CARTESIAN_POINT('',(-5.240144024696,-10.82124073171));
#6180 = CARTESIAN_POINT('',(-5.242763434162,-10.85307287666));
#6181 = CARTESIAN_POINT('',(-5.247840428118,-10.90298293957));
#6182 = CARTESIAN_POINT('',(-5.249968601322,-10.92162606281));
#6183 = CARTESIAN_POINT('',(-5.252285165315,-10.9399491676));
#6184 = CARTESIAN_POINT('',(-5.254777456589,-10.95793774392));
#6185 = CARTESIAN_POINT('',(-5.257432403757,-10.97557710556));
#6186 = CARTESIAN_POINT('',(-5.26366086792,-11.01394862497));
#6187 = CARTESIAN_POINT('',(-5.267308535565,-11.03450728373));
#6188 = CARTESIAN_POINT('',(-5.271159252731,-11.05452613976));
#6189 = CARTESIAN_POINT('',(-5.275194398359,-11.07400388933));
#6190 = CARTESIAN_POINT('',(-5.279397008084,-11.09294015155));
#6191 = CARTESIAN_POINT('',(-5.297211966717,-11.16819374656));
#6192 = CARTESIAN_POINT('',(-5.312158884103,-11.22002267341));
#6193 = CARTESIAN_POINT('',(-5.328165205159,-11.26684380905));
#6194 = CARTESIAN_POINT('',(-5.344967473272,-11.30876030202));
#6195 = CARTESIAN_POINT('',(-5.362428106154,-11.34583472853));
#6196 = CARTESIAN_POINT('',(-5.400319992641,-11.41316486665));
#6197 = CARTESIAN_POINT('',(-5.420852649905,-11.44236557303));
#6198 = CARTESIAN_POINT('',(-5.441888843444,-11.46515428092));
#6199 = CARTESIAN_POINT('',(-5.463261634391,-11.48102358521));
#6200 = CARTESIAN_POINT('',(-5.484809974243,-11.48934382614));
#6201 = CARTESIAN_POINT('',(-5.506343199565,-11.48934382614));
#6202 = ( GEOMETRIC_REPRESENTATION_CONTEXT(2) 
PARAMETRIC_REPRESENTATION_CONTEXT() REPRESENTATION_CONTEXT('2D SPACE',''
  ) );
#6203 = PCURVE('',#5373,#6204);
#6204 = DEFINITIONAL_REPRESENTATION('',(#6205),#6263);
#6205 = B_SPLINE_CURVE_WITH_KNOTS('',6,(#6206,#6207,#6208,#6209,#6210,
    #6211,#6212,#6213,#6214,#6215,#6216,#6217,#6218,#6219,#6220,#6221,
    #6222,#6223,#6224,#6225,#6226,#6227,#6228,#6229,#6230,#6231,#6232,
    #6233,#6234,#6235,#6236,#6237,#6238,#6239,#6240,#6241,#6242,#6243,
    #6244,#6245,#6246,#6247,#6248,#6249,#6250,#6251,#6252,#6253,#6254,
    #6255,#6256,#6257,#6258,#6259,#6260,#6261,#6262),.UNSPECIFIED.,.F.,
  .F.,(7,5,5,5,5,5,5,5,5,5,5,7),(0.,0.17579880635,0.334193622578,
    0.388574614243,0.430123298855,0.452424228094,0.499673857885,
    0.569120797158,0.611623489943,0.663526935365,0.823955840153,1.),
  .UNSPECIFIED.);
#6206 = CARTESIAN_POINT('',(1.570796326795,-2.458684721104));
#6207 = CARTESIAN_POINT('',(1.663892123565,-2.38547175501));
#6208 = CARTESIAN_POINT('',(1.754688795299,-2.310282886113));
#6209 = CARTESIAN_POINT('',(1.843728356612,-2.233822723708));
#6210 = CARTESIAN_POINT('',(1.931474059419,-2.156810550627));
#6211 = CARTESIAN_POINT('',(2.018362773408,-2.080054975521));
#6212 = CARTESIAN_POINT('',(2.182807501383,-1.936569066531));
#6213 = CARTESIAN_POINT('',(2.260362219512,-1.869662559782));
#6214 = CARTESIAN_POINT('',(2.338296547253,-1.804236760213));
#6215 = CARTESIAN_POINT('',(2.417223331713,-1.740977649391));
#6216 = CARTESIAN_POINT('',(2.497705190006,-1.681097302726));
#6217 = CARTESIAN_POINT('',(2.608648693947,-1.607759719857));
#6218 = CARTESIAN_POINT('',(2.637275877795,-1.58962341888));
#6219 = CARTESIAN_POINT('',(2.666195233452,-1.572175262767));
#6220 = CARTESIAN_POINT('',(2.695428100677,-1.555505140784));
#6221 = CARTESIAN_POINT('',(2.724997360276,-1.539711919118));
#6222 = CARTESIAN_POINT('',(2.777794894966,-1.513589325908));
#6223 = CARTESIAN_POINT('',(2.800876775197,-1.502848135037));
#6224 = CARTESIAN_POINT('',(2.824166825533,-1.492737058812));
#6225 = CARTESIAN_POINT('',(2.847661457229,-1.483311654779));
#6226 = CARTESIAN_POINT('',(2.871359742073,-1.474625847489));
#6227 = CARTESIAN_POINT('',(2.908093519156,-1.462494929645));
#6228 = CARTESIAN_POINT('',(2.92097977346,-1.45848700101));
#6229 = CARTESIAN_POINT('',(2.933920335532,-1.454716835243));
#6230 = CARTESIAN_POINT('',(2.946912742538,-1.451192717423));
#6231 = CARTESIAN_POINT('',(2.959953908571,-1.447922525055));
#6232 = CARTESIAN_POINT('',(3.00076627267,-1.438538902053));
#6233 = CARTESIAN_POINT('',(3.028712180731,-1.433333172922));
#6234 = CARTESIAN_POINT('',(3.056818886294,-1.42937471213));
#6235 = CARTESIAN_POINT('',(3.085033313209,-1.426716611244));
#6236 = CARTESIAN_POINT('',(3.113306637574,-1.425386567127));
#6237 = CARTESIAN_POINT('',(3.183167100738,-1.425386567127));
#6238 = CARTESIAN_POINT('',(3.224664587891,-1.428259542764));
#6239 = CARTESIAN_POINT('',(3.265976425065,-1.433987473199));
#6240 = CARTESIAN_POINT('',(3.306978876256,-1.442447706051));
#6241 = CARTESIAN_POINT('',(3.347522939115,-1.453415688908));
#6242 = CARTESIAN_POINT('',(3.411844320057,-1.474616952928));
#6243 = CARTESIAN_POINT('',(3.436050069019,-1.483493156639));
#6244 = CARTESIAN_POINT('',(3.460043338431,-1.493140605837));
#6245 = CARTESIAN_POINT('',(3.483823227853,-1.503501860286));
#6246 = CARTESIAN_POINT('',(3.507385969481,-1.51451774564));
#6247 = CARTESIAN_POINT('',(3.559226001563,-1.540304776221));
#6248 = CARTESIAN_POINT('',(3.587400671723,-1.555371311388));
#6249 = CARTESIAN_POINT('',(3.615269923597,-1.571233881882));
#6250 = CARTESIAN_POINT('',(3.642853441352,-1.587806781063));
#6251 = CARTESIAN_POINT('',(3.670169608358,-1.605011672716));
#6252 = CARTESIAN_POINT('',(3.780893778238,-1.677690454695));
#6253 = CARTESIAN_POINT('',(3.862367182387,-1.738098580009));
#6254 = CARTESIAN_POINT('',(3.942227249193,-1.802003347457));
#6255 = CARTESIAN_POINT('',(4.021055773857,-1.868138026126));
#6256 = CARTESIAN_POINT('',(4.099486924437,-1.935791729834));
#6257 = CARTESIAN_POINT('',(4.264822533771,-2.080054975521));
#6258 = CARTESIAN_POINT('',(4.351711247761,-2.156810550627));
#6259 = CARTESIAN_POINT('',(4.439456950568,-2.233822723708));
#6260 = CARTESIAN_POINT('',(4.528496511881,-2.310282886113));
#6261 = CARTESIAN_POINT('',(4.619293183614,-2.38547175501));
#6262 = CARTESIAN_POINT('',(4.712388980385,-2.458684721104));
#6263 = ( GEOMETRIC_REPRESENTATION_CONTEXT(2) 
PARAMETRIC_REPRESENTATION_CONTEXT() REPRESENTATION_CONTEXT('2D SPACE',''
  ) );
#6264 = ORIENTED_EDGE('',*,*,#6265,.F.);
#6265 = EDGE_CURVE('',#5913,#6081,#6266,.T.);
#6266 = SURFACE_CURVE('',#6267,(#6272,#6279),.PCURVE_S1.);
#6267 = CIRCLE('',#6268,4.85);
#6268 = AXIS2_PLACEMENT_3D('',#6269,#6270,#6271);
#6269 = CARTESIAN_POINT('',(-19.,109.,20.889343826144));
#6270 = DIRECTION('',(0.,0.,-1.));
#6271 = DIRECTION('',(1.,0.,0.));
#6272 = PCURVE('',#5578,#6273);
#6273 = DEFINITIONAL_REPRESENTATION('',(#6274),#6278);
#6274 = LINE('',#6275,#6276);
#6275 = CARTESIAN_POINT('',(-6.28318530718,-9.889343826144));
#6276 = VECTOR('',#6277,1.);
#6277 = DIRECTION('',(1.,-0.));
#6278 = ( GEOMETRIC_REPRESENTATION_CONTEXT(2) 
PARAMETRIC_REPRESENTATION_CONTEXT() REPRESENTATION_CONTEXT('2D SPACE',''
  ) );
#6279 = PCURVE('',#5343,#6280);
#6280 = DEFINITIONAL_REPRESENTATION('',(#6281),#6289);
#6281 = ( BOUNDED_CURVE() B_SPLINE_CURVE(2,(#6282,#6283,#6284,#6285,
#6286,#6287,#6288),.UNSPECIFIED.,.T.,.F.) B_SPLINE_CURVE_WITH_KNOTS((1,2
    ,2,2,2,1),(-2.094395102393,0.,2.094395102393,4.188790204786,
6.28318530718,8.377580409573),.UNSPECIFIED.) CURVE() 
GEOMETRIC_REPRESENTATION_ITEM() RATIONAL_B_SPLINE_CURVE((1.,0.5,1.,0.5,
1.,0.5,1.)) REPRESENTATION_ITEM('') );
#6282 = CARTESIAN_POINT('',(3.,-3.85));
#6283 = CARTESIAN_POINT('',(-5.400446416709,-3.85));
#6284 = CARTESIAN_POINT('',(-1.200223208355,3.425));
#6285 = CARTESIAN_POINT('',(3.,10.7));
#6286 = CARTESIAN_POINT('',(7.200223208355,3.425));
#6287 = CARTESIAN_POINT('',(11.400446416709,-3.85));
#6288 = CARTESIAN_POINT('',(3.,-3.85));
#6289 = ( GEOMETRIC_REPRESENTATION_CONTEXT(2) 
PARAMETRIC_REPRESENTATION_CONTEXT() REPRESENTATION_CONTEXT('2D SPACE',''
  ) );
#6290 = ADVANCED_FACE('',(#6291,#6294),#5699,.F.);
#6291 = FACE_BOUND('',#6292,.F.);
#6292 = EDGE_LOOP('',(#6293));
#6293 = ORIENTED_EDGE('',*,*,#5684,.T.);
#6294 = FACE_BOUND('',#6295,.F.);
#6295 = EDGE_LOOP('',(#6296));
#6296 = ORIENTED_EDGE('',*,*,#6297,.F.);
#6297 = EDGE_CURVE('',#6298,#6298,#6300,.T.);
#6298 = VERTEX_POINT('',#6299);
#6299 = CARTESIAN_POINT('',(-15.75,109.,11.));
#6300 = SURFACE_CURVE('',#6301,(#6306,#6313),.PCURVE_S1.);
#6301 = CIRCLE('',#6302,3.25);
#6302 = AXIS2_PLACEMENT_3D('',#6303,#6304,#6305);
#6303 = CARTESIAN_POINT('',(-19.,109.,11.));
#6304 = DIRECTION('',(0.,0.,1.));
#6305 = DIRECTION('',(1.,0.,0.));
#6306 = PCURVE('',#5699,#6307);
#6307 = DEFINITIONAL_REPRESENTATION('',(#6308),#6312);
#6308 = CIRCLE('',#6309,3.25);
#6309 = AXIS2_PLACEMENT_2D('',#6310,#6311);
#6310 = CARTESIAN_POINT('',(4.229196286204E-16,-8.396185321814E-17));
#6311 = DIRECTION('',(1.,0.));
#6312 = ( GEOMETRIC_REPRESENTATION_CONTEXT(2) 
PARAMETRIC_REPRESENTATION_CONTEXT() REPRESENTATION_CONTEXT('2D SPACE',''
  ) );
#6313 = PCURVE('',#6314,#6319);
#6314 = CYLINDRICAL_SURFACE('',#6315,3.25);
#6315 = AXIS2_PLACEMENT_3D('',#6316,#6317,#6318);
#6316 = CARTESIAN_POINT('',(-19.,109.,11.));
#6317 = DIRECTION('',(-0.,-0.,-1.));
#6318 = DIRECTION('',(1.,0.,0.));
#6319 = DEFINITIONAL_REPRESENTATION('',(#6320),#6324);
#6320 = LINE('',#6321,#6322);
#6321 = CARTESIAN_POINT('',(-0.,0.));
#6322 = VECTOR('',#6323,1.);
#6323 = DIRECTION('',(-1.,0.));
#6324 = ( GEOMETRIC_REPRESENTATION_CONTEXT(2) 
PARAMETRIC_REPRESENTATION_CONTEXT() REPRESENTATION_CONTEXT('2D SPACE',''
  ) );
#6325 = ADVANCED_FACE('',(#6326),#6314,.F.);
#6326 = FACE_BOUND('',#6327,.T.);
#6327 = EDGE_LOOP('',(#6328,#6352,#6373,#6374));
#6328 = ORIENTED_EDGE('',*,*,#6329,.T.);
#6329 = EDGE_CURVE('',#6330,#6330,#6332,.T.);
#6330 = VERTEX_POINT('',#6331);
#6331 = CARTESIAN_POINT('',(-15.75,109.,29.));
#6332 = SURFACE_CURVE('',#6333,(#6338,#6345),.PCURVE_S1.);
#6333 = CIRCLE('',#6334,3.25);
#6334 = AXIS2_PLACEMENT_3D('',#6335,#6336,#6337);
#6335 = CARTESIAN_POINT('',(-19.,109.,29.));
#6336 = DIRECTION('',(0.,0.,1.));
#6337 = DIRECTION('',(1.,0.,0.));
#6338 = PCURVE('',#6314,#6339);
#6339 = DEFINITIONAL_REPRESENTATION('',(#6340),#6344);
#6340 = LINE('',#6341,#6342);
#6341 = CARTESIAN_POINT('',(-0.,-18.));
#6342 = VECTOR('',#6343,1.);
#6343 = DIRECTION('',(-1.,0.));
#6344 = ( GEOMETRIC_REPRESENTATION_CONTEXT(2) 
PARAMETRIC_REPRESENTATION_CONTEXT() REPRESENTATION_CONTEXT('2D SPACE',''
  ) );
#6345 = PCURVE('',#5805,#6346);
#6346 = DEFINITIONAL_REPRESENTATION('',(#6347),#6351);
#6347 = CIRCLE('',#6348,3.25);
#6348 = AXIS2_PLACEMENT_2D('',#6349,#6350);
#6349 = CARTESIAN_POINT('',(4.229196286204E-16,-8.396185321814E-17));
#6350 = DIRECTION('',(1.,0.));
#6351 = ( GEOMETRIC_REPRESENTATION_CONTEXT(2) 
PARAMETRIC_REPRESENTATION_CONTEXT() REPRESENTATION_CONTEXT('2D SPACE',''
  ) );
#6352 = ORIENTED_EDGE('',*,*,#6353,.T.);
#6353 = EDGE_CURVE('',#6330,#6298,#6354,.T.);
#6354 = SEAM_CURVE('',#6355,(#6359,#6366),.PCURVE_S1.);
#6355 = LINE('',#6356,#6357);
#6356 = CARTESIAN_POINT('',(-15.75,109.,29.));
#6357 = VECTOR('',#6358,1.);
#6358 = DIRECTION('',(0.,0.,-1.));
#6359 = PCURVE('',#6314,#6360);
#6360 = DEFINITIONAL_REPRESENTATION('',(#6361),#6365);
#6361 = LINE('',#6362,#6363);
#6362 = CARTESIAN_POINT('',(-6.28318530718,-18.));
#6363 = VECTOR('',#6364,1.);
#6364 = DIRECTION('',(0.,1.));
#6365 = ( GEOMETRIC_REPRESENTATION_CONTEXT(2) 
PARAMETRIC_REPRESENTATION_CONTEXT() REPRESENTATION_CONTEXT('2D SPACE',''
  ) );
#6366 = PCURVE('',#6314,#6367);
#6367 = DEFINITIONAL_REPRESENTATION('',(#6368),#6372);
#6368 = LINE('',#6369,#6370);
#6369 = CARTESIAN_POINT('',(-0.,-18.));
#6370 = VECTOR('',#6371,1.);
#6371 = DIRECTION('',(0.,1.));
#6372 = ( GEOMETRIC_REPRESENTATION_CONTEXT(2) 
PARAMETRIC_REPRESENTATION_CONTEXT() REPRESENTATION_CONTEXT('2D SPACE',''
  ) );
#6373 = ORIENTED_EDGE('',*,*,#6297,.F.);
#6374 = ORIENTED_EDGE('',*,*,#6353,.F.);
#6375 = ADVANCED_FACE('',(#6376,#6379),#5805,.T.);
#6376 = FACE_BOUND('',#6377,.T.);
#6377 = EDGE_LOOP('',(#6378));
#6378 = ORIENTED_EDGE('',*,*,#5790,.T.);
#6379 = FACE_BOUND('',#6380,.T.);
#6380 = EDGE_LOOP('',(#6381));
#6381 = ORIENTED_EDGE('',*,*,#6329,.F.);
#6382 = ADVANCED_FACE('',(#6383),#5463,.F.);
#6383 = FACE_BOUND('',#6384,.F.);
#6384 = EDGE_LOOP('',(#6385,#6386,#6387,#6408));
#6385 = ORIENTED_EDGE('',*,*,#5635,.F.);
#6386 = ORIENTED_EDGE('',*,*,#5712,.T.);
#6387 = ORIENTED_EDGE('',*,*,#6388,.T.);
#6388 = EDGE_CURVE('',#5662,#5449,#6389,.T.);
#6389 = SURFACE_CURVE('',#6390,(#6394,#6401),.PCURVE_S1.);
#6390 = LINE('',#6391,#6392);
#6391 = CARTESIAN_POINT('',(-18.,109.,20.663408509511));
#6392 = VECTOR('',#6393,1.);
#6393 = DIRECTION('',(1.,0.,0.));
#6394 = PCURVE('',#5463,#6395);
#6395 = DEFINITIONAL_REPRESENTATION('',(#6396),#6400);
#6396 = LINE('',#6397,#6398);
#6397 = CARTESIAN_POINT('',(-0.4,0.));
#6398 = VECTOR('',#6399,1.);
#6399 = DIRECTION('',(0.,-1.));
#6400 = ( GEOMETRIC_REPRESENTATION_CONTEXT(2) 
PARAMETRIC_REPRESENTATION_CONTEXT() REPRESENTATION_CONTEXT('2D SPACE',''
  ) );
#6401 = PCURVE('',#5493,#6402);
#6402 = DEFINITIONAL_REPRESENTATION('',(#6403),#6407);
#6403 = LINE('',#6404,#6405);
#6404 = CARTESIAN_POINT('',(1.570796326795,0.));
#6405 = VECTOR('',#6406,1.);
#6406 = DIRECTION('',(0.,-1.));
#6407 = ( GEOMETRIC_REPRESENTATION_CONTEXT(2) 
PARAMETRIC_REPRESENTATION_CONTEXT() REPRESENTATION_CONTEXT('2D SPACE',''
  ) );
#6408 = ORIENTED_EDGE('',*,*,#5448,.F.);
#6409 = ADVANCED_FACE('',(#6410),#5493,.T.);
#6410 = FACE_BOUND('',#6411,.T.);
#6411 = EDGE_LOOP('',(#6412,#6413,#6414,#6415));
#6412 = ORIENTED_EDGE('',*,*,#5818,.F.);
#6413 = ORIENTED_EDGE('',*,*,#6388,.T.);
#6414 = ORIENTED_EDGE('',*,*,#5474,.T.);
#6415 = ORIENTED_EDGE('',*,*,#6416,.F.);
#6416 = EDGE_CURVE('',#5740,#5390,#6417,.T.);
#6417 = SURFACE_CURVE('',#6418,(#6422,#6429),.PCURVE_S1.);
#6418 = LINE('',#6419,#6420);
#6419 = CARTESIAN_POINT('',(-18.,109.,22.263408509511));
#6420 = VECTOR('',#6421,1.);
#6421 = DIRECTION('',(1.,0.,0.));
#6422 = PCURVE('',#5493,#6423);
#6423 = DEFINITIONAL_REPRESENTATION('',(#6424),#6428);
#6424 = LINE('',#6425,#6426);
#6425 = CARTESIAN_POINT('',(4.712388980385,0.));
#6426 = VECTOR('',#6427,1.);
#6427 = DIRECTION('',(0.,-1.));
#6428 = ( GEOMETRIC_REPRESENTATION_CONTEXT(2) 
PARAMETRIC_REPRESENTATION_CONTEXT() REPRESENTATION_CONTEXT('2D SPACE',''
  ) );
#6429 = PCURVE('',#5404,#6430);
#6430 = DEFINITIONAL_REPRESENTATION('',(#6431),#6435);
#6431 = LINE('',#6432,#6433);
#6432 = CARTESIAN_POINT('',(0.,0.));
#6433 = VECTOR('',#6434,1.);
#6434 = DIRECTION('',(0.,-1.));
#6435 = ( GEOMETRIC_REPRESENTATION_CONTEXT(2) 
PARAMETRIC_REPRESENTATION_CONTEXT() REPRESENTATION_CONTEXT('2D SPACE',''
  ) );
#6436 = ADVANCED_FACE('',(#6437),#5404,.T.);
#6437 = FACE_BOUND('',#6438,.T.);
#6438 = EDGE_LOOP('',(#6439,#6440,#6441,#6442));
#6439 = ORIENTED_EDGE('',*,*,#5739,.T.);
#6440 = ORIENTED_EDGE('',*,*,#6416,.T.);
#6441 = ORIENTED_EDGE('',*,*,#5387,.F.);
#6442 = ORIENTED_EDGE('',*,*,#5613,.F.);
#6443 = ADVANCED_FACE('',(#6444),#5343,.F.);
#6444 = FACE_BOUND('',#6445,.F.);
#6445 = EDGE_LOOP('',(#6446,#6467,#6468,#6489));
#6446 = ORIENTED_EDGE('',*,*,#6447,.F.);
#6447 = EDGE_CURVE('',#5913,#5296,#6448,.T.);
#6448 = SURFACE_CURVE('',#6449,(#6453,#6460),.PCURVE_S1.);
#6449 = LINE('',#6450,#6451);
#6450 = CARTESIAN_POINT('',(-18.,106.4,20.889343826144));
#6451 = VECTOR('',#6452,1.);
#6452 = DIRECTION('',(1.,0.,0.));
#6453 = PCURVE('',#5343,#6454);
#6454 = DEFINITIONAL_REPRESENTATION('',(#6455),#6459);
#6455 = LINE('',#6456,#6457);
#6456 = CARTESIAN_POINT('',(0.4,0.));
#6457 = VECTOR('',#6458,1.);
#6458 = DIRECTION('',(0.,-1.));
#6459 = ( GEOMETRIC_REPRESENTATION_CONTEXT(2) 
PARAMETRIC_REPRESENTATION_CONTEXT() REPRESENTATION_CONTEXT('2D SPACE',''
  ) );
#6460 = PCURVE('',#5316,#6461);
#6461 = DEFINITIONAL_REPRESENTATION('',(#6462),#6466);
#6462 = LINE('',#6463,#6464);
#6463 = CARTESIAN_POINT('',(4.712388980385,0.));
#6464 = VECTOR('',#6465,1.);
#6465 = DIRECTION('',(0.,-1.));
#6466 = ( GEOMETRIC_REPRESENTATION_CONTEXT(2) 
PARAMETRIC_REPRESENTATION_CONTEXT() REPRESENTATION_CONTEXT('2D SPACE',''
  ) );
#6467 = ORIENTED_EDGE('',*,*,#6265,.T.);
#6468 = ORIENTED_EDGE('',*,*,#6469,.T.);
#6469 = EDGE_CURVE('',#6081,#5329,#6470,.T.);
#6470 = SURFACE_CURVE('',#6471,(#6475,#6482),.PCURVE_S1.);
#6471 = LINE('',#6472,#6473);
#6472 = CARTESIAN_POINT('',(-18.,105.6,20.889343826144));
#6473 = VECTOR('',#6474,1.);
#6474 = DIRECTION('',(1.,0.,0.));
#6475 = PCURVE('',#5343,#6476);
#6476 = DEFINITIONAL_REPRESENTATION('',(#6477),#6481);
#6477 = LINE('',#6478,#6479);
#6478 = CARTESIAN_POINT('',(-0.4,0.));
#6479 = VECTOR('',#6480,1.);
#6480 = DIRECTION('',(0.,-1.));
#6481 = ( GEOMETRIC_REPRESENTATION_CONTEXT(2) 
PARAMETRIC_REPRESENTATION_CONTEXT() REPRESENTATION_CONTEXT('2D SPACE',''
  ) );
#6482 = PCURVE('',#5373,#6483);
#6483 = DEFINITIONAL_REPRESENTATION('',(#6484),#6488);
#6484 = LINE('',#6485,#6486);
#6485 = CARTESIAN_POINT('',(1.570796326795,0.));
#6486 = VECTOR('',#6487,1.);
#6487 = DIRECTION('',(0.,-1.));
#6488 = ( GEOMETRIC_REPRESENTATION_CONTEXT(2) 
PARAMETRIC_REPRESENTATION_CONTEXT() REPRESENTATION_CONTEXT('2D SPACE',''
  ) );
#6489 = ORIENTED_EDGE('',*,*,#5328,.F.);
#6490 = ADVANCED_FACE('',(#6491),#5373,.T.);
#6491 = FACE_BOUND('',#6492,.T.);
#6492 = EDGE_LOOP('',(#6493,#6494,#6495,#6496));
#6493 = ORIENTED_EDGE('',*,*,#6080,.F.);
#6494 = ORIENTED_EDGE('',*,*,#6469,.T.);
#6495 = ORIENTED_EDGE('',*,*,#5354,.T.);
#6496 = ORIENTED_EDGE('',*,*,#6497,.F.);
#6497 = EDGE_CURVE('',#6053,#5270,#6498,.T.);
#6498 = SURFACE_CURVE('',#6499,(#6503,#6510),.PCURVE_S1.);
#6499 = LINE('',#6500,#6501);
#6500 = CARTESIAN_POINT('',(-18.,105.6,22.489343826144));
#6501 = VECTOR('',#6502,1.);
#6502 = DIRECTION('',(1.,0.,0.));
#6503 = PCURVE('',#5373,#6504);
#6504 = DEFINITIONAL_REPRESENTATION('',(#6505),#6509);
#6505 = LINE('',#6506,#6507);
#6506 = CARTESIAN_POINT('',(4.712388980385,0.));
#6507 = VECTOR('',#6508,1.);
#6508 = DIRECTION('',(0.,-1.));
#6509 = ( GEOMETRIC_REPRESENTATION_CONTEXT(2) 
PARAMETRIC_REPRESENTATION_CONTEXT() REPRESENTATION_CONTEXT('2D SPACE',''
  ) );
#6510 = PCURVE('',#5284,#6511);
#6511 = DEFINITIONAL_REPRESENTATION('',(#6512),#6516);
#6512 = LINE('',#6513,#6514);
#6513 = CARTESIAN_POINT('',(0.,0.));
#6514 = VECTOR('',#6515,1.);
#6515 = DIRECTION('',(0.,-1.));
#6516 = ( GEOMETRIC_REPRESENTATION_CONTEXT(2) 
PARAMETRIC_REPRESENTATION_CONTEXT() REPRESENTATION_CONTEXT('2D SPACE',''
  ) );
#6517 = ADVANCED_FACE('',(#6518),#5316,.T.);
#6518 = FACE_BOUND('',#6519,.T.);
#6519 = EDGE_LOOP('',(#6520,#6521,#6542,#6543));
#6520 = ORIENTED_EDGE('',*,*,#5910,.F.);
#6521 = ORIENTED_EDGE('',*,*,#6522,.T.);
#6522 = EDGE_CURVE('',#5911,#5268,#6523,.T.);
#6523 = SURFACE_CURVE('',#6524,(#6528,#6535),.PCURVE_S1.);
#6524 = LINE('',#6525,#6526);
#6525 = CARTESIAN_POINT('',(-18.,106.4,22.489343826144));
#6526 = VECTOR('',#6527,1.);
#6527 = DIRECTION('',(1.,0.,0.));
#6528 = PCURVE('',#5316,#6529);
#6529 = DEFINITIONAL_REPRESENTATION('',(#6530),#6534);
#6530 = LINE('',#6531,#6532);
#6531 = CARTESIAN_POINT('',(1.570796326795,0.));
#6532 = VECTOR('',#6533,1.);
#6533 = DIRECTION('',(0.,-1.));
#6534 = ( GEOMETRIC_REPRESENTATION_CONTEXT(2) 
PARAMETRIC_REPRESENTATION_CONTEXT() REPRESENTATION_CONTEXT('2D SPACE',''
  ) );
#6535 = PCURVE('',#5284,#6536);
#6536 = DEFINITIONAL_REPRESENTATION('',(#6537),#6541);
#6537 = LINE('',#6538,#6539);
#6538 = CARTESIAN_POINT('',(0.8,0.));
#6539 = VECTOR('',#6540,1.);
#6540 = DIRECTION('',(0.,-1.));
#6541 = ( GEOMETRIC_REPRESENTATION_CONTEXT(2) 
PARAMETRIC_REPRESENTATION_CONTEXT() REPRESENTATION_CONTEXT('2D SPACE',''
  ) );
#6542 = ORIENTED_EDGE('',*,*,#5295,.T.);
#6543 = ORIENTED_EDGE('',*,*,#6447,.F.);
#6544 = ADVANCED_FACE('',(#6545),#5284,.T.);
#6545 = FACE_BOUND('',#6546,.T.);
#6546 = EDGE_LOOP('',(#6547,#6548,#6549,#6550));
#6547 = ORIENTED_EDGE('',*,*,#6052,.T.);
#6548 = ORIENTED_EDGE('',*,*,#6497,.T.);
#6549 = ORIENTED_EDGE('',*,*,#5267,.F.);
#6550 = ORIENTED_EDGE('',*,*,#6522,.F.);
#6551 = ( GEOMETRIC_REPRESENTATION_CONTEXT(3) 
GLOBAL_UNCERTAINTY_ASSIGNED_CONTEXT((#6555)) 
GLOBAL_UNIT_ASSIGNED_CONTEXT((#6552,#6553,#6554)) REPRESENTATION_CONTEXT
('Context #1','3D Context with UNIT and UNCERTAINTY') );
#6552 = ( LENGTH_UNIT() NAMED_UNIT(*) SI_UNIT(.MILLI.,.METRE.) );
#6553 = ( NAMED_UNIT(*) PLANE_ANGLE_UNIT() SI_UNIT($,.RADIAN.) );
#6554 = ( NAMED_UNIT(*) SI_UNIT($,.STERADIAN.) SOLID_ANGLE_UNIT() );
#6555 = UNCERTAINTY_MEASURE_WITH_UNIT(LENGTH_MEASURE(2.E-07),#6552,
  'distance_accuracy_value','confusion accuracy');
#6556 = CONTEXT_DEPENDENT_SHAPE_REPRESENTATION(#6557,#6559);
#6557 = ( REPRESENTATION_RELATIONSHIP('','',#32,#10) 
REPRESENTATION_RELATIONSHIP_WITH_TRANSFORMATION(#6558) 
SHAPE_REPRESENTATION_RELATIONSHIP() );
#6558 = ITEM_DEFINED_TRANSFORMATION('','',#11,#15);
#6559 = PRODUCT_DEFINITION_SHAPE('Placement','Placement of an item',
  #6560);
#6560 = NEXT_ASSEMBLY_USAGE_OCCURRENCE('4',
  'camera_damped_cradle__t15_21','',#5,#27,$);
#6561 = PRODUCT_RELATED_PRODUCT_CATEGORY('part',$,(#29));
ENDSEC;
END-ISO-10303-21;
