ISO-10303-21;
HEADER;
FILE_DESCRIPTION(('Open CASCADE Model'),'2;1');
FILE_NAME('prop_guard__feral','2000-01-01T00:00:00',('Author'),(
    'Open CASCADE'),'Open CASCADE STEP processor 7.9','build123d',
  'Unknown');
FILE_SCHEMA(('AUTOMOTIVE_DESIGN { 1 0 10303 214 1 1 1 1 }'));
ENDSEC;
DATA;
#1 = APPLICATION_PROTOCOL_DEFINITION('international standard',
  'automotive_design',2000,#2);
#2 = APPLICATION_CONTEXT(
  'core data for automotive mechanical design processes');
#3 = SHAPE_DEFINITION_REPRESENTATION(#4,#10);
#4 = PRODUCT_DEFINITION_SHAPE('','',#5);
#5 = PRODUCT_DEFINITION('design','',#6,#9);
#6 = PRODUCT_DEFINITION_FORMATION('','',#7);
#7 = PRODUCT('prop_guard__feral','prop_guard__feral','',(#8));
#8 = PRODUCT_CONTEXT('',#2,'mechanical');
#9 = PRODUCT_DEFINITION_CONTEXT('part definition',#2,'design');
#10 = SHAPE_REPRESENTATION('',(#11,#15),#19);
#11 = AXIS2_PLACEMENT_3D('',#12,#13,#14);
#12 = CARTESIAN_POINT('',(0.,0.,0.));
#13 = DIRECTION('',(0.,0.,1.));
#14 = DIRECTION('',(1.,0.,-0.));
#15 = AXIS2_PLACEMENT_3D('',#16,#17,#18);
#16 = CARTESIAN_POINT('',(-117.9557438521,-65.688561102,-5.));
#17 = DIRECTION('',(-0.,0.,1.));
#18 = DIRECTION('',(0.512042864871,-0.858959896931,0.));
#19 = ( GEOMETRIC_REPRESENTATION_CONTEXT(3) 
GLOBAL_UNCERTAINTY_ASSIGNED_CONTEXT((#23)) GLOBAL_UNIT_ASSIGNED_CONTEXT(
(#20,#21,#22)) REPRESENTATION_CONTEXT('Context #1',
  '3D Context with UNIT and UNCERTAINTY') );
#20 = ( LENGTH_UNIT() NAMED_UNIT(*) SI_UNIT(.MILLI.,.METRE.) );
#21 = ( NAMED_UNIT(*) PLANE_ANGLE_UNIT() SI_UNIT($,.RADIAN.) );
#22 = ( NAMED_UNIT(*) SI_UNIT($,.STERADIAN.) SOLID_ANGLE_UNIT() );
#23 = UNCERTAINTY_MEASURE_WITH_UNIT(LENGTH_MEASURE(2.E-07),#20,
  'distance_accuracy_value','confusion accuracy');
#24 = PRODUCT_RELATED_PRODUCT_CATEGORY('part',$,(#7));
#25 = SHAPE_DEFINITION_REPRESENTATION(#26,#32);
#26 = PRODUCT_DEFINITION_SHAPE('','',#27);
#27 = PRODUCT_DEFINITION('design','',#28,#31);
#28 = PRODUCT_DEFINITION_FORMATION('','',#29);
#29 = PRODUCT('prop_guard__feral','prop_guard__feral','',(#30));
#30 = PRODUCT_CONTEXT('',#2,'mechanical');
#31 = PRODUCT_DEFINITION_CONTEXT('part definition',#2,'design');
#32 = ADVANCED_BREP_SHAPE_REPRESENTATION('',(#11,#33),#15776);
#33 = MANIFOLD_SOLID_BREP('',#34);
#34 = CLOSED_SHELL('',(#35,#3827,#3903,#3952,#4002,#4051,#4099,#4148,
    #4550,#4599,#4648,#4697,#4747,#4796,#4823,#4872,#4921,#4971,#5021,
    #5071,#5121,#5170,#5220,#5269,#5318,#5367,#5416,#5465,#5514,#5563,
    #5590,#5671,#5703,#5779,#5811,#5880,#5934,#5981,#6035,#6082,#6136,
    #6183,#6215,#6284,#6338,#6385,#6417,#6493,#6525,#6594,#6648,#6695,
    #6749,#6796,#6850,#6897,#6929,#7001,#7051,#7101,#7129,#7205,#7237,
    #7309,#7359,#7409,#7437,#7513,#7545,#7614,#7668,#7715,#7747,#7816,
    #7870,#7917,#7971,#8018,#8072,#8119,#8151,#8227,#8259,#8313,#8382,
    #8436,#8483,#8515,#8584,#8638,#8685,#8739,#8786,#8840,#8887,#8919,
    #8988,#9042,#9089,#9121,#9197,#9229,#9305,#9337,#9409,#9459,#9509,
    #9537,#9609,#9659,#9709,#9737,#9787,#9837,#9865,#9915,#9965,#9993,
    #10043,#10093,#10121,#10171,#10221,#10249,#10349,#12250,#12376,
    #12403,#12432,#12461,#12490,#12519,#12548,#12577,#12606,#12635,
    #12664,#12693,#12722,#12751,#12829,#12858,#12887,#12916,#12945,
    #12974,#13003,#13032,#13061,#13090,#13119,#13148,#13177,#13206,
    #13235,#13264,#13293,#13322,#13351,#13380,#13409,#13438,#13467,
    #13496,#13525,#13554,#13583,#13612,#13641,#13719,#13748,#13826,
    #13855,#13884,#13913,#13942,#14020,#14049,#14078,#14107,#14136,
    #14165,#14194,#14223,#14252,#14281,#14717,#14947,#15362,#15657,
    #15687,#15716,#15746));
#35 = ADVANCED_FACE('',(#36,#892,#960,#1028,#1266,#1386,#1454,#1692,
    #1810,#1878,#1996,#2064,#2184,#2422,#2490,#2525,#2645,#2883,#3003,
    #3071,#3139,#3257,#3375,#3488,#3601,#3714),#50,.F.);
#36 = FACE_BOUND('',#37,.F.);
#37 = EDGE_LOOP('',(#38,#73,#102,#131,#160,#188,#221,#249,#273,#302,#331
    ,#359,#387,#415,#443,#471,#499,#527,#555,#583,#612,#641,#670,#698,
    #726,#754,#782,#810,#838,#866));
#38 = ORIENTED_EDGE('',*,*,#39,.T.);
#39 = EDGE_CURVE('',#40,#42,#44,.T.);
#40 = VERTEX_POINT('',#41);
#41 = CARTESIAN_POINT('',(6.,82.5,5.));
#42 = VERTEX_POINT('',#43);
#43 = CARTESIAN_POINT('',(5.999999999999,95.725370252019,5.));
#44 = SURFACE_CURVE('',#45,(#49,#61),.PCURVE_S1.);
#45 = LINE('',#46,#47);
#46 = CARTESIAN_POINT('',(6.,84.,5.));
#47 = VECTOR('',#48,1.);
#48 = DIRECTION('',(0.,1.,0.));
#49 = PCURVE('',#50,#55);
#50 = PLANE('',#51);
#51 = AXIS2_PLACEMENT_3D('',#52,#53,#54);
#52 = CARTESIAN_POINT('',(-1.18265092544E-15,114.80415428035,5.));
#53 = DIRECTION('',(0.,0.,1.));
#54 = DIRECTION('',(1.,0.,0.));
#55 = DEFINITIONAL_REPRESENTATION('',(#56),#60);
#56 = LINE('',#57,#58);
#57 = CARTESIAN_POINT('',(6.,-30.80415428035));
#58 = VECTOR('',#59,1.);
#59 = DIRECTION('',(0.,1.));
#60 = ( GEOMETRIC_REPRESENTATION_CONTEXT(2) 
PARAMETRIC_REPRESENTATION_CONTEXT() REPRESENTATION_CONTEXT('2D SPACE',''
  ) );
#61 = PCURVE('',#62,#67);
#62 = PLANE('',#63);
#63 = AXIS2_PLACEMENT_3D('',#64,#65,#66);
#64 = CARTESIAN_POINT('',(6.,82.5,5.));
#65 = DIRECTION('',(-1.,0.,0.));
#66 = DIRECTION('',(0.,1.,0.));
#67 = DEFINITIONAL_REPRESENTATION('',(#68),#72);
#68 = LINE('',#69,#70);
#69 = CARTESIAN_POINT('',(1.5,0.));
#70 = VECTOR('',#71,1.);
#71 = DIRECTION('',(1.,0.));
#72 = ( GEOMETRIC_REPRESENTATION_CONTEXT(2) 
PARAMETRIC_REPRESENTATION_CONTEXT() REPRESENTATION_CONTEXT('2D SPACE',''
  ) );
#73 = ORIENTED_EDGE('',*,*,#74,.T.);
#74 = EDGE_CURVE('',#42,#75,#77,.T.);
#75 = VERTEX_POINT('',#76);
#76 = CARTESIAN_POINT('',(19.99566201795,114.38762041149,5.));
#77 = SURFACE_CURVE('',#78,(#83,#90),.PCURVE_S1.);
#78 = CIRCLE('',#79,20.);
#79 = AXIS2_PLACEMENT_3D('',#80,#81,#82);
#80 = CARTESIAN_POINT('',(0.,114.80415428035,5.));
#81 = DIRECTION('',(0.,0.,1.));
#82 = DIRECTION('',(1.,0.,0.));
#83 = PCURVE('',#50,#84);
#84 = DEFINITIONAL_REPRESENTATION('',(#85),#89);
#85 = CIRCLE('',#86,20.);
#86 = AXIS2_PLACEMENT_2D('',#87,#88);
#87 = CARTESIAN_POINT('',(1.18265092544E-15,0.));
#88 = DIRECTION('',(1.,0.));
#89 = ( GEOMETRIC_REPRESENTATION_CONTEXT(2) 
PARAMETRIC_REPRESENTATION_CONTEXT() REPRESENTATION_CONTEXT('2D SPACE',''
  ) );
#90 = PCURVE('',#91,#96);
#91 = CYLINDRICAL_SURFACE('',#92,20.);
#92 = AXIS2_PLACEMENT_3D('',#93,#94,#95);
#93 = CARTESIAN_POINT('',(0.,114.80415428035,5.));
#94 = DIRECTION('',(-0.,-0.,-1.));
#95 = DIRECTION('',(1.,0.,0.));
#96 = DEFINITIONAL_REPRESENTATION('',(#97),#101);
#97 = LINE('',#98,#99);
#98 = CARTESIAN_POINT('',(-0.,0.));
#99 = VECTOR('',#100,1.);
#100 = DIRECTION('',(-1.,0.));
#101 = ( GEOMETRIC_REPRESENTATION_CONTEXT(2) 
PARAMETRIC_REPRESENTATION_CONTEXT() REPRESENTATION_CONTEXT('2D SPACE',''
  ) );
#102 = ORIENTED_EDGE('',*,*,#103,.T.);
#103 = EDGE_CURVE('',#75,#104,#106,.T.);
#104 = VERTEX_POINT('',#105);
#105 = CARTESIAN_POINT('',(92.001187883168,127.69567971709,5.));
#106 = SURFACE_CURVE('',#107,(#112,#119),.PCURVE_S1.);
#107 = CIRCLE('',#108,154.0625);
#108 = AXIS2_PLACEMENT_3D('',#109,#110,#111);
#109 = CARTESIAN_POINT('',(28.800939465195,268.19828647638,5.));
#110 = DIRECTION('',(0.,0.,1.));
#111 = DIRECTION('',(1.,0.,0.));
#112 = PCURVE('',#50,#113);
#113 = DEFINITIONAL_REPRESENTATION('',(#114),#118);
#114 = CIRCLE('',#115,154.0625);
#115 = AXIS2_PLACEMENT_2D('',#116,#117);
#116 = CARTESIAN_POINT('',(28.800939465195,153.39413219602));
#117 = DIRECTION('',(1.,0.));
#118 = ( GEOMETRIC_REPRESENTATION_CONTEXT(2) 
PARAMETRIC_REPRESENTATION_CONTEXT() REPRESENTATION_CONTEXT('2D SPACE',''
  ) );
#119 = PCURVE('',#120,#125);
#120 = CYLINDRICAL_SURFACE('',#121,154.0625);
#121 = AXIS2_PLACEMENT_3D('',#122,#123,#124);
#122 = CARTESIAN_POINT('',(28.800939465195,268.19828647638,5.));
#123 = DIRECTION('',(-0.,-0.,-1.));
#124 = DIRECTION('',(1.,0.,0.));
#125 = DEFINITIONAL_REPRESENTATION('',(#126),#130);
#126 = LINE('',#127,#128);
#127 = CARTESIAN_POINT('',(-0.,0.));
#128 = VECTOR('',#129,1.);
#129 = DIRECTION('',(-1.,0.));
#130 = ( GEOMETRIC_REPRESENTATION_CONTEXT(2) 
PARAMETRIC_REPRESENTATION_CONTEXT() REPRESENTATION_CONTEXT('2D SPACE',''
  ) );
#131 = ORIENTED_EDGE('',*,*,#132,.F.);
#132 = EDGE_CURVE('',#133,#104,#135,.T.);
#133 = VERTEX_POINT('',#134);
#134 = CARTESIAN_POINT('',(92.9,114.80415428035,5.));
#135 = SURFACE_CURVE('',#136,(#141,#148),.PCURVE_S1.);
#136 = CIRCLE('',#137,92.9);
#137 = AXIS2_PLACEMENT_3D('',#138,#139,#140);
#138 = CARTESIAN_POINT('',(0.,114.80415428035,5.));
#139 = DIRECTION('',(0.,0.,1.));
#140 = DIRECTION('',(1.,0.,0.));
#141 = PCURVE('',#50,#142);
#142 = DEFINITIONAL_REPRESENTATION('',(#143),#147);
#143 = CIRCLE('',#144,92.9);
#144 = AXIS2_PLACEMENT_2D('',#145,#146);
#145 = CARTESIAN_POINT('',(1.18265092544E-15,0.));
#146 = DIRECTION('',(1.,0.));
#147 = ( GEOMETRIC_REPRESENTATION_CONTEXT(2) 
PARAMETRIC_REPRESENTATION_CONTEXT() REPRESENTATION_CONTEXT('2D SPACE',''
  ) );
#148 = PCURVE('',#149,#154);
#149 = CYLINDRICAL_SURFACE('',#150,92.9);
#150 = AXIS2_PLACEMENT_3D('',#151,#152,#153);
#151 = CARTESIAN_POINT('',(0.,114.80415428035,5.));
#152 = DIRECTION('',(-0.,-0.,-1.));
#153 = DIRECTION('',(1.,0.,0.));
#154 = DEFINITIONAL_REPRESENTATION('',(#155),#159);
#155 = LINE('',#156,#157);
#156 = CARTESIAN_POINT('',(-0.,0.));
#157 = VECTOR('',#158,1.);
#158 = DIRECTION('',(-1.,0.));
#159 = ( GEOMETRIC_REPRESENTATION_CONTEXT(2) 
PARAMETRIC_REPRESENTATION_CONTEXT() REPRESENTATION_CONTEXT('2D SPACE',''
  ) );
#160 = ORIENTED_EDGE('',*,*,#161,.F.);
#161 = EDGE_CURVE('',#162,#133,#164,.T.);
#162 = VERTEX_POINT('',#163);
#163 = CARTESIAN_POINT('',(97.9,114.80415428035,5.));
#164 = SURFACE_CURVE('',#165,(#169,#176),.PCURVE_S1.);
#165 = LINE('',#166,#167);
#166 = CARTESIAN_POINT('',(123.48,114.80415428035,5.));
#167 = VECTOR('',#168,1.);
#168 = DIRECTION('',(-1.,-1.150862869712E-16,0.));
#169 = PCURVE('',#50,#170);
#170 = DEFINITIONAL_REPRESENTATION('',(#171),#175);
#171 = LINE('',#172,#173);
#172 = CARTESIAN_POINT('',(123.48,1.42108547152E-14));
#173 = VECTOR('',#174,1.);
#174 = DIRECTION('',(-1.,-1.150862869712E-16));
#175 = ( GEOMETRIC_REPRESENTATION_CONTEXT(2) 
PARAMETRIC_REPRESENTATION_CONTEXT() REPRESENTATION_CONTEXT('2D SPACE',''
  ) );
#176 = PCURVE('',#177,#182);
#177 = PLANE('',#178);
#178 = AXIS2_PLACEMENT_3D('',#179,#180,#181);
#179 = CARTESIAN_POINT('',(97.9,114.80415428035,5.));
#180 = DIRECTION('',(1.150862869712E-16,-1.,0.));
#181 = DIRECTION('',(-1.,-1.150862869712E-16,0.));
#182 = DEFINITIONAL_REPRESENTATION('',(#183),#187);
#183 = LINE('',#184,#185);
#184 = CARTESIAN_POINT('',(-25.58,0.));
#185 = VECTOR('',#186,1.);
#186 = DIRECTION('',(1.,0.));
#187 = ( GEOMETRIC_REPRESENTATION_CONTEXT(2) 
PARAMETRIC_REPRESENTATION_CONTEXT() REPRESENTATION_CONTEXT('2D SPACE',''
  ) );
#188 = ORIENTED_EDGE('',*,*,#189,.F.);
#189 = EDGE_CURVE('',#190,#162,#192,.T.);
#190 = VERTEX_POINT('',#191);
#191 = CARTESIAN_POINT('',(-97.9,114.80415428035,5.));
#192 = SURFACE_CURVE('',#193,(#198,#209),.PCURVE_S1.);
#193 = CIRCLE('',#194,97.9);
#194 = AXIS2_PLACEMENT_3D('',#195,#196,#197);
#195 = CARTESIAN_POINT('',(0.,114.80415428035,5.));
#196 = DIRECTION('',(-0.,0.,-1.));
#197 = DIRECTION('',(-1.,-1.45156840809E-14,0.));
#198 = PCURVE('',#50,#199);
#199 = DEFINITIONAL_REPRESENTATION('',(#200),#208);
#200 = ( BOUNDED_CURVE() B_SPLINE_CURVE(2,(#201,#202,#203,#204,#205,#206
,#207),.UNSPECIFIED.,.T.,.F.) B_SPLINE_CURVE_WITH_KNOTS((1,2,2,2,2,1),(
    -2.094395102393,0.,2.094395102393,4.188790204786,6.28318530718,
8.377580409573),.UNSPECIFIED.) CURVE() GEOMETRIC_REPRESENTATION_ITEM() 
RATIONAL_B_SPLINE_CURVE((1.,0.5,1.,0.5,1.,0.5,1.)) REPRESENTATION_ITEM(
  '') );
#201 = CARTESIAN_POINT('',(-97.9,-1.42108547152E-12));
#202 = CARTESIAN_POINT('',(-97.9,169.56777406099));
#203 = CARTESIAN_POINT('',(48.949999999999,84.783887030497));
#204 = CARTESIAN_POINT('',(195.8,2.866149527368E-12));
#205 = CARTESIAN_POINT('',(48.950000000001,-84.78388703049));
#206 = CARTESIAN_POINT('',(-97.89999999999,-169.5677740609));
#207 = CARTESIAN_POINT('',(-97.9,-1.42108547152E-12));
#208 = ( GEOMETRIC_REPRESENTATION_CONTEXT(2) 
PARAMETRIC_REPRESENTATION_CONTEXT() REPRESENTATION_CONTEXT('2D SPACE',''
  ) );
#209 = PCURVE('',#210,#215);
#210 = CYLINDRICAL_SURFACE('',#211,97.9);
#211 = AXIS2_PLACEMENT_3D('',#212,#213,#214);
#212 = CARTESIAN_POINT('',(0.,114.80415428035,5.));
#213 = DIRECTION('',(-0.,-0.,-1.));
#214 = DIRECTION('',(1.,0.,0.));
#215 = DEFINITIONAL_REPRESENTATION('',(#216),#220);
#216 = LINE('',#217,#218);
#217 = CARTESIAN_POINT('',(-3.14159265359,0.));
#218 = VECTOR('',#219,1.);
#219 = DIRECTION('',(1.,-0.));
#220 = ( GEOMETRIC_REPRESENTATION_CONTEXT(2) 
PARAMETRIC_REPRESENTATION_CONTEXT() REPRESENTATION_CONTEXT('2D SPACE',''
  ) );
#221 = ORIENTED_EDGE('',*,*,#222,.F.);
#222 = EDGE_CURVE('',#223,#190,#225,.T.);
#223 = VERTEX_POINT('',#224);
#224 = CARTESIAN_POINT('',(-92.9,114.80415428036,5.));
#225 = SURFACE_CURVE('',#226,(#230,#237),.PCURVE_S1.);
#226 = LINE('',#227,#228);
#227 = CARTESIAN_POINT('',(0.,114.80415428035,5.));
#228 = VECTOR('',#229,1.);
#229 = DIRECTION('',(-1.,1.150862869712E-16,0.));
#230 = PCURVE('',#50,#231);
#231 = DEFINITIONAL_REPRESENTATION('',(#232),#236);
#232 = LINE('',#233,#234);
#233 = CARTESIAN_POINT('',(1.18265092544E-15,0.));
#234 = VECTOR('',#235,1.);
#235 = DIRECTION('',(-1.,1.150862869712E-16));
#236 = ( GEOMETRIC_REPRESENTATION_CONTEXT(2) 
PARAMETRIC_REPRESENTATION_CONTEXT() REPRESENTATION_CONTEXT('2D SPACE',''
  ) );
#237 = PCURVE('',#238,#243);
#238 = PLANE('',#239);
#239 = AXIS2_PLACEMENT_3D('',#240,#241,#242);
#240 = CARTESIAN_POINT('',(-92.9,114.80415428035,5.));
#241 = DIRECTION('',(-1.150862869712E-16,-1.,0.));
#242 = DIRECTION('',(-1.,1.150862869712E-16,0.));
#243 = DEFINITIONAL_REPRESENTATION('',(#244),#248);
#244 = LINE('',#245,#246);
#245 = CARTESIAN_POINT('',(-92.9,-0.));
#246 = VECTOR('',#247,1.);
#247 = DIRECTION('',(1.,0.));
#248 = ( GEOMETRIC_REPRESENTATION_CONTEXT(2) 
PARAMETRIC_REPRESENTATION_CONTEXT() REPRESENTATION_CONTEXT('2D SPACE',''
  ) );
#249 = ORIENTED_EDGE('',*,*,#250,.F.);
#250 = EDGE_CURVE('',#251,#223,#253,.T.);
#251 = VERTEX_POINT('',#252);
#252 = CARTESIAN_POINT('',(-92.00118788316,127.69567971709,5.));
#253 = SURFACE_CURVE('',#254,(#259,#266),.PCURVE_S1.);
#254 = CIRCLE('',#255,92.9);
#255 = AXIS2_PLACEMENT_3D('',#256,#257,#258);
#256 = CARTESIAN_POINT('',(0.,114.80415428035,5.));
#257 = DIRECTION('',(0.,0.,1.));
#258 = DIRECTION('',(1.,0.,0.));
#259 = PCURVE('',#50,#260);
#260 = DEFINITIONAL_REPRESENTATION('',(#261),#265);
#261 = CIRCLE('',#262,92.9);
#262 = AXIS2_PLACEMENT_2D('',#263,#264);
#263 = CARTESIAN_POINT('',(1.18265092544E-15,0.));
#264 = DIRECTION('',(1.,0.));
#265 = ( GEOMETRIC_REPRESENTATION_CONTEXT(2) 
PARAMETRIC_REPRESENTATION_CONTEXT() REPRESENTATION_CONTEXT('2D SPACE',''
  ) );
#266 = PCURVE('',#149,#267);
#267 = DEFINITIONAL_REPRESENTATION('',(#268),#272);
#268 = LINE('',#269,#270);
#269 = CARTESIAN_POINT('',(-0.,0.));
#270 = VECTOR('',#271,1.);
#271 = DIRECTION('',(-1.,0.));
#272 = ( GEOMETRIC_REPRESENTATION_CONTEXT(2) 
PARAMETRIC_REPRESENTATION_CONTEXT() REPRESENTATION_CONTEXT('2D SPACE',''
  ) );
#273 = ORIENTED_EDGE('',*,*,#274,.T.);
#274 = EDGE_CURVE('',#251,#275,#277,.T.);
#275 = VERTEX_POINT('',#276);
#276 = CARTESIAN_POINT('',(-19.99566201795,114.38762041148,5.));
#277 = SURFACE_CURVE('',#278,(#283,#290),.PCURVE_S1.);
#278 = CIRCLE('',#279,154.0625);
#279 = AXIS2_PLACEMENT_3D('',#280,#281,#282);
#280 = CARTESIAN_POINT('',(-28.80093946519,268.19828647638,5.));
#281 = DIRECTION('',(0.,0.,1.));
#282 = DIRECTION('',(1.,0.,0.));
#283 = PCURVE('',#50,#284);
#284 = DEFINITIONAL_REPRESENTATION('',(#285),#289);
#285 = CIRCLE('',#286,154.0625);
#286 = AXIS2_PLACEMENT_2D('',#287,#288);
#287 = CARTESIAN_POINT('',(-28.80093946519,153.39413219602));
#288 = DIRECTION('',(1.,0.));
#289 = ( GEOMETRIC_REPRESENTATION_CONTEXT(2) 
PARAMETRIC_REPRESENTATION_CONTEXT() REPRESENTATION_CONTEXT('2D SPACE',''
  ) );
#290 = PCURVE('',#291,#296);
#291 = CYLINDRICAL_SURFACE('',#292,154.0625);
#292 = AXIS2_PLACEMENT_3D('',#293,#294,#295);
#293 = CARTESIAN_POINT('',(-28.80093946519,268.19828647638,5.));
#294 = DIRECTION('',(-0.,-0.,-1.));
#295 = DIRECTION('',(1.,0.,0.));
#296 = DEFINITIONAL_REPRESENTATION('',(#297),#301);
#297 = LINE('',#298,#299);
#298 = CARTESIAN_POINT('',(-0.,0.));
#299 = VECTOR('',#300,1.);
#300 = DIRECTION('',(-1.,0.));
#301 = ( GEOMETRIC_REPRESENTATION_CONTEXT(2) 
PARAMETRIC_REPRESENTATION_CONTEXT() REPRESENTATION_CONTEXT('2D SPACE',''
  ) );
#302 = ORIENTED_EDGE('',*,*,#303,.T.);
#303 = EDGE_CURVE('',#275,#304,#306,.T.);
#304 = VERTEX_POINT('',#305);
#305 = CARTESIAN_POINT('',(-5.999999999999,95.725370252019,5.));
#306 = SURFACE_CURVE('',#307,(#312,#319),.PCURVE_S1.);
#307 = CIRCLE('',#308,20.);
#308 = AXIS2_PLACEMENT_3D('',#309,#310,#311);
#309 = CARTESIAN_POINT('',(0.,114.80415428035,5.));
#310 = DIRECTION('',(0.,0.,1.));
#311 = DIRECTION('',(1.,0.,0.));
#312 = PCURVE('',#50,#313);
#313 = DEFINITIONAL_REPRESENTATION('',(#314),#318);
#314 = CIRCLE('',#315,20.);
#315 = AXIS2_PLACEMENT_2D('',#316,#317);
#316 = CARTESIAN_POINT('',(1.18265092544E-15,0.));
#317 = DIRECTION('',(1.,0.));
#318 = ( GEOMETRIC_REPRESENTATION_CONTEXT(2) 
PARAMETRIC_REPRESENTATION_CONTEXT() REPRESENTATION_CONTEXT('2D SPACE',''
  ) );
#319 = PCURVE('',#320,#325);
#320 = CYLINDRICAL_SURFACE('',#321,20.);
#321 = AXIS2_PLACEMENT_3D('',#322,#323,#324);
#322 = CARTESIAN_POINT('',(0.,114.80415428035,5.));
#323 = DIRECTION('',(-0.,-0.,-1.));
#324 = DIRECTION('',(1.,0.,0.));
#325 = DEFINITIONAL_REPRESENTATION('',(#326),#330);
#326 = LINE('',#327,#328);
#327 = CARTESIAN_POINT('',(-0.,0.));
#328 = VECTOR('',#329,1.);
#329 = DIRECTION('',(-1.,0.));
#330 = ( GEOMETRIC_REPRESENTATION_CONTEXT(2) 
PARAMETRIC_REPRESENTATION_CONTEXT() REPRESENTATION_CONTEXT('2D SPACE',''
  ) );
#331 = ORIENTED_EDGE('',*,*,#332,.F.);
#332 = EDGE_CURVE('',#333,#304,#335,.T.);
#333 = VERTEX_POINT('',#334);
#334 = CARTESIAN_POINT('',(-6.,82.5,5.));
#335 = SURFACE_CURVE('',#336,(#340,#347),.PCURVE_S1.);
#336 = LINE('',#337,#338);
#337 = CARTESIAN_POINT('',(-6.,84.,5.));
#338 = VECTOR('',#339,1.);
#339 = DIRECTION('',(0.,1.,0.));
#340 = PCURVE('',#50,#341);
#341 = DEFINITIONAL_REPRESENTATION('',(#342),#346);
#342 = LINE('',#343,#344);
#343 = CARTESIAN_POINT('',(-6.,-30.80415428035));
#344 = VECTOR('',#345,1.);
#345 = DIRECTION('',(0.,1.));
#346 = ( GEOMETRIC_REPRESENTATION_CONTEXT(2) 
PARAMETRIC_REPRESENTATION_CONTEXT() REPRESENTATION_CONTEXT('2D SPACE',''
  ) );
#347 = PCURVE('',#348,#353);
#348 = PLANE('',#349);
#349 = AXIS2_PLACEMENT_3D('',#350,#351,#352);
#350 = CARTESIAN_POINT('',(-6.,82.5,5.));
#351 = DIRECTION('',(-1.,0.,0.));
#352 = DIRECTION('',(0.,1.,0.));
#353 = DEFINITIONAL_REPRESENTATION('',(#354),#358);
#354 = LINE('',#355,#356);
#355 = CARTESIAN_POINT('',(1.5,0.));
#356 = VECTOR('',#357,1.);
#357 = DIRECTION('',(1.,0.));
#358 = ( GEOMETRIC_REPRESENTATION_CONTEXT(2) 
PARAMETRIC_REPRESENTATION_CONTEXT() REPRESENTATION_CONTEXT('2D SPACE',''
  ) );
#359 = ORIENTED_EDGE('',*,*,#360,.T.);
#360 = EDGE_CURVE('',#333,#361,#363,.T.);
#361 = VERTEX_POINT('',#362);
#362 = CARTESIAN_POINT('',(-4.5,82.5,5.));
#363 = SURFACE_CURVE('',#364,(#368,#375),.PCURVE_S1.);
#364 = LINE('',#365,#366);
#365 = CARTESIAN_POINT('',(-5.25,82.5,5.));
#366 = VECTOR('',#367,1.);
#367 = DIRECTION('',(1.,0.,0.));
#368 = PCURVE('',#50,#369);
#369 = DEFINITIONAL_REPRESENTATION('',(#370),#374);
#370 = LINE('',#371,#372);
#371 = CARTESIAN_POINT('',(-5.25,-32.30415428035));
#372 = VECTOR('',#373,1.);
#373 = DIRECTION('',(1.,0.));
#374 = ( GEOMETRIC_REPRESENTATION_CONTEXT(2) 
PARAMETRIC_REPRESENTATION_CONTEXT() REPRESENTATION_CONTEXT('2D SPACE',''
  ) );
#375 = PCURVE('',#376,#381);
#376 = PLANE('',#377);
#377 = AXIS2_PLACEMENT_3D('',#378,#379,#380);
#378 = CARTESIAN_POINT('',(-6.,82.5,5.));
#379 = DIRECTION('',(0.,1.,0.));
#380 = DIRECTION('',(1.,0.,0.));
#381 = DEFINITIONAL_REPRESENTATION('',(#382),#386);
#382 = LINE('',#383,#384);
#383 = CARTESIAN_POINT('',(0.75,0.));
#384 = VECTOR('',#385,1.);
#385 = DIRECTION('',(1.,0.));
#386 = ( GEOMETRIC_REPRESENTATION_CONTEXT(2) 
PARAMETRIC_REPRESENTATION_CONTEXT() REPRESENTATION_CONTEXT('2D SPACE',''
  ) );
#387 = ORIENTED_EDGE('',*,*,#388,.F.);
#388 = EDGE_CURVE('',#389,#361,#391,.T.);
#389 = VERTEX_POINT('',#390);
#390 = CARTESIAN_POINT('',(-4.5,79.5,5.));
#391 = SURFACE_CURVE('',#392,(#396,#403),.PCURVE_S1.);
#392 = LINE('',#393,#394);
#393 = CARTESIAN_POINT('',(-4.5,81.,5.));
#394 = VECTOR('',#395,1.);
#395 = DIRECTION('',(0.,1.,0.));
#396 = PCURVE('',#50,#397);
#397 = DEFINITIONAL_REPRESENTATION('',(#398),#402);
#398 = LINE('',#399,#400);
#399 = CARTESIAN_POINT('',(-4.5,-33.80415428035));
#400 = VECTOR('',#401,1.);
#401 = DIRECTION('',(0.,1.));
#402 = ( GEOMETRIC_REPRESENTATION_CONTEXT(2) 
PARAMETRIC_REPRESENTATION_CONTEXT() REPRESENTATION_CONTEXT('2D SPACE',''
  ) );
#403 = PCURVE('',#404,#409);
#404 = PLANE('',#405);
#405 = AXIS2_PLACEMENT_3D('',#406,#407,#408);
#406 = CARTESIAN_POINT('',(-4.5,79.5,5.));
#407 = DIRECTION('',(-1.,0.,0.));
#408 = DIRECTION('',(0.,1.,0.));
#409 = DEFINITIONAL_REPRESENTATION('',(#410),#414);
#410 = LINE('',#411,#412);
#411 = CARTESIAN_POINT('',(1.5,0.));
#412 = VECTOR('',#413,1.);
#413 = DIRECTION('',(1.,0.));
#414 = ( GEOMETRIC_REPRESENTATION_CONTEXT(2) 
PARAMETRIC_REPRESENTATION_CONTEXT() REPRESENTATION_CONTEXT('2D SPACE',''
  ) );
#415 = ORIENTED_EDGE('',*,*,#416,.F.);
#416 = EDGE_CURVE('',#417,#389,#419,.T.);
#417 = VERTEX_POINT('',#418);
#418 = CARTESIAN_POINT('',(-6.,79.5,5.));
#419 = SURFACE_CURVE('',#420,(#424,#431),.PCURVE_S1.);
#420 = LINE('',#421,#422);
#421 = CARTESIAN_POINT('',(-5.25,79.5,5.));
#422 = VECTOR('',#423,1.);
#423 = DIRECTION('',(1.,0.,0.));
#424 = PCURVE('',#50,#425);
#425 = DEFINITIONAL_REPRESENTATION('',(#426),#430);
#426 = LINE('',#427,#428);
#427 = CARTESIAN_POINT('',(-5.25,-35.30415428035));
#428 = VECTOR('',#429,1.);
#429 = DIRECTION('',(1.,0.));
#430 = ( GEOMETRIC_REPRESENTATION_CONTEXT(2) 
PARAMETRIC_REPRESENTATION_CONTEXT() REPRESENTATION_CONTEXT('2D SPACE',''
  ) );
#431 = PCURVE('',#432,#437);
#432 = PLANE('',#433);
#433 = AXIS2_PLACEMENT_3D('',#434,#435,#436);
#434 = CARTESIAN_POINT('',(-6.,79.5,5.));
#435 = DIRECTION('',(0.,1.,0.));
#436 = DIRECTION('',(1.,0.,0.));
#437 = DEFINITIONAL_REPRESENTATION('',(#438),#442);
#438 = LINE('',#439,#440);
#439 = CARTESIAN_POINT('',(0.75,0.));
#440 = VECTOR('',#441,1.);
#441 = DIRECTION('',(1.,0.));
#442 = ( GEOMETRIC_REPRESENTATION_CONTEXT(2) 
PARAMETRIC_REPRESENTATION_CONTEXT() REPRESENTATION_CONTEXT('2D SPACE',''
  ) );
#443 = ORIENTED_EDGE('',*,*,#444,.F.);
#444 = EDGE_CURVE('',#445,#417,#447,.T.);
#445 = VERTEX_POINT('',#446);
#446 = CARTESIAN_POINT('',(-6.,73.5,5.));
#447 = SURFACE_CURVE('',#448,(#452,#459),.PCURVE_S1.);
#448 = LINE('',#449,#450);
#449 = CARTESIAN_POINT('',(-6.,84.,5.));
#450 = VECTOR('',#451,1.);
#451 = DIRECTION('',(0.,1.,0.));
#452 = PCURVE('',#50,#453);
#453 = DEFINITIONAL_REPRESENTATION('',(#454),#458);
#454 = LINE('',#455,#456);
#455 = CARTESIAN_POINT('',(-6.,-30.80415428035));
#456 = VECTOR('',#457,1.);
#457 = DIRECTION('',(0.,1.));
#458 = ( GEOMETRIC_REPRESENTATION_CONTEXT(2) 
PARAMETRIC_REPRESENTATION_CONTEXT() REPRESENTATION_CONTEXT('2D SPACE',''
  ) );
#459 = PCURVE('',#460,#465);
#460 = PLANE('',#461);
#461 = AXIS2_PLACEMENT_3D('',#462,#463,#464);
#462 = CARTESIAN_POINT('',(-6.,73.5,5.));
#463 = DIRECTION('',(-1.,0.,0.));
#464 = DIRECTION('',(0.,1.,0.));
#465 = DEFINITIONAL_REPRESENTATION('',(#466),#470);
#466 = LINE('',#467,#468);
#467 = CARTESIAN_POINT('',(10.5,0.));
#468 = VECTOR('',#469,1.);
#469 = DIRECTION('',(1.,0.));
#470 = ( GEOMETRIC_REPRESENTATION_CONTEXT(2) 
PARAMETRIC_REPRESENTATION_CONTEXT() REPRESENTATION_CONTEXT('2D SPACE',''
  ) );
#471 = ORIENTED_EDGE('',*,*,#472,.T.);
#472 = EDGE_CURVE('',#445,#473,#475,.T.);
#473 = VERTEX_POINT('',#474);
#474 = CARTESIAN_POINT('',(-4.5,73.5,5.));
#475 = SURFACE_CURVE('',#476,(#480,#487),.PCURVE_S1.);
#476 = LINE('',#477,#478);
#477 = CARTESIAN_POINT('',(-5.25,73.5,5.));
#478 = VECTOR('',#479,1.);
#479 = DIRECTION('',(1.,0.,0.));
#480 = PCURVE('',#50,#481);
#481 = DEFINITIONAL_REPRESENTATION('',(#482),#486);
#482 = LINE('',#483,#484);
#483 = CARTESIAN_POINT('',(-5.25,-41.30415428035));
#484 = VECTOR('',#485,1.);
#485 = DIRECTION('',(1.,0.));
#486 = ( GEOMETRIC_REPRESENTATION_CONTEXT(2) 
PARAMETRIC_REPRESENTATION_CONTEXT() REPRESENTATION_CONTEXT('2D SPACE',''
  ) );
#487 = PCURVE('',#488,#493);
#488 = PLANE('',#489);
#489 = AXIS2_PLACEMENT_3D('',#490,#491,#492);
#490 = CARTESIAN_POINT('',(-6.,73.5,5.));
#491 = DIRECTION('',(0.,1.,0.));
#492 = DIRECTION('',(1.,0.,0.));
#493 = DEFINITIONAL_REPRESENTATION('',(#494),#498);
#494 = LINE('',#495,#496);
#495 = CARTESIAN_POINT('',(0.75,0.));
#496 = VECTOR('',#497,1.);
#497 = DIRECTION('',(1.,0.));
#498 = ( GEOMETRIC_REPRESENTATION_CONTEXT(2) 
PARAMETRIC_REPRESENTATION_CONTEXT() REPRESENTATION_CONTEXT('2D SPACE',''
  ) );
#499 = ORIENTED_EDGE('',*,*,#500,.F.);
#500 = EDGE_CURVE('',#501,#473,#503,.T.);
#501 = VERTEX_POINT('',#502);
#502 = CARTESIAN_POINT('',(-4.5,70.5,5.));
#503 = SURFACE_CURVE('',#504,(#508,#515),.PCURVE_S1.);
#504 = LINE('',#505,#506);
#505 = CARTESIAN_POINT('',(-4.5,72.,5.));
#506 = VECTOR('',#507,1.);
#507 = DIRECTION('',(0.,1.,0.));
#508 = PCURVE('',#50,#509);
#509 = DEFINITIONAL_REPRESENTATION('',(#510),#514);
#510 = LINE('',#511,#512);
#511 = CARTESIAN_POINT('',(-4.5,-42.80415428035));
#512 = VECTOR('',#513,1.);
#513 = DIRECTION('',(0.,1.));
#514 = ( GEOMETRIC_REPRESENTATION_CONTEXT(2) 
PARAMETRIC_REPRESENTATION_CONTEXT() REPRESENTATION_CONTEXT('2D SPACE',''
  ) );
#515 = PCURVE('',#516,#521);
#516 = PLANE('',#517);
#517 = AXIS2_PLACEMENT_3D('',#518,#519,#520);
#518 = CARTESIAN_POINT('',(-4.5,70.5,5.));
#519 = DIRECTION('',(-1.,0.,0.));
#520 = DIRECTION('',(0.,1.,0.));
#521 = DEFINITIONAL_REPRESENTATION('',(#522),#526);
#522 = LINE('',#523,#524);
#523 = CARTESIAN_POINT('',(1.5,0.));
#524 = VECTOR('',#525,1.);
#525 = DIRECTION('',(1.,0.));
#526 = ( GEOMETRIC_REPRESENTATION_CONTEXT(2) 
PARAMETRIC_REPRESENTATION_CONTEXT() REPRESENTATION_CONTEXT('2D SPACE',''
  ) );
#527 = ORIENTED_EDGE('',*,*,#528,.F.);
#528 = EDGE_CURVE('',#529,#501,#531,.T.);
#529 = VERTEX_POINT('',#530);
#530 = CARTESIAN_POINT('',(-6.,70.5,5.));
#531 = SURFACE_CURVE('',#532,(#536,#543),.PCURVE_S1.);
#532 = LINE('',#533,#534);
#533 = CARTESIAN_POINT('',(-5.25,70.5,5.));
#534 = VECTOR('',#535,1.);
#535 = DIRECTION('',(1.,0.,0.));
#536 = PCURVE('',#50,#537);
#537 = DEFINITIONAL_REPRESENTATION('',(#538),#542);
#538 = LINE('',#539,#540);
#539 = CARTESIAN_POINT('',(-5.25,-44.30415428035));
#540 = VECTOR('',#541,1.);
#541 = DIRECTION('',(1.,0.));
#542 = ( GEOMETRIC_REPRESENTATION_CONTEXT(2) 
PARAMETRIC_REPRESENTATION_CONTEXT() REPRESENTATION_CONTEXT('2D SPACE',''
  ) );
#543 = PCURVE('',#544,#549);
#544 = PLANE('',#545);
#545 = AXIS2_PLACEMENT_3D('',#546,#547,#548);
#546 = CARTESIAN_POINT('',(-6.,70.5,5.));
#547 = DIRECTION('',(0.,1.,0.));
#548 = DIRECTION('',(1.,0.,0.));
#549 = DEFINITIONAL_REPRESENTATION('',(#550),#554);
#550 = LINE('',#551,#552);
#551 = CARTESIAN_POINT('',(0.75,0.));
#552 = VECTOR('',#553,1.);
#553 = DIRECTION('',(1.,0.));
#554 = ( GEOMETRIC_REPRESENTATION_CONTEXT(2) 
PARAMETRIC_REPRESENTATION_CONTEXT() REPRESENTATION_CONTEXT('2D SPACE',''
  ) );
#555 = ORIENTED_EDGE('',*,*,#556,.F.);
#556 = EDGE_CURVE('',#557,#529,#559,.T.);
#557 = VERTEX_POINT('',#558);
#558 = CARTESIAN_POINT('',(-6.,60.,5.));
#559 = SURFACE_CURVE('',#560,(#564,#571),.PCURVE_S1.);
#560 = LINE('',#561,#562);
#561 = CARTESIAN_POINT('',(-6.,84.,5.));
#562 = VECTOR('',#563,1.);
#563 = DIRECTION('',(0.,1.,0.));
#564 = PCURVE('',#50,#565);
#565 = DEFINITIONAL_REPRESENTATION('',(#566),#570);
#566 = LINE('',#567,#568);
#567 = CARTESIAN_POINT('',(-6.,-30.80415428035));
#568 = VECTOR('',#569,1.);
#569 = DIRECTION('',(0.,1.));
#570 = ( GEOMETRIC_REPRESENTATION_CONTEXT(2) 
PARAMETRIC_REPRESENTATION_CONTEXT() REPRESENTATION_CONTEXT('2D SPACE',''
  ) );
#571 = PCURVE('',#572,#577);
#572 = PLANE('',#573);
#573 = AXIS2_PLACEMENT_3D('',#574,#575,#576);
#574 = CARTESIAN_POINT('',(-6.,60.,5.));
#575 = DIRECTION('',(-1.,0.,0.));
#576 = DIRECTION('',(0.,1.,0.));
#577 = DEFINITIONAL_REPRESENTATION('',(#578),#582);
#578 = LINE('',#579,#580);
#579 = CARTESIAN_POINT('',(24.,0.));
#580 = VECTOR('',#581,1.);
#581 = DIRECTION('',(1.,0.));
#582 = ( GEOMETRIC_REPRESENTATION_CONTEXT(2) 
PARAMETRIC_REPRESENTATION_CONTEXT() REPRESENTATION_CONTEXT('2D SPACE',''
  ) );
#583 = ORIENTED_EDGE('',*,*,#584,.T.);
#584 = EDGE_CURVE('',#557,#585,#587,.T.);
#585 = VERTEX_POINT('',#586);
#586 = CARTESIAN_POINT('',(-0.799959598,46.80803999798,5.));
#587 = SURFACE_CURVE('',#588,(#593,#600),.PCURVE_S1.);
#588 = CIRCLE('',#589,19.333333333333);
#589 = AXIS2_PLACEMENT_3D('',#590,#591,#592);
#590 = CARTESIAN_POINT('',(13.333333333333,60.,5.));
#591 = DIRECTION('',(0.,0.,1.));
#592 = DIRECTION('',(-0.689655172414,0.724137931034,0.));
#593 = PCURVE('',#50,#594);
#594 = DEFINITIONAL_REPRESENTATION('',(#595),#599);
#595 = CIRCLE('',#596,19.333333333333);
#596 = AXIS2_PLACEMENT_2D('',#597,#598);
#597 = CARTESIAN_POINT('',(13.333333333333,-54.80415428035));
#598 = DIRECTION('',(-0.689655172414,0.724137931034));
#599 = ( GEOMETRIC_REPRESENTATION_CONTEXT(2) 
PARAMETRIC_REPRESENTATION_CONTEXT() REPRESENTATION_CONTEXT('2D SPACE',''
  ) );
#600 = PCURVE('',#601,#606);
#601 = CYLINDRICAL_SURFACE('',#602,19.333333333333);
#602 = AXIS2_PLACEMENT_3D('',#603,#604,#605);
#603 = CARTESIAN_POINT('',(13.333333333333,60.,5.));
#604 = DIRECTION('',(-0.,-0.,-1.));
#605 = DIRECTION('',(-0.689655172414,0.724137931034,0.));
#606 = DEFINITIONAL_REPRESENTATION('',(#607),#611);
#607 = LINE('',#608,#609);
#608 = CARTESIAN_POINT('',(-0.,0.));
#609 = VECTOR('',#610,1.);
#610 = DIRECTION('',(-1.,0.));
#611 = ( GEOMETRIC_REPRESENTATION_CONTEXT(2) 
PARAMETRIC_REPRESENTATION_CONTEXT() REPRESENTATION_CONTEXT('2D SPACE',''
  ) );
#612 = ORIENTED_EDGE('',*,*,#613,.T.);
#613 = EDGE_CURVE('',#585,#614,#616,.T.);
#614 = VERTEX_POINT('',#615);
#615 = CARTESIAN_POINT('',(0.799959598,46.80803999798,5.));
#616 = SURFACE_CURVE('',#617,(#622,#629),.PCURVE_S1.);
#617 = CIRCLE('',#618,0.8);
#618 = AXIS2_PLACEMENT_3D('',#619,#620,#621);
#619 = CARTESIAN_POINT('',(1.616533774875E-15,46.8,5.));
#620 = DIRECTION('',(0.,0.,1.));
#621 = DIRECTION('',(-0.9999494975,1.004999747483E-02,0.));
#622 = PCURVE('',#50,#623);
#623 = DEFINITIONAL_REPRESENTATION('',(#624),#628);
#624 = CIRCLE('',#625,0.8);
#625 = AXIS2_PLACEMENT_2D('',#626,#627);
#626 = CARTESIAN_POINT('',(2.799184700314E-15,-68.00415428035));
#627 = DIRECTION('',(-0.9999494975,1.004999747483E-02));
#628 = ( GEOMETRIC_REPRESENTATION_CONTEXT(2) 
PARAMETRIC_REPRESENTATION_CONTEXT() REPRESENTATION_CONTEXT('2D SPACE',''
  ) );
#629 = PCURVE('',#630,#635);
#630 = CYLINDRICAL_SURFACE('',#631,0.8);
#631 = AXIS2_PLACEMENT_3D('',#632,#633,#634);
#632 = CARTESIAN_POINT('',(1.616533774875E-15,46.8,5.));
#633 = DIRECTION('',(-0.,-0.,-1.));
#634 = DIRECTION('',(-0.9999494975,1.004999747483E-02,0.));
#635 = DEFINITIONAL_REPRESENTATION('',(#636),#640);
#636 = LINE('',#637,#638);
#637 = CARTESIAN_POINT('',(-0.,0.));
#638 = VECTOR('',#639,1.);
#639 = DIRECTION('',(-1.,0.));
#640 = ( GEOMETRIC_REPRESENTATION_CONTEXT(2) 
PARAMETRIC_REPRESENTATION_CONTEXT() REPRESENTATION_CONTEXT('2D SPACE',''
  ) );
#641 = ORIENTED_EDGE('',*,*,#642,.T.);
#642 = EDGE_CURVE('',#614,#643,#645,.T.);
#643 = VERTEX_POINT('',#644);
#644 = CARTESIAN_POINT('',(6.,60.,5.));
#645 = SURFACE_CURVE('',#646,(#651,#658),.PCURVE_S1.);
#646 = CIRCLE('',#647,19.333333333333);
#647 = AXIS2_PLACEMENT_3D('',#648,#649,#650);
#648 = CARTESIAN_POINT('',(-13.33333333333,60.,5.));
#649 = DIRECTION('',(0.,0.,1.));
#650 = DIRECTION('',(-1.,-1.224646799147E-16,0.));
#651 = PCURVE('',#50,#652);
#652 = DEFINITIONAL_REPRESENTATION('',(#653),#657);
#653 = CIRCLE('',#654,19.333333333333);
#654 = AXIS2_PLACEMENT_2D('',#655,#656);
#655 = CARTESIAN_POINT('',(-13.33333333333,-54.80415428035));
#656 = DIRECTION('',(-1.,-1.224646799147E-16));
#657 = ( GEOMETRIC_REPRESENTATION_CONTEXT(2) 
PARAMETRIC_REPRESENTATION_CONTEXT() REPRESENTATION_CONTEXT('2D SPACE',''
  ) );
#658 = PCURVE('',#659,#664);
#659 = CYLINDRICAL_SURFACE('',#660,19.333333333333);
#660 = AXIS2_PLACEMENT_3D('',#661,#662,#663);
#661 = CARTESIAN_POINT('',(-13.33333333333,60.,5.));
#662 = DIRECTION('',(-0.,-0.,-1.));
#663 = DIRECTION('',(-1.,-1.224646799147E-16,0.));
#664 = DEFINITIONAL_REPRESENTATION('',(#665),#669);
#665 = LINE('',#666,#667);
#666 = CARTESIAN_POINT('',(-0.,0.));
#667 = VECTOR('',#668,1.);
#668 = DIRECTION('',(-1.,0.));
#669 = ( GEOMETRIC_REPRESENTATION_CONTEXT(2) 
PARAMETRIC_REPRESENTATION_CONTEXT() REPRESENTATION_CONTEXT('2D SPACE',''
  ) );
#670 = ORIENTED_EDGE('',*,*,#671,.T.);
#671 = EDGE_CURVE('',#643,#672,#674,.T.);
#672 = VERTEX_POINT('',#673);
#673 = CARTESIAN_POINT('',(6.,70.5,5.));
#674 = SURFACE_CURVE('',#675,(#679,#686),.PCURVE_S1.);
#675 = LINE('',#676,#677);
#676 = CARTESIAN_POINT('',(6.,84.,5.));
#677 = VECTOR('',#678,1.);
#678 = DIRECTION('',(0.,1.,0.));
#679 = PCURVE('',#50,#680);
#680 = DEFINITIONAL_REPRESENTATION('',(#681),#685);
#681 = LINE('',#682,#683);
#682 = CARTESIAN_POINT('',(6.,-30.80415428035));
#683 = VECTOR('',#684,1.);
#684 = DIRECTION('',(0.,1.));
#685 = ( GEOMETRIC_REPRESENTATION_CONTEXT(2) 
PARAMETRIC_REPRESENTATION_CONTEXT() REPRESENTATION_CONTEXT('2D SPACE',''
  ) );
#686 = PCURVE('',#687,#692);
#687 = PLANE('',#688);
#688 = AXIS2_PLACEMENT_3D('',#689,#690,#691);
#689 = CARTESIAN_POINT('',(6.,60.,5.));
#690 = DIRECTION('',(-1.,0.,0.));
#691 = DIRECTION('',(0.,1.,0.));
#692 = DEFINITIONAL_REPRESENTATION('',(#693),#697);
#693 = LINE('',#694,#695);
#694 = CARTESIAN_POINT('',(24.,0.));
#695 = VECTOR('',#696,1.);
#696 = DIRECTION('',(1.,0.));
#697 = ( GEOMETRIC_REPRESENTATION_CONTEXT(2) 
PARAMETRIC_REPRESENTATION_CONTEXT() REPRESENTATION_CONTEXT('2D SPACE',''
  ) );
#698 = ORIENTED_EDGE('',*,*,#699,.F.);
#699 = EDGE_CURVE('',#700,#672,#702,.T.);
#700 = VERTEX_POINT('',#701);
#701 = CARTESIAN_POINT('',(4.5,70.5,5.));
#702 = SURFACE_CURVE('',#703,(#707,#714),.PCURVE_S1.);
#703 = LINE('',#704,#705);
#704 = CARTESIAN_POINT('',(5.25,70.5,5.));
#705 = VECTOR('',#706,1.);
#706 = DIRECTION('',(1.,0.,0.));
#707 = PCURVE('',#50,#708);
#708 = DEFINITIONAL_REPRESENTATION('',(#709),#713);
#709 = LINE('',#710,#711);
#710 = CARTESIAN_POINT('',(5.25,-44.30415428035));
#711 = VECTOR('',#712,1.);
#712 = DIRECTION('',(1.,0.));
#713 = ( GEOMETRIC_REPRESENTATION_CONTEXT(2) 
PARAMETRIC_REPRESENTATION_CONTEXT() REPRESENTATION_CONTEXT('2D SPACE',''
  ) );
#714 = PCURVE('',#715,#720);
#715 = PLANE('',#716);
#716 = AXIS2_PLACEMENT_3D('',#717,#718,#719);
#717 = CARTESIAN_POINT('',(4.5,70.5,5.));
#718 = DIRECTION('',(0.,1.,0.));
#719 = DIRECTION('',(1.,0.,0.));
#720 = DEFINITIONAL_REPRESENTATION('',(#721),#725);
#721 = LINE('',#722,#723);
#722 = CARTESIAN_POINT('',(0.75,0.));
#723 = VECTOR('',#724,1.);
#724 = DIRECTION('',(1.,0.));
#725 = ( GEOMETRIC_REPRESENTATION_CONTEXT(2) 
PARAMETRIC_REPRESENTATION_CONTEXT() REPRESENTATION_CONTEXT('2D SPACE',''
  ) );
#726 = ORIENTED_EDGE('',*,*,#727,.T.);
#727 = EDGE_CURVE('',#700,#728,#730,.T.);
#728 = VERTEX_POINT('',#729);
#729 = CARTESIAN_POINT('',(4.5,73.5,5.));
#730 = SURFACE_CURVE('',#731,(#735,#742),.PCURVE_S1.);
#731 = LINE('',#732,#733);
#732 = CARTESIAN_POINT('',(4.5,72.,5.));
#733 = VECTOR('',#734,1.);
#734 = DIRECTION('',(0.,1.,0.));
#735 = PCURVE('',#50,#736);
#736 = DEFINITIONAL_REPRESENTATION('',(#737),#741);
#737 = LINE('',#738,#739);
#738 = CARTESIAN_POINT('',(4.5,-42.80415428035));
#739 = VECTOR('',#740,1.);
#740 = DIRECTION('',(0.,1.));
#741 = ( GEOMETRIC_REPRESENTATION_CONTEXT(2) 
PARAMETRIC_REPRESENTATION_CONTEXT() REPRESENTATION_CONTEXT('2D SPACE',''
  ) );
#742 = PCURVE('',#743,#748);
#743 = PLANE('',#744);
#744 = AXIS2_PLACEMENT_3D('',#745,#746,#747);
#745 = CARTESIAN_POINT('',(4.5,70.5,5.));
#746 = DIRECTION('',(-1.,0.,0.));
#747 = DIRECTION('',(0.,1.,0.));
#748 = DEFINITIONAL_REPRESENTATION('',(#749),#753);
#749 = LINE('',#750,#751);
#750 = CARTESIAN_POINT('',(1.5,0.));
#751 = VECTOR('',#752,1.);
#752 = DIRECTION('',(1.,0.));
#753 = ( GEOMETRIC_REPRESENTATION_CONTEXT(2) 
PARAMETRIC_REPRESENTATION_CONTEXT() REPRESENTATION_CONTEXT('2D SPACE',''
  ) );
#754 = ORIENTED_EDGE('',*,*,#755,.T.);
#755 = EDGE_CURVE('',#728,#756,#758,.T.);
#756 = VERTEX_POINT('',#757);
#757 = CARTESIAN_POINT('',(6.,73.5,5.));
#758 = SURFACE_CURVE('',#759,(#763,#770),.PCURVE_S1.);
#759 = LINE('',#760,#761);
#760 = CARTESIAN_POINT('',(5.25,73.5,5.));
#761 = VECTOR('',#762,1.);
#762 = DIRECTION('',(1.,0.,0.));
#763 = PCURVE('',#50,#764);
#764 = DEFINITIONAL_REPRESENTATION('',(#765),#769);
#765 = LINE('',#766,#767);
#766 = CARTESIAN_POINT('',(5.25,-41.30415428035));
#767 = VECTOR('',#768,1.);
#768 = DIRECTION('',(1.,0.));
#769 = ( GEOMETRIC_REPRESENTATION_CONTEXT(2) 
PARAMETRIC_REPRESENTATION_CONTEXT() REPRESENTATION_CONTEXT('2D SPACE',''
  ) );
#770 = PCURVE('',#771,#776);
#771 = PLANE('',#772);
#772 = AXIS2_PLACEMENT_3D('',#773,#774,#775);
#773 = CARTESIAN_POINT('',(4.5,73.5,5.));
#774 = DIRECTION('',(0.,1.,0.));
#775 = DIRECTION('',(1.,0.,0.));
#776 = DEFINITIONAL_REPRESENTATION('',(#777),#781);
#777 = LINE('',#778,#779);
#778 = CARTESIAN_POINT('',(0.75,0.));
#779 = VECTOR('',#780,1.);
#780 = DIRECTION('',(1.,0.));
#781 = ( GEOMETRIC_REPRESENTATION_CONTEXT(2) 
PARAMETRIC_REPRESENTATION_CONTEXT() REPRESENTATION_CONTEXT('2D SPACE',''
  ) );
#782 = ORIENTED_EDGE('',*,*,#783,.T.);
#783 = EDGE_CURVE('',#756,#784,#786,.T.);
#784 = VERTEX_POINT('',#785);
#785 = CARTESIAN_POINT('',(6.,79.5,5.));
#786 = SURFACE_CURVE('',#787,(#791,#798),.PCURVE_S1.);
#787 = LINE('',#788,#789);
#788 = CARTESIAN_POINT('',(6.,84.,5.));
#789 = VECTOR('',#790,1.);
#790 = DIRECTION('',(0.,1.,0.));
#791 = PCURVE('',#50,#792);
#792 = DEFINITIONAL_REPRESENTATION('',(#793),#797);
#793 = LINE('',#794,#795);
#794 = CARTESIAN_POINT('',(6.,-30.80415428035));
#795 = VECTOR('',#796,1.);
#796 = DIRECTION('',(0.,1.));
#797 = ( GEOMETRIC_REPRESENTATION_CONTEXT(2) 
PARAMETRIC_REPRESENTATION_CONTEXT() REPRESENTATION_CONTEXT('2D SPACE',''
  ) );
#798 = PCURVE('',#799,#804);
#799 = PLANE('',#800);
#800 = AXIS2_PLACEMENT_3D('',#801,#802,#803);
#801 = CARTESIAN_POINT('',(6.,73.5,5.));
#802 = DIRECTION('',(-1.,0.,0.));
#803 = DIRECTION('',(0.,1.,0.));
#804 = DEFINITIONAL_REPRESENTATION('',(#805),#809);
#805 = LINE('',#806,#807);
#806 = CARTESIAN_POINT('',(10.5,0.));
#807 = VECTOR('',#808,1.);
#808 = DIRECTION('',(1.,0.));
#809 = ( GEOMETRIC_REPRESENTATION_CONTEXT(2) 
PARAMETRIC_REPRESENTATION_CONTEXT() REPRESENTATION_CONTEXT('2D SPACE',''
  ) );
#810 = ORIENTED_EDGE('',*,*,#811,.F.);
#811 = EDGE_CURVE('',#812,#784,#814,.T.);
#812 = VERTEX_POINT('',#813);
#813 = CARTESIAN_POINT('',(4.5,79.5,5.));
#814 = SURFACE_CURVE('',#815,(#819,#826),.PCURVE_S1.);
#815 = LINE('',#816,#817);
#816 = CARTESIAN_POINT('',(5.25,79.5,5.));
#817 = VECTOR('',#818,1.);
#818 = DIRECTION('',(1.,0.,0.));
#819 = PCURVE('',#50,#820);
#820 = DEFINITIONAL_REPRESENTATION('',(#821),#825);
#821 = LINE('',#822,#823);
#822 = CARTESIAN_POINT('',(5.25,-35.30415428035));
#823 = VECTOR('',#824,1.);
#824 = DIRECTION('',(1.,0.));
#825 = ( GEOMETRIC_REPRESENTATION_CONTEXT(2) 
PARAMETRIC_REPRESENTATION_CONTEXT() REPRESENTATION_CONTEXT('2D SPACE',''
  ) );
#826 = PCURVE('',#827,#832);
#827 = PLANE('',#828);
#828 = AXIS2_PLACEMENT_3D('',#829,#830,#831);
#829 = CARTESIAN_POINT('',(4.5,79.5,5.));
#830 = DIRECTION('',(0.,1.,0.));
#831 = DIRECTION('',(1.,0.,0.));
#832 = DEFINITIONAL_REPRESENTATION('',(#833),#837);
#833 = LINE('',#834,#835);
#834 = CARTESIAN_POINT('',(0.75,0.));
#835 = VECTOR('',#836,1.);
#836 = DIRECTION('',(1.,0.));
#837 = ( GEOMETRIC_REPRESENTATION_CONTEXT(2) 
PARAMETRIC_REPRESENTATION_CONTEXT() REPRESENTATION_CONTEXT('2D SPACE',''
  ) );
#838 = ORIENTED_EDGE('',*,*,#839,.T.);
#839 = EDGE_CURVE('',#812,#840,#842,.T.);
#840 = VERTEX_POINT('',#841);
#841 = CARTESIAN_POINT('',(4.5,82.5,5.));
#842 = SURFACE_CURVE('',#843,(#847,#854),.PCURVE_S1.);
#843 = LINE('',#844,#845);
#844 = CARTESIAN_POINT('',(4.5,81.,5.));
#845 = VECTOR('',#846,1.);
#846 = DIRECTION('',(0.,1.,0.));
#847 = PCURVE('',#50,#848);
#848 = DEFINITIONAL_REPRESENTATION('',(#849),#853);
#849 = LINE('',#850,#851);
#850 = CARTESIAN_POINT('',(4.5,-33.80415428035));
#851 = VECTOR('',#852,1.);
#852 = DIRECTION('',(0.,1.));
#853 = ( GEOMETRIC_REPRESENTATION_CONTEXT(2) 
PARAMETRIC_REPRESENTATION_CONTEXT() REPRESENTATION_CONTEXT('2D SPACE',''
  ) );
#854 = PCURVE('',#855,#860);
#855 = PLANE('',#856);
#856 = AXIS2_PLACEMENT_3D('',#857,#858,#859);
#857 = CARTESIAN_POINT('',(4.5,79.5,5.));
#858 = DIRECTION('',(-1.,0.,0.));
#859 = DIRECTION('',(0.,1.,0.));
#860 = DEFINITIONAL_REPRESENTATION('',(#861),#865);
#861 = LINE('',#862,#863);
#862 = CARTESIAN_POINT('',(1.5,0.));
#863 = VECTOR('',#864,1.);
#864 = DIRECTION('',(1.,0.));
#865 = ( GEOMETRIC_REPRESENTATION_CONTEXT(2) 
PARAMETRIC_REPRESENTATION_CONTEXT() REPRESENTATION_CONTEXT('2D SPACE',''
  ) );
#866 = ORIENTED_EDGE('',*,*,#867,.T.);
#867 = EDGE_CURVE('',#840,#40,#868,.T.);
#868 = SURFACE_CURVE('',#869,(#873,#880),.PCURVE_S1.);
#869 = LINE('',#870,#871);
#870 = CARTESIAN_POINT('',(5.25,82.5,5.));
#871 = VECTOR('',#872,1.);
#872 = DIRECTION('',(1.,0.,0.));
#873 = PCURVE('',#50,#874);
#874 = DEFINITIONAL_REPRESENTATION('',(#875),#879);
#875 = LINE('',#876,#877);
#876 = CARTESIAN_POINT('',(5.25,-32.30415428035));
#877 = VECTOR('',#878,1.);
#878 = DIRECTION('',(1.,0.));
#879 = ( GEOMETRIC_REPRESENTATION_CONTEXT(2) 
PARAMETRIC_REPRESENTATION_CONTEXT() REPRESENTATION_CONTEXT('2D SPACE',''
  ) );
#880 = PCURVE('',#881,#886);
#881 = PLANE('',#882);
#882 = AXIS2_PLACEMENT_3D('',#883,#884,#885);
#883 = CARTESIAN_POINT('',(4.5,82.5,5.));
#884 = DIRECTION('',(0.,1.,0.));
#885 = DIRECTION('',(1.,0.,0.));
#886 = DEFINITIONAL_REPRESENTATION('',(#887),#891);
#887 = LINE('',#888,#889);
#888 = CARTESIAN_POINT('',(0.75,0.));
#889 = VECTOR('',#890,1.);
#890 = DIRECTION('',(1.,0.));
#891 = ( GEOMETRIC_REPRESENTATION_CONTEXT(2) 
PARAMETRIC_REPRESENTATION_CONTEXT() REPRESENTATION_CONTEXT('2D SPACE',''
  ) );
#892 = FACE_BOUND('',#893,.F.);
#893 = EDGE_LOOP('',(#894,#929));
#894 = ORIENTED_EDGE('',*,*,#895,.T.);
#895 = EDGE_CURVE('',#896,#898,#900,.T.);
#896 = VERTEX_POINT('',#897);
#897 = CARTESIAN_POINT('',(-6.811765096099,98.359098601658,5.));
#898 = VERTEX_POINT('',#899);
#899 = CARTESIAN_POINT('',(-4.783542904564,103.25566012396,5.));
#900 = SURFACE_CURVE('',#901,(#906,#917),.PCURVE_S1.);
#901 = CIRCLE('',#902,2.99453125);
#902 = AXIS2_PLACEMENT_3D('',#903,#904,#905);
#903 = CARTESIAN_POINT('',(-4.509275121009,100.27371535752,5.));
#904 = DIRECTION('',(0.,0.,-1.));
#905 = DIRECTION('',(1.,0.,0.));
#906 = PCURVE('',#50,#907);
#907 = DEFINITIONAL_REPRESENTATION('',(#908),#916);
#908 = ( BOUNDED_CURVE() B_SPLINE_CURVE(2,(#909,#910,#911,#912,#913,#914
,#915),.UNSPECIFIED.,.T.,.F.) B_SPLINE_CURVE_WITH_KNOTS((1,2,2,2,2,1),(
    -2.094395102393,0.,2.094395102393,4.188790204786,6.28318530718,
8.377580409573),.UNSPECIFIED.) CURVE() GEOMETRIC_REPRESENTATION_ITEM() 
RATIONAL_B_SPLINE_CURVE((1.,0.5,1.,0.5,1.,0.5,1.)) REPRESENTATION_ITEM(
  '') );
#909 = CARTESIAN_POINT('',(-1.514743871009,-14.53043892283));
#910 = CARTESIAN_POINT('',(-1.514743871009,-19.71711919268));
#911 = CARTESIAN_POINT('',(-6.006540746009,-17.12377905776));
#912 = CARTESIAN_POINT('',(-10.498337621,-14.53043892283));
#913 = CARTESIAN_POINT('',(-6.006540746009,-11.93709878791));
#914 = CARTESIAN_POINT('',(-1.514743871009,-9.343758652984));
#915 = CARTESIAN_POINT('',(-1.514743871009,-14.53043892283));
#916 = ( GEOMETRIC_REPRESENTATION_CONTEXT(2) 
PARAMETRIC_REPRESENTATION_CONTEXT() REPRESENTATION_CONTEXT('2D SPACE',''
  ) );
#917 = PCURVE('',#918,#923);
#918 = CYLINDRICAL_SURFACE('',#919,2.99453125);
#919 = AXIS2_PLACEMENT_3D('',#920,#921,#922);
#920 = CARTESIAN_POINT('',(-4.509275121009,100.27371535752,4.));
#921 = DIRECTION('',(-0.,-0.,-1.));
#922 = DIRECTION('',(1.,0.,0.));
#923 = DEFINITIONAL_REPRESENTATION('',(#924),#928);
#924 = LINE('',#925,#926);
#925 = CARTESIAN_POINT('',(-6.28318530718,-1.));
#926 = VECTOR('',#927,1.);
#927 = DIRECTION('',(1.,-0.));
#928 = ( GEOMETRIC_REPRESENTATION_CONTEXT(2) 
PARAMETRIC_REPRESENTATION_CONTEXT() REPRESENTATION_CONTEXT('2D SPACE',''
  ) );
#929 = ORIENTED_EDGE('',*,*,#930,.T.);
#930 = EDGE_CURVE('',#898,#896,#931,.T.);
#931 = SURFACE_CURVE('',#932,(#937,#948),.PCURVE_S1.);
#932 = CIRCLE('',#933,2.99453125);
#933 = AXIS2_PLACEMENT_3D('',#934,#935,#936);
#934 = CARTESIAN_POINT('',(-7.086032879653,101.3410433681,5.));
#935 = DIRECTION('',(0.,-0.,-1.));
#936 = DIRECTION('',(9.158955464397E-02,-0.995796843478,0.));
#937 = PCURVE('',#50,#938);
#938 = DEFINITIONAL_REPRESENTATION('',(#939),#947);
#939 = ( BOUNDED_CURVE() B_SPLINE_CURVE(2,(#940,#941,#942,#943,#944,#945
,#946),.UNSPECIFIED.,.T.,.F.) B_SPLINE_CURVE_WITH_KNOTS((1,2,2,2,2,1),(
    -2.094395102393,0.,2.094395102393,4.188790204786,6.28318530718,
8.377580409573),.UNSPECIFIED.) CURVE() GEOMETRIC_REPRESENTATION_ITEM() 
RATIONAL_B_SPLINE_CURVE((1.,0.5,1.,0.5,1.,0.5,1.)) REPRESENTATION_ITEM(
  '') );
#940 = CARTESIAN_POINT('',(-6.811765096099,-16.4450556787));
#941 = CARTESIAN_POINT('',(-11.97664493694,-16.92010141469));
#942 = CARTESIAN_POINT('',(-9.805606691855,-12.20966139703));
#943 = CARTESIAN_POINT('',(-7.634568446763,-7.499221379365));
#944 = CARTESIAN_POINT('',(-4.640726851007,-11.73461566103));
#945 = CARTESIAN_POINT('',(-1.646885255251,-15.9700099427));
#946 = CARTESIAN_POINT('',(-6.811765096099,-16.4450556787));
#947 = ( GEOMETRIC_REPRESENTATION_CONTEXT(2) 
PARAMETRIC_REPRESENTATION_CONTEXT() REPRESENTATION_CONTEXT('2D SPACE',''
  ) );
#948 = PCURVE('',#949,#954);
#949 = CYLINDRICAL_SURFACE('',#950,2.99453125);
#950 = AXIS2_PLACEMENT_3D('',#951,#952,#953);
#951 = CARTESIAN_POINT('',(-7.086032879653,101.3410433681,4.));
#952 = DIRECTION('',(0.,-0.,-1.));
#953 = DIRECTION('',(9.158955464397E-02,-0.995796843478,0.));
#954 = DEFINITIONAL_REPRESENTATION('',(#955),#959);
#955 = LINE('',#956,#957);
#956 = CARTESIAN_POINT('',(-6.28318530718,-1.));
#957 = VECTOR('',#958,1.);
#958 = DIRECTION('',(1.,-0.));
#959 = ( GEOMETRIC_REPRESENTATION_CONTEXT(2) 
PARAMETRIC_REPRESENTATION_CONTEXT() REPRESENTATION_CONTEXT('2D SPACE',''
  ) );
#960 = FACE_BOUND('',#961,.F.);
#961 = EDGE_LOOP('',(#962,#997));
#962 = ORIENTED_EDGE('',*,*,#963,.T.);
#963 = EDGE_CURVE('',#964,#966,#968,.T.);
#964 = VERTEX_POINT('',#965);
#965 = CARTESIAN_POINT('',(-16.4450556787,107.99238918426,5.));
#966 = VERTEX_POINT('',#967);
#967 = CARTESIAN_POINT('',(-11.54849415639,110.02061137579,5.));
#968 = SURFACE_CURVE('',#969,(#974,#985),.PCURVE_S1.);
#969 = CIRCLE('',#970,2.99453125);
#970 = AXIS2_PLACEMENT_3D('',#971,#972,#973);
#971 = CARTESIAN_POINT('',(-13.46311091225,107.7181214007,5.));
#972 = DIRECTION('',(0.,0.,-1.));
#973 = DIRECTION('',(1.,0.,0.));
#974 = PCURVE('',#50,#975);
#975 = DEFINITIONAL_REPRESENTATION('',(#976),#984);
#976 = ( BOUNDED_CURVE() B_SPLINE_CURVE(2,(#977,#978,#979,#980,#981,#982
,#983),.UNSPECIFIED.,.T.,.F.) B_SPLINE_CURVE_WITH_KNOTS((1,2,2,2,2,1),(
    -2.094395102393,0.,2.094395102393,4.188790204786,6.28318530718,
8.377580409573),.UNSPECIFIED.) CURVE() GEOMETRIC_REPRESENTATION_ITEM() 
RATIONAL_B_SPLINE_CURVE((1.,0.5,1.,0.5,1.,0.5,1.)) REPRESENTATION_ITEM(
  '') );
#977 = CARTESIAN_POINT('',(-10.46857966225,-7.086032879653));
#978 = CARTESIAN_POINT('',(-10.46857966225,-12.2727131495));
#979 = CARTESIAN_POINT('',(-14.96037653725,-9.67937301458));
#980 = CARTESIAN_POINT('',(-19.45217341225,-7.086032879653));
#981 = CARTESIAN_POINT('',(-14.96037653725,-4.492692744727));
#982 = CARTESIAN_POINT('',(-10.46857966225,-1.899352609801));
#983 = CARTESIAN_POINT('',(-10.46857966225,-7.086032879653));
#984 = ( GEOMETRIC_REPRESENTATION_CONTEXT(2) 
PARAMETRIC_REPRESENTATION_CONTEXT() REPRESENTATION_CONTEXT('2D SPACE',''
  ) );
#985 = PCURVE('',#986,#991);
#986 = CYLINDRICAL_SURFACE('',#987,2.99453125);
#987 = AXIS2_PLACEMENT_3D('',#988,#989,#990);
#988 = CARTESIAN_POINT('',(-13.46311091225,107.7181214007,4.));
#989 = DIRECTION('',(-0.,-0.,-1.));
#990 = DIRECTION('',(1.,0.,0.));
#991 = DEFINITIONAL_REPRESENTATION('',(#992),#996);
#992 = LINE('',#993,#994);
#993 = CARTESIAN_POINT('',(-6.28318530718,-1.));
#994 = VECTOR('',#995,1.);
#995 = DIRECTION('',(1.,-0.));
#996 = ( GEOMETRIC_REPRESENTATION_CONTEXT(2) 
PARAMETRIC_REPRESENTATION_CONTEXT() REPRESENTATION_CONTEXT('2D SPACE',''
  ) );
#997 = ORIENTED_EDGE('',*,*,#998,.T.);
#998 = EDGE_CURVE('',#966,#964,#999,.T.);
#999 = SURFACE_CURVE('',#1000,(#1005,#1016),.PCURVE_S1.);
#1000 = CIRCLE('',#1001,2.99453125);
#1001 = AXIS2_PLACEMENT_3D('',#1002,#1003,#1004);
#1002 = CARTESIAN_POINT('',(-14.53043892283,110.29487915935,5.));
#1003 = DIRECTION('',(0.,0.,-1.));
#1004 = DIRECTION('',(1.,0.,0.));
#1005 = PCURVE('',#50,#1006);
#1006 = DEFINITIONAL_REPRESENTATION('',(#1007),#1015);
#1007 = ( BOUNDED_CURVE() B_SPLINE_CURVE(2,(#1008,#1009,#1010,#1011,
#1012,#1013,#1014),.UNSPECIFIED.,.T.,.F.) B_SPLINE_CURVE_WITH_KNOTS((1,2
    ,2,2,2,1),(-2.094395102393,0.,2.094395102393,4.188790204786,
6.28318530718,8.377580409573),.UNSPECIFIED.) CURVE() 
GEOMETRIC_REPRESENTATION_ITEM() RATIONAL_B_SPLINE_CURVE((1.,0.5,1.,0.5,
1.,0.5,1.)) REPRESENTATION_ITEM('') );
#1008 = CARTESIAN_POINT('',(-11.53590767283,-4.509275121009));
#1009 = CARTESIAN_POINT('',(-11.53590767283,-9.695955390861));
#1010 = CARTESIAN_POINT('',(-16.02770454783,-7.102615255935));
#1011 = CARTESIAN_POINT('',(-20.51950142283,-4.509275121009));
#1012 = CARTESIAN_POINT('',(-16.02770454783,-1.915934986082));
#1013 = CARTESIAN_POINT('',(-11.53590767283,0.677405148844));
#1014 = CARTESIAN_POINT('',(-11.53590767283,-4.509275121009));
#1015 = ( GEOMETRIC_REPRESENTATION_CONTEXT(2) 
PARAMETRIC_REPRESENTATION_CONTEXT() REPRESENTATION_CONTEXT('2D SPACE',''
  ) );
#1016 = PCURVE('',#1017,#1022);
#1017 = CYLINDRICAL_SURFACE('',#1018,2.99453125);
#1018 = AXIS2_PLACEMENT_3D('',#1019,#1020,#1021);
#1019 = CARTESIAN_POINT('',(-14.53043892283,110.29487915935,4.));
#1020 = DIRECTION('',(-0.,-0.,-1.));
#1021 = DIRECTION('',(1.,0.,0.));
#1022 = DEFINITIONAL_REPRESENTATION('',(#1023),#1027);
#1023 = LINE('',#1024,#1025);
#1024 = CARTESIAN_POINT('',(-6.28318530718,-1.));
#1025 = VECTOR('',#1026,1.);
#1026 = DIRECTION('',(1.,-0.));
#1027 = ( GEOMETRIC_REPRESENTATION_CONTEXT(2) 
PARAMETRIC_REPRESENTATION_CONTEXT() REPRESENTATION_CONTEXT('2D SPACE',''
  ) );
#1028 = FACE_BOUND('',#1029,.F.);
#1029 = EDGE_LOOP('',(#1030,#1058,#1091,#1117,#1150,#1176,#1209,#1235));
#1030 = ORIENTED_EDGE('',*,*,#1031,.T.);
#1031 = EDGE_CURVE('',#1032,#1034,#1036,.T.);
#1032 = VERTEX_POINT('',#1033);
#1033 = CARTESIAN_POINT('',(-3.005203820043,110.95042232289,5.));
#1034 = VERTEX_POINT('',#1035);
#1035 = CARTESIAN_POINT('',(-5.16852816464,108.78709797829,5.));
#1036 = SURFACE_CURVE('',#1037,(#1041,#1047),.PCURVE_S1.);
#1037 = LINE('',#1038,#1039);
#1038 = CARTESIAN_POINT('',(-2.372132047964,111.58349409497,5.));
#1039 = VECTOR('',#1040,1.);
#1040 = DIRECTION('',(-0.707106781187,-0.707106781187,0.));
#1041 = PCURVE('',#50,#1042);
#1042 = DEFINITIONAL_REPRESENTATION('',(#1043),#1046);
#1043 = B_SPLINE_CURVE_WITH_KNOTS('',1,(#1044,#1045),.UNSPECIFIED.,.F.,
  .F.,(2,2),(0.895298686029,3.954701313971),.PIECEWISE_BEZIER_KNOTS.);
#1044 = CARTESIAN_POINT('',(-3.005203820043,-3.853731957467));
#1045 = CARTESIAN_POINT('',(-5.16852816464,-6.017056302064));
#1046 = ( GEOMETRIC_REPRESENTATION_CONTEXT(2) 
PARAMETRIC_REPRESENTATION_CONTEXT() REPRESENTATION_CONTEXT('2D SPACE',''
  ) );
#1047 = PCURVE('',#1048,#1053);
#1048 = PLANE('',#1049);
#1049 = AXIS2_PLACEMENT_3D('',#1050,#1051,#1052);
#1050 = CARTESIAN_POINT('',(-5.16852816464,108.78709797829,4.));
#1051 = DIRECTION('',(-0.707106781187,0.707106781187,0.));
#1052 = DIRECTION('',(0.707106781187,0.707106781187,0.));
#1053 = DEFINITIONAL_REPRESENTATION('',(#1054),#1057);
#1054 = B_SPLINE_CURVE_WITH_KNOTS('',1,(#1055,#1056),.UNSPECIFIED.,.F.,
  .F.,(2,2),(0.895298686029,3.954701313971),.PIECEWISE_BEZIER_KNOTS.);
#1055 = CARTESIAN_POINT('',(3.059402627941,-1.));
#1056 = CARTESIAN_POINT('',(-7.549516567451E-15,-1.));
#1057 = ( GEOMETRIC_REPRESENTATION_CONTEXT(2) 
PARAMETRIC_REPRESENTATION_CONTEXT() REPRESENTATION_CONTEXT('2D SPACE',''
  ) );
#1058 = ORIENTED_EDGE('',*,*,#1059,.T.);
#1059 = EDGE_CURVE('',#1034,#1060,#1062,.T.);
#1060 = VERTEX_POINT('',#1061);
#1061 = CARTESIAN_POINT('',(-7.417972540481,106.53765360245,5.));
#1062 = SURFACE_CURVE('',#1063,(#1068,#1079),.PCURVE_S1.);
#1063 = CIRCLE('',#1064,1.7);
#1064 = AXIS2_PLACEMENT_3D('',#1065,#1066,#1067);
#1065 = CARTESIAN_POINT('',(-6.717514421272,108.08663985908,5.));
#1066 = DIRECTION('',(-0.,0.,-1.));
#1067 = DIRECTION('',(-0.41203418777,-0.911168386254,0.));
#1068 = PCURVE('',#50,#1069);
#1069 = DEFINITIONAL_REPRESENTATION('',(#1070),#1078);
#1070 = ( BOUNDED_CURVE() B_SPLINE_CURVE(2,(#1071,#1072,#1073,#1074,
#1075,#1076,#1077),.UNSPECIFIED.,.T.,.F.) B_SPLINE_CURVE_WITH_KNOTS((1,2
    ,2,2,2,1),(-2.094395102393,0.,2.094395102393,4.188790204786,
6.28318530718,8.377580409573),.UNSPECIFIED.) CURVE() 
GEOMETRIC_REPRESENTATION_ITEM() RATIONAL_B_SPLINE_CURVE((1.,0.5,1.,0.5,
1.,0.5,1.)) REPRESENTATION_ITEM('') );
#1071 = CARTESIAN_POINT('',(-7.417972540481,-8.266500677904));
#1072 = CARTESIAN_POINT('',(-10.10089543719,-7.053271626861));
#1073 = CARTESIAN_POINT('',(-7.708746810024,-5.336406767435));
#1074 = CARTESIAN_POINT('',(-5.316598182856,-3.619541908008));
#1075 = CARTESIAN_POINT('',(-5.025823913312,-6.549635818478));
#1076 = CARTESIAN_POINT('',(-4.735049643768,-9.479729728947));
#1077 = CARTESIAN_POINT('',(-7.417972540481,-8.266500677904));
#1078 = ( GEOMETRIC_REPRESENTATION_CONTEXT(2) 
PARAMETRIC_REPRESENTATION_CONTEXT() REPRESENTATION_CONTEXT('2D SPACE',''
  ) );
#1079 = PCURVE('',#1080,#1085);
#1080 = CYLINDRICAL_SURFACE('',#1081,1.7);
#1081 = AXIS2_PLACEMENT_3D('',#1082,#1083,#1084);
#1082 = CARTESIAN_POINT('',(-6.717514421272,108.08663985908,4.));
#1083 = DIRECTION('',(-0.,-0.,-1.));
#1084 = DIRECTION('',(-0.41203418777,-0.911168386254,0.));
#1085 = DEFINITIONAL_REPRESENTATION('',(#1086),#1090);
#1086 = LINE('',#1087,#1088);
#1087 = CARTESIAN_POINT('',(-6.28318530718,-1.));
#1088 = VECTOR('',#1089,1.);
#1089 = DIRECTION('',(1.,-0.));
#1090 = ( GEOMETRIC_REPRESENTATION_CONTEXT(2) 
PARAMETRIC_REPRESENTATION_CONTEXT() REPRESENTATION_CONTEXT('2D SPACE',''
  ) );
#1091 = ORIENTED_EDGE('',*,*,#1092,.T.);
#1092 = EDGE_CURVE('',#1060,#1093,#1095,.T.);
#1093 = VERTEX_POINT('',#1094);
#1094 = CARTESIAN_POINT('',(-7.530687219637,106.42493892329,5.));
#1095 = SURFACE_CURVE('',#1096,(#1100,#1106),.PCURVE_S1.);
#1096 = LINE('',#1097,#1098);
#1097 = CARTESIAN_POINT('',(-3.553211575462,110.40241456747,5.));
#1098 = VECTOR('',#1099,1.);
#1099 = DIRECTION('',(-0.707106781187,-0.707106781187,0.));
#1100 = PCURVE('',#50,#1101);
#1101 = DEFINITIONAL_REPRESENTATION('',(#1102),#1105);
#1102 = B_SPLINE_CURVE_WITH_KNOTS('',1,(#1103,#1104),.UNSPECIFIED.,.F.,
  .F.,(2,2),(5.465597372059,5.625),.PIECEWISE_BEZIER_KNOTS.);
#1103 = CARTESIAN_POINT('',(-7.417972540481,-8.266500677904));
#1104 = CARTESIAN_POINT('',(-7.530687219637,-8.379215357061));
#1105 = ( GEOMETRIC_REPRESENTATION_CONTEXT(2) 
PARAMETRIC_REPRESENTATION_CONTEXT() REPRESENTATION_CONTEXT('2D SPACE',''
  ) );
#1106 = PCURVE('',#1107,#1112);
#1107 = PLANE('',#1108);
#1108 = AXIS2_PLACEMENT_3D('',#1109,#1110,#1111);
#1109 = CARTESIAN_POINT('',(-7.530687219637,106.42493892329,4.));
#1110 = DIRECTION('',(-0.707106781187,0.707106781187,0.));
#1111 = DIRECTION('',(0.707106781187,0.707106781187,0.));
#1112 = DEFINITIONAL_REPRESENTATION('',(#1113),#1116);
#1113 = B_SPLINE_CURVE_WITH_KNOTS('',1,(#1114,#1115),.UNSPECIFIED.,.F.,
  .F.,(2,2),(5.465597372059,5.625),.PIECEWISE_BEZIER_KNOTS.);
#1114 = CARTESIAN_POINT('',(0.159402627941,-1.));
#1115 = CARTESIAN_POINT('',(0.,-1.));
#1116 = ( GEOMETRIC_REPRESENTATION_CONTEXT(2) 
PARAMETRIC_REPRESENTATION_CONTEXT() REPRESENTATION_CONTEXT('2D SPACE',''
  ) );
#1117 = ORIENTED_EDGE('',*,*,#1118,.T.);
#1118 = EDGE_CURVE('',#1093,#1119,#1121,.T.);
#1119 = VERTEX_POINT('',#1120);
#1120 = CARTESIAN_POINT('',(-8.379215357061,107.27346706072,5.));
#1121 = SURFACE_CURVE('',#1122,(#1127,#1138),.PCURVE_S1.);
#1122 = CIRCLE('',#1123,0.6);
#1123 = AXIS2_PLACEMENT_3D('',#1124,#1125,#1126);
#1124 = CARTESIAN_POINT('',(-7.954951288349,106.84920299201,5.));
#1125 = DIRECTION('',(0.,0.,-1.));
#1126 = DIRECTION('',(0.707106781187,0.707106781187,0.));
#1127 = PCURVE('',#50,#1128);
#1128 = DEFINITIONAL_REPRESENTATION('',(#1129),#1137);
#1129 = ( BOUNDED_CURVE() B_SPLINE_CURVE(2,(#1130,#1131,#1132,#1133,
#1134,#1135,#1136),.UNSPECIFIED.,.T.,.F.) B_SPLINE_CURVE_WITH_KNOTS((1,2
    ,2,2,2,1),(-2.094395102393,0.,2.094395102393,4.188790204786,
6.28318530718,8.377580409573),.UNSPECIFIED.) CURVE() 
GEOMETRIC_REPRESENTATION_ITEM() RATIONAL_B_SPLINE_CURVE((1.,0.5,1.,0.5,
1.,0.5,1.)) REPRESENTATION_ITEM('') );
#1130 = CARTESIAN_POINT('',(-7.530687219637,-7.530687219637));
#1131 = CARTESIAN_POINT('',(-6.795840296802,-8.265534142472));
#1132 = CARTESIAN_POINT('',(-7.799659861287,-8.534506784122));
#1133 = CARTESIAN_POINT('',(-8.803479425773,-8.803479425773));
#1134 = CARTESIAN_POINT('',(-8.534506784122,-7.799659861287));
#1135 = CARTESIAN_POINT('',(-8.265534142472,-6.795840296802));
#1136 = CARTESIAN_POINT('',(-7.530687219637,-7.530687219637));
#1137 = ( GEOMETRIC_REPRESENTATION_CONTEXT(2) 
PARAMETRIC_REPRESENTATION_CONTEXT() REPRESENTATION_CONTEXT('2D SPACE',''
  ) );
#1138 = PCURVE('',#1139,#1144);
#1139 = CYLINDRICAL_SURFACE('',#1140,0.6);
#1140 = AXIS2_PLACEMENT_3D('',#1141,#1142,#1143);
#1141 = CARTESIAN_POINT('',(-7.954951288349,106.84920299201,4.));
#1142 = DIRECTION('',(0.,0.,-1.));
#1143 = DIRECTION('',(0.707106781187,0.707106781187,0.));
#1144 = DEFINITIONAL_REPRESENTATION('',(#1145),#1149);
#1145 = LINE('',#1146,#1147);
#1146 = CARTESIAN_POINT('',(0.,-1.));
#1147 = VECTOR('',#1148,1.);
#1148 = DIRECTION('',(1.,0.));
#1149 = ( GEOMETRIC_REPRESENTATION_CONTEXT(2) 
PARAMETRIC_REPRESENTATION_CONTEXT() REPRESENTATION_CONTEXT('2D SPACE',''
  ) );
#1150 = ORIENTED_EDGE('',*,*,#1151,.T.);
#1151 = EDGE_CURVE('',#1119,#1152,#1154,.T.);
#1152 = VERTEX_POINT('',#1153);
#1153 = CARTESIAN_POINT('',(-8.266500677904,107.38618173987,5.));
#1154 = SURFACE_CURVE('',#1155,(#1159,#1165),.PCURVE_S1.);
#1155 = LINE('',#1156,#1157);
#1156 = CARTESIAN_POINT('',(-4.345382373308,111.30730004447,5.));
#1157 = VECTOR('',#1158,1.);
#1158 = DIRECTION('',(0.707106781187,0.707106781187,-0.));
#1159 = PCURVE('',#50,#1160);
#1160 = DEFINITIONAL_REPRESENTATION('',(#1161),#1164);
#1161 = B_SPLINE_CURVE_WITH_KNOTS('',1,(#1162,#1163),.UNSPECIFIED.,.F.,
  .F.,(2,2),(-5.704701313971,-5.545298686029),.PIECEWISE_BEZIER_KNOTS.);
#1162 = CARTESIAN_POINT('',(-8.379215357061,-7.530687219637));
#1163 = CARTESIAN_POINT('',(-8.266500677904,-7.41797254048));
#1164 = ( GEOMETRIC_REPRESENTATION_CONTEXT(2) 
PARAMETRIC_REPRESENTATION_CONTEXT() REPRESENTATION_CONTEXT('2D SPACE',''
  ) );
#1165 = PCURVE('',#1166,#1171);
#1166 = PLANE('',#1167);
#1167 = AXIS2_PLACEMENT_3D('',#1168,#1169,#1170);
#1168 = CARTESIAN_POINT('',(-8.266500677904,107.38618173987,4.));
#1169 = DIRECTION('',(0.707106781187,-0.707106781187,0.));
#1170 = DIRECTION('',(-0.707106781187,-0.707106781187,0.));
#1171 = DEFINITIONAL_REPRESENTATION('',(#1172),#1175);
#1172 = B_SPLINE_CURVE_WITH_KNOTS('',1,(#1173,#1174),.UNSPECIFIED.,.F.,
  .F.,(2,2),(-5.704701313971,-5.545298686029),.PIECEWISE_BEZIER_KNOTS.);
#1173 = CARTESIAN_POINT('',(0.159402627941,-1.));
#1174 = CARTESIAN_POINT('',(8.881784197001E-16,-1.));
#1175 = ( GEOMETRIC_REPRESENTATION_CONTEXT(2) 
PARAMETRIC_REPRESENTATION_CONTEXT() REPRESENTATION_CONTEXT('2D SPACE',''
  ) );
#1176 = ORIENTED_EDGE('',*,*,#1177,.T.);
#1177 = EDGE_CURVE('',#1152,#1178,#1180,.T.);
#1178 = VERTEX_POINT('',#1179);
#1179 = CARTESIAN_POINT('',(-6.017056302064,109.63562611571,5.));
#1180 = SURFACE_CURVE('',#1181,(#1186,#1197),.PCURVE_S1.);
#1181 = CIRCLE('',#1182,1.7);
#1182 = AXIS2_PLACEMENT_3D('',#1183,#1184,#1185);
#1183 = CARTESIAN_POINT('',(-6.717514421272,108.08663985908,5.));
#1184 = DIRECTION('',(0.,0.,-1.));
#1185 = DIRECTION('',(1.,0.,0.));
#1186 = PCURVE('',#50,#1187);
#1187 = DEFINITIONAL_REPRESENTATION('',(#1188),#1196);
#1188 = ( BOUNDED_CURVE() B_SPLINE_CURVE(2,(#1189,#1190,#1191,#1192,
#1193,#1194,#1195),.UNSPECIFIED.,.T.,.F.) B_SPLINE_CURVE_WITH_KNOTS((1,2
    ,2,2,2,1),(-2.094395102393,0.,2.094395102393,4.188790204786,
6.28318530718,8.377580409573),.UNSPECIFIED.) CURVE() 
GEOMETRIC_REPRESENTATION_ITEM() RATIONAL_B_SPLINE_CURVE((1.,0.5,1.,0.5,
1.,0.5,1.)) REPRESENTATION_ITEM('') );
#1189 = CARTESIAN_POINT('',(-5.017514421272,-6.717514421272));
#1190 = CARTESIAN_POINT('',(-5.017514421272,-9.662000794139));
#1191 = CARTESIAN_POINT('',(-7.567514421272,-8.189757607706));
#1192 = CARTESIAN_POINT('',(-10.11751442127,-6.717514421272));
#1193 = CARTESIAN_POINT('',(-7.567514421272,-5.245271234839));
#1194 = CARTESIAN_POINT('',(-5.017514421272,-3.773028048405));
#1195 = CARTESIAN_POINT('',(-5.017514421272,-6.717514421272));
#1196 = ( GEOMETRIC_REPRESENTATION_CONTEXT(2) 
PARAMETRIC_REPRESENTATION_CONTEXT() REPRESENTATION_CONTEXT('2D SPACE',''
  ) );
#1197 = PCURVE('',#1198,#1203);
#1198 = CYLINDRICAL_SURFACE('',#1199,1.7);
#1199 = AXIS2_PLACEMENT_3D('',#1200,#1201,#1202);
#1200 = CARTESIAN_POINT('',(-6.717514421272,108.08663985908,4.));
#1201 = DIRECTION('',(-0.,-0.,-1.));
#1202 = DIRECTION('',(1.,0.,0.));
#1203 = DEFINITIONAL_REPRESENTATION('',(#1204),#1208);
#1204 = LINE('',#1205,#1206);
#1205 = CARTESIAN_POINT('',(-6.28318530718,-1.));
#1206 = VECTOR('',#1207,1.);
#1207 = DIRECTION('',(1.,-0.));
#1208 = ( GEOMETRIC_REPRESENTATION_CONTEXT(2) 
PARAMETRIC_REPRESENTATION_CONTEXT() REPRESENTATION_CONTEXT('2D SPACE',''
  ) );
#1209 = ORIENTED_EDGE('',*,*,#1210,.T.);
#1210 = EDGE_CURVE('',#1178,#1211,#1213,.T.);
#1211 = VERTEX_POINT('',#1212);
#1212 = CARTESIAN_POINT('',(-3.853731957467,111.79895046031,5.));
#1213 = SURFACE_CURVE('',#1214,(#1218,#1224),.PCURVE_S1.);
#1214 = LINE('',#1215,#1216);
#1215 = CARTESIAN_POINT('',(-2.138998013089,113.51368440469,5.));
#1216 = VECTOR('',#1217,1.);
#1217 = DIRECTION('',(0.707106781187,0.707106781187,-0.));
#1218 = PCURVE('',#50,#1219);
#1219 = DEFINITIONAL_REPRESENTATION('',(#1220),#1223);
#1220 = B_SPLINE_CURVE_WITH_KNOTS('',1,(#1221,#1222),.UNSPECIFIED.,.F.,
  .F.,(2,2),(-5.484402627941,-2.425),.PIECEWISE_BEZIER_KNOTS.);
#1221 = CARTESIAN_POINT('',(-6.017056302064,-5.16852816464));
#1222 = CARTESIAN_POINT('',(-3.853731957467,-3.005203820043));
#1223 = ( GEOMETRIC_REPRESENTATION_CONTEXT(2) 
PARAMETRIC_REPRESENTATION_CONTEXT() REPRESENTATION_CONTEXT('2D SPACE',''
  ) );
#1224 = PCURVE('',#1225,#1230);
#1225 = PLANE('',#1226);
#1226 = AXIS2_PLACEMENT_3D('',#1227,#1228,#1229);
#1227 = CARTESIAN_POINT('',(-3.853731957467,111.79895046031,4.));
#1228 = DIRECTION('',(0.707106781187,-0.707106781187,0.));
#1229 = DIRECTION('',(-0.707106781187,-0.707106781187,0.));
#1230 = DEFINITIONAL_REPRESENTATION('',(#1231),#1234);
#1231 = B_SPLINE_CURVE_WITH_KNOTS('',1,(#1232,#1233),.UNSPECIFIED.,.F.,
  .F.,(2,2),(-5.484402627941,-2.425),.PIECEWISE_BEZIER_KNOTS.);
#1232 = CARTESIAN_POINT('',(3.059402627941,-1.));
#1233 = CARTESIAN_POINT('',(0.,-1.));
#1234 = ( GEOMETRIC_REPRESENTATION_CONTEXT(2) 
PARAMETRIC_REPRESENTATION_CONTEXT() REPRESENTATION_CONTEXT('2D SPACE',''
  ) );
#1235 = ORIENTED_EDGE('',*,*,#1236,.T.);
#1236 = EDGE_CURVE('',#1211,#1032,#1237,.T.);
#1237 = SURFACE_CURVE('',#1238,(#1243,#1254),.PCURVE_S1.);
#1238 = CIRCLE('',#1239,0.6);
#1239 = AXIS2_PLACEMENT_3D('',#1240,#1241,#1242);
#1240 = CARTESIAN_POINT('',(-3.429467888755,111.3746863916,5.));
#1241 = DIRECTION('',(-0.,0.,-1.));
#1242 = DIRECTION('',(-0.707106781187,-0.707106781187,0.));
#1243 = PCURVE('',#50,#1244);
#1244 = DEFINITIONAL_REPRESENTATION('',(#1245),#1253);
#1245 = ( BOUNDED_CURVE() B_SPLINE_CURVE(2,(#1246,#1247,#1248,#1249,
#1250,#1251,#1252),.UNSPECIFIED.,.T.,.F.) B_SPLINE_CURVE_WITH_KNOTS((1,2
    ,2,2,2,1),(-2.094395102393,0.,2.094395102393,4.188790204786,
6.28318530718,8.377580409573),.UNSPECIFIED.) CURVE() 
GEOMETRIC_REPRESENTATION_ITEM() RATIONAL_B_SPLINE_CURVE((1.,0.5,1.,0.5,
1.,0.5,1.)) REPRESENTATION_ITEM('') );
#1246 = CARTESIAN_POINT('',(-3.853731957467,-3.853731957467));
#1247 = CARTESIAN_POINT('',(-4.588578880302,-3.118885034632));
#1248 = CARTESIAN_POINT('',(-3.584759315816,-2.849912392981));
#1249 = CARTESIAN_POINT('',(-2.580939751331,-2.580939751331));
#1250 = CARTESIAN_POINT('',(-2.849912392981,-3.584759315816));
#1251 = CARTESIAN_POINT('',(-3.118885034632,-4.588578880302));
#1252 = CARTESIAN_POINT('',(-3.853731957467,-3.853731957467));
#1253 = ( GEOMETRIC_REPRESENTATION_CONTEXT(2) 
PARAMETRIC_REPRESENTATION_CONTEXT() REPRESENTATION_CONTEXT('2D SPACE',''
  ) );
#1254 = PCURVE('',#1255,#1260);
#1255 = CYLINDRICAL_SURFACE('',#1256,0.6);
#1256 = AXIS2_PLACEMENT_3D('',#1257,#1258,#1259);
#1257 = CARTESIAN_POINT('',(-3.429467888755,111.3746863916,4.));
#1258 = DIRECTION('',(-0.,0.,-1.));
#1259 = DIRECTION('',(-0.707106781187,-0.707106781187,0.));
#1260 = DEFINITIONAL_REPRESENTATION('',(#1261),#1265);
#1261 = LINE('',#1262,#1263);
#1262 = CARTESIAN_POINT('',(0.,-1.));
#1263 = VECTOR('',#1264,1.);
#1264 = DIRECTION('',(1.,0.));
#1265 = ( GEOMETRIC_REPRESENTATION_CONTEXT(2) 
PARAMETRIC_REPRESENTATION_CONTEXT() REPRESENTATION_CONTEXT('2D SPACE',''
  ) );
#1266 = FACE_BOUND('',#1267,.F.);
#1267 = EDGE_LOOP('',(#1268,#1296,#1329,#1355));
#1268 = ORIENTED_EDGE('',*,*,#1269,.T.);
#1269 = EDGE_CURVE('',#1270,#1272,#1274,.T.);
#1270 = VERTEX_POINT('',#1271);
#1271 = CARTESIAN_POINT('',(-4.85,114.20415428035,5.));
#1272 = VERTEX_POINT('',#1273);
#1273 = CARTESIAN_POINT('',(-11.25,114.20415428035,5.));
#1274 = SURFACE_CURVE('',#1275,(#1279,#1285),.PCURVE_S1.);
#1275 = LINE('',#1276,#1277);
#1276 = CARTESIAN_POINT('',(-5.625,114.20415428035,5.));
#1277 = VECTOR('',#1278,1.);
#1278 = DIRECTION('',(-1.,0.,0.));
#1279 = PCURVE('',#50,#1280);
#1280 = DEFINITIONAL_REPRESENTATION('',(#1281),#1284);
#1281 = B_SPLINE_CURVE_WITH_KNOTS('',1,(#1282,#1283),.UNSPECIFIED.,.F.,
  .F.,(2,2),(-0.775,5.625),.PIECEWISE_BEZIER_KNOTS.);
#1282 = CARTESIAN_POINT('',(-4.85,-0.6));
#1283 = CARTESIAN_POINT('',(-11.25,-0.6));
#1284 = ( GEOMETRIC_REPRESENTATION_CONTEXT(2) 
PARAMETRIC_REPRESENTATION_CONTEXT() REPRESENTATION_CONTEXT('2D SPACE',''
  ) );
#1285 = PCURVE('',#1286,#1291);
#1286 = PLANE('',#1287);
#1287 = AXIS2_PLACEMENT_3D('',#1288,#1289,#1290);
#1288 = CARTESIAN_POINT('',(-11.25,114.20415428035,4.));
#1289 = DIRECTION('',(0.,1.,0.));
#1290 = DIRECTION('',(1.,0.,0.));
#1291 = DEFINITIONAL_REPRESENTATION('',(#1292),#1295);
#1292 = B_SPLINE_CURVE_WITH_KNOTS('',1,(#1293,#1294),.UNSPECIFIED.,.F.,
  .F.,(2,2),(-0.775,5.625),.PIECEWISE_BEZIER_KNOTS.);
#1293 = CARTESIAN_POINT('',(6.4,-1.));
#1294 = CARTESIAN_POINT('',(0.,-1.));
#1295 = ( GEOMETRIC_REPRESENTATION_CONTEXT(2) 
PARAMETRIC_REPRESENTATION_CONTEXT() REPRESENTATION_CONTEXT('2D SPACE',''
  ) );
#1296 = ORIENTED_EDGE('',*,*,#1297,.T.);
#1297 = EDGE_CURVE('',#1272,#1298,#1300,.T.);
#1298 = VERTEX_POINT('',#1299);
#1299 = CARTESIAN_POINT('',(-11.25,115.40415428035,5.));
#1300 = SURFACE_CURVE('',#1301,(#1306,#1317),.PCURVE_S1.);
#1301 = CIRCLE('',#1302,0.6);
#1302 = AXIS2_PLACEMENT_3D('',#1303,#1304,#1305);
#1303 = CARTESIAN_POINT('',(-11.25,114.80415428035,5.));
#1304 = DIRECTION('',(0.,-0.,-1.));
#1305 = DIRECTION('',(1.,-1.224646799147E-16,0.));
#1306 = PCURVE('',#50,#1307);
#1307 = DEFINITIONAL_REPRESENTATION('',(#1308),#1316);
#1308 = ( BOUNDED_CURVE() B_SPLINE_CURVE(2,(#1309,#1310,#1311,#1312,
#1313,#1314,#1315),.UNSPECIFIED.,.T.,.F.) B_SPLINE_CURVE_WITH_KNOTS((1,2
    ,2,2,2,1),(-2.094395102393,0.,2.094395102393,4.188790204786,
6.28318530718,8.377580409573),.UNSPECIFIED.) CURVE() 
GEOMETRIC_REPRESENTATION_ITEM() RATIONAL_B_SPLINE_CURVE((1.,0.5,1.,0.5,
1.,0.5,1.)) REPRESENTATION_ITEM('') );
#1309 = CARTESIAN_POINT('',(-10.65,-7.347880794884E-17));
#1310 = CARTESIAN_POINT('',(-10.65,-1.039230484541));
#1311 = CARTESIAN_POINT('',(-11.55,-0.519615242271));
#1312 = CARTESIAN_POINT('',(-12.45,0.));
#1313 = CARTESIAN_POINT('',(-11.55,0.519615242271));
#1314 = CARTESIAN_POINT('',(-10.65,1.039230484541));
#1315 = CARTESIAN_POINT('',(-10.65,-7.347880794884E-17));
#1316 = ( GEOMETRIC_REPRESENTATION_CONTEXT(2) 
PARAMETRIC_REPRESENTATION_CONTEXT() REPRESENTATION_CONTEXT('2D SPACE',''
  ) );
#1317 = PCURVE('',#1318,#1323);
#1318 = CYLINDRICAL_SURFACE('',#1319,0.6);
#1319 = AXIS2_PLACEMENT_3D('',#1320,#1321,#1322);
#1320 = CARTESIAN_POINT('',(-11.25,114.80415428035,4.));
#1321 = DIRECTION('',(0.,-0.,-1.));
#1322 = DIRECTION('',(1.,-1.224646799147E-16,0.));
#1323 = DEFINITIONAL_REPRESENTATION('',(#1324),#1328);
#1324 = LINE('',#1325,#1326);
#1325 = CARTESIAN_POINT('',(0.,-1.));
#1326 = VECTOR('',#1327,1.);
#1327 = DIRECTION('',(1.,0.));
#1328 = ( GEOMETRIC_REPRESENTATION_CONTEXT(2) 
PARAMETRIC_REPRESENTATION_CONTEXT() REPRESENTATION_CONTEXT('2D SPACE',''
  ) );
#1329 = ORIENTED_EDGE('',*,*,#1330,.T.);
#1330 = EDGE_CURVE('',#1298,#1331,#1333,.T.);
#1331 = VERTEX_POINT('',#1332);
#1332 = CARTESIAN_POINT('',(-4.85,115.40415428035,5.));
#1333 = SURFACE_CURVE('',#1334,(#1338,#1344),.PCURVE_S1.);
#1334 = LINE('',#1335,#1336);
#1335 = CARTESIAN_POINT('',(-2.425,115.40415428035,5.));
#1336 = VECTOR('',#1337,1.);
#1337 = DIRECTION('',(1.,0.,-0.));
#1338 = PCURVE('',#50,#1339);
#1339 = DEFINITIONAL_REPRESENTATION('',(#1340),#1343);
#1340 = B_SPLINE_CURVE_WITH_KNOTS('',1,(#1341,#1342),.UNSPECIFIED.,.F.,
  .F.,(2,2),(-8.825,-2.425),.PIECEWISE_BEZIER_KNOTS.);
#1341 = CARTESIAN_POINT('',(-11.25,0.6));
#1342 = CARTESIAN_POINT('',(-4.85,0.6));
#1343 = ( GEOMETRIC_REPRESENTATION_CONTEXT(2) 
PARAMETRIC_REPRESENTATION_CONTEXT() REPRESENTATION_CONTEXT('2D SPACE',''
  ) );
#1344 = PCURVE('',#1345,#1350);
#1345 = PLANE('',#1346);
#1346 = AXIS2_PLACEMENT_3D('',#1347,#1348,#1349);
#1347 = CARTESIAN_POINT('',(-4.85,115.40415428035,4.));
#1348 = DIRECTION('',(0.,-1.,0.));
#1349 = DIRECTION('',(-1.,0.,0.));
#1350 = DEFINITIONAL_REPRESENTATION('',(#1351),#1354);
#1351 = B_SPLINE_CURVE_WITH_KNOTS('',1,(#1352,#1353),.UNSPECIFIED.,.F.,
  .F.,(2,2),(-8.825,-2.425),.PIECEWISE_BEZIER_KNOTS.);
#1352 = CARTESIAN_POINT('',(6.4,-1.));
#1353 = CARTESIAN_POINT('',(0.,-1.));
#1354 = ( GEOMETRIC_REPRESENTATION_CONTEXT(2) 
PARAMETRIC_REPRESENTATION_CONTEXT() REPRESENTATION_CONTEXT('2D SPACE',''
  ) );
#1355 = ORIENTED_EDGE('',*,*,#1356,.T.);
#1356 = EDGE_CURVE('',#1331,#1270,#1357,.T.);
#1357 = SURFACE_CURVE('',#1358,(#1363,#1374),.PCURVE_S1.);
#1358 = CIRCLE('',#1359,0.6);
#1359 = AXIS2_PLACEMENT_3D('',#1360,#1361,#1362);
#1360 = CARTESIAN_POINT('',(-4.85,114.80415428035,5.));
#1361 = DIRECTION('',(0.,0.,-1.));
#1362 = DIRECTION('',(-1.,1.224646799147E-16,0.));
#1363 = PCURVE('',#50,#1364);
#1364 = DEFINITIONAL_REPRESENTATION('',(#1365),#1373);
#1365 = ( BOUNDED_CURVE() B_SPLINE_CURVE(2,(#1366,#1367,#1368,#1369,
#1370,#1371,#1372),.UNSPECIFIED.,.T.,.F.) B_SPLINE_CURVE_WITH_KNOTS((1,2
    ,2,2,2,1),(-2.094395102393,0.,2.094395102393,4.188790204786,
6.28318530718,8.377580409573),.UNSPECIFIED.) CURVE() 
GEOMETRIC_REPRESENTATION_ITEM() RATIONAL_B_SPLINE_CURVE((1.,0.5,1.,0.5,
1.,0.5,1.)) REPRESENTATION_ITEM('') );
#1366 = CARTESIAN_POINT('',(-5.45,7.347880794884E-17));
#1367 = CARTESIAN_POINT('',(-5.45,1.039230484541));
#1368 = CARTESIAN_POINT('',(-4.55,0.519615242271));
#1369 = CARTESIAN_POINT('',(-3.65,0.));
#1370 = CARTESIAN_POINT('',(-4.55,-0.519615242271));
#1371 = CARTESIAN_POINT('',(-5.45,-1.039230484541));
#1372 = CARTESIAN_POINT('',(-5.45,7.347880794884E-17));
#1373 = ( GEOMETRIC_REPRESENTATION_CONTEXT(2) 
PARAMETRIC_REPRESENTATION_CONTEXT() REPRESENTATION_CONTEXT('2D SPACE',''
  ) );
#1374 = PCURVE('',#1375,#1380);
#1375 = CYLINDRICAL_SURFACE('',#1376,0.6);
#1376 = AXIS2_PLACEMENT_3D('',#1377,#1378,#1379);
#1377 = CARTESIAN_POINT('',(-4.85,114.80415428035,4.));
#1378 = DIRECTION('',(0.,0.,-1.));
#1379 = DIRECTION('',(-1.,1.224646799147E-16,0.));
#1380 = DEFINITIONAL_REPRESENTATION('',(#1381),#1385);
#1381 = LINE('',#1382,#1383);
#1382 = CARTESIAN_POINT('',(0.,-1.));
#1383 = VECTOR('',#1384,1.);
#1384 = DIRECTION('',(1.,0.));
#1385 = ( GEOMETRIC_REPRESENTATION_CONTEXT(2) 
PARAMETRIC_REPRESENTATION_CONTEXT() REPRESENTATION_CONTEXT('2D SPACE',''
  ) );
#1386 = FACE_BOUND('',#1387,.F.);
#1387 = EDGE_LOOP('',(#1388,#1423));
#1388 = ORIENTED_EDGE('',*,*,#1389,.T.);
#1389 = EDGE_CURVE('',#1390,#1392,#1394,.T.);
#1390 = VERTEX_POINT('',#1391);
#1391 = CARTESIAN_POINT('',(-16.4450556787,121.61591937645,5.));
#1392 = VERTEX_POINT('',#1393);
#1393 = CARTESIAN_POINT('',(-11.54849415639,119.58769718492,5.));
#1394 = SURFACE_CURVE('',#1395,(#1400,#1411),.PCURVE_S1.);
#1395 = CIRCLE('',#1396,2.99453125);
#1396 = AXIS2_PLACEMENT_3D('',#1397,#1398,#1399);
#1397 = CARTESIAN_POINT('',(-14.53043892283,119.31342940136,5.));
#1398 = DIRECTION('',(0.,0.,-1.));
#1399 = DIRECTION('',(1.,0.,0.));
#1400 = PCURVE('',#50,#1401);
#1401 = DEFINITIONAL_REPRESENTATION('',(#1402),#1410);
#1402 = ( BOUNDED_CURVE() B_SPLINE_CURVE(2,(#1403,#1404,#1405,#1406,
#1407,#1408,#1409),.UNSPECIFIED.,.T.,.F.) B_SPLINE_CURVE_WITH_KNOTS((1,2
    ,2,2,2,1),(-2.094395102393,0.,2.094395102393,4.188790204786,
6.28318530718,8.377580409573),.UNSPECIFIED.) CURVE() 
GEOMETRIC_REPRESENTATION_ITEM() RATIONAL_B_SPLINE_CURVE((1.,0.5,1.,0.5,
1.,0.5,1.)) REPRESENTATION_ITEM('') );
#1403 = CARTESIAN_POINT('',(-11.53590767283,4.509275121009));
#1404 = CARTESIAN_POINT('',(-11.53590767283,-0.677405148844));
#1405 = CARTESIAN_POINT('',(-16.02770454783,1.915934986082));
#1406 = CARTESIAN_POINT('',(-20.51950142283,4.509275121009));
#1407 = CARTESIAN_POINT('',(-16.02770454783,7.102615255935));
#1408 = CARTESIAN_POINT('',(-11.53590767283,9.695955390861));
#1409 = CARTESIAN_POINT('',(-11.53590767283,4.509275121009));
#1410 = ( GEOMETRIC_REPRESENTATION_CONTEXT(2) 
PARAMETRIC_REPRESENTATION_CONTEXT() REPRESENTATION_CONTEXT('2D SPACE',''
  ) );
#1411 = PCURVE('',#1412,#1417);
#1412 = CYLINDRICAL_SURFACE('',#1413,2.99453125);
#1413 = AXIS2_PLACEMENT_3D('',#1414,#1415,#1416);
#1414 = CARTESIAN_POINT('',(-14.53043892283,119.31342940136,4.));
#1415 = DIRECTION('',(-0.,-0.,-1.));
#1416 = DIRECTION('',(1.,0.,0.));
#1417 = DEFINITIONAL_REPRESENTATION('',(#1418),#1422);
#1418 = LINE('',#1419,#1420);
#1419 = CARTESIAN_POINT('',(-6.28318530718,-1.));
#1420 = VECTOR('',#1421,1.);
#1421 = DIRECTION('',(1.,-0.));
#1422 = ( GEOMETRIC_REPRESENTATION_CONTEXT(2) 
PARAMETRIC_REPRESENTATION_CONTEXT() REPRESENTATION_CONTEXT('2D SPACE',''
  ) );
#1423 = ORIENTED_EDGE('',*,*,#1424,.T.);
#1424 = EDGE_CURVE('',#1392,#1390,#1425,.T.);
#1425 = SURFACE_CURVE('',#1426,(#1431,#1442),.PCURVE_S1.);
#1426 = CIRCLE('',#1427,2.99453125);
#1427 = AXIS2_PLACEMENT_3D('',#1428,#1429,#1430);
#1428 = CARTESIAN_POINT('',(-13.46311091225,121.89018716001,5.));
#1429 = DIRECTION('',(0.,0.,-1.));
#1430 = DIRECTION('',(1.,0.,0.));
#1431 = PCURVE('',#50,#1432);
#1432 = DEFINITIONAL_REPRESENTATION('',(#1433),#1441);
#1433 = ( BOUNDED_CURVE() B_SPLINE_CURVE(2,(#1434,#1435,#1436,#1437,
#1438,#1439,#1440),.UNSPECIFIED.,.T.,.F.) B_SPLINE_CURVE_WITH_KNOTS((1,2
    ,2,2,2,1),(-2.094395102393,0.,2.094395102393,4.188790204786,
6.28318530718,8.377580409573),.UNSPECIFIED.) CURVE() 
GEOMETRIC_REPRESENTATION_ITEM() RATIONAL_B_SPLINE_CURVE((1.,0.5,1.,0.5,
1.,0.5,1.)) REPRESENTATION_ITEM('') );
#1434 = CARTESIAN_POINT('',(-10.46857966225,7.086032879653));
#1435 = CARTESIAN_POINT('',(-10.46857966225,1.899352609801));
#1436 = CARTESIAN_POINT('',(-14.96037653725,4.492692744727));
#1437 = CARTESIAN_POINT('',(-19.45217341225,7.086032879653));
#1438 = CARTESIAN_POINT('',(-14.96037653725,9.67937301458));
#1439 = CARTESIAN_POINT('',(-10.46857966225,12.272713149506));
#1440 = CARTESIAN_POINT('',(-10.46857966225,7.086032879653));
#1441 = ( GEOMETRIC_REPRESENTATION_CONTEXT(2) 
PARAMETRIC_REPRESENTATION_CONTEXT() REPRESENTATION_CONTEXT('2D SPACE',''
  ) );
#1442 = PCURVE('',#1443,#1448);
#1443 = CYLINDRICAL_SURFACE('',#1444,2.99453125);
#1444 = AXIS2_PLACEMENT_3D('',#1445,#1446,#1447);
#1445 = CARTESIAN_POINT('',(-13.46311091225,121.89018716001,4.));
#1446 = DIRECTION('',(-0.,-0.,-1.));
#1447 = DIRECTION('',(1.,0.,0.));
#1448 = DEFINITIONAL_REPRESENTATION('',(#1449),#1453);
#1449 = LINE('',#1450,#1451);
#1450 = CARTESIAN_POINT('',(-6.28318530718,-1.));
#1451 = VECTOR('',#1452,1.);
#1452 = DIRECTION('',(1.,-0.));
#1453 = ( GEOMETRIC_REPRESENTATION_CONTEXT(2) 
PARAMETRIC_REPRESENTATION_CONTEXT() REPRESENTATION_CONTEXT('2D SPACE',''
  ) );
#1454 = FACE_BOUND('',#1455,.F.);
#1455 = EDGE_LOOP('',(#1456,#1484,#1517,#1543,#1576,#1602,#1635,#1661));
#1456 = ORIENTED_EDGE('',*,*,#1457,.T.);
#1457 = EDGE_CURVE('',#1458,#1460,#1462,.T.);
#1458 = VERTEX_POINT('',#1459);
#1459 = CARTESIAN_POINT('',(-7.530687219637,123.18336963741,5.));
#1460 = VERTEX_POINT('',#1461);
#1461 = CARTESIAN_POINT('',(-7.417972540481,123.07065495826,5.));
#1462 = SURFACE_CURVE('',#1463,(#1467,#1473),.PCURVE_S1.);
#1463 = LINE('',#1464,#1465);
#1464 = CARTESIAN_POINT('',(-3.496854235884,119.14953665366,5.));
#1465 = VECTOR('',#1466,1.);
#1466 = DIRECTION('',(0.707106781187,-0.707106781187,0.));
#1467 = PCURVE('',#50,#1468);
#1468 = DEFINITIONAL_REPRESENTATION('',(#1469),#1472);
#1469 = B_SPLINE_CURVE_WITH_KNOTS('',1,(#1470,#1471),.UNSPECIFIED.,.F.,
  .F.,(2,2),(-5.704701313971,-5.545298686029),.PIECEWISE_BEZIER_KNOTS.);
#1470 = CARTESIAN_POINT('',(-7.530687219637,8.379215357061));
#1471 = CARTESIAN_POINT('',(-7.417972540481,8.266500677904));
#1472 = ( GEOMETRIC_REPRESENTATION_CONTEXT(2) 
PARAMETRIC_REPRESENTATION_CONTEXT() REPRESENTATION_CONTEXT('2D SPACE',''
  ) );
#1473 = PCURVE('',#1474,#1479);
#1474 = PLANE('',#1475);
#1475 = AXIS2_PLACEMENT_3D('',#1476,#1477,#1478);
#1476 = CARTESIAN_POINT('',(-7.417972540481,123.07065495826,4.));
#1477 = DIRECTION('',(-0.707106781187,-0.707106781187,0.));
#1478 = DIRECTION('',(-0.707106781187,0.707106781187,0.));
#1479 = DEFINITIONAL_REPRESENTATION('',(#1480),#1483);
#1480 = B_SPLINE_CURVE_WITH_KNOTS('',1,(#1481,#1482),.UNSPECIFIED.,.F.,
  .F.,(2,2),(-5.704701313971,-5.545298686029),.PIECEWISE_BEZIER_KNOTS.);
#1481 = CARTESIAN_POINT('',(0.159402627941,-1.));
#1482 = CARTESIAN_POINT('',(-3.552713678801E-15,-1.));
#1483 = ( GEOMETRIC_REPRESENTATION_CONTEXT(2) 
PARAMETRIC_REPRESENTATION_CONTEXT() REPRESENTATION_CONTEXT('2D SPACE',''
  ) );
#1484 = ORIENTED_EDGE('',*,*,#1485,.T.);
#1485 = EDGE_CURVE('',#1460,#1486,#1488,.T.);
#1486 = VERTEX_POINT('',#1487);
#1487 = CARTESIAN_POINT('',(-5.16852816464,120.82121058242,5.));
#1488 = SURFACE_CURVE('',#1489,(#1494,#1505),.PCURVE_S1.);
#1489 = CIRCLE('',#1490,1.7);
#1490 = AXIS2_PLACEMENT_3D('',#1491,#1492,#1493);
#1491 = CARTESIAN_POINT('',(-6.717514421272,121.52166870163,5.));
#1492 = DIRECTION('',(0.,-0.,-1.));
#1493 = DIRECTION('',(0.911168386254,-0.41203418777,0.));
#1494 = PCURVE('',#50,#1495);
#1495 = DEFINITIONAL_REPRESENTATION('',(#1496),#1504);
#1496 = ( BOUNDED_CURVE() B_SPLINE_CURVE(2,(#1497,#1498,#1499,#1500,
#1501,#1502,#1503),.UNSPECIFIED.,.T.,.F.) B_SPLINE_CURVE_WITH_KNOTS((1,2
    ,2,2,2,1),(-2.094395102393,0.,2.094395102393,4.188790204786,
6.28318530718,8.377580409573),.UNSPECIFIED.) CURVE() 
GEOMETRIC_REPRESENTATION_ITEM() RATIONAL_B_SPLINE_CURVE((1.,0.5,1.,0.5,
1.,0.5,1.)) REPRESENTATION_ITEM('') );
#1497 = CARTESIAN_POINT('',(-5.16852816464,6.017056302064));
#1498 = CARTESIAN_POINT('',(-6.381757215683,3.334133405351));
#1499 = CARTESIAN_POINT('',(-8.09862207511,5.72628203252));
#1500 = CARTESIAN_POINT('',(-9.815486934536,8.118430659689));
#1501 = CARTESIAN_POINT('',(-6.885393024067,8.409204929233));
#1502 = CARTESIAN_POINT('',(-3.955299113597,8.699979198777));
#1503 = CARTESIAN_POINT('',(-5.16852816464,6.017056302064));
#1504 = ( GEOMETRIC_REPRESENTATION_CONTEXT(2) 
PARAMETRIC_REPRESENTATION_CONTEXT() REPRESENTATION_CONTEXT('2D SPACE',''
  ) );
#1505 = PCURVE('',#1506,#1511);
#1506 = CYLINDRICAL_SURFACE('',#1507,1.7);
#1507 = AXIS2_PLACEMENT_3D('',#1508,#1509,#1510);
#1508 = CARTESIAN_POINT('',(-6.717514421272,121.52166870163,4.));
#1509 = DIRECTION('',(0.,-0.,-1.));
#1510 = DIRECTION('',(0.911168386254,-0.41203418777,0.));
#1511 = DEFINITIONAL_REPRESENTATION('',(#1512),#1516);
#1512 = LINE('',#1513,#1514);
#1513 = CARTESIAN_POINT('',(-6.28318530718,-1.));
#1514 = VECTOR('',#1515,1.);
#1515 = DIRECTION('',(1.,-0.));
#1516 = ( GEOMETRIC_REPRESENTATION_CONTEXT(2) 
PARAMETRIC_REPRESENTATION_CONTEXT() REPRESENTATION_CONTEXT('2D SPACE',''
  ) );
#1517 = ORIENTED_EDGE('',*,*,#1518,.T.);
#1518 = EDGE_CURVE('',#1486,#1519,#1521,.T.);
#1519 = VERTEX_POINT('',#1520);
#1520 = CARTESIAN_POINT('',(-3.005203820043,118.65788623782,5.));
#1521 = SURFACE_CURVE('',#1522,(#1526,#1532),.PCURVE_S1.);
#1522 = LINE('',#1523,#1524);
#1523 = CARTESIAN_POINT('',(-1.290469875665,116.94315229344,5.));
#1524 = VECTOR('',#1525,1.);
#1525 = DIRECTION('',(0.707106781187,-0.707106781187,0.));
#1526 = PCURVE('',#50,#1527);
#1527 = DEFINITIONAL_REPRESENTATION('',(#1528),#1531);
#1528 = B_SPLINE_CURVE_WITH_KNOTS('',1,(#1529,#1530),.UNSPECIFIED.,.F.,
  .F.,(2,2),(-5.484402627941,-2.425),.PIECEWISE_BEZIER_KNOTS.);
#1529 = CARTESIAN_POINT('',(-5.16852816464,6.017056302064));
#1530 = CARTESIAN_POINT('',(-3.005203820043,3.853731957467));
#1531 = ( GEOMETRIC_REPRESENTATION_CONTEXT(2) 
PARAMETRIC_REPRESENTATION_CONTEXT() REPRESENTATION_CONTEXT('2D SPACE',''
  ) );
#1532 = PCURVE('',#1533,#1538);
#1533 = PLANE('',#1534);
#1534 = AXIS2_PLACEMENT_3D('',#1535,#1536,#1537);
#1535 = CARTESIAN_POINT('',(-3.005203820043,118.65788623782,4.));
#1536 = DIRECTION('',(-0.707106781187,-0.707106781187,0.));
#1537 = DIRECTION('',(-0.707106781187,0.707106781187,0.));
#1538 = DEFINITIONAL_REPRESENTATION('',(#1539),#1542);
#1539 = B_SPLINE_CURVE_WITH_KNOTS('',1,(#1540,#1541),.UNSPECIFIED.,.F.,
  .F.,(2,2),(-5.484402627941,-2.425),.PIECEWISE_BEZIER_KNOTS.);
#1540 = CARTESIAN_POINT('',(3.059402627941,-1.));
#1541 = CARTESIAN_POINT('',(0.,-1.));
#1542 = ( GEOMETRIC_REPRESENTATION_CONTEXT(2) 
PARAMETRIC_REPRESENTATION_CONTEXT() REPRESENTATION_CONTEXT('2D SPACE',''
  ) );
#1543 = ORIENTED_EDGE('',*,*,#1544,.T.);
#1544 = EDGE_CURVE('',#1519,#1545,#1547,.T.);
#1545 = VERTEX_POINT('',#1546);
#1546 = CARTESIAN_POINT('',(-3.853731957467,117.8093581004,5.));
#1547 = SURFACE_CURVE('',#1548,(#1553,#1564),.PCURVE_S1.);
#1548 = CIRCLE('',#1549,0.6);
#1549 = AXIS2_PLACEMENT_3D('',#1550,#1551,#1552);
#1550 = CARTESIAN_POINT('',(-3.429467888755,118.23362216911,5.));
#1551 = DIRECTION('',(0.,0.,-1.));
#1552 = DIRECTION('',(-0.707106781187,0.707106781187,0.));
#1553 = PCURVE('',#50,#1554);
#1554 = DEFINITIONAL_REPRESENTATION('',(#1555),#1563);
#1555 = ( BOUNDED_CURVE() B_SPLINE_CURVE(2,(#1556,#1557,#1558,#1559,
#1560,#1561,#1562),.UNSPECIFIED.,.T.,.F.) B_SPLINE_CURVE_WITH_KNOTS((1,2
    ,2,2,2,1),(-2.094395102393,0.,2.094395102393,4.188790204786,
6.28318530718,8.377580409573),.UNSPECIFIED.) CURVE() 
GEOMETRIC_REPRESENTATION_ITEM() RATIONAL_B_SPLINE_CURVE((1.,0.5,1.,0.5,
1.,0.5,1.)) REPRESENTATION_ITEM('') );
#1556 = CARTESIAN_POINT('',(-3.853731957467,3.853731957467));
#1557 = CARTESIAN_POINT('',(-3.118885034632,4.588578880302));
#1558 = CARTESIAN_POINT('',(-2.849912392981,3.584759315816));
#1559 = CARTESIAN_POINT('',(-2.580939751331,2.580939751331));
#1560 = CARTESIAN_POINT('',(-3.584759315816,2.849912392981));
#1561 = CARTESIAN_POINT('',(-4.588578880302,3.118885034632));
#1562 = CARTESIAN_POINT('',(-3.853731957467,3.853731957467));
#1563 = ( GEOMETRIC_REPRESENTATION_CONTEXT(2) 
PARAMETRIC_REPRESENTATION_CONTEXT() REPRESENTATION_CONTEXT('2D SPACE',''
  ) );
#1564 = PCURVE('',#1565,#1570);
#1565 = CYLINDRICAL_SURFACE('',#1566,0.6);
#1566 = AXIS2_PLACEMENT_3D('',#1567,#1568,#1569);
#1567 = CARTESIAN_POINT('',(-3.429467888755,118.23362216911,4.));
#1568 = DIRECTION('',(0.,0.,-1.));
#1569 = DIRECTION('',(-0.707106781187,0.707106781187,0.));
#1570 = DEFINITIONAL_REPRESENTATION('',(#1571),#1575);
#1571 = LINE('',#1572,#1573);
#1572 = CARTESIAN_POINT('',(0.,-1.));
#1573 = VECTOR('',#1574,1.);
#1574 = DIRECTION('',(1.,0.));
#1575 = ( GEOMETRIC_REPRESENTATION_CONTEXT(2) 
PARAMETRIC_REPRESENTATION_CONTEXT() REPRESENTATION_CONTEXT('2D SPACE',''
  ) );
#1576 = ORIENTED_EDGE('',*,*,#1577,.T.);
#1577 = EDGE_CURVE('',#1545,#1578,#1580,.T.);
#1578 = VERTEX_POINT('',#1579);
#1579 = CARTESIAN_POINT('',(-6.017056302064,119.97268244499,5.));
#1580 = SURFACE_CURVE('',#1581,(#1585,#1591),.PCURVE_S1.);
#1581 = LINE('',#1582,#1583);
#1582 = CARTESIAN_POINT('',(-3.220660185388,117.17628632832,5.));
#1583 = VECTOR('',#1584,1.);
#1584 = DIRECTION('',(-0.707106781187,0.707106781187,0.));
#1585 = PCURVE('',#50,#1586);
#1586 = DEFINITIONAL_REPRESENTATION('',(#1587),#1590);
#1587 = B_SPLINE_CURVE_WITH_KNOTS('',1,(#1588,#1589),.UNSPECIFIED.,.F.,
  .F.,(2,2),(0.895298686029,3.954701313971),.PIECEWISE_BEZIER_KNOTS.);
#1588 = CARTESIAN_POINT('',(-3.853731957467,3.005203820043));
#1589 = CARTESIAN_POINT('',(-6.017056302064,5.16852816464));
#1590 = ( GEOMETRIC_REPRESENTATION_CONTEXT(2) 
PARAMETRIC_REPRESENTATION_CONTEXT() REPRESENTATION_CONTEXT('2D SPACE',''
  ) );
#1591 = PCURVE('',#1592,#1597);
#1592 = PLANE('',#1593);
#1593 = AXIS2_PLACEMENT_3D('',#1594,#1595,#1596);
#1594 = CARTESIAN_POINT('',(-6.017056302064,119.97268244499,4.));
#1595 = DIRECTION('',(0.707106781187,0.707106781187,-0.));
#1596 = DIRECTION('',(0.707106781187,-0.707106781187,0.));
#1597 = DEFINITIONAL_REPRESENTATION('',(#1598),#1601);
#1598 = B_SPLINE_CURVE_WITH_KNOTS('',1,(#1599,#1600),.UNSPECIFIED.,.F.,
  .F.,(2,2),(0.895298686029,3.954701313971),.PIECEWISE_BEZIER_KNOTS.);
#1599 = CARTESIAN_POINT('',(3.059402627941,-1.));
#1600 = CARTESIAN_POINT('',(-7.105427357601E-15,-1.));
#1601 = ( GEOMETRIC_REPRESENTATION_CONTEXT(2) 
PARAMETRIC_REPRESENTATION_CONTEXT() REPRESENTATION_CONTEXT('2D SPACE',''
  ) );
#1602 = ORIENTED_EDGE('',*,*,#1603,.T.);
#1603 = EDGE_CURVE('',#1578,#1604,#1606,.T.);
#1604 = VERTEX_POINT('',#1605);
#1605 = CARTESIAN_POINT('',(-8.266500677904,122.22212682083,5.));
#1606 = SURFACE_CURVE('',#1607,(#1612,#1623),.PCURVE_S1.);
#1607 = CIRCLE('',#1608,1.7);
#1608 = AXIS2_PLACEMENT_3D('',#1609,#1610,#1611);
#1609 = CARTESIAN_POINT('',(-6.717514421272,121.52166870163,5.));
#1610 = DIRECTION('',(0.,0.,-1.));
#1611 = DIRECTION('',(1.,0.,0.));
#1612 = PCURVE('',#50,#1613);
#1613 = DEFINITIONAL_REPRESENTATION('',(#1614),#1622);
#1614 = ( BOUNDED_CURVE() B_SPLINE_CURVE(2,(#1615,#1616,#1617,#1618,
#1619,#1620,#1621),.UNSPECIFIED.,.T.,.F.) B_SPLINE_CURVE_WITH_KNOTS((1,2
    ,2,2,2,1),(-2.094395102393,0.,2.094395102393,4.188790204786,
6.28318530718,8.377580409573),.UNSPECIFIED.) CURVE() 
GEOMETRIC_REPRESENTATION_ITEM() RATIONAL_B_SPLINE_CURVE((1.,0.5,1.,0.5,
1.,0.5,1.)) REPRESENTATION_ITEM('') );
#1615 = CARTESIAN_POINT('',(-5.017514421272,6.717514421272));
#1616 = CARTESIAN_POINT('',(-5.017514421272,3.773028048405));
#1617 = CARTESIAN_POINT('',(-7.567514421272,5.245271234839));
#1618 = CARTESIAN_POINT('',(-10.11751442127,6.717514421272));
#1619 = CARTESIAN_POINT('',(-7.567514421272,8.189757607706));
#1620 = CARTESIAN_POINT('',(-5.017514421272,9.662000794139));
#1621 = CARTESIAN_POINT('',(-5.017514421272,6.717514421272));
#1622 = ( GEOMETRIC_REPRESENTATION_CONTEXT(2) 
PARAMETRIC_REPRESENTATION_CONTEXT() REPRESENTATION_CONTEXT('2D SPACE',''
  ) );
#1623 = PCURVE('',#1624,#1629);
#1624 = CYLINDRICAL_SURFACE('',#1625,1.7);
#1625 = AXIS2_PLACEMENT_3D('',#1626,#1627,#1628);
#1626 = CARTESIAN_POINT('',(-6.717514421272,121.52166870163,4.));
#1627 = DIRECTION('',(-0.,-0.,-1.));
#1628 = DIRECTION('',(1.,0.,0.));
#1629 = DEFINITIONAL_REPRESENTATION('',(#1630),#1634);
#1630 = LINE('',#1631,#1632);
#1631 = CARTESIAN_POINT('',(-6.28318530718,-1.));
#1632 = VECTOR('',#1633,1.);
#1633 = DIRECTION('',(1.,-0.));
#1634 = ( GEOMETRIC_REPRESENTATION_CONTEXT(2) 
PARAMETRIC_REPRESENTATION_CONTEXT() REPRESENTATION_CONTEXT('2D SPACE',''
  ) );
#1635 = ORIENTED_EDGE('',*,*,#1636,.T.);
#1636 = EDGE_CURVE('',#1604,#1637,#1639,.T.);
#1637 = VERTEX_POINT('',#1638);
#1638 = CARTESIAN_POINT('',(-8.379215357061,122.33484149999,5.));
#1639 = SURFACE_CURVE('',#1640,(#1644,#1650),.PCURVE_S1.);
#1640 = LINE('',#1641,#1642);
#1641 = CARTESIAN_POINT('',(-4.401739712886,118.35736585582,5.));
#1642 = VECTOR('',#1643,1.);
#1643 = DIRECTION('',(-0.707106781187,0.707106781187,0.));
#1644 = PCURVE('',#50,#1645);
#1645 = DEFINITIONAL_REPRESENTATION('',(#1646),#1649);
#1646 = B_SPLINE_CURVE_WITH_KNOTS('',1,(#1647,#1648),.UNSPECIFIED.,.F.,
  .F.,(2,2),(5.465597372059,5.625),.PIECEWISE_BEZIER_KNOTS.);
#1647 = CARTESIAN_POINT('',(-8.266500677904,7.41797254048));
#1648 = CARTESIAN_POINT('',(-8.379215357061,7.530687219637));
#1649 = ( GEOMETRIC_REPRESENTATION_CONTEXT(2) 
PARAMETRIC_REPRESENTATION_CONTEXT() REPRESENTATION_CONTEXT('2D SPACE',''
  ) );
#1650 = PCURVE('',#1651,#1656);
#1651 = PLANE('',#1652);
#1652 = AXIS2_PLACEMENT_3D('',#1653,#1654,#1655);
#1653 = CARTESIAN_POINT('',(-8.379215357061,122.33484149999,4.));
#1654 = DIRECTION('',(0.707106781187,0.707106781187,-0.));
#1655 = DIRECTION('',(0.707106781187,-0.707106781187,0.));
#1656 = DEFINITIONAL_REPRESENTATION('',(#1657),#1660);
#1657 = B_SPLINE_CURVE_WITH_KNOTS('',1,(#1658,#1659),.UNSPECIFIED.,.F.,
  .F.,(2,2),(5.465597372059,5.625),.PIECEWISE_BEZIER_KNOTS.);
#1658 = CARTESIAN_POINT('',(0.159402627941,-1.));
#1659 = CARTESIAN_POINT('',(0.,-1.));
#1660 = ( GEOMETRIC_REPRESENTATION_CONTEXT(2) 
PARAMETRIC_REPRESENTATION_CONTEXT() REPRESENTATION_CONTEXT('2D SPACE',''
  ) );
#1661 = ORIENTED_EDGE('',*,*,#1662,.T.);
#1662 = EDGE_CURVE('',#1637,#1458,#1663,.T.);
#1663 = SURFACE_CURVE('',#1664,(#1669,#1680),.PCURVE_S1.);
#1664 = CIRCLE('',#1665,0.6);
#1665 = AXIS2_PLACEMENT_3D('',#1666,#1667,#1668);
#1666 = CARTESIAN_POINT('',(-7.954951288349,122.7591055687,5.));
#1667 = DIRECTION('',(0.,-0.,-1.));
#1668 = DIRECTION('',(0.707106781187,-0.707106781187,0.));
#1669 = PCURVE('',#50,#1670);
#1670 = DEFINITIONAL_REPRESENTATION('',(#1671),#1679);
#1671 = ( BOUNDED_CURVE() B_SPLINE_CURVE(2,(#1672,#1673,#1674,#1675,
#1676,#1677,#1678),.UNSPECIFIED.,.T.,.F.) B_SPLINE_CURVE_WITH_KNOTS((1,2
    ,2,2,2,1),(-2.094395102393,0.,2.094395102393,4.188790204786,
6.28318530718,8.377580409573),.UNSPECIFIED.) CURVE() 
GEOMETRIC_REPRESENTATION_ITEM() RATIONAL_B_SPLINE_CURVE((1.,0.5,1.,0.5,
1.,0.5,1.)) REPRESENTATION_ITEM('') );
#1672 = CARTESIAN_POINT('',(-7.530687219637,7.530687219637));
#1673 = CARTESIAN_POINT('',(-8.265534142472,6.795840296802));
#1674 = CARTESIAN_POINT('',(-8.534506784122,7.799659861287));
#1675 = CARTESIAN_POINT('',(-8.803479425773,8.803479425773));
#1676 = CARTESIAN_POINT('',(-7.799659861287,8.534506784122));
#1677 = CARTESIAN_POINT('',(-6.795840296802,8.265534142472));
#1678 = CARTESIAN_POINT('',(-7.530687219637,7.530687219637));
#1679 = ( GEOMETRIC_REPRESENTATION_CONTEXT(2) 
PARAMETRIC_REPRESENTATION_CONTEXT() REPRESENTATION_CONTEXT('2D SPACE',''
  ) );
#1680 = PCURVE('',#1681,#1686);
#1681 = CYLINDRICAL_SURFACE('',#1682,0.6);
#1682 = AXIS2_PLACEMENT_3D('',#1683,#1684,#1685);
#1683 = CARTESIAN_POINT('',(-7.954951288349,122.7591055687,4.));
#1684 = DIRECTION('',(0.,-0.,-1.));
#1685 = DIRECTION('',(0.707106781187,-0.707106781187,0.));
#1686 = DEFINITIONAL_REPRESENTATION('',(#1687),#1691);
#1687 = LINE('',#1688,#1689);
#1688 = CARTESIAN_POINT('',(0.,-1.));
#1689 = VECTOR('',#1690,1.);
#1690 = DIRECTION('',(1.,0.));
#1691 = ( GEOMETRIC_REPRESENTATION_CONTEXT(2) 
PARAMETRIC_REPRESENTATION_CONTEXT() REPRESENTATION_CONTEXT('2D SPACE',''
  ) );
#1692 = FACE_BOUND('',#1693,.F.);
#1693 = EDGE_LOOP('',(#1694,#1725,#1754,#1783));
#1694 = ORIENTED_EDGE('',*,*,#1695,.T.);
#1695 = EDGE_CURVE('',#1696,#1698,#1700,.T.);
#1696 = VERTEX_POINT('',#1697);
#1697 = CARTESIAN_POINT('',(-17.17801242702,125.04700003028,5.));
#1698 = VERTEX_POINT('',#1699);
#1699 = CARTESIAN_POINT('',(-18.64731307246,122.03448727251,5.));
#1700 = SURFACE_CURVE('',#1701,(#1706,#1713),.PCURVE_S1.);
#1701 = CIRCLE('',#1702,20.);
#1702 = AXIS2_PLACEMENT_3D('',#1703,#1704,#1705);
#1703 = CARTESIAN_POINT('',(0.,114.80415428035,5.));
#1704 = DIRECTION('',(0.,0.,1.));
#1705 = DIRECTION('',(1.,0.,0.));
#1706 = PCURVE('',#50,#1707);
#1707 = DEFINITIONAL_REPRESENTATION('',(#1708),#1712);
#1708 = CIRCLE('',#1709,20.);
#1709 = AXIS2_PLACEMENT_2D('',#1710,#1711);
#1710 = CARTESIAN_POINT('',(1.18265092544E-15,0.));
#1711 = DIRECTION('',(1.,0.));
#1712 = ( GEOMETRIC_REPRESENTATION_CONTEXT(2) 
PARAMETRIC_REPRESENTATION_CONTEXT() REPRESENTATION_CONTEXT('2D SPACE',''
  ) );
#1713 = PCURVE('',#1714,#1719);
#1714 = CYLINDRICAL_SURFACE('',#1715,20.);
#1715 = AXIS2_PLACEMENT_3D('',#1716,#1717,#1718);
#1716 = CARTESIAN_POINT('',(0.,114.80415428035,5.));
#1717 = DIRECTION('',(-0.,-0.,-1.));
#1718 = DIRECTION('',(1.,0.,0.));
#1719 = DEFINITIONAL_REPRESENTATION('',(#1720),#1724);
#1720 = LINE('',#1721,#1722);
#1721 = CARTESIAN_POINT('',(-0.,0.));
#1722 = VECTOR('',#1723,1.);
#1723 = DIRECTION('',(-1.,0.));
#1724 = ( GEOMETRIC_REPRESENTATION_CONTEXT(2) 
PARAMETRIC_REPRESENTATION_CONTEXT() REPRESENTATION_CONTEXT('2D SPACE',''
  ) );
#1725 = ORIENTED_EDGE('',*,*,#1726,.T.);
#1726 = EDGE_CURVE('',#1698,#1727,#1729,.T.);
#1727 = VERTEX_POINT('',#1728);
#1728 = CARTESIAN_POINT('',(-49.71962954672,131.66263694446,5.));
#1729 = SURFACE_CURVE('',#1730,(#1735,#1742),.PCURVE_S1.);
#1730 = CIRCLE('',#1731,154.0625);
#1731 = AXIS2_PLACEMENT_3D('',#1732,#1733,#1734);
#1732 = CARTESIAN_POINT('',(-79.52791336614,-19.4886783723,5.));
#1733 = DIRECTION('',(0.,0.,1.));
#1734 = DIRECTION('',(1.,0.,0.));
#1735 = PCURVE('',#50,#1736);
#1736 = DEFINITIONAL_REPRESENTATION('',(#1737),#1741);
#1737 = CIRCLE('',#1738,154.0625);
#1738 = AXIS2_PLACEMENT_2D('',#1739,#1740);
#1739 = CARTESIAN_POINT('',(-79.52791336614,-134.2928326526));
#1740 = DIRECTION('',(1.,0.));
#1741 = ( GEOMETRIC_REPRESENTATION_CONTEXT(2) 
PARAMETRIC_REPRESENTATION_CONTEXT() REPRESENTATION_CONTEXT('2D SPACE',''
  ) );
#1742 = PCURVE('',#1743,#1748);
#1743 = CYLINDRICAL_SURFACE('',#1744,154.0625);
#1744 = AXIS2_PLACEMENT_3D('',#1745,#1746,#1747);
#1745 = CARTESIAN_POINT('',(-79.52791336614,-19.4886783723,5.));
#1746 = DIRECTION('',(-0.,-0.,-1.));
#1747 = DIRECTION('',(1.,0.,0.));
#1748 = DEFINITIONAL_REPRESENTATION('',(#1749),#1753);
#1749 = LINE('',#1750,#1751);
#1750 = CARTESIAN_POINT('',(-0.,0.));
#1751 = VECTOR('',#1752,1.);
#1752 = DIRECTION('',(-1.,0.));
#1753 = ( GEOMETRIC_REPRESENTATION_CONTEXT(2) 
PARAMETRIC_REPRESENTATION_CONTEXT() REPRESENTATION_CONTEXT('2D SPACE',''
  ) );
#1754 = ORIENTED_EDGE('',*,*,#1755,.F.);
#1755 = EDGE_CURVE('',#1756,#1727,#1758,.T.);
#1756 = VERTEX_POINT('',#1757);
#1757 = CARTESIAN_POINT('',(-43.89512610819,143.60463871978,5.));
#1758 = SURFACE_CURVE('',#1759,(#1764,#1771),.PCURVE_S1.);
#1759 = CIRCLE('',#1760,52.5);
#1760 = AXIS2_PLACEMENT_3D('',#1761,#1762,#1763);
#1761 = CARTESIAN_POINT('',(0.,114.80415428035,5.));
#1762 = DIRECTION('',(0.,0.,1.));
#1763 = DIRECTION('',(1.,0.,0.));
#1764 = PCURVE('',#50,#1765);
#1765 = DEFINITIONAL_REPRESENTATION('',(#1766),#1770);
#1766 = CIRCLE('',#1767,52.5);
#1767 = AXIS2_PLACEMENT_2D('',#1768,#1769);
#1768 = CARTESIAN_POINT('',(1.18265092544E-15,0.));
#1769 = DIRECTION('',(1.,0.));
#1770 = ( GEOMETRIC_REPRESENTATION_CONTEXT(2) 
PARAMETRIC_REPRESENTATION_CONTEXT() REPRESENTATION_CONTEXT('2D SPACE',''
  ) );
#1771 = PCURVE('',#1772,#1777);
#1772 = CYLINDRICAL_SURFACE('',#1773,52.5);
#1773 = AXIS2_PLACEMENT_3D('',#1774,#1775,#1776);
#1774 = CARTESIAN_POINT('',(0.,114.80415428035,5.));
#1775 = DIRECTION('',(-0.,-0.,-1.));
#1776 = DIRECTION('',(1.,0.,0.));
#1777 = DEFINITIONAL_REPRESENTATION('',(#1778),#1782);
#1778 = LINE('',#1779,#1780);
#1779 = CARTESIAN_POINT('',(-0.,0.));
#1780 = VECTOR('',#1781,1.);
#1781 = DIRECTION('',(-1.,0.));
#1782 = ( GEOMETRIC_REPRESENTATION_CONTEXT(2) 
PARAMETRIC_REPRESENTATION_CONTEXT() REPRESENTATION_CONTEXT('2D SPACE',''
  ) );
#1783 = ORIENTED_EDGE('',*,*,#1784,.T.);
#1784 = EDGE_CURVE('',#1756,#1696,#1785,.T.);
#1785 = SURFACE_CURVE('',#1786,(#1791,#1798),.PCURVE_S1.);
#1786 = CIRCLE('',#1787,154.0625);
#1787 = AXIS2_PLACEMENT_3D('',#1788,#1789,#1790);
#1788 = CARTESIAN_POINT('',(56.861923790034,260.15192870138,5.));
#1789 = DIRECTION('',(0.,0.,1.));
#1790 = DIRECTION('',(1.,0.,0.));
#1791 = PCURVE('',#50,#1792);
#1792 = DEFINITIONAL_REPRESENTATION('',(#1793),#1797);
#1793 = CIRCLE('',#1794,154.0625);
#1794 = AXIS2_PLACEMENT_2D('',#1795,#1796);
#1795 = CARTESIAN_POINT('',(56.861923790034,145.34777442102));
#1796 = DIRECTION('',(1.,0.));
#1797 = ( GEOMETRIC_REPRESENTATION_CONTEXT(2) 
PARAMETRIC_REPRESENTATION_CONTEXT() REPRESENTATION_CONTEXT('2D SPACE',''
  ) );
#1798 = PCURVE('',#1799,#1804);
#1799 = CYLINDRICAL_SURFACE('',#1800,154.0625);
#1800 = AXIS2_PLACEMENT_3D('',#1801,#1802,#1803);
#1801 = CARTESIAN_POINT('',(56.861923790034,260.15192870138,5.));
#1802 = DIRECTION('',(-0.,-0.,-1.));
#1803 = DIRECTION('',(1.,0.,0.));
#1804 = DEFINITIONAL_REPRESENTATION('',(#1805),#1809);
#1805 = LINE('',#1806,#1807);
#1806 = CARTESIAN_POINT('',(-0.,0.));
#1807 = VECTOR('',#1808,1.);
#1808 = DIRECTION('',(-1.,0.));
#1809 = ( GEOMETRIC_REPRESENTATION_CONTEXT(2) 
PARAMETRIC_REPRESENTATION_CONTEXT() REPRESENTATION_CONTEXT('2D SPACE',''
  ) );
#1810 = FACE_BOUND('',#1811,.F.);
#1811 = EDGE_LOOP('',(#1812,#1847));
#1812 = ORIENTED_EDGE('',*,*,#1813,.T.);
#1813 = EDGE_CURVE('',#1814,#1816,#1818,.T.);
#1814 = VERTEX_POINT('',#1815);
#1815 = CARTESIAN_POINT('',(-4.783542904564,126.35264843675,5.));
#1816 = VERTEX_POINT('',#1817);
#1817 = CARTESIAN_POINT('',(-6.811765096099,131.24920995906,5.));
#1818 = SURFACE_CURVE('',#1819,(#1824,#1835),.PCURVE_S1.);
#1819 = CIRCLE('',#1820,2.99453125);
#1820 = AXIS2_PLACEMENT_3D('',#1821,#1822,#1823);
#1821 = CARTESIAN_POINT('',(-4.509275121009,129.33459320319,5.));
#1822 = DIRECTION('',(0.,0.,-1.));
#1823 = DIRECTION('',(1.,0.,0.));
#1824 = PCURVE('',#50,#1825);
#1825 = DEFINITIONAL_REPRESENTATION('',(#1826),#1834);
#1826 = ( BOUNDED_CURVE() B_SPLINE_CURVE(2,(#1827,#1828,#1829,#1830,
#1831,#1832,#1833),.UNSPECIFIED.,.T.,.F.) B_SPLINE_CURVE_WITH_KNOTS((1,2
    ,2,2,2,1),(-2.094395102393,0.,2.094395102393,4.188790204786,
6.28318530718,8.377580409573),.UNSPECIFIED.) CURVE() 
GEOMETRIC_REPRESENTATION_ITEM() RATIONAL_B_SPLINE_CURVE((1.,0.5,1.,0.5,
1.,0.5,1.)) REPRESENTATION_ITEM('') );
#1827 = CARTESIAN_POINT('',(-1.514743871009,14.530438922836));
#1828 = CARTESIAN_POINT('',(-1.514743871009,9.343758652984));
#1829 = CARTESIAN_POINT('',(-6.006540746009,11.93709878791));
#1830 = CARTESIAN_POINT('',(-10.498337621,14.530438922836));
#1831 = CARTESIAN_POINT('',(-6.006540746009,17.123779057763));
#1832 = CARTESIAN_POINT('',(-1.514743871009,19.717119192689));
#1833 = CARTESIAN_POINT('',(-1.514743871009,14.530438922836));
#1834 = ( GEOMETRIC_REPRESENTATION_CONTEXT(2) 
PARAMETRIC_REPRESENTATION_CONTEXT() REPRESENTATION_CONTEXT('2D SPACE',''
  ) );
#1835 = PCURVE('',#1836,#1841);
#1836 = CYLINDRICAL_SURFACE('',#1837,2.99453125);
#1837 = AXIS2_PLACEMENT_3D('',#1838,#1839,#1840);
#1838 = CARTESIAN_POINT('',(-4.509275121009,129.33459320319,4.));
#1839 = DIRECTION('',(-0.,-0.,-1.));
#1840 = DIRECTION('',(1.,0.,0.));
#1841 = DEFINITIONAL_REPRESENTATION('',(#1842),#1846);
#1842 = LINE('',#1843,#1844);
#1843 = CARTESIAN_POINT('',(-6.28318530718,-1.));
#1844 = VECTOR('',#1845,1.);
#1845 = DIRECTION('',(1.,-0.));
#1846 = ( GEOMETRIC_REPRESENTATION_CONTEXT(2) 
PARAMETRIC_REPRESENTATION_CONTEXT() REPRESENTATION_CONTEXT('2D SPACE',''
  ) );
#1847 = ORIENTED_EDGE('',*,*,#1848,.T.);
#1848 = EDGE_CURVE('',#1816,#1814,#1849,.T.);
#1849 = SURFACE_CURVE('',#1850,(#1855,#1866),.PCURVE_S1.);
#1850 = CIRCLE('',#1851,2.99453125);
#1851 = AXIS2_PLACEMENT_3D('',#1852,#1853,#1854);
#1852 = CARTESIAN_POINT('',(-7.086032879653,128.26726519261,5.));
#1853 = DIRECTION('',(0.,-0.,-1.));
#1854 = DIRECTION('',(0.768898295882,-0.639371105533,0.));
#1855 = PCURVE('',#50,#1856);
#1856 = DEFINITIONAL_REPRESENTATION('',(#1857),#1865);
#1857 = ( BOUNDED_CURVE() B_SPLINE_CURVE(2,(#1858,#1859,#1860,#1861,
#1862,#1863,#1864),.UNSPECIFIED.,.T.,.F.) B_SPLINE_CURVE_WITH_KNOTS((1,2
    ,2,2,2,1),(-2.094395102393,0.,2.094395102393,4.188790204786,
6.28318530718,8.377580409573),.UNSPECIFIED.) CURVE() 
GEOMETRIC_REPRESENTATION_ITEM() RATIONAL_B_SPLINE_CURVE((1.,0.5,1.,0.5,
1.,0.5,1.)) REPRESENTATION_ITEM('') );
#1858 = CARTESIAN_POINT('',(-4.783542904564,11.548494156391));
#1859 = CARTESIAN_POINT('',(-8.099756402744,7.560464535617));
#1860 = CARTESIAN_POINT('',(-9.895384616288,12.426404479801));
#1861 = CARTESIAN_POINT('',(-11.69101282983,17.292344423985));
#1862 = CARTESIAN_POINT('',(-6.579171118108,16.414434100575));
#1863 = CARTESIAN_POINT('',(-1.467329406384,15.536523777165));
#1864 = CARTESIAN_POINT('',(-4.783542904564,11.548494156391));
#1865 = ( GEOMETRIC_REPRESENTATION_CONTEXT(2) 
PARAMETRIC_REPRESENTATION_CONTEXT() REPRESENTATION_CONTEXT('2D SPACE',''
  ) );
#1866 = PCURVE('',#1867,#1872);
#1867 = CYLINDRICAL_SURFACE('',#1868,2.99453125);
#1868 = AXIS2_PLACEMENT_3D('',#1869,#1870,#1871);
#1869 = CARTESIAN_POINT('',(-7.086032879653,128.26726519261,4.));
#1870 = DIRECTION('',(0.,-0.,-1.));
#1871 = DIRECTION('',(0.768898295882,-0.639371105533,0.));
#1872 = DEFINITIONAL_REPRESENTATION('',(#1873),#1877);
#1873 = LINE('',#1874,#1875);
#1874 = CARTESIAN_POINT('',(-6.28318530718,-1.));
#1875 = VECTOR('',#1876,1.);
#1876 = DIRECTION('',(1.,-0.));
#1877 = ( GEOMETRIC_REPRESENTATION_CONTEXT(2) 
PARAMETRIC_REPRESENTATION_CONTEXT() REPRESENTATION_CONTEXT('2D SPACE',''
  ) );
#1878 = FACE_BOUND('',#1879,.F.);
#1879 = EDGE_LOOP('',(#1880,#1911,#1940,#1969));
#1880 = ORIENTED_EDGE('',*,*,#1881,.T.);
#1881 = EDGE_CURVE('',#1882,#1884,#1886,.T.);
#1882 = VERTEX_POINT('',#1883);
#1883 = CARTESIAN_POINT('',(-3.882416054116,134.42370691498,5.));
#1884 = VERTEX_POINT('',#1885);
#1885 = CARTESIAN_POINT('',(-11.98232561017,130.81739483222,5.));
#1886 = SURFACE_CURVE('',#1887,(#1892,#1899),.PCURVE_S1.);
#1887 = CIRCLE('',#1888,20.);
#1888 = AXIS2_PLACEMENT_3D('',#1889,#1890,#1891);
#1889 = CARTESIAN_POINT('',(0.,114.80415428035,5.));
#1890 = DIRECTION('',(0.,0.,1.));
#1891 = DIRECTION('',(1.,0.,0.));
#1892 = PCURVE('',#50,#1893);
#1893 = DEFINITIONAL_REPRESENTATION('',(#1894),#1898);
#1894 = CIRCLE('',#1895,20.);
#1895 = AXIS2_PLACEMENT_2D('',#1896,#1897);
#1896 = CARTESIAN_POINT('',(1.18265092544E-15,0.));
#1897 = DIRECTION('',(1.,0.));
#1898 = ( GEOMETRIC_REPRESENTATION_CONTEXT(2) 
PARAMETRIC_REPRESENTATION_CONTEXT() REPRESENTATION_CONTEXT('2D SPACE',''
  ) );
#1899 = PCURVE('',#1900,#1905);
#1900 = CYLINDRICAL_SURFACE('',#1901,20.);
#1901 = AXIS2_PLACEMENT_3D('',#1902,#1903,#1904);
#1902 = CARTESIAN_POINT('',(0.,114.80415428035,5.));
#1903 = DIRECTION('',(-0.,-0.,-1.));
#1904 = DIRECTION('',(1.,0.,0.));
#1905 = DEFINITIONAL_REPRESENTATION('',(#1906),#1910);
#1906 = LINE('',#1907,#1908);
#1907 = CARTESIAN_POINT('',(-0.,0.));
#1908 = VECTOR('',#1909,1.);
#1909 = DIRECTION('',(-1.,0.));
#1910 = ( GEOMETRIC_REPRESENTATION_CONTEXT(2) 
PARAMETRIC_REPRESENTATION_CONTEXT() REPRESENTATION_CONTEXT('2D SPACE',''
  ) );
#1911 = ORIENTED_EDGE('',*,*,#1912,.T.);
#1912 = EDGE_CURVE('',#1884,#1913,#1915,.T.);
#1913 = VERTEX_POINT('',#1914);
#1914 = CARTESIAN_POINT('',(-33.23100244925,155.44834791509,5.));
#1915 = SURFACE_CURVE('',#1916,(#1921,#1928),.PCURVE_S1.);
#1916 = CIRCLE('',#1917,154.0625);
#1917 = AXIS2_PLACEMENT_3D('',#1918,#1919,#1920);
#1918 = CARTESIAN_POINT('',(-138.6078545925,43.060746558804,5.));
#1919 = DIRECTION('',(0.,0.,1.));
#1920 = DIRECTION('',(1.,0.,0.));
#1921 = PCURVE('',#50,#1922);
#1922 = DEFINITIONAL_REPRESENTATION('',(#1923),#1927);
#1923 = CIRCLE('',#1924,154.0625);
#1924 = AXIS2_PLACEMENT_2D('',#1925,#1926);
#1925 = CARTESIAN_POINT('',(-138.6078545925,-71.74340772155));
#1926 = DIRECTION('',(1.,0.));
#1927 = ( GEOMETRIC_REPRESENTATION_CONTEXT(2) 
PARAMETRIC_REPRESENTATION_CONTEXT() REPRESENTATION_CONTEXT('2D SPACE',''
  ) );
#1928 = PCURVE('',#1929,#1934);
#1929 = CYLINDRICAL_SURFACE('',#1930,154.0625);
#1930 = AXIS2_PLACEMENT_3D('',#1931,#1932,#1933);
#1931 = CARTESIAN_POINT('',(-138.6078545925,43.060746558804,5.));
#1932 = DIRECTION('',(-0.,-0.,-1.));
#1933 = DIRECTION('',(1.,0.,0.));
#1934 = DEFINITIONAL_REPRESENTATION('',(#1935),#1939);
#1935 = LINE('',#1936,#1937);
#1936 = CARTESIAN_POINT('',(-0.,0.));
#1937 = VECTOR('',#1938,1.);
#1938 = DIRECTION('',(-1.,0.));
#1939 = ( GEOMETRIC_REPRESENTATION_CONTEXT(2) 
PARAMETRIC_REPRESENTATION_CONTEXT() REPRESENTATION_CONTEXT('2D SPACE',''
  ) );
#1940 = ORIENTED_EDGE('',*,*,#1941,.F.);
#1941 = EDGE_CURVE('',#1942,#1913,#1944,.T.);
#1942 = VERTEX_POINT('',#1943);
#1943 = CARTESIAN_POINT('',(-7.968641366572,166.69587572772,5.));
#1944 = SURFACE_CURVE('',#1945,(#1950,#1957),.PCURVE_S1.);
#1945 = CIRCLE('',#1946,52.5);
#1946 = AXIS2_PLACEMENT_3D('',#1947,#1948,#1949);
#1947 = CARTESIAN_POINT('',(0.,114.80415428035,5.));
#1948 = DIRECTION('',(0.,0.,1.));
#1949 = DIRECTION('',(1.,0.,0.));
#1950 = PCURVE('',#50,#1951);
#1951 = DEFINITIONAL_REPRESENTATION('',(#1952),#1956);
#1952 = CIRCLE('',#1953,52.5);
#1953 = AXIS2_PLACEMENT_2D('',#1954,#1955);
#1954 = CARTESIAN_POINT('',(1.18265092544E-15,0.));
#1955 = DIRECTION('',(1.,0.));
#1956 = ( GEOMETRIC_REPRESENTATION_CONTEXT(2) 
PARAMETRIC_REPRESENTATION_CONTEXT() REPRESENTATION_CONTEXT('2D SPACE',''
  ) );
#1957 = PCURVE('',#1958,#1963);
#1958 = CYLINDRICAL_SURFACE('',#1959,52.5);
#1959 = AXIS2_PLACEMENT_3D('',#1960,#1961,#1962);
#1960 = CARTESIAN_POINT('',(0.,114.80415428035,5.));
#1961 = DIRECTION('',(-0.,-0.,-1.));
#1962 = DIRECTION('',(1.,0.,0.));
#1963 = DEFINITIONAL_REPRESENTATION('',(#1964),#1968);
#1964 = LINE('',#1965,#1966);
#1965 = CARTESIAN_POINT('',(-0.,0.));
#1966 = VECTOR('',#1967,1.);
#1967 = DIRECTION('',(-1.,0.));
#1968 = ( GEOMETRIC_REPRESENTATION_CONTEXT(2) 
PARAMETRIC_REPRESENTATION_CONTEXT() REPRESENTATION_CONTEXT('2D SPACE',''
  ) );
#1969 = ORIENTED_EDGE('',*,*,#1970,.T.);
#1970 = EDGE_CURVE('',#1942,#1882,#1971,.T.);
#1971 = SURFACE_CURVE('',#1972,(#1977,#1984),.PCURVE_S1.);
#1972 = CIRCLE('',#1973,154.0625);
#1973 = AXIS2_PLACEMENT_3D('',#1974,#1975,#1976);
#1974 = CARTESIAN_POINT('',(146.0625,169.80415428035,5.));
#1975 = DIRECTION('',(0.,0.,1.));
#1976 = DIRECTION('',(1.,0.,0.));
#1977 = PCURVE('',#50,#1978);
#1978 = DEFINITIONAL_REPRESENTATION('',(#1979),#1983);
#1979 = CIRCLE('',#1980,154.0625);
#1980 = AXIS2_PLACEMENT_2D('',#1981,#1982);
#1981 = CARTESIAN_POINT('',(146.0625,55.));
#1982 = DIRECTION('',(1.,0.));
#1983 = ( GEOMETRIC_REPRESENTATION_CONTEXT(2) 
PARAMETRIC_REPRESENTATION_CONTEXT() REPRESENTATION_CONTEXT('2D SPACE',''
  ) );
#1984 = PCURVE('',#1985,#1990);
#1985 = CYLINDRICAL_SURFACE('',#1986,154.0625);
#1986 = AXIS2_PLACEMENT_3D('',#1987,#1988,#1989);
#1987 = CARTESIAN_POINT('',(146.0625,169.80415428035,5.));
#1988 = DIRECTION('',(-0.,-0.,-1.));
#1989 = DIRECTION('',(1.,0.,0.));
#1990 = DEFINITIONAL_REPRESENTATION('',(#1991),#1995);
#1991 = LINE('',#1992,#1993);
#1992 = CARTESIAN_POINT('',(-0.,0.));
#1993 = VECTOR('',#1994,1.);
#1994 = DIRECTION('',(-1.,0.));
#1995 = ( GEOMETRIC_REPRESENTATION_CONTEXT(2) 
PARAMETRIC_REPRESENTATION_CONTEXT() REPRESENTATION_CONTEXT('2D SPACE',''
  ) );
#1996 = FACE_BOUND('',#1997,.F.);
#1997 = EDGE_LOOP('',(#1998,#2033));
#1998 = ORIENTED_EDGE('',*,*,#1999,.T.);
#1999 = EDGE_CURVE('',#2000,#2002,#2004,.T.);
#2000 = VERTEX_POINT('',#2001);
#2001 = CARTESIAN_POINT('',(6.811765096099,98.359098601658,5.));
#2002 = VERTEX_POINT('',#2003);
#2003 = CARTESIAN_POINT('',(4.783542904564,103.25566012396,5.));
#2004 = SURFACE_CURVE('',#2005,(#2010,#2021),.PCURVE_S1.);
#2005 = CIRCLE('',#2006,2.99453125);
#2006 = AXIS2_PLACEMENT_3D('',#2007,#2008,#2009);
#2007 = CARTESIAN_POINT('',(7.086032879653,101.3410433681,5.));
#2008 = DIRECTION('',(0.,0.,-1.));
#2009 = DIRECTION('',(1.,0.,0.));
#2010 = PCURVE('',#50,#2011);
#2011 = DEFINITIONAL_REPRESENTATION('',(#2012),#2020);
#2012 = ( BOUNDED_CURVE() B_SPLINE_CURVE(2,(#2013,#2014,#2015,#2016,
#2017,#2018,#2019),.UNSPECIFIED.,.T.,.F.) B_SPLINE_CURVE_WITH_KNOTS((1,2
    ,2,2,2,1),(-2.094395102393,0.,2.094395102393,4.188790204786,
6.28318530718,8.377580409573),.UNSPECIFIED.) CURVE() 
GEOMETRIC_REPRESENTATION_ITEM() RATIONAL_B_SPLINE_CURVE((1.,0.5,1.,0.5,
1.,0.5,1.)) REPRESENTATION_ITEM('') );
#2013 = CARTESIAN_POINT('',(10.080564129653,-13.46311091225));
#2014 = CARTESIAN_POINT('',(10.080564129653,-18.6497911821));
#2015 = CARTESIAN_POINT('',(5.588767254653,-16.05645104718));
#2016 = CARTESIAN_POINT('',(1.096970379654,-13.46311091225));
#2017 = CARTESIAN_POINT('',(5.588767254653,-10.86977077732));
#2018 = CARTESIAN_POINT('',(10.080564129653,-8.276430642403));
#2019 = CARTESIAN_POINT('',(10.080564129653,-13.46311091225));
#2020 = ( GEOMETRIC_REPRESENTATION_CONTEXT(2) 
PARAMETRIC_REPRESENTATION_CONTEXT() REPRESENTATION_CONTEXT('2D SPACE',''
  ) );
#2021 = PCURVE('',#2022,#2027);
#2022 = CYLINDRICAL_SURFACE('',#2023,2.99453125);
#2023 = AXIS2_PLACEMENT_3D('',#2024,#2025,#2026);
#2024 = CARTESIAN_POINT('',(7.086032879653,101.3410433681,4.));
#2025 = DIRECTION('',(-0.,-0.,-1.));
#2026 = DIRECTION('',(1.,0.,0.));
#2027 = DEFINITIONAL_REPRESENTATION('',(#2028),#2032);
#2028 = LINE('',#2029,#2030);
#2029 = CARTESIAN_POINT('',(-6.28318530718,-1.));
#2030 = VECTOR('',#2031,1.);
#2031 = DIRECTION('',(1.,-0.));
#2032 = ( GEOMETRIC_REPRESENTATION_CONTEXT(2) 
PARAMETRIC_REPRESENTATION_CONTEXT() REPRESENTATION_CONTEXT('2D SPACE',''
  ) );
#2033 = ORIENTED_EDGE('',*,*,#2034,.T.);
#2034 = EDGE_CURVE('',#2002,#2000,#2035,.T.);
#2035 = SURFACE_CURVE('',#2036,(#2041,#2052),.PCURVE_S1.);
#2036 = CIRCLE('',#2037,2.99453125);
#2037 = AXIS2_PLACEMENT_3D('',#2038,#2039,#2040);
#2038 = CARTESIAN_POINT('',(4.509275121009,100.27371535752,5.));
#2039 = DIRECTION('',(0.,-0.,-1.));
#2040 = DIRECTION('',(0.768898295882,-0.639371105533,0.));
#2041 = PCURVE('',#50,#2042);
#2042 = DEFINITIONAL_REPRESENTATION('',(#2043),#2051);
#2043 = ( BOUNDED_CURVE() B_SPLINE_CURVE(2,(#2044,#2045,#2046,#2047,
#2048,#2049,#2050),.UNSPECIFIED.,.T.,.F.) B_SPLINE_CURVE_WITH_KNOTS((1,2
    ,2,2,2,1),(-2.094395102393,0.,2.094395102393,4.188790204786,
6.28318530718,8.377580409573),.UNSPECIFIED.) CURVE() 
GEOMETRIC_REPRESENTATION_ITEM() RATIONAL_B_SPLINE_CURVE((1.,0.5,1.,0.5,
1.,0.5,1.)) REPRESENTATION_ITEM('') );
#2044 = CARTESIAN_POINT('',(6.811765096099,-16.4450556787));
#2045 = CARTESIAN_POINT('',(3.495551597919,-20.43308529947));
#2046 = CARTESIAN_POINT('',(1.699923384374,-15.56714535529));
#2047 = CARTESIAN_POINT('',(-9.570482917103E-02,-10.7012054111));
#2048 = CARTESIAN_POINT('',(5.016136882554,-11.57911573451));
#2049 = CARTESIAN_POINT('',(10.127978594279,-12.45702605792));
#2050 = CARTESIAN_POINT('',(6.811765096099,-16.4450556787));
#2051 = ( GEOMETRIC_REPRESENTATION_CONTEXT(2) 
PARAMETRIC_REPRESENTATION_CONTEXT() REPRESENTATION_CONTEXT('2D SPACE',''
  ) );
#2052 = PCURVE('',#2053,#2058);
#2053 = CYLINDRICAL_SURFACE('',#2054,2.99453125);
#2054 = AXIS2_PLACEMENT_3D('',#2055,#2056,#2057);
#2055 = CARTESIAN_POINT('',(4.509275121009,100.27371535752,4.));
#2056 = DIRECTION('',(0.,-0.,-1.));
#2057 = DIRECTION('',(0.768898295882,-0.639371105533,0.));
#2058 = DEFINITIONAL_REPRESENTATION('',(#2059),#2063);
#2059 = LINE('',#2060,#2061);
#2060 = CARTESIAN_POINT('',(-6.28318530718,-1.));
#2061 = VECTOR('',#2062,1.);
#2062 = DIRECTION('',(1.,-0.));
#2063 = ( GEOMETRIC_REPRESENTATION_CONTEXT(2) 
PARAMETRIC_REPRESENTATION_CONTEXT() REPRESENTATION_CONTEXT('2D SPACE',''
  ) );
#2064 = FACE_BOUND('',#2065,.F.);
#2065 = EDGE_LOOP('',(#2066,#2094,#2127,#2153));
#2066 = ORIENTED_EDGE('',*,*,#2067,.T.);
#2067 = EDGE_CURVE('',#2068,#2070,#2072,.T.);
#2068 = VERTEX_POINT('',#2069);
#2069 = CARTESIAN_POINT('',(0.6,109.95415428035,5.));
#2070 = VERTEX_POINT('',#2071);
#2071 = CARTESIAN_POINT('',(0.6,103.55415428035,5.));
#2072 = SURFACE_CURVE('',#2073,(#2077,#2083),.PCURVE_S1.);
#2073 = LINE('',#2074,#2075);
#2074 = CARTESIAN_POINT('',(0.6,109.17915428035,5.));
#2075 = VECTOR('',#2076,1.);
#2076 = DIRECTION('',(-2.081668171172E-16,-1.,0.));
#2077 = PCURVE('',#50,#2078);
#2078 = DEFINITIONAL_REPRESENTATION('',(#2079),#2082);
#2079 = B_SPLINE_CURVE_WITH_KNOTS('',1,(#2080,#2081),.UNSPECIFIED.,.F.,
  .F.,(2,2),(-0.775,5.625),.PIECEWISE_BEZIER_KNOTS.);
#2080 = CARTESIAN_POINT('',(0.6,-4.85));
#2081 = CARTESIAN_POINT('',(0.6,-11.25));
#2082 = ( GEOMETRIC_REPRESENTATION_CONTEXT(2) 
PARAMETRIC_REPRESENTATION_CONTEXT() REPRESENTATION_CONTEXT('2D SPACE',''
  ) );
#2083 = PCURVE('',#2084,#2089);
#2084 = PLANE('',#2085);
#2085 = AXIS2_PLACEMENT_3D('',#2086,#2087,#2088);
#2086 = CARTESIAN_POINT('',(0.6,103.55415428035,4.));
#2087 = DIRECTION('',(-1.,2.081668171172E-16,0.));
#2088 = DIRECTION('',(2.081668171172E-16,1.,0.));
#2089 = DEFINITIONAL_REPRESENTATION('',(#2090),#2093);
#2090 = B_SPLINE_CURVE_WITH_KNOTS('',1,(#2091,#2092),.UNSPECIFIED.,.F.,
  .F.,(2,2),(-0.775,5.625),.PIECEWISE_BEZIER_KNOTS.);
#2091 = CARTESIAN_POINT('',(6.4,-1.));
#2092 = CARTESIAN_POINT('',(0.,-1.));
#2093 = ( GEOMETRIC_REPRESENTATION_CONTEXT(2) 
PARAMETRIC_REPRESENTATION_CONTEXT() REPRESENTATION_CONTEXT('2D SPACE',''
  ) );
#2094 = ORIENTED_EDGE('',*,*,#2095,.T.);
#2095 = EDGE_CURVE('',#2070,#2096,#2098,.T.);
#2096 = VERTEX_POINT('',#2097);
#2097 = CARTESIAN_POINT('',(-0.6,103.55415428035,5.));
#2098 = SURFACE_CURVE('',#2099,(#2104,#2115),.PCURVE_S1.);
#2099 = CIRCLE('',#2100,0.6);
#2100 = AXIS2_PLACEMENT_3D('',#2101,#2102,#2103);
#2101 = CARTESIAN_POINT('',(-2.189303745731E-15,103.55415428035,5.));
#2102 = DIRECTION('',(0.,0.,-1.));
#2103 = DIRECTION('',(2.22044604925E-16,1.,0.));
#2104 = PCURVE('',#50,#2105);
#2105 = DEFINITIONAL_REPRESENTATION('',(#2106),#2114);
#2106 = ( BOUNDED_CURVE() B_SPLINE_CURVE(2,(#2107,#2108,#2109,#2110,
#2111,#2112,#2113),.UNSPECIFIED.,.T.,.F.) B_SPLINE_CURVE_WITH_KNOTS((1,2
    ,2,2,2,1),(-2.094395102393,0.,2.094395102393,4.188790204786,
6.28318530718,8.377580409573),.UNSPECIFIED.) CURVE() 
GEOMETRIC_REPRESENTATION_ITEM() RATIONAL_B_SPLINE_CURVE((1.,0.5,1.,0.5,
1.,0.5,1.)) REPRESENTATION_ITEM('') );
#2107 = CARTESIAN_POINT('',(-8.73426057336E-16,-10.65));
#2108 = CARTESIAN_POINT('',(1.039230484541,-10.65));
#2109 = CARTESIAN_POINT('',(0.519615242271,-11.55));
#2110 = CARTESIAN_POINT('',(-1.126148730303E-15,-12.45));
#2111 = CARTESIAN_POINT('',(-0.519615242271,-11.55));
#2112 = CARTESIAN_POINT('',(-1.039230484541,-10.65));
#2113 = CARTESIAN_POINT('',(-8.73426057336E-16,-10.65));
#2114 = ( GEOMETRIC_REPRESENTATION_CONTEXT(2) 
PARAMETRIC_REPRESENTATION_CONTEXT() REPRESENTATION_CONTEXT('2D SPACE',''
  ) );
#2115 = PCURVE('',#2116,#2121);
#2116 = CYLINDRICAL_SURFACE('',#2117,0.6);
#2117 = AXIS2_PLACEMENT_3D('',#2118,#2119,#2120);
#2118 = CARTESIAN_POINT('',(-2.189303745731E-15,103.55415428035,4.));
#2119 = DIRECTION('',(0.,0.,-1.));
#2120 = DIRECTION('',(2.22044604925E-16,1.,0.));
#2121 = DEFINITIONAL_REPRESENTATION('',(#2122),#2126);
#2122 = LINE('',#2123,#2124);
#2123 = CARTESIAN_POINT('',(0.,-1.));
#2124 = VECTOR('',#2125,1.);
#2125 = DIRECTION('',(1.,0.));
#2126 = ( GEOMETRIC_REPRESENTATION_CONTEXT(2) 
PARAMETRIC_REPRESENTATION_CONTEXT() REPRESENTATION_CONTEXT('2D SPACE',''
  ) );
#2127 = ORIENTED_EDGE('',*,*,#2128,.T.);
#2128 = EDGE_CURVE('',#2096,#2129,#2131,.T.);
#2129 = VERTEX_POINT('',#2130);
#2130 = CARTESIAN_POINT('',(-0.6,109.95415428035,5.));
#2131 = SURFACE_CURVE('',#2132,(#2136,#2142),.PCURVE_S1.);
#2132 = LINE('',#2133,#2134);
#2133 = CARTESIAN_POINT('',(-0.6,112.37915428035,5.));
#2134 = VECTOR('',#2135,1.);
#2135 = DIRECTION('',(2.081668171172E-16,1.,-0.));
#2136 = PCURVE('',#50,#2137);
#2137 = DEFINITIONAL_REPRESENTATION('',(#2138),#2141);
#2138 = B_SPLINE_CURVE_WITH_KNOTS('',1,(#2139,#2140),.UNSPECIFIED.,.F.,
  .F.,(2,2),(-8.825,-2.425),.PIECEWISE_BEZIER_KNOTS.);
#2139 = CARTESIAN_POINT('',(-0.6,-11.25));
#2140 = CARTESIAN_POINT('',(-0.6,-4.85));
#2141 = ( GEOMETRIC_REPRESENTATION_CONTEXT(2) 
PARAMETRIC_REPRESENTATION_CONTEXT() REPRESENTATION_CONTEXT('2D SPACE',''
  ) );
#2142 = PCURVE('',#2143,#2148);
#2143 = PLANE('',#2144);
#2144 = AXIS2_PLACEMENT_3D('',#2145,#2146,#2147);
#2145 = CARTESIAN_POINT('',(-0.6,109.95415428035,4.));
#2146 = DIRECTION('',(1.,-2.081668171172E-16,0.));
#2147 = DIRECTION('',(-2.081668171172E-16,-1.,0.));
#2148 = DEFINITIONAL_REPRESENTATION('',(#2149),#2152);
#2149 = B_SPLINE_CURVE_WITH_KNOTS('',1,(#2150,#2151),.UNSPECIFIED.,.F.,
  .F.,(2,2),(-8.825,-2.425),.PIECEWISE_BEZIER_KNOTS.);
#2150 = CARTESIAN_POINT('',(6.4,-1.));
#2151 = CARTESIAN_POINT('',(0.,-1.));
#2152 = ( GEOMETRIC_REPRESENTATION_CONTEXT(2) 
PARAMETRIC_REPRESENTATION_CONTEXT() REPRESENTATION_CONTEXT('2D SPACE',''
  ) );
#2153 = ORIENTED_EDGE('',*,*,#2154,.T.);
#2154 = EDGE_CURVE('',#2129,#2068,#2155,.T.);
#2155 = SURFACE_CURVE('',#2156,(#2161,#2172),.PCURVE_S1.);
#2156 = CIRCLE('',#2157,0.6);
#2157 = AXIS2_PLACEMENT_3D('',#2158,#2159,#2160);
#2158 = CARTESIAN_POINT('',(-7.682182742103E-16,109.95415428035,5.));
#2159 = DIRECTION('',(-0.,0.,-1.));
#2160 = DIRECTION('',(-2.22044604925E-16,-1.,0.));
#2161 = PCURVE('',#50,#2162);
#2162 = DEFINITIONAL_REPRESENTATION('',(#2163),#2171);
#2163 = ( BOUNDED_CURVE() B_SPLINE_CURVE(2,(#2164,#2165,#2166,#2167,
#2168,#2169,#2170),.UNSPECIFIED.,.T.,.F.) B_SPLINE_CURVE_WITH_KNOTS((1,2
    ,2,2,2,1),(-2.094395102393,0.,2.094395102393,4.188790204786,
6.28318530718,8.377580409573),.UNSPECIFIED.) CURVE() 
GEOMETRIC_REPRESENTATION_ITEM() RATIONAL_B_SPLINE_CURVE((1.,0.5,1.,0.5,
1.,0.5,1.)) REPRESENTATION_ITEM('') );
#2164 = CARTESIAN_POINT('',(2.812058882742E-16,-5.45));
#2165 = CARTESIAN_POINT('',(-1.039230484541,-5.45));
#2166 = CARTESIAN_POINT('',(-0.519615242271,-4.55));
#2167 = CARTESIAN_POINT('',(5.339285612415E-16,-3.65));
#2168 = CARTESIAN_POINT('',(0.519615242271,-4.55));
#2169 = CARTESIAN_POINT('',(1.039230484541,-5.45));
#2170 = CARTESIAN_POINT('',(2.812058882742E-16,-5.45));
#2171 = ( GEOMETRIC_REPRESENTATION_CONTEXT(2) 
PARAMETRIC_REPRESENTATION_CONTEXT() REPRESENTATION_CONTEXT('2D SPACE',''
  ) );
#2172 = PCURVE('',#2173,#2178);
#2173 = CYLINDRICAL_SURFACE('',#2174,0.6);
#2174 = AXIS2_PLACEMENT_3D('',#2175,#2176,#2177);
#2175 = CARTESIAN_POINT('',(-7.682182742103E-16,109.95415428035,4.));
#2176 = DIRECTION('',(-0.,0.,-1.));
#2177 = DIRECTION('',(-2.22044604925E-16,-1.,0.));
#2178 = DEFINITIONAL_REPRESENTATION('',(#2179),#2183);
#2179 = LINE('',#2180,#2181);
#2180 = CARTESIAN_POINT('',(0.,-1.));
#2181 = VECTOR('',#2182,1.);
#2182 = DIRECTION('',(1.,0.));
#2183 = ( GEOMETRIC_REPRESENTATION_CONTEXT(2) 
PARAMETRIC_REPRESENTATION_CONTEXT() REPRESENTATION_CONTEXT('2D SPACE',''
  ) );
#2184 = FACE_BOUND('',#2185,.F.);
#2185 = EDGE_LOOP('',(#2186,#2214,#2247,#2273,#2306,#2332,#2365,#2391));
#2186 = ORIENTED_EDGE('',*,*,#2187,.T.);
#2187 = EDGE_CURVE('',#2188,#2190,#2192,.T.);
#2188 = VERTEX_POINT('',#2189);
#2189 = CARTESIAN_POINT('',(3.853731957467,111.79895046031,5.));
#2190 = VERTEX_POINT('',#2191);
#2191 = CARTESIAN_POINT('',(6.017056302064,109.63562611571,5.));
#2192 = SURFACE_CURVE('',#2193,(#2197,#2203),.PCURVE_S1.);
#2193 = LINE('',#2194,#2195);
#2194 = CARTESIAN_POINT('',(3.220660185388,112.43202223239,5.));
#2195 = VECTOR('',#2196,1.);
#2196 = DIRECTION('',(0.707106781187,-0.707106781187,0.));
#2197 = PCURVE('',#50,#2198);
#2198 = DEFINITIONAL_REPRESENTATION('',(#2199),#2202);
#2199 = B_SPLINE_CURVE_WITH_KNOTS('',1,(#2200,#2201),.UNSPECIFIED.,.F.,
  .F.,(2,2),(0.895298686029,3.954701313971),.PIECEWISE_BEZIER_KNOTS.);
#2200 = CARTESIAN_POINT('',(3.853731957467,-3.005203820043));
#2201 = CARTESIAN_POINT('',(6.017056302064,-5.16852816464));
#2202 = ( GEOMETRIC_REPRESENTATION_CONTEXT(2) 
PARAMETRIC_REPRESENTATION_CONTEXT() REPRESENTATION_CONTEXT('2D SPACE',''
  ) );
#2203 = PCURVE('',#2204,#2209);
#2204 = PLANE('',#2205);
#2205 = AXIS2_PLACEMENT_3D('',#2206,#2207,#2208);
#2206 = CARTESIAN_POINT('',(6.017056302064,109.63562611571,4.));
#2207 = DIRECTION('',(-0.707106781187,-0.707106781187,0.));
#2208 = DIRECTION('',(-0.707106781187,0.707106781187,0.));
#2209 = DEFINITIONAL_REPRESENTATION('',(#2210),#2213);
#2210 = B_SPLINE_CURVE_WITH_KNOTS('',1,(#2211,#2212),.UNSPECIFIED.,.F.,
  .F.,(2,2),(0.895298686029,3.954701313971),.PIECEWISE_BEZIER_KNOTS.);
#2211 = CARTESIAN_POINT('',(3.059402627941,-1.));
#2212 = CARTESIAN_POINT('',(1.7763568394E-15,-1.));
#2213 = ( GEOMETRIC_REPRESENTATION_CONTEXT(2) 
PARAMETRIC_REPRESENTATION_CONTEXT() REPRESENTATION_CONTEXT('2D SPACE',''
  ) );
#2214 = ORIENTED_EDGE('',*,*,#2215,.T.);
#2215 = EDGE_CURVE('',#2190,#2216,#2218,.T.);
#2216 = VERTEX_POINT('',#2217);
#2217 = CARTESIAN_POINT('',(8.266500677904,107.38618173987,5.));
#2218 = SURFACE_CURVE('',#2219,(#2224,#2235),.PCURVE_S1.);
#2219 = CIRCLE('',#2220,1.7);
#2220 = AXIS2_PLACEMENT_3D('',#2221,#2222,#2223);
#2221 = CARTESIAN_POINT('',(6.717514421272,108.08663985908,5.));
#2222 = DIRECTION('',(0.,-0.,-1.));
#2223 = DIRECTION('',(0.911168386254,-0.41203418777,0.));
#2224 = PCURVE('',#50,#2225);
#2225 = DEFINITIONAL_REPRESENTATION('',(#2226),#2234);
#2226 = ( BOUNDED_CURVE() B_SPLINE_CURVE(2,(#2227,#2228,#2229,#2230,
#2231,#2232,#2233),.UNSPECIFIED.,.T.,.F.) B_SPLINE_CURVE_WITH_KNOTS((1,2
    ,2,2,2,1),(-2.094395102393,0.,2.094395102393,4.188790204786,
6.28318530718,8.377580409573),.UNSPECIFIED.) CURVE() 
GEOMETRIC_REPRESENTATION_ITEM() RATIONAL_B_SPLINE_CURVE((1.,0.5,1.,0.5,
1.,0.5,1.)) REPRESENTATION_ITEM('') );
#2227 = CARTESIAN_POINT('',(8.266500677904,-7.417972540481));
#2228 = CARTESIAN_POINT('',(7.053271626861,-10.10089543719));
#2229 = CARTESIAN_POINT('',(5.336406767435,-7.708746810024));
#2230 = CARTESIAN_POINT('',(3.619541908008,-5.316598182856));
#2231 = CARTESIAN_POINT('',(6.549635818478,-5.025823913312));
#2232 = CARTESIAN_POINT('',(9.479729728947,-4.735049643768));
#2233 = CARTESIAN_POINT('',(8.266500677904,-7.417972540481));
#2234 = ( GEOMETRIC_REPRESENTATION_CONTEXT(2) 
PARAMETRIC_REPRESENTATION_CONTEXT() REPRESENTATION_CONTEXT('2D SPACE',''
  ) );
#2235 = PCURVE('',#2236,#2241);
#2236 = CYLINDRICAL_SURFACE('',#2237,1.7);
#2237 = AXIS2_PLACEMENT_3D('',#2238,#2239,#2240);
#2238 = CARTESIAN_POINT('',(6.717514421272,108.08663985908,4.));
#2239 = DIRECTION('',(0.,-0.,-1.));
#2240 = DIRECTION('',(0.911168386254,-0.41203418777,0.));
#2241 = DEFINITIONAL_REPRESENTATION('',(#2242),#2246);
#2242 = LINE('',#2243,#2244);
#2243 = CARTESIAN_POINT('',(-6.28318530718,-1.));
#2244 = VECTOR('',#2245,1.);
#2245 = DIRECTION('',(1.,-0.));
#2246 = ( GEOMETRIC_REPRESENTATION_CONTEXT(2) 
PARAMETRIC_REPRESENTATION_CONTEXT() REPRESENTATION_CONTEXT('2D SPACE',''
  ) );
#2247 = ORIENTED_EDGE('',*,*,#2248,.T.);
#2248 = EDGE_CURVE('',#2216,#2249,#2251,.T.);
#2249 = VERTEX_POINT('',#2250);
#2250 = CARTESIAN_POINT('',(8.379215357061,107.27346706072,5.));
#2251 = SURFACE_CURVE('',#2252,(#2256,#2262),.PCURVE_S1.);
#2252 = LINE('',#2253,#2254);
#2253 = CARTESIAN_POINT('',(4.401739712886,111.25094270489,5.));
#2254 = VECTOR('',#2255,1.);
#2255 = DIRECTION('',(0.707106781187,-0.707106781187,0.));
#2256 = PCURVE('',#50,#2257);
#2257 = DEFINITIONAL_REPRESENTATION('',(#2258),#2261);
#2258 = B_SPLINE_CURVE_WITH_KNOTS('',1,(#2259,#2260),.UNSPECIFIED.,.F.,
  .F.,(2,2),(5.465597372059,5.625),.PIECEWISE_BEZIER_KNOTS.);
#2259 = CARTESIAN_POINT('',(8.266500677904,-7.41797254048));
#2260 = CARTESIAN_POINT('',(8.379215357061,-7.530687219637));
#2261 = ( GEOMETRIC_REPRESENTATION_CONTEXT(2) 
PARAMETRIC_REPRESENTATION_CONTEXT() REPRESENTATION_CONTEXT('2D SPACE',''
  ) );
#2262 = PCURVE('',#2263,#2268);
#2263 = PLANE('',#2264);
#2264 = AXIS2_PLACEMENT_3D('',#2265,#2266,#2267);
#2265 = CARTESIAN_POINT('',(8.379215357061,107.27346706072,4.));
#2266 = DIRECTION('',(-0.707106781187,-0.707106781187,0.));
#2267 = DIRECTION('',(-0.707106781187,0.707106781187,0.));
#2268 = DEFINITIONAL_REPRESENTATION('',(#2269),#2272);
#2269 = B_SPLINE_CURVE_WITH_KNOTS('',1,(#2270,#2271),.UNSPECIFIED.,.F.,
  .F.,(2,2),(5.465597372059,5.625),.PIECEWISE_BEZIER_KNOTS.);
#2270 = CARTESIAN_POINT('',(0.159402627941,-1.));
#2271 = CARTESIAN_POINT('',(0.,-1.));
#2272 = ( GEOMETRIC_REPRESENTATION_CONTEXT(2) 
PARAMETRIC_REPRESENTATION_CONTEXT() REPRESENTATION_CONTEXT('2D SPACE',''
  ) );
#2273 = ORIENTED_EDGE('',*,*,#2274,.T.);
#2274 = EDGE_CURVE('',#2249,#2275,#2277,.T.);
#2275 = VERTEX_POINT('',#2276);
#2276 = CARTESIAN_POINT('',(7.530687219637,106.42493892329,5.));
#2277 = SURFACE_CURVE('',#2278,(#2283,#2294),.PCURVE_S1.);
#2278 = CIRCLE('',#2279,0.6);
#2279 = AXIS2_PLACEMENT_3D('',#2280,#2281,#2282);
#2280 = CARTESIAN_POINT('',(7.954951288349,106.84920299201,5.));
#2281 = DIRECTION('',(0.,0.,-1.));
#2282 = DIRECTION('',(-0.707106781187,0.707106781187,0.));
#2283 = PCURVE('',#50,#2284);
#2284 = DEFINITIONAL_REPRESENTATION('',(#2285),#2293);
#2285 = ( BOUNDED_CURVE() B_SPLINE_CURVE(2,(#2286,#2287,#2288,#2289,
#2290,#2291,#2292),.UNSPECIFIED.,.T.,.F.) B_SPLINE_CURVE_WITH_KNOTS((1,2
    ,2,2,2,1),(-2.094395102393,0.,2.094395102393,4.188790204786,
6.28318530718,8.377580409573),.UNSPECIFIED.) CURVE() 
GEOMETRIC_REPRESENTATION_ITEM() RATIONAL_B_SPLINE_CURVE((1.,0.5,1.,0.5,
1.,0.5,1.)) REPRESENTATION_ITEM('') );
#2286 = CARTESIAN_POINT('',(7.530687219637,-7.530687219637));
#2287 = CARTESIAN_POINT('',(8.265534142472,-6.795840296802));
#2288 = CARTESIAN_POINT('',(8.534506784122,-7.799659861287));
#2289 = CARTESIAN_POINT('',(8.803479425773,-8.803479425773));
#2290 = CARTESIAN_POINT('',(7.799659861287,-8.534506784122));
#2291 = CARTESIAN_POINT('',(6.795840296802,-8.265534142472));
#2292 = CARTESIAN_POINT('',(7.530687219637,-7.530687219637));
#2293 = ( GEOMETRIC_REPRESENTATION_CONTEXT(2) 
PARAMETRIC_REPRESENTATION_CONTEXT() REPRESENTATION_CONTEXT('2D SPACE',''
  ) );
#2294 = PCURVE('',#2295,#2300);
#2295 = CYLINDRICAL_SURFACE('',#2296,0.6);
#2296 = AXIS2_PLACEMENT_3D('',#2297,#2298,#2299);
#2297 = CARTESIAN_POINT('',(7.954951288349,106.84920299201,4.));
#2298 = DIRECTION('',(0.,0.,-1.));
#2299 = DIRECTION('',(-0.707106781187,0.707106781187,0.));
#2300 = DEFINITIONAL_REPRESENTATION('',(#2301),#2305);
#2301 = LINE('',#2302,#2303);
#2302 = CARTESIAN_POINT('',(0.,-1.));
#2303 = VECTOR('',#2304,1.);
#2304 = DIRECTION('',(1.,0.));
#2305 = ( GEOMETRIC_REPRESENTATION_CONTEXT(2) 
PARAMETRIC_REPRESENTATION_CONTEXT() REPRESENTATION_CONTEXT('2D SPACE',''
  ) );
#2306 = ORIENTED_EDGE('',*,*,#2307,.T.);
#2307 = EDGE_CURVE('',#2275,#2308,#2310,.T.);
#2308 = VERTEX_POINT('',#2309);
#2309 = CARTESIAN_POINT('',(7.417972540481,106.53765360245,5.));
#2310 = SURFACE_CURVE('',#2311,(#2315,#2321),.PCURVE_S1.);
#2311 = LINE('',#2312,#2313);
#2312 = CARTESIAN_POINT('',(3.496854235884,110.45877190705,5.));
#2313 = VECTOR('',#2314,1.);
#2314 = DIRECTION('',(-0.707106781187,0.707106781187,0.));
#2315 = PCURVE('',#50,#2316);
#2316 = DEFINITIONAL_REPRESENTATION('',(#2317),#2320);
#2317 = B_SPLINE_CURVE_WITH_KNOTS('',1,(#2318,#2319),.UNSPECIFIED.,.F.,
  .F.,(2,2),(-5.704701313971,-5.545298686029),.PIECEWISE_BEZIER_KNOTS.);
#2318 = CARTESIAN_POINT('',(7.530687219637,-8.379215357061));
#2319 = CARTESIAN_POINT('',(7.41797254048,-8.266500677904));
#2320 = ( GEOMETRIC_REPRESENTATION_CONTEXT(2) 
PARAMETRIC_REPRESENTATION_CONTEXT() REPRESENTATION_CONTEXT('2D SPACE',''
  ) );
#2321 = PCURVE('',#2322,#2327);
#2322 = PLANE('',#2323);
#2323 = AXIS2_PLACEMENT_3D('',#2324,#2325,#2326);
#2324 = CARTESIAN_POINT('',(7.41797254048,106.53765360245,4.));
#2325 = DIRECTION('',(0.707106781187,0.707106781187,-0.));
#2326 = DIRECTION('',(0.707106781187,-0.707106781187,0.));
#2327 = DEFINITIONAL_REPRESENTATION('',(#2328),#2331);
#2328 = B_SPLINE_CURVE_WITH_KNOTS('',1,(#2329,#2330),.UNSPECIFIED.,.F.,
  .F.,(2,2),(-5.704701313971,-5.545298686029),.PIECEWISE_BEZIER_KNOTS.);
#2329 = CARTESIAN_POINT('',(0.159402627941,-1.));
#2330 = CARTESIAN_POINT('',(-1.7763568394E-15,-1.));
#2331 = ( GEOMETRIC_REPRESENTATION_CONTEXT(2) 
PARAMETRIC_REPRESENTATION_CONTEXT() REPRESENTATION_CONTEXT('2D SPACE',''
  ) );
#2332 = ORIENTED_EDGE('',*,*,#2333,.T.);
#2333 = EDGE_CURVE('',#2308,#2334,#2336,.T.);
#2334 = VERTEX_POINT('',#2335);
#2335 = CARTESIAN_POINT('',(5.16852816464,108.78709797829,5.));
#2336 = SURFACE_CURVE('',#2337,(#2342,#2353),.PCURVE_S1.);
#2337 = CIRCLE('',#2338,1.7);
#2338 = AXIS2_PLACEMENT_3D('',#2339,#2340,#2341);
#2339 = CARTESIAN_POINT('',(6.717514421272,108.08663985908,5.));
#2340 = DIRECTION('',(0.,0.,-1.));
#2341 = DIRECTION('',(1.,0.,0.));
#2342 = PCURVE('',#50,#2343);
#2343 = DEFINITIONAL_REPRESENTATION('',(#2344),#2352);
#2344 = ( BOUNDED_CURVE() B_SPLINE_CURVE(2,(#2345,#2346,#2347,#2348,
#2349,#2350,#2351),.UNSPECIFIED.,.T.,.F.) B_SPLINE_CURVE_WITH_KNOTS((1,2
    ,2,2,2,1),(-2.094395102393,0.,2.094395102393,4.188790204786,
6.28318530718,8.377580409573),.UNSPECIFIED.) CURVE() 
GEOMETRIC_REPRESENTATION_ITEM() RATIONAL_B_SPLINE_CURVE((1.,0.5,1.,0.5,
1.,0.5,1.)) REPRESENTATION_ITEM('') );
#2345 = CARTESIAN_POINT('',(8.417514421272,-6.717514421272));
#2346 = CARTESIAN_POINT('',(8.417514421272,-9.662000794139));
#2347 = CARTESIAN_POINT('',(5.867514421272,-8.189757607706));
#2348 = CARTESIAN_POINT('',(3.317514421272,-6.717514421272));
#2349 = CARTESIAN_POINT('',(5.867514421272,-5.245271234839));
#2350 = CARTESIAN_POINT('',(8.417514421272,-3.773028048405));
#2351 = CARTESIAN_POINT('',(8.417514421272,-6.717514421272));
#2352 = ( GEOMETRIC_REPRESENTATION_CONTEXT(2) 
PARAMETRIC_REPRESENTATION_CONTEXT() REPRESENTATION_CONTEXT('2D SPACE',''
  ) );
#2353 = PCURVE('',#2354,#2359);
#2354 = CYLINDRICAL_SURFACE('',#2355,1.7);
#2355 = AXIS2_PLACEMENT_3D('',#2356,#2357,#2358);
#2356 = CARTESIAN_POINT('',(6.717514421272,108.08663985908,4.));
#2357 = DIRECTION('',(-0.,-0.,-1.));
#2358 = DIRECTION('',(1.,0.,0.));
#2359 = DEFINITIONAL_REPRESENTATION('',(#2360),#2364);
#2360 = LINE('',#2361,#2362);
#2361 = CARTESIAN_POINT('',(-6.28318530718,-1.));
#2362 = VECTOR('',#2363,1.);
#2363 = DIRECTION('',(1.,-0.));
#2364 = ( GEOMETRIC_REPRESENTATION_CONTEXT(2) 
PARAMETRIC_REPRESENTATION_CONTEXT() REPRESENTATION_CONTEXT('2D SPACE',''
  ) );
#2365 = ORIENTED_EDGE('',*,*,#2366,.T.);
#2366 = EDGE_CURVE('',#2334,#2367,#2369,.T.);
#2367 = VERTEX_POINT('',#2368);
#2368 = CARTESIAN_POINT('',(3.005203820043,110.95042232289,5.));
#2369 = SURFACE_CURVE('',#2370,(#2374,#2380),.PCURVE_S1.);
#2370 = LINE('',#2371,#2372);
#2371 = CARTESIAN_POINT('',(1.290469875665,112.66515626726,5.));
#2372 = VECTOR('',#2373,1.);
#2373 = DIRECTION('',(-0.707106781187,0.707106781187,0.));
#2374 = PCURVE('',#50,#2375);
#2375 = DEFINITIONAL_REPRESENTATION('',(#2376),#2379);
#2376 = B_SPLINE_CURVE_WITH_KNOTS('',1,(#2377,#2378),.UNSPECIFIED.,.F.,
  .F.,(2,2),(-5.484402627941,-2.425),.PIECEWISE_BEZIER_KNOTS.);
#2377 = CARTESIAN_POINT('',(5.16852816464,-6.017056302064));
#2378 = CARTESIAN_POINT('',(3.005203820043,-3.853731957467));
#2379 = ( GEOMETRIC_REPRESENTATION_CONTEXT(2) 
PARAMETRIC_REPRESENTATION_CONTEXT() REPRESENTATION_CONTEXT('2D SPACE',''
  ) );
#2380 = PCURVE('',#2381,#2386);
#2381 = PLANE('',#2382);
#2382 = AXIS2_PLACEMENT_3D('',#2383,#2384,#2385);
#2383 = CARTESIAN_POINT('',(3.005203820043,110.95042232289,4.));
#2384 = DIRECTION('',(0.707106781187,0.707106781187,-0.));
#2385 = DIRECTION('',(0.707106781187,-0.707106781187,0.));
#2386 = DEFINITIONAL_REPRESENTATION('',(#2387),#2390);
#2387 = B_SPLINE_CURVE_WITH_KNOTS('',1,(#2388,#2389),.UNSPECIFIED.,.F.,
  .F.,(2,2),(-5.484402627941,-2.425),.PIECEWISE_BEZIER_KNOTS.);
#2388 = CARTESIAN_POINT('',(3.059402627941,-1.));
#2389 = CARTESIAN_POINT('',(0.,-1.));
#2390 = ( GEOMETRIC_REPRESENTATION_CONTEXT(2) 
PARAMETRIC_REPRESENTATION_CONTEXT() REPRESENTATION_CONTEXT('2D SPACE',''
  ) );
#2391 = ORIENTED_EDGE('',*,*,#2392,.T.);
#2392 = EDGE_CURVE('',#2367,#2188,#2393,.T.);
#2393 = SURFACE_CURVE('',#2394,(#2399,#2410),.PCURVE_S1.);
#2394 = CIRCLE('',#2395,0.6);
#2395 = AXIS2_PLACEMENT_3D('',#2396,#2397,#2398);
#2396 = CARTESIAN_POINT('',(3.429467888755,111.3746863916,5.));
#2397 = DIRECTION('',(0.,-0.,-1.));
#2398 = DIRECTION('',(0.707106781187,-0.707106781187,0.));
#2399 = PCURVE('',#50,#2400);
#2400 = DEFINITIONAL_REPRESENTATION('',(#2401),#2409);
#2401 = ( BOUNDED_CURVE() B_SPLINE_CURVE(2,(#2402,#2403,#2404,#2405,
#2406,#2407,#2408),.UNSPECIFIED.,.T.,.F.) B_SPLINE_CURVE_WITH_KNOTS((1,2
    ,2,2,2,1),(-2.094395102393,0.,2.094395102393,4.188790204786,
6.28318530718,8.377580409573),.UNSPECIFIED.) CURVE() 
GEOMETRIC_REPRESENTATION_ITEM() RATIONAL_B_SPLINE_CURVE((1.,0.5,1.,0.5,
1.,0.5,1.)) REPRESENTATION_ITEM('') );
#2402 = CARTESIAN_POINT('',(3.853731957467,-3.853731957467));
#2403 = CARTESIAN_POINT('',(3.118885034632,-4.588578880302));
#2404 = CARTESIAN_POINT('',(2.849912392981,-3.584759315816));
#2405 = CARTESIAN_POINT('',(2.580939751331,-2.580939751331));
#2406 = CARTESIAN_POINT('',(3.584759315816,-2.849912392981));
#2407 = CARTESIAN_POINT('',(4.588578880302,-3.118885034632));
#2408 = CARTESIAN_POINT('',(3.853731957467,-3.853731957467));
#2409 = ( GEOMETRIC_REPRESENTATION_CONTEXT(2) 
PARAMETRIC_REPRESENTATION_CONTEXT() REPRESENTATION_CONTEXT('2D SPACE',''
  ) );
#2410 = PCURVE('',#2411,#2416);
#2411 = CYLINDRICAL_SURFACE('',#2412,0.6);
#2412 = AXIS2_PLACEMENT_3D('',#2413,#2414,#2415);
#2413 = CARTESIAN_POINT('',(3.429467888755,111.3746863916,4.));
#2414 = DIRECTION('',(0.,-0.,-1.));
#2415 = DIRECTION('',(0.707106781187,-0.707106781187,0.));
#2416 = DEFINITIONAL_REPRESENTATION('',(#2417),#2421);
#2417 = LINE('',#2418,#2419);
#2418 = CARTESIAN_POINT('',(0.,-1.));
#2419 = VECTOR('',#2420,1.);
#2420 = DIRECTION('',(1.,0.));
#2421 = ( GEOMETRIC_REPRESENTATION_CONTEXT(2) 
PARAMETRIC_REPRESENTATION_CONTEXT() REPRESENTATION_CONTEXT('2D SPACE',''
  ) );
#2422 = FACE_BOUND('',#2423,.F.);
#2423 = EDGE_LOOP('',(#2424,#2459));
#2424 = ORIENTED_EDGE('',*,*,#2425,.T.);
#2425 = EDGE_CURVE('',#2426,#2428,#2430,.T.);
#2426 = VERTEX_POINT('',#2427);
#2427 = CARTESIAN_POINT('',(16.445055678701,107.99238918426,5.));
#2428 = VERTEX_POINT('',#2429);
#2429 = CARTESIAN_POINT('',(11.548494156391,110.02061137579,5.));
#2430 = SURFACE_CURVE('',#2431,(#2436,#2447),.PCURVE_S1.);
#2431 = CIRCLE('',#2432,2.99453125);
#2432 = AXIS2_PLACEMENT_3D('',#2433,#2434,#2435);
#2433 = CARTESIAN_POINT('',(14.530438922836,110.29487915935,5.));
#2434 = DIRECTION('',(0.,0.,-1.));
#2435 = DIRECTION('',(1.,0.,0.));
#2436 = PCURVE('',#50,#2437);
#2437 = DEFINITIONAL_REPRESENTATION('',(#2438),#2446);
#2438 = ( BOUNDED_CURVE() B_SPLINE_CURVE(2,(#2439,#2440,#2441,#2442,
#2443,#2444,#2445),.UNSPECIFIED.,.T.,.F.) B_SPLINE_CURVE_WITH_KNOTS((1,2
    ,2,2,2,1),(-2.094395102393,0.,2.094395102393,4.188790204786,
6.28318530718,8.377580409573),.UNSPECIFIED.) CURVE() 
GEOMETRIC_REPRESENTATION_ITEM() RATIONAL_B_SPLINE_CURVE((1.,0.5,1.,0.5,
1.,0.5,1.)) REPRESENTATION_ITEM('') );
#2439 = CARTESIAN_POINT('',(17.524970172836,-4.509275121009));
#2440 = CARTESIAN_POINT('',(17.524970172836,-9.695955390861));
#2441 = CARTESIAN_POINT('',(13.033173297836,-7.102615255935));
#2442 = CARTESIAN_POINT('',(8.541376422836,-4.509275121009));
#2443 = CARTESIAN_POINT('',(13.033173297836,-1.915934986082));
#2444 = CARTESIAN_POINT('',(17.524970172836,0.677405148844));
#2445 = CARTESIAN_POINT('',(17.524970172836,-4.509275121009));
#2446 = ( GEOMETRIC_REPRESENTATION_CONTEXT(2) 
PARAMETRIC_REPRESENTATION_CONTEXT() REPRESENTATION_CONTEXT('2D SPACE',''
  ) );
#2447 = PCURVE('',#2448,#2453);
#2448 = CYLINDRICAL_SURFACE('',#2449,2.99453125);
#2449 = AXIS2_PLACEMENT_3D('',#2450,#2451,#2452);
#2450 = CARTESIAN_POINT('',(14.530438922836,110.29487915935,4.));
#2451 = DIRECTION('',(-0.,-0.,-1.));
#2452 = DIRECTION('',(1.,0.,0.));
#2453 = DEFINITIONAL_REPRESENTATION('',(#2454),#2458);
#2454 = LINE('',#2455,#2456);
#2455 = CARTESIAN_POINT('',(-6.28318530718,-1.));
#2456 = VECTOR('',#2457,1.);
#2457 = DIRECTION('',(1.,-0.));
#2458 = ( GEOMETRIC_REPRESENTATION_CONTEXT(2) 
PARAMETRIC_REPRESENTATION_CONTEXT() REPRESENTATION_CONTEXT('2D SPACE',''
  ) );
#2459 = ORIENTED_EDGE('',*,*,#2460,.T.);
#2460 = EDGE_CURVE('',#2428,#2426,#2461,.T.);
#2461 = SURFACE_CURVE('',#2462,(#2467,#2478),.PCURVE_S1.);
#2462 = CIRCLE('',#2463,2.99453125);
#2463 = AXIS2_PLACEMENT_3D('',#2464,#2465,#2466);
#2464 = CARTESIAN_POINT('',(13.463110912256,107.7181214007,5.));
#2465 = DIRECTION('',(0.,0.,-1.));
#2466 = DIRECTION('',(1.,0.,0.));
#2467 = PCURVE('',#50,#2468);
#2468 = DEFINITIONAL_REPRESENTATION('',(#2469),#2477);
#2469 = ( BOUNDED_CURVE() B_SPLINE_CURVE(2,(#2470,#2471,#2472,#2473,
#2474,#2475,#2476),.UNSPECIFIED.,.T.,.F.) B_SPLINE_CURVE_WITH_KNOTS((1,2
    ,2,2,2,1),(-2.094395102393,0.,2.094395102393,4.188790204786,
6.28318530718,8.377580409573),.UNSPECIFIED.) CURVE() 
GEOMETRIC_REPRESENTATION_ITEM() RATIONAL_B_SPLINE_CURVE((1.,0.5,1.,0.5,
1.,0.5,1.)) REPRESENTATION_ITEM('') );
#2470 = CARTESIAN_POINT('',(16.457642162256,-7.086032879653));
#2471 = CARTESIAN_POINT('',(16.457642162256,-12.2727131495));
#2472 = CARTESIAN_POINT('',(11.965845287256,-9.67937301458));
#2473 = CARTESIAN_POINT('',(7.474048412256,-7.086032879653));
#2474 = CARTESIAN_POINT('',(11.965845287256,-4.492692744727));
#2475 = CARTESIAN_POINT('',(16.457642162256,-1.899352609801));
#2476 = CARTESIAN_POINT('',(16.457642162256,-7.086032879653));
#2477 = ( GEOMETRIC_REPRESENTATION_CONTEXT(2) 
PARAMETRIC_REPRESENTATION_CONTEXT() REPRESENTATION_CONTEXT('2D SPACE',''
  ) );
#2478 = PCURVE('',#2479,#2484);
#2479 = CYLINDRICAL_SURFACE('',#2480,2.99453125);
#2480 = AXIS2_PLACEMENT_3D('',#2481,#2482,#2483);
#2481 = CARTESIAN_POINT('',(13.463110912256,107.7181214007,4.));
#2482 = DIRECTION('',(-0.,-0.,-1.));
#2483 = DIRECTION('',(1.,0.,0.));
#2484 = DEFINITIONAL_REPRESENTATION('',(#2485),#2489);
#2485 = LINE('',#2486,#2487);
#2486 = CARTESIAN_POINT('',(-6.28318530718,-1.));
#2487 = VECTOR('',#2488,1.);
#2488 = DIRECTION('',(1.,-0.));
#2489 = ( GEOMETRIC_REPRESENTATION_CONTEXT(2) 
PARAMETRIC_REPRESENTATION_CONTEXT() REPRESENTATION_CONTEXT('2D SPACE',''
  ) );
#2490 = FACE_BOUND('',#2491,.F.);
#2491 = EDGE_LOOP('',(#2492));
#2492 = ORIENTED_EDGE('',*,*,#2493,.T.);
#2493 = EDGE_CURVE('',#2494,#2494,#2496,.T.);
#2494 = VERTEX_POINT('',#2495);
#2495 = CARTESIAN_POINT('',(3.25,114.80415428035,5.));
#2496 = SURFACE_CURVE('',#2497,(#2502,#2513),.PCURVE_S1.);
#2497 = CIRCLE('',#2498,3.25);
#2498 = AXIS2_PLACEMENT_3D('',#2499,#2500,#2501);
#2499 = CARTESIAN_POINT('',(0.,114.80415428035,5.));
#2500 = DIRECTION('',(0.,0.,-1.));
#2501 = DIRECTION('',(1.,0.,0.));
#2502 = PCURVE('',#50,#2503);
#2503 = DEFINITIONAL_REPRESENTATION('',(#2504),#2512);
#2504 = ( BOUNDED_CURVE() B_SPLINE_CURVE(2,(#2505,#2506,#2507,#2508,
#2509,#2510,#2511),.UNSPECIFIED.,.T.,.F.) B_SPLINE_CURVE_WITH_KNOTS((1,2
    ,2,2,2,1),(-2.094395102393,0.,2.094395102393,4.188790204786,
6.28318530718,8.377580409573),.UNSPECIFIED.) CURVE() 
GEOMETRIC_REPRESENTATION_ITEM() RATIONAL_B_SPLINE_CURVE((1.,0.5,1.,0.5,
1.,0.5,1.)) REPRESENTATION_ITEM('') );
#2505 = CARTESIAN_POINT('',(3.25,0.));
#2506 = CARTESIAN_POINT('',(3.25,-5.629165124599));
#2507 = CARTESIAN_POINT('',(-1.625,-2.814582562299));
#2508 = CARTESIAN_POINT('',(-6.5,-7.960204194458E-16));
#2509 = CARTESIAN_POINT('',(-1.625,2.814582562299));
#2510 = CARTESIAN_POINT('',(3.25,5.629165124599));
#2511 = CARTESIAN_POINT('',(3.25,0.));
#2512 = ( GEOMETRIC_REPRESENTATION_CONTEXT(2) 
PARAMETRIC_REPRESENTATION_CONTEXT() REPRESENTATION_CONTEXT('2D SPACE',''
  ) );
#2513 = PCURVE('',#2514,#2519);
#2514 = CYLINDRICAL_SURFACE('',#2515,3.25);
#2515 = AXIS2_PLACEMENT_3D('',#2516,#2517,#2518);
#2516 = CARTESIAN_POINT('',(0.,114.80415428035,4.));
#2517 = DIRECTION('',(-0.,-0.,-1.));
#2518 = DIRECTION('',(1.,0.,0.));
#2519 = DEFINITIONAL_REPRESENTATION('',(#2520),#2524);
#2520 = LINE('',#2521,#2522);
#2521 = CARTESIAN_POINT('',(-6.28318530718,-1.));
#2522 = VECTOR('',#2523,1.);
#2523 = DIRECTION('',(1.,-0.));
#2524 = ( GEOMETRIC_REPRESENTATION_CONTEXT(2) 
PARAMETRIC_REPRESENTATION_CONTEXT() REPRESENTATION_CONTEXT('2D SPACE',''
  ) );
#2525 = FACE_BOUND('',#2526,.F.);
#2526 = EDGE_LOOP('',(#2527,#2555,#2588,#2614));
#2527 = ORIENTED_EDGE('',*,*,#2528,.T.);
#2528 = EDGE_CURVE('',#2529,#2531,#2533,.T.);
#2529 = VERTEX_POINT('',#2530);
#2530 = CARTESIAN_POINT('',(4.85,115.40415428035,5.));
#2531 = VERTEX_POINT('',#2532);
#2532 = CARTESIAN_POINT('',(11.25,115.40415428035,5.));
#2533 = SURFACE_CURVE('',#2534,(#2538,#2544),.PCURVE_S1.);
#2534 = LINE('',#2535,#2536);
#2535 = CARTESIAN_POINT('',(5.625,115.40415428035,5.));
#2536 = VECTOR('',#2537,1.);
#2537 = DIRECTION('',(1.,0.,-0.));
#2538 = PCURVE('',#50,#2539);
#2539 = DEFINITIONAL_REPRESENTATION('',(#2540),#2543);
#2540 = B_SPLINE_CURVE_WITH_KNOTS('',1,(#2541,#2542),.UNSPECIFIED.,.F.,
  .F.,(2,2),(-0.775,5.625),.PIECEWISE_BEZIER_KNOTS.);
#2541 = CARTESIAN_POINT('',(4.85,0.6));
#2542 = CARTESIAN_POINT('',(11.25,0.6));
#2543 = ( GEOMETRIC_REPRESENTATION_CONTEXT(2) 
PARAMETRIC_REPRESENTATION_CONTEXT() REPRESENTATION_CONTEXT('2D SPACE',''
  ) );
#2544 = PCURVE('',#2545,#2550);
#2545 = PLANE('',#2546);
#2546 = AXIS2_PLACEMENT_3D('',#2547,#2548,#2549);
#2547 = CARTESIAN_POINT('',(11.25,115.40415428035,4.));
#2548 = DIRECTION('',(0.,-1.,0.));
#2549 = DIRECTION('',(-1.,0.,0.));
#2550 = DEFINITIONAL_REPRESENTATION('',(#2551),#2554);
#2551 = B_SPLINE_CURVE_WITH_KNOTS('',1,(#2552,#2553),.UNSPECIFIED.,.F.,
  .F.,(2,2),(-0.775,5.625),.PIECEWISE_BEZIER_KNOTS.);
#2552 = CARTESIAN_POINT('',(6.4,-1.));
#2553 = CARTESIAN_POINT('',(0.,-1.));
#2554 = ( GEOMETRIC_REPRESENTATION_CONTEXT(2) 
PARAMETRIC_REPRESENTATION_CONTEXT() REPRESENTATION_CONTEXT('2D SPACE',''
  ) );
#2555 = ORIENTED_EDGE('',*,*,#2556,.T.);
#2556 = EDGE_CURVE('',#2531,#2557,#2559,.T.);
#2557 = VERTEX_POINT('',#2558);
#2558 = CARTESIAN_POINT('',(11.25,114.20415428035,5.));
#2559 = SURFACE_CURVE('',#2560,(#2565,#2576),.PCURVE_S1.);
#2560 = CIRCLE('',#2561,0.6);
#2561 = AXIS2_PLACEMENT_3D('',#2562,#2563,#2564);
#2562 = CARTESIAN_POINT('',(11.25,114.80415428035,5.));
#2563 = DIRECTION('',(0.,0.,-1.));
#2564 = DIRECTION('',(-1.,0.,0.));
#2565 = PCURVE('',#50,#2566);
#2566 = DEFINITIONAL_REPRESENTATION('',(#2567),#2575);
#2567 = ( BOUNDED_CURVE() B_SPLINE_CURVE(2,(#2568,#2569,#2570,#2571,
#2572,#2573,#2574),.UNSPECIFIED.,.T.,.F.) B_SPLINE_CURVE_WITH_KNOTS((1,2
    ,2,2,2,1),(-2.094395102393,0.,2.094395102393,4.188790204786,
6.28318530718,8.377580409573),.UNSPECIFIED.) CURVE() 
GEOMETRIC_REPRESENTATION_ITEM() RATIONAL_B_SPLINE_CURVE((1.,0.5,1.,0.5,
1.,0.5,1.)) REPRESENTATION_ITEM('') );
#2568 = CARTESIAN_POINT('',(10.65,0.));
#2569 = CARTESIAN_POINT('',(10.65,1.039230484541));
#2570 = CARTESIAN_POINT('',(11.55,0.519615242271));
#2571 = CARTESIAN_POINT('',(12.45,1.469576158977E-16));
#2572 = CARTESIAN_POINT('',(11.55,-0.519615242271));
#2573 = CARTESIAN_POINT('',(10.65,-1.039230484541));
#2574 = CARTESIAN_POINT('',(10.65,0.));
#2575 = ( GEOMETRIC_REPRESENTATION_CONTEXT(2) 
PARAMETRIC_REPRESENTATION_CONTEXT() REPRESENTATION_CONTEXT('2D SPACE',''
  ) );
#2576 = PCURVE('',#2577,#2582);
#2577 = CYLINDRICAL_SURFACE('',#2578,0.6);
#2578 = AXIS2_PLACEMENT_3D('',#2579,#2580,#2581);
#2579 = CARTESIAN_POINT('',(11.25,114.80415428035,4.));
#2580 = DIRECTION('',(0.,0.,-1.));
#2581 = DIRECTION('',(-1.,0.,0.));
#2582 = DEFINITIONAL_REPRESENTATION('',(#2583),#2587);
#2583 = LINE('',#2584,#2585);
#2584 = CARTESIAN_POINT('',(0.,-1.));
#2585 = VECTOR('',#2586,1.);
#2586 = DIRECTION('',(1.,0.));
#2587 = ( GEOMETRIC_REPRESENTATION_CONTEXT(2) 
PARAMETRIC_REPRESENTATION_CONTEXT() REPRESENTATION_CONTEXT('2D SPACE',''
  ) );
#2588 = ORIENTED_EDGE('',*,*,#2589,.T.);
#2589 = EDGE_CURVE('',#2557,#2590,#2592,.T.);
#2590 = VERTEX_POINT('',#2591);
#2591 = CARTESIAN_POINT('',(4.85,114.20415428035,5.));
#2592 = SURFACE_CURVE('',#2593,(#2597,#2603),.PCURVE_S1.);
#2593 = LINE('',#2594,#2595);
#2594 = CARTESIAN_POINT('',(2.425,114.20415428035,5.));
#2595 = VECTOR('',#2596,1.);
#2596 = DIRECTION('',(-1.,0.,0.));
#2597 = PCURVE('',#50,#2598);
#2598 = DEFINITIONAL_REPRESENTATION('',(#2599),#2602);
#2599 = B_SPLINE_CURVE_WITH_KNOTS('',1,(#2600,#2601),.UNSPECIFIED.,.F.,
  .F.,(2,2),(-8.825,-2.425),.PIECEWISE_BEZIER_KNOTS.);
#2600 = CARTESIAN_POINT('',(11.25,-0.6));
#2601 = CARTESIAN_POINT('',(4.85,-0.6));
#2602 = ( GEOMETRIC_REPRESENTATION_CONTEXT(2) 
PARAMETRIC_REPRESENTATION_CONTEXT() REPRESENTATION_CONTEXT('2D SPACE',''
  ) );
#2603 = PCURVE('',#2604,#2609);
#2604 = PLANE('',#2605);
#2605 = AXIS2_PLACEMENT_3D('',#2606,#2607,#2608);
#2606 = CARTESIAN_POINT('',(4.85,114.20415428035,4.));
#2607 = DIRECTION('',(0.,1.,0.));
#2608 = DIRECTION('',(1.,0.,0.));
#2609 = DEFINITIONAL_REPRESENTATION('',(#2610),#2613);
#2610 = B_SPLINE_CURVE_WITH_KNOTS('',1,(#2611,#2612),.UNSPECIFIED.,.F.,
  .F.,(2,2),(-8.825,-2.425),.PIECEWISE_BEZIER_KNOTS.);
#2611 = CARTESIAN_POINT('',(6.4,-1.));
#2612 = CARTESIAN_POINT('',(0.,-1.));
#2613 = ( GEOMETRIC_REPRESENTATION_CONTEXT(2) 
PARAMETRIC_REPRESENTATION_CONTEXT() REPRESENTATION_CONTEXT('2D SPACE',''
  ) );
#2614 = ORIENTED_EDGE('',*,*,#2615,.T.);
#2615 = EDGE_CURVE('',#2590,#2529,#2616,.T.);
#2616 = SURFACE_CURVE('',#2617,(#2622,#2633),.PCURVE_S1.);
#2617 = CIRCLE('',#2618,0.6);
#2618 = AXIS2_PLACEMENT_3D('',#2619,#2620,#2621);
#2619 = CARTESIAN_POINT('',(4.85,114.80415428035,5.));
#2620 = DIRECTION('',(0.,0.,-1.));
#2621 = DIRECTION('',(1.,0.,0.));
#2622 = PCURVE('',#50,#2623);
#2623 = DEFINITIONAL_REPRESENTATION('',(#2624),#2632);
#2624 = ( BOUNDED_CURVE() B_SPLINE_CURVE(2,(#2625,#2626,#2627,#2628,
#2629,#2630,#2631),.UNSPECIFIED.,.T.,.F.) B_SPLINE_CURVE_WITH_KNOTS((1,2
    ,2,2,2,1),(-2.094395102393,0.,2.094395102393,4.188790204786,
6.28318530718,8.377580409573),.UNSPECIFIED.) CURVE() 
GEOMETRIC_REPRESENTATION_ITEM() RATIONAL_B_SPLINE_CURVE((1.,0.5,1.,0.5,
1.,0.5,1.)) REPRESENTATION_ITEM('') );
#2625 = CARTESIAN_POINT('',(5.45,0.));
#2626 = CARTESIAN_POINT('',(5.45,-1.039230484541));
#2627 = CARTESIAN_POINT('',(4.55,-0.519615242271));
#2628 = CARTESIAN_POINT('',(3.65,-1.469576158977E-16));
#2629 = CARTESIAN_POINT('',(4.55,0.519615242271));
#2630 = CARTESIAN_POINT('',(5.45,1.039230484541));
#2631 = CARTESIAN_POINT('',(5.45,0.));
#2632 = ( GEOMETRIC_REPRESENTATION_CONTEXT(2) 
PARAMETRIC_REPRESENTATION_CONTEXT() REPRESENTATION_CONTEXT('2D SPACE',''
  ) );
#2633 = PCURVE('',#2634,#2639);
#2634 = CYLINDRICAL_SURFACE('',#2635,0.6);
#2635 = AXIS2_PLACEMENT_3D('',#2636,#2637,#2638);
#2636 = CARTESIAN_POINT('',(4.85,114.80415428035,4.));
#2637 = DIRECTION('',(0.,0.,-1.));
#2638 = DIRECTION('',(1.,0.,0.));
#2639 = DEFINITIONAL_REPRESENTATION('',(#2640),#2644);
#2640 = LINE('',#2641,#2642);
#2641 = CARTESIAN_POINT('',(0.,-1.));
#2642 = VECTOR('',#2643,1.);
#2643 = DIRECTION('',(1.,0.));
#2644 = ( GEOMETRIC_REPRESENTATION_CONTEXT(2) 
PARAMETRIC_REPRESENTATION_CONTEXT() REPRESENTATION_CONTEXT('2D SPACE',''
  ) );
#2645 = FACE_BOUND('',#2646,.F.);
#2646 = EDGE_LOOP('',(#2647,#2675,#2708,#2734,#2767,#2793,#2826,#2852));
#2647 = ORIENTED_EDGE('',*,*,#2648,.T.);
#2648 = EDGE_CURVE('',#2649,#2651,#2653,.T.);
#2649 = VERTEX_POINT('',#2650);
#2650 = CARTESIAN_POINT('',(8.379215357061,122.33484149999,5.));
#2651 = VERTEX_POINT('',#2652);
#2652 = CARTESIAN_POINT('',(8.266500677904,122.22212682083,5.));
#2653 = SURFACE_CURVE('',#2654,(#2658,#2664),.PCURVE_S1.);
#2654 = LINE('',#2655,#2656);
#2655 = CARTESIAN_POINT('',(4.345382373308,118.30100851624,5.));
#2656 = VECTOR('',#2657,1.);
#2657 = DIRECTION('',(-0.707106781187,-0.707106781187,0.));
#2658 = PCURVE('',#50,#2659);
#2659 = DEFINITIONAL_REPRESENTATION('',(#2660),#2663);
#2660 = B_SPLINE_CURVE_WITH_KNOTS('',1,(#2661,#2662),.UNSPECIFIED.,.F.,
  .F.,(2,2),(-5.704701313971,-5.545298686029),.PIECEWISE_BEZIER_KNOTS.);
#2661 = CARTESIAN_POINT('',(8.379215357061,7.530687219637));
#2662 = CARTESIAN_POINT('',(8.266500677904,7.41797254048));
#2663 = ( GEOMETRIC_REPRESENTATION_CONTEXT(2) 
PARAMETRIC_REPRESENTATION_CONTEXT() REPRESENTATION_CONTEXT('2D SPACE',''
  ) );
#2664 = PCURVE('',#2665,#2670);
#2665 = PLANE('',#2666);
#2666 = AXIS2_PLACEMENT_3D('',#2667,#2668,#2669);
#2667 = CARTESIAN_POINT('',(8.266500677904,122.22212682083,4.));
#2668 = DIRECTION('',(-0.707106781187,0.707106781187,0.));
#2669 = DIRECTION('',(0.707106781187,0.707106781187,0.));
#2670 = DEFINITIONAL_REPRESENTATION('',(#2671),#2674);
#2671 = B_SPLINE_CURVE_WITH_KNOTS('',1,(#2672,#2673),.UNSPECIFIED.,.F.,
  .F.,(2,2),(-5.704701313971,-5.545298686029),.PIECEWISE_BEZIER_KNOTS.);
#2672 = CARTESIAN_POINT('',(0.159402627941,-1.));
#2673 = CARTESIAN_POINT('',(8.881784197001E-16,-1.));
#2674 = ( GEOMETRIC_REPRESENTATION_CONTEXT(2) 
PARAMETRIC_REPRESENTATION_CONTEXT() REPRESENTATION_CONTEXT('2D SPACE',''
  ) );
#2675 = ORIENTED_EDGE('',*,*,#2676,.T.);
#2676 = EDGE_CURVE('',#2651,#2677,#2679,.T.);
#2677 = VERTEX_POINT('',#2678);
#2678 = CARTESIAN_POINT('',(6.017056302064,119.97268244499,5.));
#2679 = SURFACE_CURVE('',#2680,(#2685,#2696),.PCURVE_S1.);
#2680 = CIRCLE('',#2681,1.7);
#2681 = AXIS2_PLACEMENT_3D('',#2682,#2683,#2684);
#2682 = CARTESIAN_POINT('',(6.717514421272,121.52166870163,5.));
#2683 = DIRECTION('',(-0.,0.,-1.));
#2684 = DIRECTION('',(-0.41203418777,-0.911168386254,0.));
#2685 = PCURVE('',#50,#2686);
#2686 = DEFINITIONAL_REPRESENTATION('',(#2687),#2695);
#2687 = ( BOUNDED_CURVE() B_SPLINE_CURVE(2,(#2688,#2689,#2690,#2691,
#2692,#2693,#2694),.UNSPECIFIED.,.T.,.F.) B_SPLINE_CURVE_WITH_KNOTS((1,2
    ,2,2,2,1),(-2.094395102393,0.,2.094395102393,4.188790204786,
6.28318530718,8.377580409573),.UNSPECIFIED.) CURVE() 
GEOMETRIC_REPRESENTATION_ITEM() RATIONAL_B_SPLINE_CURVE((1.,0.5,1.,0.5,
1.,0.5,1.)) REPRESENTATION_ITEM('') );
#2688 = CARTESIAN_POINT('',(6.017056302064,5.16852816464));
#2689 = CARTESIAN_POINT('',(3.334133405351,6.381757215683));
#2690 = CARTESIAN_POINT('',(5.72628203252,8.09862207511));
#2691 = CARTESIAN_POINT('',(8.118430659689,9.815486934536));
#2692 = CARTESIAN_POINT('',(8.409204929233,6.885393024067));
#2693 = CARTESIAN_POINT('',(8.699979198777,3.955299113597));
#2694 = CARTESIAN_POINT('',(6.017056302064,5.16852816464));
#2695 = ( GEOMETRIC_REPRESENTATION_CONTEXT(2) 
PARAMETRIC_REPRESENTATION_CONTEXT() REPRESENTATION_CONTEXT('2D SPACE',''
  ) );
#2696 = PCURVE('',#2697,#2702);
#2697 = CYLINDRICAL_SURFACE('',#2698,1.7);
#2698 = AXIS2_PLACEMENT_3D('',#2699,#2700,#2701);
#2699 = CARTESIAN_POINT('',(6.717514421272,121.52166870163,4.));
#2700 = DIRECTION('',(-0.,-0.,-1.));
#2701 = DIRECTION('',(-0.41203418777,-0.911168386254,0.));
#2702 = DEFINITIONAL_REPRESENTATION('',(#2703),#2707);
#2703 = LINE('',#2704,#2705);
#2704 = CARTESIAN_POINT('',(-6.28318530718,-1.));
#2705 = VECTOR('',#2706,1.);
#2706 = DIRECTION('',(1.,-0.));
#2707 = ( GEOMETRIC_REPRESENTATION_CONTEXT(2) 
PARAMETRIC_REPRESENTATION_CONTEXT() REPRESENTATION_CONTEXT('2D SPACE',''
  ) );
#2708 = ORIENTED_EDGE('',*,*,#2709,.T.);
#2709 = EDGE_CURVE('',#2677,#2710,#2712,.T.);
#2710 = VERTEX_POINT('',#2711);
#2711 = CARTESIAN_POINT('',(3.853731957467,117.8093581004,5.));
#2712 = SURFACE_CURVE('',#2713,(#2717,#2723),.PCURVE_S1.);
#2713 = LINE('',#2714,#2715);
#2714 = CARTESIAN_POINT('',(2.138998013089,116.09462415602,5.));
#2715 = VECTOR('',#2716,1.);
#2716 = DIRECTION('',(-0.707106781187,-0.707106781187,0.));
#2717 = PCURVE('',#50,#2718);
#2718 = DEFINITIONAL_REPRESENTATION('',(#2719),#2722);
#2719 = B_SPLINE_CURVE_WITH_KNOTS('',1,(#2720,#2721),.UNSPECIFIED.,.F.,
  .F.,(2,2),(-5.484402627941,-2.425),.PIECEWISE_BEZIER_KNOTS.);
#2720 = CARTESIAN_POINT('',(6.017056302064,5.16852816464));
#2721 = CARTESIAN_POINT('',(3.853731957467,3.005203820043));
#2722 = ( GEOMETRIC_REPRESENTATION_CONTEXT(2) 
PARAMETRIC_REPRESENTATION_CONTEXT() REPRESENTATION_CONTEXT('2D SPACE',''
  ) );
#2723 = PCURVE('',#2724,#2729);
#2724 = PLANE('',#2725);
#2725 = AXIS2_PLACEMENT_3D('',#2726,#2727,#2728);
#2726 = CARTESIAN_POINT('',(3.853731957467,117.8093581004,4.));
#2727 = DIRECTION('',(-0.707106781187,0.707106781187,0.));
#2728 = DIRECTION('',(0.707106781187,0.707106781187,0.));
#2729 = DEFINITIONAL_REPRESENTATION('',(#2730),#2733);
#2730 = B_SPLINE_CURVE_WITH_KNOTS('',1,(#2731,#2732),.UNSPECIFIED.,.F.,
  .F.,(2,2),(-5.484402627941,-2.425),.PIECEWISE_BEZIER_KNOTS.);
#2731 = CARTESIAN_POINT('',(3.059402627941,-1.));
#2732 = CARTESIAN_POINT('',(0.,-1.));
#2733 = ( GEOMETRIC_REPRESENTATION_CONTEXT(2) 
PARAMETRIC_REPRESENTATION_CONTEXT() REPRESENTATION_CONTEXT('2D SPACE',''
  ) );
#2734 = ORIENTED_EDGE('',*,*,#2735,.T.);
#2735 = EDGE_CURVE('',#2710,#2736,#2738,.T.);
#2736 = VERTEX_POINT('',#2737);
#2737 = CARTESIAN_POINT('',(3.005203820043,118.65788623782,5.));
#2738 = SURFACE_CURVE('',#2739,(#2744,#2755),.PCURVE_S1.);
#2739 = CIRCLE('',#2740,0.6);
#2740 = AXIS2_PLACEMENT_3D('',#2741,#2742,#2743);
#2741 = CARTESIAN_POINT('',(3.429467888755,118.23362216911,5.));
#2742 = DIRECTION('',(0.,0.,-1.));
#2743 = DIRECTION('',(0.707106781187,0.707106781187,0.));
#2744 = PCURVE('',#50,#2745);
#2745 = DEFINITIONAL_REPRESENTATION('',(#2746),#2754);
#2746 = ( BOUNDED_CURVE() B_SPLINE_CURVE(2,(#2747,#2748,#2749,#2750,
#2751,#2752,#2753),.UNSPECIFIED.,.T.,.F.) B_SPLINE_CURVE_WITH_KNOTS((1,2
    ,2,2,2,1),(-2.094395102393,0.,2.094395102393,4.188790204786,
6.28318530718,8.377580409573),.UNSPECIFIED.) CURVE() 
GEOMETRIC_REPRESENTATION_ITEM() RATIONAL_B_SPLINE_CURVE((1.,0.5,1.,0.5,
1.,0.5,1.)) REPRESENTATION_ITEM('') );
#2747 = CARTESIAN_POINT('',(3.853731957467,3.853731957467));
#2748 = CARTESIAN_POINT('',(4.588578880302,3.118885034632));
#2749 = CARTESIAN_POINT('',(3.584759315816,2.849912392981));
#2750 = CARTESIAN_POINT('',(2.580939751331,2.580939751331));
#2751 = CARTESIAN_POINT('',(2.849912392981,3.584759315816));
#2752 = CARTESIAN_POINT('',(3.118885034632,4.588578880302));
#2753 = CARTESIAN_POINT('',(3.853731957467,3.853731957467));
#2754 = ( GEOMETRIC_REPRESENTATION_CONTEXT(2) 
PARAMETRIC_REPRESENTATION_CONTEXT() REPRESENTATION_CONTEXT('2D SPACE',''
  ) );
#2755 = PCURVE('',#2756,#2761);
#2756 = CYLINDRICAL_SURFACE('',#2757,0.6);
#2757 = AXIS2_PLACEMENT_3D('',#2758,#2759,#2760);
#2758 = CARTESIAN_POINT('',(3.429467888755,118.23362216911,4.));
#2759 = DIRECTION('',(0.,0.,-1.));
#2760 = DIRECTION('',(0.707106781187,0.707106781187,0.));
#2761 = DEFINITIONAL_REPRESENTATION('',(#2762),#2766);
#2762 = LINE('',#2763,#2764);
#2763 = CARTESIAN_POINT('',(0.,-1.));
#2764 = VECTOR('',#2765,1.);
#2765 = DIRECTION('',(1.,0.));
#2766 = ( GEOMETRIC_REPRESENTATION_CONTEXT(2) 
PARAMETRIC_REPRESENTATION_CONTEXT() REPRESENTATION_CONTEXT('2D SPACE',''
  ) );
#2767 = ORIENTED_EDGE('',*,*,#2768,.T.);
#2768 = EDGE_CURVE('',#2736,#2769,#2771,.T.);
#2769 = VERTEX_POINT('',#2770);
#2770 = CARTESIAN_POINT('',(5.16852816464,120.82121058242,5.));
#2771 = SURFACE_CURVE('',#2772,(#2776,#2782),.PCURVE_S1.);
#2772 = LINE('',#2773,#2774);
#2773 = CARTESIAN_POINT('',(2.372132047964,118.02481446574,5.));
#2774 = VECTOR('',#2775,1.);
#2775 = DIRECTION('',(0.707106781187,0.707106781187,-0.));
#2776 = PCURVE('',#50,#2777);
#2777 = DEFINITIONAL_REPRESENTATION('',(#2778),#2781);
#2778 = B_SPLINE_CURVE_WITH_KNOTS('',1,(#2779,#2780),.UNSPECIFIED.,.F.,
  .F.,(2,2),(0.895298686029,3.954701313971),.PIECEWISE_BEZIER_KNOTS.);
#2779 = CARTESIAN_POINT('',(3.005203820043,3.853731957467));
#2780 = CARTESIAN_POINT('',(5.16852816464,6.017056302064));
#2781 = ( GEOMETRIC_REPRESENTATION_CONTEXT(2) 
PARAMETRIC_REPRESENTATION_CONTEXT() REPRESENTATION_CONTEXT('2D SPACE',''
  ) );
#2782 = PCURVE('',#2783,#2788);
#2783 = PLANE('',#2784);
#2784 = AXIS2_PLACEMENT_3D('',#2785,#2786,#2787);
#2785 = CARTESIAN_POINT('',(5.16852816464,120.82121058242,4.));
#2786 = DIRECTION('',(0.707106781187,-0.707106781187,0.));
#2787 = DIRECTION('',(-0.707106781187,-0.707106781187,0.));
#2788 = DEFINITIONAL_REPRESENTATION('',(#2789),#2792);
#2789 = B_SPLINE_CURVE_WITH_KNOTS('',1,(#2790,#2791),.UNSPECIFIED.,.F.,
  .F.,(2,2),(0.895298686029,3.954701313971),.PIECEWISE_BEZIER_KNOTS.);
#2790 = CARTESIAN_POINT('',(3.059402627941,-1.));
#2791 = CARTESIAN_POINT('',(1.7763568394E-15,-1.));
#2792 = ( GEOMETRIC_REPRESENTATION_CONTEXT(2) 
PARAMETRIC_REPRESENTATION_CONTEXT() REPRESENTATION_CONTEXT('2D SPACE',''
  ) );
#2793 = ORIENTED_EDGE('',*,*,#2794,.T.);
#2794 = EDGE_CURVE('',#2769,#2795,#2797,.T.);
#2795 = VERTEX_POINT('',#2796);
#2796 = CARTESIAN_POINT('',(7.41797254048,123.07065495826,5.));
#2797 = SURFACE_CURVE('',#2798,(#2803,#2814),.PCURVE_S1.);
#2798 = CIRCLE('',#2799,1.7);
#2799 = AXIS2_PLACEMENT_3D('',#2800,#2801,#2802);
#2800 = CARTESIAN_POINT('',(6.717514421272,121.52166870163,5.));
#2801 = DIRECTION('',(0.,0.,-1.));
#2802 = DIRECTION('',(1.,0.,0.));
#2803 = PCURVE('',#50,#2804);
#2804 = DEFINITIONAL_REPRESENTATION('',(#2805),#2813);
#2805 = ( BOUNDED_CURVE() B_SPLINE_CURVE(2,(#2806,#2807,#2808,#2809,
#2810,#2811,#2812),.UNSPECIFIED.,.T.,.F.) B_SPLINE_CURVE_WITH_KNOTS((1,2
    ,2,2,2,1),(-2.094395102393,0.,2.094395102393,4.188790204786,
6.28318530718,8.377580409573),.UNSPECIFIED.) CURVE() 
GEOMETRIC_REPRESENTATION_ITEM() RATIONAL_B_SPLINE_CURVE((1.,0.5,1.,0.5,
1.,0.5,1.)) REPRESENTATION_ITEM('') );
#2806 = CARTESIAN_POINT('',(8.417514421272,6.717514421272));
#2807 = CARTESIAN_POINT('',(8.417514421272,3.773028048405));
#2808 = CARTESIAN_POINT('',(5.867514421272,5.245271234839));
#2809 = CARTESIAN_POINT('',(3.317514421272,6.717514421272));
#2810 = CARTESIAN_POINT('',(5.867514421272,8.189757607706));
#2811 = CARTESIAN_POINT('',(8.417514421272,9.662000794139));
#2812 = CARTESIAN_POINT('',(8.417514421272,6.717514421272));
#2813 = ( GEOMETRIC_REPRESENTATION_CONTEXT(2) 
PARAMETRIC_REPRESENTATION_CONTEXT() REPRESENTATION_CONTEXT('2D SPACE',''
  ) );
#2814 = PCURVE('',#2815,#2820);
#2815 = CYLINDRICAL_SURFACE('',#2816,1.7);
#2816 = AXIS2_PLACEMENT_3D('',#2817,#2818,#2819);
#2817 = CARTESIAN_POINT('',(6.717514421272,121.52166870163,4.));
#2818 = DIRECTION('',(-0.,-0.,-1.));
#2819 = DIRECTION('',(1.,0.,0.));
#2820 = DEFINITIONAL_REPRESENTATION('',(#2821),#2825);
#2821 = LINE('',#2822,#2823);
#2822 = CARTESIAN_POINT('',(-6.28318530718,-1.));
#2823 = VECTOR('',#2824,1.);
#2824 = DIRECTION('',(1.,-0.));
#2825 = ( GEOMETRIC_REPRESENTATION_CONTEXT(2) 
PARAMETRIC_REPRESENTATION_CONTEXT() REPRESENTATION_CONTEXT('2D SPACE',''
  ) );
#2826 = ORIENTED_EDGE('',*,*,#2827,.T.);
#2827 = EDGE_CURVE('',#2795,#2828,#2830,.T.);
#2828 = VERTEX_POINT('',#2829);
#2829 = CARTESIAN_POINT('',(7.530687219637,123.18336963741,5.));
#2830 = SURFACE_CURVE('',#2831,(#2835,#2841),.PCURVE_S1.);
#2831 = LINE('',#2832,#2833);
#2832 = CARTESIAN_POINT('',(3.553211575462,119.20589399324,5.));
#2833 = VECTOR('',#2834,1.);
#2834 = DIRECTION('',(0.707106781187,0.707106781187,-0.));
#2835 = PCURVE('',#50,#2836);
#2836 = DEFINITIONAL_REPRESENTATION('',(#2837),#2840);
#2837 = B_SPLINE_CURVE_WITH_KNOTS('',1,(#2838,#2839),.UNSPECIFIED.,.F.,
  .F.,(2,2),(5.465597372059,5.625),.PIECEWISE_BEZIER_KNOTS.);
#2838 = CARTESIAN_POINT('',(7.41797254048,8.266500677904));
#2839 = CARTESIAN_POINT('',(7.530687219637,8.379215357061));
#2840 = ( GEOMETRIC_REPRESENTATION_CONTEXT(2) 
PARAMETRIC_REPRESENTATION_CONTEXT() REPRESENTATION_CONTEXT('2D SPACE',''
  ) );
#2841 = PCURVE('',#2842,#2847);
#2842 = PLANE('',#2843);
#2843 = AXIS2_PLACEMENT_3D('',#2844,#2845,#2846);
#2844 = CARTESIAN_POINT('',(7.530687219637,123.18336963741,4.));
#2845 = DIRECTION('',(0.707106781187,-0.707106781187,0.));
#2846 = DIRECTION('',(-0.707106781187,-0.707106781187,0.));
#2847 = DEFINITIONAL_REPRESENTATION('',(#2848),#2851);
#2848 = B_SPLINE_CURVE_WITH_KNOTS('',1,(#2849,#2850),.UNSPECIFIED.,.F.,
  .F.,(2,2),(5.465597372059,5.625),.PIECEWISE_BEZIER_KNOTS.);
#2849 = CARTESIAN_POINT('',(0.159402627941,-1.));
#2850 = CARTESIAN_POINT('',(0.,-1.));
#2851 = ( GEOMETRIC_REPRESENTATION_CONTEXT(2) 
PARAMETRIC_REPRESENTATION_CONTEXT() REPRESENTATION_CONTEXT('2D SPACE',''
  ) );
#2852 = ORIENTED_EDGE('',*,*,#2853,.T.);
#2853 = EDGE_CURVE('',#2828,#2649,#2854,.T.);
#2854 = SURFACE_CURVE('',#2855,(#2860,#2871),.PCURVE_S1.);
#2855 = CIRCLE('',#2856,0.6);
#2856 = AXIS2_PLACEMENT_3D('',#2857,#2858,#2859);
#2857 = CARTESIAN_POINT('',(7.954951288349,122.7591055687,5.));
#2858 = DIRECTION('',(-0.,0.,-1.));
#2859 = DIRECTION('',(-0.707106781187,-0.707106781187,0.));
#2860 = PCURVE('',#50,#2861);
#2861 = DEFINITIONAL_REPRESENTATION('',(#2862),#2870);
#2862 = ( BOUNDED_CURVE() B_SPLINE_CURVE(2,(#2863,#2864,#2865,#2866,
#2867,#2868,#2869),.UNSPECIFIED.,.T.,.F.) B_SPLINE_CURVE_WITH_KNOTS((1,2
    ,2,2,2,1),(-2.094395102393,0.,2.094395102393,4.188790204786,
6.28318530718,8.377580409573),.UNSPECIFIED.) CURVE() 
GEOMETRIC_REPRESENTATION_ITEM() RATIONAL_B_SPLINE_CURVE((1.,0.5,1.,0.5,
1.,0.5,1.)) REPRESENTATION_ITEM('') );
#2863 = CARTESIAN_POINT('',(7.530687219637,7.530687219637));
#2864 = CARTESIAN_POINT('',(6.795840296802,8.265534142472));
#2865 = CARTESIAN_POINT('',(7.799659861287,8.534506784122));
#2866 = CARTESIAN_POINT('',(8.803479425773,8.803479425773));
#2867 = CARTESIAN_POINT('',(8.534506784122,7.799659861287));
#2868 = CARTESIAN_POINT('',(8.265534142472,6.795840296802));
#2869 = CARTESIAN_POINT('',(7.530687219637,7.530687219637));
#2870 = ( GEOMETRIC_REPRESENTATION_CONTEXT(2) 
PARAMETRIC_REPRESENTATION_CONTEXT() REPRESENTATION_CONTEXT('2D SPACE',''
  ) );
#2871 = PCURVE('',#2872,#2877);
#2872 = CYLINDRICAL_SURFACE('',#2873,0.6);
#2873 = AXIS2_PLACEMENT_3D('',#2874,#2875,#2876);
#2874 = CARTESIAN_POINT('',(7.954951288349,122.7591055687,4.));
#2875 = DIRECTION('',(-0.,0.,-1.));
#2876 = DIRECTION('',(-0.707106781187,-0.707106781187,0.));
#2877 = DEFINITIONAL_REPRESENTATION('',(#2878),#2882);
#2878 = LINE('',#2879,#2880);
#2879 = CARTESIAN_POINT('',(0.,-1.));
#2880 = VECTOR('',#2881,1.);
#2881 = DIRECTION('',(1.,0.));
#2882 = ( GEOMETRIC_REPRESENTATION_CONTEXT(2) 
PARAMETRIC_REPRESENTATION_CONTEXT() REPRESENTATION_CONTEXT('2D SPACE',''
  ) );
#2883 = FACE_BOUND('',#2884,.F.);
#2884 = EDGE_LOOP('',(#2885,#2913,#2946,#2972));
#2885 = ORIENTED_EDGE('',*,*,#2886,.T.);
#2886 = EDGE_CURVE('',#2887,#2889,#2891,.T.);
#2887 = VERTEX_POINT('',#2888);
#2888 = CARTESIAN_POINT('',(-0.6,119.65415428035,5.));
#2889 = VERTEX_POINT('',#2890);
#2890 = CARTESIAN_POINT('',(-0.6,126.05415428035,5.));
#2891 = SURFACE_CURVE('',#2892,(#2896,#2902),.PCURVE_S1.);
#2892 = LINE('',#2893,#2894);
#2893 = CARTESIAN_POINT('',(-0.6,120.42915428035,5.));
#2894 = VECTOR('',#2895,1.);
#2895 = DIRECTION('',(1.040834085586E-16,1.,-0.));
#2896 = PCURVE('',#50,#2897);
#2897 = DEFINITIONAL_REPRESENTATION('',(#2898),#2901);
#2898 = B_SPLINE_CURVE_WITH_KNOTS('',1,(#2899,#2900),.UNSPECIFIED.,.F.,
  .F.,(2,2),(-0.775,5.625),.PIECEWISE_BEZIER_KNOTS.);
#2899 = CARTESIAN_POINT('',(-0.6,4.85));
#2900 = CARTESIAN_POINT('',(-0.6,11.25));
#2901 = ( GEOMETRIC_REPRESENTATION_CONTEXT(2) 
PARAMETRIC_REPRESENTATION_CONTEXT() REPRESENTATION_CONTEXT('2D SPACE',''
  ) );
#2902 = PCURVE('',#2903,#2908);
#2903 = PLANE('',#2904);
#2904 = AXIS2_PLACEMENT_3D('',#2905,#2906,#2907);
#2905 = CARTESIAN_POINT('',(-0.6,126.05415428035,4.));
#2906 = DIRECTION('',(1.,-1.040834085586E-16,0.));
#2907 = DIRECTION('',(-1.040834085586E-16,-1.,0.));
#2908 = DEFINITIONAL_REPRESENTATION('',(#2909),#2912);
#2909 = B_SPLINE_CURVE_WITH_KNOTS('',1,(#2910,#2911),.UNSPECIFIED.,.F.,
  .F.,(2,2),(-0.775,5.625),.PIECEWISE_BEZIER_KNOTS.);
#2910 = CARTESIAN_POINT('',(6.4,-1.));
#2911 = CARTESIAN_POINT('',(0.,-1.));
#2912 = ( GEOMETRIC_REPRESENTATION_CONTEXT(2) 
PARAMETRIC_REPRESENTATION_CONTEXT() REPRESENTATION_CONTEXT('2D SPACE',''
  ) );
#2913 = ORIENTED_EDGE('',*,*,#2914,.T.);
#2914 = EDGE_CURVE('',#2889,#2915,#2917,.T.);
#2915 = VERTEX_POINT('',#2916);
#2916 = CARTESIAN_POINT('',(0.6,126.05415428035,5.));
#2917 = SURFACE_CURVE('',#2918,(#2923,#2934),.PCURVE_S1.);
#2918 = CIRCLE('',#2919,0.6);
#2919 = AXIS2_PLACEMENT_3D('',#2920,#2921,#2922);
#2920 = CARTESIAN_POINT('',(8.481917045369E-16,126.05415428035,5.));
#2921 = DIRECTION('',(-0.,0.,-1.));
#2922 = DIRECTION('',(-1.110223024625E-16,-1.,0.));
#2923 = PCURVE('',#50,#2924);
#2924 = DEFINITIONAL_REPRESENTATION('',(#2925),#2933);
#2925 = ( BOUNDED_CURVE() B_SPLINE_CURVE(2,(#2926,#2927,#2928,#2929,
#2930,#2931,#2932),.UNSPECIFIED.,.T.,.F.) B_SPLINE_CURVE_WITH_KNOTS((1,2
    ,2,2,2,1),(-2.094395102393,0.,2.094395102393,4.188790204786,
6.28318530718,8.377580409573),.UNSPECIFIED.) CURVE() 
GEOMETRIC_REPRESENTATION_ITEM() RATIONAL_B_SPLINE_CURVE((1.,0.5,1.,0.5,
1.,0.5,1.)) REPRESENTATION_ITEM('') );
#2926 = CARTESIAN_POINT('',(1.964229248499E-15,10.65));
#2927 = CARTESIAN_POINT('',(-1.039230484541,10.65));
#2928 = CARTESIAN_POINT('',(-0.519615242271,11.55));
#2929 = CARTESIAN_POINT('',(2.017111777034E-15,12.45));
#2930 = CARTESIAN_POINT('',(0.519615242271,11.55));
#2931 = CARTESIAN_POINT('',(1.039230484541,10.65));
#2932 = CARTESIAN_POINT('',(1.964229248499E-15,10.65));
#2933 = ( GEOMETRIC_REPRESENTATION_CONTEXT(2) 
PARAMETRIC_REPRESENTATION_CONTEXT() REPRESENTATION_CONTEXT('2D SPACE',''
  ) );
#2934 = PCURVE('',#2935,#2940);
#2935 = CYLINDRICAL_SURFACE('',#2936,0.6);
#2936 = AXIS2_PLACEMENT_3D('',#2937,#2938,#2939);
#2937 = CARTESIAN_POINT('',(8.481917045369E-16,126.05415428035,4.));
#2938 = DIRECTION('',(-0.,0.,-1.));
#2939 = DIRECTION('',(-1.110223024625E-16,-1.,0.));
#2940 = DEFINITIONAL_REPRESENTATION('',(#2941),#2945);
#2941 = LINE('',#2942,#2943);
#2942 = CARTESIAN_POINT('',(0.,-1.));
#2943 = VECTOR('',#2944,1.);
#2944 = DIRECTION('',(1.,0.));
#2945 = ( GEOMETRIC_REPRESENTATION_CONTEXT(2) 
PARAMETRIC_REPRESENTATION_CONTEXT() REPRESENTATION_CONTEXT('2D SPACE',''
  ) );
#2946 = ORIENTED_EDGE('',*,*,#2947,.T.);
#2947 = EDGE_CURVE('',#2915,#2948,#2950,.T.);
#2948 = VERTEX_POINT('',#2949);
#2949 = CARTESIAN_POINT('',(0.6,119.65415428035,5.));
#2950 = SURFACE_CURVE('',#2951,(#2955,#2961),.PCURVE_S1.);
#2951 = LINE('',#2952,#2953);
#2952 = CARTESIAN_POINT('',(0.6,117.22915428035,5.));
#2953 = VECTOR('',#2954,1.);
#2954 = DIRECTION('',(-1.040834085586E-16,-1.,0.));
#2955 = PCURVE('',#50,#2956);
#2956 = DEFINITIONAL_REPRESENTATION('',(#2957),#2960);
#2957 = B_SPLINE_CURVE_WITH_KNOTS('',1,(#2958,#2959),.UNSPECIFIED.,.F.,
  .F.,(2,2),(-8.825,-2.425),.PIECEWISE_BEZIER_KNOTS.);
#2958 = CARTESIAN_POINT('',(0.6,11.25));
#2959 = CARTESIAN_POINT('',(0.6,4.85));
#2960 = ( GEOMETRIC_REPRESENTATION_CONTEXT(2) 
PARAMETRIC_REPRESENTATION_CONTEXT() REPRESENTATION_CONTEXT('2D SPACE',''
  ) );
#2961 = PCURVE('',#2962,#2967);
#2962 = PLANE('',#2963);
#2963 = AXIS2_PLACEMENT_3D('',#2964,#2965,#2966);
#2964 = CARTESIAN_POINT('',(0.6,119.65415428035,4.));
#2965 = DIRECTION('',(-1.,1.040834085586E-16,0.));
#2966 = DIRECTION('',(1.040834085586E-16,1.,0.));
#2967 = DEFINITIONAL_REPRESENTATION('',(#2968),#2971);
#2968 = B_SPLINE_CURVE_WITH_KNOTS('',1,(#2969,#2970),.UNSPECIFIED.,.F.,
  .F.,(2,2),(-8.825,-2.425),.PIECEWISE_BEZIER_KNOTS.);
#2969 = CARTESIAN_POINT('',(6.4,-1.));
#2970 = CARTESIAN_POINT('',(0.,-1.));
#2971 = ( GEOMETRIC_REPRESENTATION_CONTEXT(2) 
PARAMETRIC_REPRESENTATION_CONTEXT() REPRESENTATION_CONTEXT('2D SPACE',''
  ) );
#2972 = ORIENTED_EDGE('',*,*,#2973,.T.);
#2973 = EDGE_CURVE('',#2948,#2887,#2974,.T.);
#2974 = SURFACE_CURVE('',#2975,(#2980,#2991),.PCURVE_S1.);
#2975 = CIRCLE('',#2976,0.6);
#2976 = AXIS2_PLACEMENT_3D('',#2977,#2978,#2979);
#2977 = CARTESIAN_POINT('',(1.376489687768E-16,119.65415428035,5.));
#2978 = DIRECTION('',(0.,0.,-1.));
#2979 = DIRECTION('',(1.110223024625E-16,1.,0.));
#2980 = PCURVE('',#50,#2981);
#2981 = DEFINITIONAL_REPRESENTATION('',(#2982),#2990);
#2982 = ( BOUNDED_CURVE() B_SPLINE_CURVE(2,(#2983,#2984,#2985,#2986,
#2987,#2988,#2989),.UNSPECIFIED.,.T.,.F.) B_SPLINE_CURVE_WITH_KNOTS((1,2
    ,2,2,2,1),(-2.094395102393,0.,2.094395102393,4.188790204786,
6.28318530718,8.377580409573),.UNSPECIFIED.) CURVE() 
GEOMETRIC_REPRESENTATION_ITEM() RATIONAL_B_SPLINE_CURVE((1.,0.5,1.,0.5,
1.,0.5,1.)) REPRESENTATION_ITEM('') );
#2983 = CARTESIAN_POINT('',(1.386913275694E-15,5.45));
#2984 = CARTESIAN_POINT('',(1.039230484541,5.45));
#2985 = CARTESIAN_POINT('',(0.519615242271,4.55));
#2986 = CARTESIAN_POINT('',(1.334030747159E-15,3.65));
#2987 = CARTESIAN_POINT('',(-0.519615242271,4.55));
#2988 = CARTESIAN_POINT('',(-1.039230484541,5.45));
#2989 = CARTESIAN_POINT('',(1.386913275694E-15,5.45));
#2990 = ( GEOMETRIC_REPRESENTATION_CONTEXT(2) 
PARAMETRIC_REPRESENTATION_CONTEXT() REPRESENTATION_CONTEXT('2D SPACE',''
  ) );
#2991 = PCURVE('',#2992,#2997);
#2992 = CYLINDRICAL_SURFACE('',#2993,0.6);
#2993 = AXIS2_PLACEMENT_3D('',#2994,#2995,#2996);
#2994 = CARTESIAN_POINT('',(1.376489687768E-16,119.65415428035,4.));
#2995 = DIRECTION('',(0.,0.,-1.));
#2996 = DIRECTION('',(1.110223024625E-16,1.,0.));
#2997 = DEFINITIONAL_REPRESENTATION('',(#2998),#3002);
#2998 = LINE('',#2999,#3000);
#2999 = CARTESIAN_POINT('',(0.,-1.));
#3000 = VECTOR('',#3001,1.);
#3001 = DIRECTION('',(1.,0.));
#3002 = ( GEOMETRIC_REPRESENTATION_CONTEXT(2) 
PARAMETRIC_REPRESENTATION_CONTEXT() REPRESENTATION_CONTEXT('2D SPACE',''
  ) );
#3003 = FACE_BOUND('',#3004,.F.);
#3004 = EDGE_LOOP('',(#3005,#3040));
#3005 = ORIENTED_EDGE('',*,*,#3006,.T.);
#3006 = EDGE_CURVE('',#3007,#3009,#3011,.T.);
#3007 = VERTEX_POINT('',#3008);
#3008 = CARTESIAN_POINT('',(16.445055678701,121.61591937645,5.));
#3009 = VERTEX_POINT('',#3010);
#3010 = CARTESIAN_POINT('',(11.548494156391,119.58769718492,5.));
#3011 = SURFACE_CURVE('',#3012,(#3017,#3028),.PCURVE_S1.);
#3012 = CIRCLE('',#3013,2.99453125);
#3013 = AXIS2_PLACEMENT_3D('',#3014,#3015,#3016);
#3014 = CARTESIAN_POINT('',(13.463110912256,121.89018716001,5.));
#3015 = DIRECTION('',(0.,0.,-1.));
#3016 = DIRECTION('',(1.,0.,0.));
#3017 = PCURVE('',#50,#3018);
#3018 = DEFINITIONAL_REPRESENTATION('',(#3019),#3027);
#3019 = ( BOUNDED_CURVE() B_SPLINE_CURVE(2,(#3020,#3021,#3022,#3023,
#3024,#3025,#3026),.UNSPECIFIED.,.T.,.F.) B_SPLINE_CURVE_WITH_KNOTS((1,2
    ,2,2,2,1),(-2.094395102393,0.,2.094395102393,4.188790204786,
6.28318530718,8.377580409573),.UNSPECIFIED.) CURVE() 
GEOMETRIC_REPRESENTATION_ITEM() RATIONAL_B_SPLINE_CURVE((1.,0.5,1.,0.5,
1.,0.5,1.)) REPRESENTATION_ITEM('') );
#3020 = CARTESIAN_POINT('',(16.457642162256,7.086032879653));
#3021 = CARTESIAN_POINT('',(16.457642162256,1.899352609801));
#3022 = CARTESIAN_POINT('',(11.965845287256,4.492692744727));
#3023 = CARTESIAN_POINT('',(7.474048412256,7.086032879653));
#3024 = CARTESIAN_POINT('',(11.965845287256,9.67937301458));
#3025 = CARTESIAN_POINT('',(16.457642162256,12.272713149506));
#3026 = CARTESIAN_POINT('',(16.457642162256,7.086032879653));
#3027 = ( GEOMETRIC_REPRESENTATION_CONTEXT(2) 
PARAMETRIC_REPRESENTATION_CONTEXT() REPRESENTATION_CONTEXT('2D SPACE',''
  ) );
#3028 = PCURVE('',#3029,#3034);
#3029 = CYLINDRICAL_SURFACE('',#3030,2.99453125);
#3030 = AXIS2_PLACEMENT_3D('',#3031,#3032,#3033);
#3031 = CARTESIAN_POINT('',(13.463110912256,121.89018716001,4.));
#3032 = DIRECTION('',(-0.,-0.,-1.));
#3033 = DIRECTION('',(1.,0.,0.));
#3034 = DEFINITIONAL_REPRESENTATION('',(#3035),#3039);
#3035 = LINE('',#3036,#3037);
#3036 = CARTESIAN_POINT('',(-6.28318530718,-1.));
#3037 = VECTOR('',#3038,1.);
#3038 = DIRECTION('',(1.,-0.));
#3039 = ( GEOMETRIC_REPRESENTATION_CONTEXT(2) 
PARAMETRIC_REPRESENTATION_CONTEXT() REPRESENTATION_CONTEXT('2D SPACE',''
  ) );
#3040 = ORIENTED_EDGE('',*,*,#3041,.T.);
#3041 = EDGE_CURVE('',#3009,#3007,#3042,.T.);
#3042 = SURFACE_CURVE('',#3043,(#3048,#3059),.PCURVE_S1.);
#3043 = CIRCLE('',#3044,2.99453125);
#3044 = AXIS2_PLACEMENT_3D('',#3045,#3046,#3047);
#3045 = CARTESIAN_POINT('',(14.530438922836,119.31342940136,5.));
#3046 = DIRECTION('',(0.,0.,-1.));
#3047 = DIRECTION('',(1.,0.,0.));
#3048 = PCURVE('',#50,#3049);
#3049 = DEFINITIONAL_REPRESENTATION('',(#3050),#3058);
#3050 = ( BOUNDED_CURVE() B_SPLINE_CURVE(2,(#3051,#3052,#3053,#3054,
#3055,#3056,#3057),.UNSPECIFIED.,.T.,.F.) B_SPLINE_CURVE_WITH_KNOTS((1,2
    ,2,2,2,1),(-2.094395102393,0.,2.094395102393,4.188790204786,
6.28318530718,8.377580409573),.UNSPECIFIED.) CURVE() 
GEOMETRIC_REPRESENTATION_ITEM() RATIONAL_B_SPLINE_CURVE((1.,0.5,1.,0.5,
1.,0.5,1.)) REPRESENTATION_ITEM('') );
#3051 = CARTESIAN_POINT('',(17.524970172836,4.509275121009));
#3052 = CARTESIAN_POINT('',(17.524970172836,-0.677405148844));
#3053 = CARTESIAN_POINT('',(13.033173297836,1.915934986082));
#3054 = CARTESIAN_POINT('',(8.541376422836,4.509275121009));
#3055 = CARTESIAN_POINT('',(13.033173297836,7.102615255935));
#3056 = CARTESIAN_POINT('',(17.524970172836,9.695955390861));
#3057 = CARTESIAN_POINT('',(17.524970172836,4.509275121009));
#3058 = ( GEOMETRIC_REPRESENTATION_CONTEXT(2) 
PARAMETRIC_REPRESENTATION_CONTEXT() REPRESENTATION_CONTEXT('2D SPACE',''
  ) );
#3059 = PCURVE('',#3060,#3065);
#3060 = CYLINDRICAL_SURFACE('',#3061,2.99453125);
#3061 = AXIS2_PLACEMENT_3D('',#3062,#3063,#3064);
#3062 = CARTESIAN_POINT('',(14.530438922836,119.31342940136,4.));
#3063 = DIRECTION('',(-0.,-0.,-1.));
#3064 = DIRECTION('',(1.,0.,0.));
#3065 = DEFINITIONAL_REPRESENTATION('',(#3066),#3070);
#3066 = LINE('',#3067,#3068);
#3067 = CARTESIAN_POINT('',(-6.28318530718,-1.));
#3068 = VECTOR('',#3069,1.);
#3069 = DIRECTION('',(1.,-0.));
#3070 = ( GEOMETRIC_REPRESENTATION_CONTEXT(2) 
PARAMETRIC_REPRESENTATION_CONTEXT() REPRESENTATION_CONTEXT('2D SPACE',''
  ) );
#3071 = FACE_BOUND('',#3072,.F.);
#3072 = EDGE_LOOP('',(#3073,#3108));
#3073 = ORIENTED_EDGE('',*,*,#3074,.T.);
#3074 = EDGE_CURVE('',#3075,#3077,#3079,.T.);
#3075 = VERTEX_POINT('',#3076);
#3076 = CARTESIAN_POINT('',(4.783542904564,126.35264843675,5.));
#3077 = VERTEX_POINT('',#3078);
#3078 = CARTESIAN_POINT('',(6.811765096099,131.24920995906,5.));
#3079 = SURFACE_CURVE('',#3080,(#3085,#3096),.PCURVE_S1.);
#3080 = CIRCLE('',#3081,2.99453125);
#3081 = AXIS2_PLACEMENT_3D('',#3082,#3083,#3084);
#3082 = CARTESIAN_POINT('',(7.086032879653,128.26726519261,5.));
#3083 = DIRECTION('',(0.,0.,-1.));
#3084 = DIRECTION('',(1.,0.,0.));
#3085 = PCURVE('',#50,#3086);
#3086 = DEFINITIONAL_REPRESENTATION('',(#3087),#3095);
#3087 = ( BOUNDED_CURVE() B_SPLINE_CURVE(2,(#3088,#3089,#3090,#3091,
#3092,#3093,#3094),.UNSPECIFIED.,.T.,.F.) B_SPLINE_CURVE_WITH_KNOTS((1,2
    ,2,2,2,1),(-2.094395102393,0.,2.094395102393,4.188790204786,
6.28318530718,8.377580409573),.UNSPECIFIED.) CURVE() 
GEOMETRIC_REPRESENTATION_ITEM() RATIONAL_B_SPLINE_CURVE((1.,0.5,1.,0.5,
1.,0.5,1.)) REPRESENTATION_ITEM('') );
#3088 = CARTESIAN_POINT('',(10.080564129653,13.463110912256));
#3089 = CARTESIAN_POINT('',(10.080564129653,8.276430642403));
#3090 = CARTESIAN_POINT('',(5.588767254653,10.869770777329));
#3091 = CARTESIAN_POINT('',(1.096970379654,13.463110912256));
#3092 = CARTESIAN_POINT('',(5.588767254653,16.056451047182));
#3093 = CARTESIAN_POINT('',(10.080564129653,18.649791182108));
#3094 = CARTESIAN_POINT('',(10.080564129653,13.463110912256));
#3095 = ( GEOMETRIC_REPRESENTATION_CONTEXT(2) 
PARAMETRIC_REPRESENTATION_CONTEXT() REPRESENTATION_CONTEXT('2D SPACE',''
  ) );
#3096 = PCURVE('',#3097,#3102);
#3097 = CYLINDRICAL_SURFACE('',#3098,2.99453125);
#3098 = AXIS2_PLACEMENT_3D('',#3099,#3100,#3101);
#3099 = CARTESIAN_POINT('',(7.086032879653,128.26726519261,4.));
#3100 = DIRECTION('',(-0.,-0.,-1.));
#3101 = DIRECTION('',(1.,0.,0.));
#3102 = DEFINITIONAL_REPRESENTATION('',(#3103),#3107);
#3103 = LINE('',#3104,#3105);
#3104 = CARTESIAN_POINT('',(-6.28318530718,-1.));
#3105 = VECTOR('',#3106,1.);
#3106 = DIRECTION('',(1.,-0.));
#3107 = ( GEOMETRIC_REPRESENTATION_CONTEXT(2) 
PARAMETRIC_REPRESENTATION_CONTEXT() REPRESENTATION_CONTEXT('2D SPACE',''
  ) );
#3108 = ORIENTED_EDGE('',*,*,#3109,.T.);
#3109 = EDGE_CURVE('',#3077,#3075,#3110,.T.);
#3110 = SURFACE_CURVE('',#3111,(#3116,#3127),.PCURVE_S1.);
#3111 = CIRCLE('',#3112,2.99453125);
#3112 = AXIS2_PLACEMENT_3D('',#3113,#3114,#3115);
#3113 = CARTESIAN_POINT('',(4.509275121009,129.33459320319,5.));
#3114 = DIRECTION('',(0.,-0.,-1.));
#3115 = DIRECTION('',(9.158955464394E-02,-0.995796843478,0.));
#3116 = PCURVE('',#50,#3117);
#3117 = DEFINITIONAL_REPRESENTATION('',(#3118),#3126);
#3118 = ( BOUNDED_CURVE() B_SPLINE_CURVE(2,(#3119,#3120,#3121,#3122,
#3123,#3124,#3125),.UNSPECIFIED.,.T.,.F.) B_SPLINE_CURVE_WITH_KNOTS((1,2
    ,2,2,2,1),(-2.094395102393,0.,2.094395102393,4.188790204786,
6.28318530718,8.377580409573),.UNSPECIFIED.) CURVE() 
GEOMETRIC_REPRESENTATION_ITEM() RATIONAL_B_SPLINE_CURVE((1.,0.5,1.,0.5,
1.,0.5,1.)) REPRESENTATION_ITEM('') );
#3119 = CARTESIAN_POINT('',(4.783542904564,11.548494156391));
#3120 = CARTESIAN_POINT('',(-0.381336936284,11.073448420395));
#3121 = CARTESIAN_POINT('',(1.789701308808,15.783888438061));
#3122 = CARTESIAN_POINT('',(3.960739553899,20.494328455727));
#3123 = CARTESIAN_POINT('',(6.954581149655,16.258934174057));
#3124 = CARTESIAN_POINT('',(9.948422745411,12.023539892387));
#3125 = CARTESIAN_POINT('',(4.783542904564,11.548494156391));
#3126 = ( GEOMETRIC_REPRESENTATION_CONTEXT(2) 
PARAMETRIC_REPRESENTATION_CONTEXT() REPRESENTATION_CONTEXT('2D SPACE',''
  ) );
#3127 = PCURVE('',#3128,#3133);
#3128 = CYLINDRICAL_SURFACE('',#3129,2.99453125);
#3129 = AXIS2_PLACEMENT_3D('',#3130,#3131,#3132);
#3130 = CARTESIAN_POINT('',(4.509275121009,129.33459320319,4.));
#3131 = DIRECTION('',(0.,-0.,-1.));
#3132 = DIRECTION('',(9.158955464394E-02,-0.995796843478,0.));
#3133 = DEFINITIONAL_REPRESENTATION('',(#3134),#3138);
#3134 = LINE('',#3135,#3136);
#3135 = CARTESIAN_POINT('',(-6.28318530718,-1.));
#3136 = VECTOR('',#3137,1.);
#3137 = DIRECTION('',(1.,-0.));
#3138 = ( GEOMETRIC_REPRESENTATION_CONTEXT(2) 
PARAMETRIC_REPRESENTATION_CONTEXT() REPRESENTATION_CONTEXT('2D SPACE',''
  ) );
#3139 = FACE_BOUND('',#3140,.F.);
#3140 = EDGE_LOOP('',(#3141,#3172,#3201,#3230));
#3141 = ORIENTED_EDGE('',*,*,#3142,.T.);
#3142 = EDGE_CURVE('',#3143,#3145,#3147,.T.);
#3143 = VERTEX_POINT('',#3144);
#3144 = CARTESIAN_POINT('',(17.178012427029,125.04700003028,5.));
#3145 = VERTEX_POINT('',#3146);
#3146 = CARTESIAN_POINT('',(43.895126108195,143.60463871978,5.));
#3147 = SURFACE_CURVE('',#3148,(#3153,#3160),.PCURVE_S1.);
#3148 = CIRCLE('',#3149,154.0625);
#3149 = AXIS2_PLACEMENT_3D('',#3150,#3151,#3152);
#3150 = CARTESIAN_POINT('',(-56.86192379003,260.15192870138,5.));
#3151 = DIRECTION('',(0.,0.,1.));
#3152 = DIRECTION('',(1.,0.,0.));
#3153 = PCURVE('',#50,#3154);
#3154 = DEFINITIONAL_REPRESENTATION('',(#3155),#3159);
#3155 = CIRCLE('',#3156,154.0625);
#3156 = AXIS2_PLACEMENT_2D('',#3157,#3158);
#3157 = CARTESIAN_POINT('',(-56.86192379003,145.34777442102));
#3158 = DIRECTION('',(1.,0.));
#3159 = ( GEOMETRIC_REPRESENTATION_CONTEXT(2) 
PARAMETRIC_REPRESENTATION_CONTEXT() REPRESENTATION_CONTEXT('2D SPACE',''
  ) );
#3160 = PCURVE('',#3161,#3166);
#3161 = CYLINDRICAL_SURFACE('',#3162,154.0625);
#3162 = AXIS2_PLACEMENT_3D('',#3163,#3164,#3165);
#3163 = CARTESIAN_POINT('',(-56.86192379003,260.15192870138,5.));
#3164 = DIRECTION('',(-0.,-0.,-1.));
#3165 = DIRECTION('',(1.,0.,0.));
#3166 = DEFINITIONAL_REPRESENTATION('',(#3167),#3171);
#3167 = LINE('',#3168,#3169);
#3168 = CARTESIAN_POINT('',(-0.,0.));
#3169 = VECTOR('',#3170,1.);
#3170 = DIRECTION('',(-1.,0.));
#3171 = ( GEOMETRIC_REPRESENTATION_CONTEXT(2) 
PARAMETRIC_REPRESENTATION_CONTEXT() REPRESENTATION_CONTEXT('2D SPACE',''
  ) );
#3172 = ORIENTED_EDGE('',*,*,#3173,.F.);
#3173 = EDGE_CURVE('',#3174,#3145,#3176,.T.);
#3174 = VERTEX_POINT('',#3175);
#3175 = CARTESIAN_POINT('',(49.719629546728,131.66263694446,5.));
#3176 = SURFACE_CURVE('',#3177,(#3182,#3189),.PCURVE_S1.);
#3177 = CIRCLE('',#3178,52.5);
#3178 = AXIS2_PLACEMENT_3D('',#3179,#3180,#3181);
#3179 = CARTESIAN_POINT('',(0.,114.80415428035,5.));
#3180 = DIRECTION('',(0.,0.,1.));
#3181 = DIRECTION('',(1.,0.,0.));
#3182 = PCURVE('',#50,#3183);
#3183 = DEFINITIONAL_REPRESENTATION('',(#3184),#3188);
#3184 = CIRCLE('',#3185,52.5);
#3185 = AXIS2_PLACEMENT_2D('',#3186,#3187);
#3186 = CARTESIAN_POINT('',(1.18265092544E-15,0.));
#3187 = DIRECTION('',(1.,0.));
#3188 = ( GEOMETRIC_REPRESENTATION_CONTEXT(2) 
PARAMETRIC_REPRESENTATION_CONTEXT() REPRESENTATION_CONTEXT('2D SPACE',''
  ) );
#3189 = PCURVE('',#3190,#3195);
#3190 = CYLINDRICAL_SURFACE('',#3191,52.5);
#3191 = AXIS2_PLACEMENT_3D('',#3192,#3193,#3194);
#3192 = CARTESIAN_POINT('',(0.,114.80415428035,5.));
#3193 = DIRECTION('',(-0.,-0.,-1.));
#3194 = DIRECTION('',(1.,0.,0.));
#3195 = DEFINITIONAL_REPRESENTATION('',(#3196),#3200);
#3196 = LINE('',#3197,#3198);
#3197 = CARTESIAN_POINT('',(-0.,0.));
#3198 = VECTOR('',#3199,1.);
#3199 = DIRECTION('',(-1.,0.));
#3200 = ( GEOMETRIC_REPRESENTATION_CONTEXT(2) 
PARAMETRIC_REPRESENTATION_CONTEXT() REPRESENTATION_CONTEXT('2D SPACE',''
  ) );
#3201 = ORIENTED_EDGE('',*,*,#3202,.T.);
#3202 = EDGE_CURVE('',#3174,#3203,#3205,.T.);
#3203 = VERTEX_POINT('',#3204);
#3204 = CARTESIAN_POINT('',(18.647313072466,122.03448727251,5.));
#3205 = SURFACE_CURVE('',#3206,(#3211,#3218),.PCURVE_S1.);
#3206 = CIRCLE('',#3207,154.0625);
#3207 = AXIS2_PLACEMENT_3D('',#3208,#3209,#3210);
#3208 = CARTESIAN_POINT('',(79.527913366147,-19.4886783723,5.));
#3209 = DIRECTION('',(0.,0.,1.));
#3210 = DIRECTION('',(1.,0.,0.));
#3211 = PCURVE('',#50,#3212);
#3212 = DEFINITIONAL_REPRESENTATION('',(#3213),#3217);
#3213 = CIRCLE('',#3214,154.0625);
#3214 = AXIS2_PLACEMENT_2D('',#3215,#3216);
#3215 = CARTESIAN_POINT('',(79.527913366147,-134.2928326526));
#3216 = DIRECTION('',(1.,0.));
#3217 = ( GEOMETRIC_REPRESENTATION_CONTEXT(2) 
PARAMETRIC_REPRESENTATION_CONTEXT() REPRESENTATION_CONTEXT('2D SPACE',''
  ) );
#3218 = PCURVE('',#3219,#3224);
#3219 = CYLINDRICAL_SURFACE('',#3220,154.0625);
#3220 = AXIS2_PLACEMENT_3D('',#3221,#3222,#3223);
#3221 = CARTESIAN_POINT('',(79.527913366147,-19.4886783723,5.));
#3222 = DIRECTION('',(-0.,-0.,-1.));
#3223 = DIRECTION('',(1.,0.,0.));
#3224 = DEFINITIONAL_REPRESENTATION('',(#3225),#3229);
#3225 = LINE('',#3226,#3227);
#3226 = CARTESIAN_POINT('',(-0.,0.));
#3227 = VECTOR('',#3228,1.);
#3228 = DIRECTION('',(-1.,0.));
#3229 = ( GEOMETRIC_REPRESENTATION_CONTEXT(2) 
PARAMETRIC_REPRESENTATION_CONTEXT() REPRESENTATION_CONTEXT('2D SPACE',''
  ) );
#3230 = ORIENTED_EDGE('',*,*,#3231,.T.);
#3231 = EDGE_CURVE('',#3203,#3143,#3232,.T.);
#3232 = SURFACE_CURVE('',#3233,(#3238,#3245),.PCURVE_S1.);
#3233 = CIRCLE('',#3234,20.);
#3234 = AXIS2_PLACEMENT_3D('',#3235,#3236,#3237);
#3235 = CARTESIAN_POINT('',(0.,114.80415428035,5.));
#3236 = DIRECTION('',(0.,0.,1.));
#3237 = DIRECTION('',(1.,0.,0.));
#3238 = PCURVE('',#50,#3239);
#3239 = DEFINITIONAL_REPRESENTATION('',(#3240),#3244);
#3240 = CIRCLE('',#3241,20.);
#3241 = AXIS2_PLACEMENT_2D('',#3242,#3243);
#3242 = CARTESIAN_POINT('',(1.18265092544E-15,0.));
#3243 = DIRECTION('',(1.,0.));
#3244 = ( GEOMETRIC_REPRESENTATION_CONTEXT(2) 
PARAMETRIC_REPRESENTATION_CONTEXT() REPRESENTATION_CONTEXT('2D SPACE',''
  ) );
#3245 = PCURVE('',#3246,#3251);
#3246 = CYLINDRICAL_SURFACE('',#3247,20.);
#3247 = AXIS2_PLACEMENT_3D('',#3248,#3249,#3250);
#3248 = CARTESIAN_POINT('',(0.,114.80415428035,5.));
#3249 = DIRECTION('',(-0.,-0.,-1.));
#3250 = DIRECTION('',(1.,0.,0.));
#3251 = DEFINITIONAL_REPRESENTATION('',(#3252),#3256);
#3252 = LINE('',#3253,#3254);
#3253 = CARTESIAN_POINT('',(-0.,0.));
#3254 = VECTOR('',#3255,1.);
#3255 = DIRECTION('',(-1.,0.));
#3256 = ( GEOMETRIC_REPRESENTATION_CONTEXT(2) 
PARAMETRIC_REPRESENTATION_CONTEXT() REPRESENTATION_CONTEXT('2D SPACE',''
  ) );
#3257 = FACE_BOUND('',#3258,.F.);
#3258 = EDGE_LOOP('',(#3259,#3290,#3319,#3348));
#3259 = ORIENTED_EDGE('',*,*,#3260,.T.);
#3260 = EDGE_CURVE('',#3261,#3263,#3265,.T.);
#3261 = VERTEX_POINT('',#3262);
#3262 = CARTESIAN_POINT('',(11.982325610174,130.81739483222,5.));
#3263 = VERTEX_POINT('',#3264);
#3264 = CARTESIAN_POINT('',(3.882416054116,134.42370691498,5.));
#3265 = SURFACE_CURVE('',#3266,(#3271,#3278),.PCURVE_S1.);
#3266 = CIRCLE('',#3267,20.);
#3267 = AXIS2_PLACEMENT_3D('',#3268,#3269,#3270);
#3268 = CARTESIAN_POINT('',(0.,114.80415428035,5.));
#3269 = DIRECTION('',(0.,0.,1.));
#3270 = DIRECTION('',(1.,0.,0.));
#3271 = PCURVE('',#50,#3272);
#3272 = DEFINITIONAL_REPRESENTATION('',(#3273),#3277);
#3273 = CIRCLE('',#3274,20.);
#3274 = AXIS2_PLACEMENT_2D('',#3275,#3276);
#3275 = CARTESIAN_POINT('',(1.18265092544E-15,0.));
#3276 = DIRECTION('',(1.,0.));
#3277 = ( GEOMETRIC_REPRESENTATION_CONTEXT(2) 
PARAMETRIC_REPRESENTATION_CONTEXT() REPRESENTATION_CONTEXT('2D SPACE',''
  ) );
#3278 = PCURVE('',#3279,#3284);
#3279 = CYLINDRICAL_SURFACE('',#3280,20.);
#3280 = AXIS2_PLACEMENT_3D('',#3281,#3282,#3283);
#3281 = CARTESIAN_POINT('',(0.,114.80415428035,5.));
#3282 = DIRECTION('',(-0.,-0.,-1.));
#3283 = DIRECTION('',(1.,0.,0.));
#3284 = DEFINITIONAL_REPRESENTATION('',(#3285),#3289);
#3285 = LINE('',#3286,#3287);
#3286 = CARTESIAN_POINT('',(-0.,0.));
#3287 = VECTOR('',#3288,1.);
#3288 = DIRECTION('',(-1.,0.));
#3289 = ( GEOMETRIC_REPRESENTATION_CONTEXT(2) 
PARAMETRIC_REPRESENTATION_CONTEXT() REPRESENTATION_CONTEXT('2D SPACE',''
  ) );
#3290 = ORIENTED_EDGE('',*,*,#3291,.T.);
#3291 = EDGE_CURVE('',#3263,#3292,#3294,.T.);
#3292 = VERTEX_POINT('',#3293);
#3293 = CARTESIAN_POINT('',(7.968641366572,166.69587572772,5.));
#3294 = SURFACE_CURVE('',#3295,(#3300,#3307),.PCURVE_S1.);
#3295 = CIRCLE('',#3296,154.0625);
#3296 = AXIS2_PLACEMENT_3D('',#3297,#3298,#3299);
#3297 = CARTESIAN_POINT('',(-146.0625,169.80415428035,5.));
#3298 = DIRECTION('',(-0.,0.,1.));
#3299 = DIRECTION('',(0.948073022312,-0.318052738337,0.));
#3300 = PCURVE('',#50,#3301);
#3301 = DEFINITIONAL_REPRESENTATION('',(#3302),#3306);
#3302 = CIRCLE('',#3303,154.0625);
#3303 = AXIS2_PLACEMENT_2D('',#3304,#3305);
#3304 = CARTESIAN_POINT('',(-146.0625,55.));
#3305 = DIRECTION('',(0.948073022312,-0.318052738337));
#3306 = ( GEOMETRIC_REPRESENTATION_CONTEXT(2) 
PARAMETRIC_REPRESENTATION_CONTEXT() REPRESENTATION_CONTEXT('2D SPACE',''
  ) );
#3307 = PCURVE('',#3308,#3313);
#3308 = CYLINDRICAL_SURFACE('',#3309,154.0625);
#3309 = AXIS2_PLACEMENT_3D('',#3310,#3311,#3312);
#3310 = CARTESIAN_POINT('',(-146.0625,169.80415428035,5.));
#3311 = DIRECTION('',(0.,-0.,-1.));
#3312 = DIRECTION('',(0.948073022312,-0.318052738337,0.));
#3313 = DEFINITIONAL_REPRESENTATION('',(#3314),#3318);
#3314 = LINE('',#3315,#3316);
#3315 = CARTESIAN_POINT('',(-0.,0.));
#3316 = VECTOR('',#3317,1.);
#3317 = DIRECTION('',(-1.,0.));
#3318 = ( GEOMETRIC_REPRESENTATION_CONTEXT(2) 
PARAMETRIC_REPRESENTATION_CONTEXT() REPRESENTATION_CONTEXT('2D SPACE',''
  ) );
#3319 = ORIENTED_EDGE('',*,*,#3320,.F.);
#3320 = EDGE_CURVE('',#3321,#3292,#3323,.T.);
#3321 = VERTEX_POINT('',#3322);
#3322 = CARTESIAN_POINT('',(33.231002449252,155.44834791509,5.));
#3323 = SURFACE_CURVE('',#3324,(#3329,#3336),.PCURVE_S1.);
#3324 = CIRCLE('',#3325,52.5);
#3325 = AXIS2_PLACEMENT_3D('',#3326,#3327,#3328);
#3326 = CARTESIAN_POINT('',(0.,114.80415428035,5.));
#3327 = DIRECTION('',(0.,0.,1.));
#3328 = DIRECTION('',(1.,0.,0.));
#3329 = PCURVE('',#50,#3330);
#3330 = DEFINITIONAL_REPRESENTATION('',(#3331),#3335);
#3331 = CIRCLE('',#3332,52.5);
#3332 = AXIS2_PLACEMENT_2D('',#3333,#3334);
#3333 = CARTESIAN_POINT('',(1.18265092544E-15,0.));
#3334 = DIRECTION('',(1.,0.));
#3335 = ( GEOMETRIC_REPRESENTATION_CONTEXT(2) 
PARAMETRIC_REPRESENTATION_CONTEXT() REPRESENTATION_CONTEXT('2D SPACE',''
  ) );
#3336 = PCURVE('',#3337,#3342);
#3337 = CYLINDRICAL_SURFACE('',#3338,52.5);
#3338 = AXIS2_PLACEMENT_3D('',#3339,#3340,#3341);
#3339 = CARTESIAN_POINT('',(0.,114.80415428035,5.));
#3340 = DIRECTION('',(-0.,-0.,-1.));
#3341 = DIRECTION('',(1.,0.,0.));
#3342 = DEFINITIONAL_REPRESENTATION('',(#3343),#3347);
#3343 = LINE('',#3344,#3345);
#3344 = CARTESIAN_POINT('',(-0.,0.));
#3345 = VECTOR('',#3346,1.);
#3346 = DIRECTION('',(-1.,0.));
#3347 = ( GEOMETRIC_REPRESENTATION_CONTEXT(2) 
PARAMETRIC_REPRESENTATION_CONTEXT() REPRESENTATION_CONTEXT('2D SPACE',''
  ) );
#3348 = ORIENTED_EDGE('',*,*,#3349,.T.);
#3349 = EDGE_CURVE('',#3321,#3261,#3350,.T.);
#3350 = SURFACE_CURVE('',#3351,(#3356,#3363),.PCURVE_S1.);
#3351 = CIRCLE('',#3352,154.0625);
#3352 = AXIS2_PLACEMENT_3D('',#3353,#3354,#3355);
#3353 = CARTESIAN_POINT('',(138.60785459254,43.060746558804,5.));
#3354 = DIRECTION('',(0.,0.,1.));
#3355 = DIRECTION('',(1.,0.,0.));
#3356 = PCURVE('',#50,#3357);
#3357 = DEFINITIONAL_REPRESENTATION('',(#3358),#3362);
#3358 = CIRCLE('',#3359,154.0625);
#3359 = AXIS2_PLACEMENT_2D('',#3360,#3361);
#3360 = CARTESIAN_POINT('',(138.60785459254,-71.74340772155));
#3361 = DIRECTION('',(1.,0.));
#3362 = ( GEOMETRIC_REPRESENTATION_CONTEXT(2) 
PARAMETRIC_REPRESENTATION_CONTEXT() REPRESENTATION_CONTEXT('2D SPACE',''
  ) );
#3363 = PCURVE('',#3364,#3369);
#3364 = CYLINDRICAL_SURFACE('',#3365,154.0625);
#3365 = AXIS2_PLACEMENT_3D('',#3366,#3367,#3368);
#3366 = CARTESIAN_POINT('',(138.60785459254,43.060746558804,5.));
#3367 = DIRECTION('',(-0.,-0.,-1.));
#3368 = DIRECTION('',(1.,0.,0.));
#3369 = DEFINITIONAL_REPRESENTATION('',(#3370),#3374);
#3370 = LINE('',#3371,#3372);
#3371 = CARTESIAN_POINT('',(-0.,0.));
#3372 = VECTOR('',#3373,1.);
#3373 = DIRECTION('',(-1.,0.));
#3374 = ( GEOMETRIC_REPRESENTATION_CONTEXT(2) 
PARAMETRIC_REPRESENTATION_CONTEXT() REPRESENTATION_CONTEXT('2D SPACE',''
  ) );
#3375 = FACE_BOUND('',#3376,.F.);
#3376 = EDGE_LOOP('',(#3377,#3408,#3432,#3461));
#3377 = ORIENTED_EDGE('',*,*,#3378,.T.);
#3378 = EDGE_CURVE('',#3379,#3381,#3383,.T.);
#3379 = VERTEX_POINT('',#3380);
#3380 = CARTESIAN_POINT('',(-54.69033482934,132.55851363951,5.));
#3381 = VERTEX_POINT('',#3382);
#3382 = CARTESIAN_POINT('',(-90.86199873491,134.15634242271,5.));
#3383 = SURFACE_CURVE('',#3384,(#3389,#3396),.PCURVE_S1.);
#3384 = CIRCLE('',#3385,154.0625);
#3385 = AXIS2_PLACEMENT_3D('',#3386,#3387,#3388);
#3386 = CARTESIAN_POINT('',(-79.52791336614,-19.4886783723,5.));
#3387 = DIRECTION('',(0.,0.,1.));
#3388 = DIRECTION('',(1.,0.,0.));
#3389 = PCURVE('',#50,#3390);
#3390 = DEFINITIONAL_REPRESENTATION('',(#3391),#3395);
#3391 = CIRCLE('',#3392,154.0625);
#3392 = AXIS2_PLACEMENT_2D('',#3393,#3394);
#3393 = CARTESIAN_POINT('',(-79.52791336614,-134.2928326526));
#3394 = DIRECTION('',(1.,0.));
#3395 = ( GEOMETRIC_REPRESENTATION_CONTEXT(2) 
PARAMETRIC_REPRESENTATION_CONTEXT() REPRESENTATION_CONTEXT('2D SPACE',''
  ) );
#3396 = PCURVE('',#3397,#3402);
#3397 = CYLINDRICAL_SURFACE('',#3398,154.0625);
#3398 = AXIS2_PLACEMENT_3D('',#3399,#3400,#3401);
#3399 = CARTESIAN_POINT('',(-79.52791336614,-19.4886783723,5.));
#3400 = DIRECTION('',(-0.,-0.,-1.));
#3401 = DIRECTION('',(1.,0.,0.));
#3402 = DEFINITIONAL_REPRESENTATION('',(#3403),#3407);
#3403 = LINE('',#3404,#3405);
#3404 = CARTESIAN_POINT('',(-0.,0.));
#3405 = VECTOR('',#3406,1.);
#3406 = DIRECTION('',(-1.,0.));
#3407 = ( GEOMETRIC_REPRESENTATION_CONTEXT(2) 
PARAMETRIC_REPRESENTATION_CONTEXT() REPRESENTATION_CONTEXT('2D SPACE',''
  ) );
#3408 = ORIENTED_EDGE('',*,*,#3409,.F.);
#3409 = EDGE_CURVE('',#3410,#3381,#3412,.T.);
#3410 = VERTEX_POINT('',#3411);
#3411 = CARTESIAN_POINT('',(-71.18996455417,174.48998967516,5.));
#3412 = SURFACE_CURVE('',#3413,(#3418,#3425),.PCURVE_S1.);
#3413 = CIRCLE('',#3414,92.9);
#3414 = AXIS2_PLACEMENT_3D('',#3415,#3416,#3417);
#3415 = CARTESIAN_POINT('',(0.,114.80415428035,5.));
#3416 = DIRECTION('',(0.,0.,1.));
#3417 = DIRECTION('',(1.,0.,0.));
#3418 = PCURVE('',#50,#3419);
#3419 = DEFINITIONAL_REPRESENTATION('',(#3420),#3424);
#3420 = CIRCLE('',#3421,92.9);
#3421 = AXIS2_PLACEMENT_2D('',#3422,#3423);
#3422 = CARTESIAN_POINT('',(1.18265092544E-15,0.));
#3423 = DIRECTION('',(1.,0.));
#3424 = ( GEOMETRIC_REPRESENTATION_CONTEXT(2) 
PARAMETRIC_REPRESENTATION_CONTEXT() REPRESENTATION_CONTEXT('2D SPACE',''
  ) );
#3425 = PCURVE('',#149,#3426);
#3426 = DEFINITIONAL_REPRESENTATION('',(#3427),#3431);
#3427 = LINE('',#3428,#3429);
#3428 = CARTESIAN_POINT('',(-0.,0.));
#3429 = VECTOR('',#3430,1.);
#3430 = DIRECTION('',(-1.,0.));
#3431 = ( GEOMETRIC_REPRESENTATION_CONTEXT(2) 
PARAMETRIC_REPRESENTATION_CONTEXT() REPRESENTATION_CONTEXT('2D SPACE',''
  ) );
#3432 = ORIENTED_EDGE('',*,*,#3433,.T.);
#3433 = EDGE_CURVE('',#3410,#3434,#3436,.T.);
#3434 = VERTEX_POINT('',#3435);
#3435 = CARTESIAN_POINT('',(-47.6613583255,146.97005116771,5.));
#3436 = SURFACE_CURVE('',#3437,(#3442,#3449),.PCURVE_S1.);
#3437 = CIRCLE('',#3438,154.0625);
#3438 = AXIS2_PLACEMENT_3D('',#3439,#3440,#3441);
#3439 = CARTESIAN_POINT('',(56.861923790034,260.15192870138,5.));
#3440 = DIRECTION('',(0.,0.,1.));
#3441 = DIRECTION('',(1.,0.,0.));
#3442 = PCURVE('',#50,#3443);
#3443 = DEFINITIONAL_REPRESENTATION('',(#3444),#3448);
#3444 = CIRCLE('',#3445,154.0625);
#3445 = AXIS2_PLACEMENT_2D('',#3446,#3447);
#3446 = CARTESIAN_POINT('',(56.861923790034,145.34777442102));
#3447 = DIRECTION('',(1.,0.));
#3448 = ( GEOMETRIC_REPRESENTATION_CONTEXT(2) 
PARAMETRIC_REPRESENTATION_CONTEXT() REPRESENTATION_CONTEXT('2D SPACE',''
  ) );
#3449 = PCURVE('',#3450,#3455);
#3450 = CYLINDRICAL_SURFACE('',#3451,154.0625);
#3451 = AXIS2_PLACEMENT_3D('',#3452,#3453,#3454);
#3452 = CARTESIAN_POINT('',(56.861923790034,260.15192870138,5.));
#3453 = DIRECTION('',(-0.,-0.,-1.));
#3454 = DIRECTION('',(1.,0.,0.));
#3455 = DEFINITIONAL_REPRESENTATION('',(#3456),#3460);
#3456 = LINE('',#3457,#3458);
#3457 = CARTESIAN_POINT('',(-0.,0.));
#3458 = VECTOR('',#3459,1.);
#3459 = DIRECTION('',(-1.,0.));
#3460 = ( GEOMETRIC_REPRESENTATION_CONTEXT(2) 
PARAMETRIC_REPRESENTATION_CONTEXT() REPRESENTATION_CONTEXT('2D SPACE',''
  ) );
#3461 = ORIENTED_EDGE('',*,*,#3462,.T.);
#3462 = EDGE_CURVE('',#3434,#3379,#3463,.T.);
#3463 = SURFACE_CURVE('',#3464,(#3469,#3476),.PCURVE_S1.);
#3464 = CIRCLE('',#3465,57.5);
#3465 = AXIS2_PLACEMENT_3D('',#3466,#3467,#3468);
#3466 = CARTESIAN_POINT('',(0.,114.80415428035,5.));
#3467 = DIRECTION('',(0.,0.,1.));
#3468 = DIRECTION('',(1.,0.,0.));
#3469 = PCURVE('',#50,#3470);
#3470 = DEFINITIONAL_REPRESENTATION('',(#3471),#3475);
#3471 = CIRCLE('',#3472,57.5);
#3472 = AXIS2_PLACEMENT_2D('',#3473,#3474);
#3473 = CARTESIAN_POINT('',(1.18265092544E-15,0.));
#3474 = DIRECTION('',(1.,0.));
#3475 = ( GEOMETRIC_REPRESENTATION_CONTEXT(2) 
PARAMETRIC_REPRESENTATION_CONTEXT() REPRESENTATION_CONTEXT('2D SPACE',''
  ) );
#3476 = PCURVE('',#3477,#3482);
#3477 = CYLINDRICAL_SURFACE('',#3478,57.5);
#3478 = AXIS2_PLACEMENT_3D('',#3479,#3480,#3481);
#3479 = CARTESIAN_POINT('',(0.,114.80415428035,5.));
#3480 = DIRECTION('',(-0.,-0.,-1.));
#3481 = DIRECTION('',(1.,0.,0.));
#3482 = DEFINITIONAL_REPRESENTATION('',(#3483),#3487);
#3483 = LINE('',#3484,#3485);
#3484 = CARTESIAN_POINT('',(-0.,0.));
#3485 = VECTOR('',#3486,1.);
#3486 = DIRECTION('',(-1.,0.));
#3487 = ( GEOMETRIC_REPRESENTATION_CONTEXT(2) 
PARAMETRIC_REPRESENTATION_CONTEXT() REPRESENTATION_CONTEXT('2D SPACE',''
  ) );
#3488 = FACE_BOUND('',#3489,.F.);
#3489 = EDGE_LOOP('',(#3490,#3521,#3545,#3574));
#3490 = ORIENTED_EDGE('',*,*,#3491,.T.);
#3491 = EDGE_CURVE('',#3492,#3494,#3496,.T.);
#3492 = VERTEX_POINT('',#3493);
#3493 = CARTESIAN_POINT('',(-36.97165728165,158.8421669268,5.));
#3494 = VERTEX_POINT('',#3495);
#3495 = CARTESIAN_POINT('',(-66.8002477384,179.3652641073,5.));
#3496 = SURFACE_CURVE('',#3497,(#3502,#3509),.PCURVE_S1.);
#3497 = CIRCLE('',#3498,154.0625);
#3498 = AXIS2_PLACEMENT_3D('',#3499,#3500,#3501);
#3499 = CARTESIAN_POINT('',(-138.6078545925,43.060746558804,5.));
#3500 = DIRECTION('',(0.,0.,1.));
#3501 = DIRECTION('',(1.,0.,0.));
#3502 = PCURVE('',#50,#3503);
#3503 = DEFINITIONAL_REPRESENTATION('',(#3504),#3508);
#3504 = CIRCLE('',#3505,154.0625);
#3505 = AXIS2_PLACEMENT_2D('',#3506,#3507);
#3506 = CARTESIAN_POINT('',(-138.6078545925,-71.74340772155));
#3507 = DIRECTION('',(1.,0.));
#3508 = ( GEOMETRIC_REPRESENTATION_CONTEXT(2) 
PARAMETRIC_REPRESENTATION_CONTEXT() REPRESENTATION_CONTEXT('2D SPACE',''
  ) );
#3509 = PCURVE('',#3510,#3515);
#3510 = CYLINDRICAL_SURFACE('',#3511,154.0625);
#3511 = AXIS2_PLACEMENT_3D('',#3512,#3513,#3514);
#3512 = CARTESIAN_POINT('',(-138.6078545925,43.060746558804,5.));
#3513 = DIRECTION('',(-0.,-0.,-1.));
#3514 = DIRECTION('',(1.,0.,0.));
#3515 = DEFINITIONAL_REPRESENTATION('',(#3516),#3520);
#3516 = LINE('',#3517,#3518);
#3517 = CARTESIAN_POINT('',(-0.,0.));
#3518 = VECTOR('',#3519,1.);
#3519 = DIRECTION('',(-1.,0.));
#3520 = ( GEOMETRIC_REPRESENTATION_CONTEXT(2) 
PARAMETRIC_REPRESENTATION_CONTEXT() REPRESENTATION_CONTEXT('2D SPACE',''
  ) );
#3521 = ORIENTED_EDGE('',*,*,#3522,.F.);
#3522 = EDGE_CURVE('',#3523,#3494,#3525,.T.);
#3523 = VERTEX_POINT('',#3524);
#3524 = CARTESIAN_POINT('',(-3.280164420857,207.64622729347,5.));
#3525 = SURFACE_CURVE('',#3526,(#3531,#3538),.PCURVE_S1.);
#3526 = CIRCLE('',#3527,92.9);
#3527 = AXIS2_PLACEMENT_3D('',#3528,#3529,#3530);
#3528 = CARTESIAN_POINT('',(0.,114.80415428035,5.));
#3529 = DIRECTION('',(0.,0.,1.));
#3530 = DIRECTION('',(1.,0.,0.));
#3531 = PCURVE('',#50,#3532);
#3532 = DEFINITIONAL_REPRESENTATION('',(#3533),#3537);
#3533 = CIRCLE('',#3534,92.9);
#3534 = AXIS2_PLACEMENT_2D('',#3535,#3536);
#3535 = CARTESIAN_POINT('',(1.18265092544E-15,0.));
#3536 = DIRECTION('',(1.,0.));
#3537 = ( GEOMETRIC_REPRESENTATION_CONTEXT(2) 
PARAMETRIC_REPRESENTATION_CONTEXT() REPRESENTATION_CONTEXT('2D SPACE',''
  ) );
#3538 = PCURVE('',#149,#3539);
#3539 = DEFINITIONAL_REPRESENTATION('',(#3540),#3544);
#3540 = LINE('',#3541,#3542);
#3541 = CARTESIAN_POINT('',(-0.,0.));
#3542 = VECTOR('',#3543,1.);
#3543 = DIRECTION('',(-1.,0.));
#3544 = ( GEOMETRIC_REPRESENTATION_CONTEXT(2) 
PARAMETRIC_REPRESENTATION_CONTEXT() REPRESENTATION_CONTEXT('2D SPACE',''
  ) );
#3545 = ORIENTED_EDGE('',*,*,#3546,.T.);
#3546 = EDGE_CURVE('',#3523,#3547,#3549,.T.);
#3547 = VERTEX_POINT('',#3548);
#3548 = CARTESIAN_POINT('',(-7.987753767546,171.74663218349,5.));
#3549 = SURFACE_CURVE('',#3550,(#3555,#3562),.PCURVE_S1.);
#3550 = CIRCLE('',#3551,154.0625);
#3551 = AXIS2_PLACEMENT_3D('',#3552,#3553,#3554);
#3552 = CARTESIAN_POINT('',(146.0625,169.80415428035,5.));
#3553 = DIRECTION('',(0.,0.,1.));
#3554 = DIRECTION('',(1.,0.,0.));
#3555 = PCURVE('',#50,#3556);
#3556 = DEFINITIONAL_REPRESENTATION('',(#3557),#3561);
#3557 = CIRCLE('',#3558,154.0625);
#3558 = AXIS2_PLACEMENT_2D('',#3559,#3560);
#3559 = CARTESIAN_POINT('',(146.0625,55.));
#3560 = DIRECTION('',(1.,0.));
#3561 = ( GEOMETRIC_REPRESENTATION_CONTEXT(2) 
PARAMETRIC_REPRESENTATION_CONTEXT() REPRESENTATION_CONTEXT('2D SPACE',''
  ) );
#3562 = PCURVE('',#3563,#3568);
#3563 = CYLINDRICAL_SURFACE('',#3564,154.0625);
#3564 = AXIS2_PLACEMENT_3D('',#3565,#3566,#3567);
#3565 = CARTESIAN_POINT('',(146.0625,169.80415428035,5.));
#3566 = DIRECTION('',(-0.,-0.,-1.));
#3567 = DIRECTION('',(1.,0.,0.));
#3568 = DEFINITIONAL_REPRESENTATION('',(#3569),#3573);
#3569 = LINE('',#3570,#3571);
#3570 = CARTESIAN_POINT('',(-0.,0.));
#3571 = VECTOR('',#3572,1.);
#3572 = DIRECTION('',(-1.,0.));
#3573 = ( GEOMETRIC_REPRESENTATION_CONTEXT(2) 
PARAMETRIC_REPRESENTATION_CONTEXT() REPRESENTATION_CONTEXT('2D SPACE',''
  ) );
#3574 = ORIENTED_EDGE('',*,*,#3575,.T.);
#3575 = EDGE_CURVE('',#3547,#3492,#3576,.T.);
#3576 = SURFACE_CURVE('',#3577,(#3582,#3589),.PCURVE_S1.);
#3577 = CIRCLE('',#3578,57.5);
#3578 = AXIS2_PLACEMENT_3D('',#3579,#3580,#3581);
#3579 = CARTESIAN_POINT('',(0.,114.80415428035,5.));
#3580 = DIRECTION('',(0.,0.,1.));
#3581 = DIRECTION('',(1.,0.,0.));
#3582 = PCURVE('',#50,#3583);
#3583 = DEFINITIONAL_REPRESENTATION('',(#3584),#3588);
#3584 = CIRCLE('',#3585,57.5);
#3585 = AXIS2_PLACEMENT_2D('',#3586,#3587);
#3586 = CARTESIAN_POINT('',(1.18265092544E-15,0.));
#3587 = DIRECTION('',(1.,0.));
#3588 = ( GEOMETRIC_REPRESENTATION_CONTEXT(2) 
PARAMETRIC_REPRESENTATION_CONTEXT() REPRESENTATION_CONTEXT('2D SPACE',''
  ) );
#3589 = PCURVE('',#3590,#3595);
#3590 = CYLINDRICAL_SURFACE('',#3591,57.5);
#3591 = AXIS2_PLACEMENT_3D('',#3592,#3593,#3594);
#3592 = CARTESIAN_POINT('',(0.,114.80415428035,5.));
#3593 = DIRECTION('',(-0.,-0.,-1.));
#3594 = DIRECTION('',(1.,0.,0.));
#3595 = DEFINITIONAL_REPRESENTATION('',(#3596),#3600);
#3596 = LINE('',#3597,#3598);
#3597 = CARTESIAN_POINT('',(-0.,0.));
#3598 = VECTOR('',#3599,1.);
#3599 = DIRECTION('',(-1.,0.));
#3600 = ( GEOMETRIC_REPRESENTATION_CONTEXT(2) 
PARAMETRIC_REPRESENTATION_CONTEXT() REPRESENTATION_CONTEXT('2D SPACE',''
  ) );
#3601 = FACE_BOUND('',#3602,.F.);
#3602 = EDGE_LOOP('',(#3603,#3634,#3658,#3687));
#3603 = ORIENTED_EDGE('',*,*,#3604,.T.);
#3604 = EDGE_CURVE('',#3605,#3607,#3609,.T.);
#3605 = VERTEX_POINT('',#3606);
#3606 = CARTESIAN_POINT('',(47.6613583255,146.97005116771,5.));
#3607 = VERTEX_POINT('',#3608);
#3608 = CARTESIAN_POINT('',(71.189964554172,174.48998967516,5.));
#3609 = SURFACE_CURVE('',#3610,(#3615,#3622),.PCURVE_S1.);
#3610 = CIRCLE('',#3611,154.0625);
#3611 = AXIS2_PLACEMENT_3D('',#3612,#3613,#3614);
#3612 = CARTESIAN_POINT('',(-56.86192379003,260.15192870138,5.));
#3613 = DIRECTION('',(0.,0.,1.));
#3614 = DIRECTION('',(1.,0.,0.));
#3615 = PCURVE('',#50,#3616);
#3616 = DEFINITIONAL_REPRESENTATION('',(#3617),#3621);
#3617 = CIRCLE('',#3618,154.0625);
#3618 = AXIS2_PLACEMENT_2D('',#3619,#3620);
#3619 = CARTESIAN_POINT('',(-56.86192379003,145.34777442102));
#3620 = DIRECTION('',(1.,0.));
#3621 = ( GEOMETRIC_REPRESENTATION_CONTEXT(2) 
PARAMETRIC_REPRESENTATION_CONTEXT() REPRESENTATION_CONTEXT('2D SPACE',''
  ) );
#3622 = PCURVE('',#3623,#3628);
#3623 = CYLINDRICAL_SURFACE('',#3624,154.0625);
#3624 = AXIS2_PLACEMENT_3D('',#3625,#3626,#3627);
#3625 = CARTESIAN_POINT('',(-56.86192379003,260.15192870138,5.));
#3626 = DIRECTION('',(-0.,-0.,-1.));
#3627 = DIRECTION('',(1.,0.,0.));
#3628 = DEFINITIONAL_REPRESENTATION('',(#3629),#3633);
#3629 = LINE('',#3630,#3631);
#3630 = CARTESIAN_POINT('',(-0.,0.));
#3631 = VECTOR('',#3632,1.);
#3632 = DIRECTION('',(-1.,0.));
#3633 = ( GEOMETRIC_REPRESENTATION_CONTEXT(2) 
PARAMETRIC_REPRESENTATION_CONTEXT() REPRESENTATION_CONTEXT('2D SPACE',''
  ) );
#3634 = ORIENTED_EDGE('',*,*,#3635,.F.);
#3635 = EDGE_CURVE('',#3636,#3607,#3638,.T.);
#3636 = VERTEX_POINT('',#3637);
#3637 = CARTESIAN_POINT('',(90.861998734911,134.15634242271,5.));
#3638 = SURFACE_CURVE('',#3639,(#3644,#3651),.PCURVE_S1.);
#3639 = CIRCLE('',#3640,92.9);
#3640 = AXIS2_PLACEMENT_3D('',#3641,#3642,#3643);
#3641 = CARTESIAN_POINT('',(0.,114.80415428035,5.));
#3642 = DIRECTION('',(0.,0.,1.));
#3643 = DIRECTION('',(1.,0.,0.));
#3644 = PCURVE('',#50,#3645);
#3645 = DEFINITIONAL_REPRESENTATION('',(#3646),#3650);
#3646 = CIRCLE('',#3647,92.9);
#3647 = AXIS2_PLACEMENT_2D('',#3648,#3649);
#3648 = CARTESIAN_POINT('',(1.18265092544E-15,0.));
#3649 = DIRECTION('',(1.,0.));
#3650 = ( GEOMETRIC_REPRESENTATION_CONTEXT(2) 
PARAMETRIC_REPRESENTATION_CONTEXT() REPRESENTATION_CONTEXT('2D SPACE',''
  ) );
#3651 = PCURVE('',#149,#3652);
#3652 = DEFINITIONAL_REPRESENTATION('',(#3653),#3657);
#3653 = LINE('',#3654,#3655);
#3654 = CARTESIAN_POINT('',(-0.,0.));
#3655 = VECTOR('',#3656,1.);
#3656 = DIRECTION('',(-1.,0.));
#3657 = ( GEOMETRIC_REPRESENTATION_CONTEXT(2) 
PARAMETRIC_REPRESENTATION_CONTEXT() REPRESENTATION_CONTEXT('2D SPACE',''
  ) );
#3658 = ORIENTED_EDGE('',*,*,#3659,.T.);
#3659 = EDGE_CURVE('',#3636,#3660,#3662,.T.);
#3660 = VERTEX_POINT('',#3661);
#3661 = CARTESIAN_POINT('',(54.690334829347,132.55851363951,5.));
#3662 = SURFACE_CURVE('',#3663,(#3668,#3675),.PCURVE_S1.);
#3663 = CIRCLE('',#3664,154.0625);
#3664 = AXIS2_PLACEMENT_3D('',#3665,#3666,#3667);
#3665 = CARTESIAN_POINT('',(79.527913366147,-19.4886783723,5.));
#3666 = DIRECTION('',(0.,0.,1.));
#3667 = DIRECTION('',(1.,0.,0.));
#3668 = PCURVE('',#50,#3669);
#3669 = DEFINITIONAL_REPRESENTATION('',(#3670),#3674);
#3670 = CIRCLE('',#3671,154.0625);
#3671 = AXIS2_PLACEMENT_2D('',#3672,#3673);
#3672 = CARTESIAN_POINT('',(79.527913366147,-134.2928326526));
#3673 = DIRECTION('',(1.,0.));
#3674 = ( GEOMETRIC_REPRESENTATION_CONTEXT(2) 
PARAMETRIC_REPRESENTATION_CONTEXT() REPRESENTATION_CONTEXT('2D SPACE',''
  ) );
#3675 = PCURVE('',#3676,#3681);
#3676 = CYLINDRICAL_SURFACE('',#3677,154.0625);
#3677 = AXIS2_PLACEMENT_3D('',#3678,#3679,#3680);
#3678 = CARTESIAN_POINT('',(79.527913366147,-19.4886783723,5.));
#3679 = DIRECTION('',(-0.,-0.,-1.));
#3680 = DIRECTION('',(1.,0.,0.));
#3681 = DEFINITIONAL_REPRESENTATION('',(#3682),#3686);
#3682 = LINE('',#3683,#3684);
#3683 = CARTESIAN_POINT('',(-0.,0.));
#3684 = VECTOR('',#3685,1.);
#3685 = DIRECTION('',(-1.,0.));
#3686 = ( GEOMETRIC_REPRESENTATION_CONTEXT(2) 
PARAMETRIC_REPRESENTATION_CONTEXT() REPRESENTATION_CONTEXT('2D SPACE',''
  ) );
#3687 = ORIENTED_EDGE('',*,*,#3688,.T.);
#3688 = EDGE_CURVE('',#3660,#3605,#3689,.T.);
#3689 = SURFACE_CURVE('',#3690,(#3695,#3702),.PCURVE_S1.);
#3690 = CIRCLE('',#3691,57.5);
#3691 = AXIS2_PLACEMENT_3D('',#3692,#3693,#3694);
#3692 = CARTESIAN_POINT('',(0.,114.80415428035,5.));
#3693 = DIRECTION('',(0.,0.,1.));
#3694 = DIRECTION('',(1.,0.,0.));
#3695 = PCURVE('',#50,#3696);
#3696 = DEFINITIONAL_REPRESENTATION('',(#3697),#3701);
#3697 = CIRCLE('',#3698,57.5);
#3698 = AXIS2_PLACEMENT_2D('',#3699,#3700);
#3699 = CARTESIAN_POINT('',(1.18265092544E-15,0.));
#3700 = DIRECTION('',(1.,0.));
#3701 = ( GEOMETRIC_REPRESENTATION_CONTEXT(2) 
PARAMETRIC_REPRESENTATION_CONTEXT() REPRESENTATION_CONTEXT('2D SPACE',''
  ) );
#3702 = PCURVE('',#3703,#3708);
#3703 = CYLINDRICAL_SURFACE('',#3704,57.5);
#3704 = AXIS2_PLACEMENT_3D('',#3705,#3706,#3707);
#3705 = CARTESIAN_POINT('',(0.,114.80415428035,5.));
#3706 = DIRECTION('',(-0.,-0.,-1.));
#3707 = DIRECTION('',(1.,0.,0.));
#3708 = DEFINITIONAL_REPRESENTATION('',(#3709),#3713);
#3709 = LINE('',#3710,#3711);
#3710 = CARTESIAN_POINT('',(-0.,0.));
#3711 = VECTOR('',#3712,1.);
#3712 = DIRECTION('',(-1.,0.));
#3713 = ( GEOMETRIC_REPRESENTATION_CONTEXT(2) 
PARAMETRIC_REPRESENTATION_CONTEXT() REPRESENTATION_CONTEXT('2D SPACE',''
  ) );
#3714 = FACE_BOUND('',#3715,.F.);
#3715 = EDGE_LOOP('',(#3716,#3747,#3771,#3800));
#3716 = ORIENTED_EDGE('',*,*,#3717,.T.);
#3717 = EDGE_CURVE('',#3718,#3720,#3722,.T.);
#3718 = VERTEX_POINT('',#3719);
#3719 = CARTESIAN_POINT('',(7.987753767546,171.74663218349,5.));
#3720 = VERTEX_POINT('',#3721);
#3721 = CARTESIAN_POINT('',(3.280164420857,207.64622729347,5.));
#3722 = SURFACE_CURVE('',#3723,(#3728,#3735),.PCURVE_S1.);
#3723 = CIRCLE('',#3724,154.0625);
#3724 = AXIS2_PLACEMENT_3D('',#3725,#3726,#3727);
#3725 = CARTESIAN_POINT('',(-146.0625,169.80415428035,5.));
#3726 = DIRECTION('',(-0.,0.,1.));
#3727 = DIRECTION('',(0.948073022312,-0.318052738337,0.));
#3728 = PCURVE('',#50,#3729);
#3729 = DEFINITIONAL_REPRESENTATION('',(#3730),#3734);
#3730 = CIRCLE('',#3731,154.0625);
#3731 = AXIS2_PLACEMENT_2D('',#3732,#3733);
#3732 = CARTESIAN_POINT('',(-146.0625,55.));
#3733 = DIRECTION('',(0.948073022312,-0.318052738337));
#3734 = ( GEOMETRIC_REPRESENTATION_CONTEXT(2) 
PARAMETRIC_REPRESENTATION_CONTEXT() REPRESENTATION_CONTEXT('2D SPACE',''
  ) );
#3735 = PCURVE('',#3736,#3741);
#3736 = CYLINDRICAL_SURFACE('',#3737,154.0625);
#3737 = AXIS2_PLACEMENT_3D('',#3738,#3739,#3740);
#3738 = CARTESIAN_POINT('',(-146.0625,169.80415428035,5.));
#3739 = DIRECTION('',(0.,-0.,-1.));
#3740 = DIRECTION('',(0.948073022312,-0.318052738337,0.));
#3741 = DEFINITIONAL_REPRESENTATION('',(#3742),#3746);
#3742 = LINE('',#3743,#3744);
#3743 = CARTESIAN_POINT('',(-0.,0.));
#3744 = VECTOR('',#3745,1.);
#3745 = DIRECTION('',(-1.,0.));
#3746 = ( GEOMETRIC_REPRESENTATION_CONTEXT(2) 
PARAMETRIC_REPRESENTATION_CONTEXT() REPRESENTATION_CONTEXT('2D SPACE',''
  ) );
#3747 = ORIENTED_EDGE('',*,*,#3748,.F.);
#3748 = EDGE_CURVE('',#3749,#3720,#3751,.T.);
#3749 = VERTEX_POINT('',#3750);
#3750 = CARTESIAN_POINT('',(66.800247738406,179.3652641073,5.));
#3751 = SURFACE_CURVE('',#3752,(#3757,#3764),.PCURVE_S1.);
#3752 = CIRCLE('',#3753,92.9);
#3753 = AXIS2_PLACEMENT_3D('',#3754,#3755,#3756);
#3754 = CARTESIAN_POINT('',(0.,114.80415428035,5.));
#3755 = DIRECTION('',(0.,0.,1.));
#3756 = DIRECTION('',(1.,0.,0.));
#3757 = PCURVE('',#50,#3758);
#3758 = DEFINITIONAL_REPRESENTATION('',(#3759),#3763);
#3759 = CIRCLE('',#3760,92.9);
#3760 = AXIS2_PLACEMENT_2D('',#3761,#3762);
#3761 = CARTESIAN_POINT('',(1.18265092544E-15,0.));
#3762 = DIRECTION('',(1.,0.));
#3763 = ( GEOMETRIC_REPRESENTATION_CONTEXT(2) 
PARAMETRIC_REPRESENTATION_CONTEXT() REPRESENTATION_CONTEXT('2D SPACE',''
  ) );
#3764 = PCURVE('',#149,#3765);
#3765 = DEFINITIONAL_REPRESENTATION('',(#3766),#3770);
#3766 = LINE('',#3767,#3768);
#3767 = CARTESIAN_POINT('',(-0.,0.));
#3768 = VECTOR('',#3769,1.);
#3769 = DIRECTION('',(-1.,0.));
#3770 = ( GEOMETRIC_REPRESENTATION_CONTEXT(2) 
PARAMETRIC_REPRESENTATION_CONTEXT() REPRESENTATION_CONTEXT('2D SPACE',''
  ) );
#3771 = ORIENTED_EDGE('',*,*,#3772,.T.);
#3772 = EDGE_CURVE('',#3749,#3773,#3775,.T.);
#3773 = VERTEX_POINT('',#3774);
#3774 = CARTESIAN_POINT('',(36.971657281651,158.8421669268,5.));
#3775 = SURFACE_CURVE('',#3776,(#3781,#3788),.PCURVE_S1.);
#3776 = CIRCLE('',#3777,154.0625);
#3777 = AXIS2_PLACEMENT_3D('',#3778,#3779,#3780);
#3778 = CARTESIAN_POINT('',(138.60785459254,43.060746558804,5.));
#3779 = DIRECTION('',(0.,0.,1.));
#3780 = DIRECTION('',(1.,0.,0.));
#3781 = PCURVE('',#50,#3782);
#3782 = DEFINITIONAL_REPRESENTATION('',(#3783),#3787);
#3783 = CIRCLE('',#3784,154.0625);
#3784 = AXIS2_PLACEMENT_2D('',#3785,#3786);
#3785 = CARTESIAN_POINT('',(138.60785459254,-71.74340772155));
#3786 = DIRECTION('',(1.,0.));
#3787 = ( GEOMETRIC_REPRESENTATION_CONTEXT(2) 
PARAMETRIC_REPRESENTATION_CONTEXT() REPRESENTATION_CONTEXT('2D SPACE',''
  ) );
#3788 = PCURVE('',#3789,#3794);
#3789 = CYLINDRICAL_SURFACE('',#3790,154.0625);
#3790 = AXIS2_PLACEMENT_3D('',#3791,#3792,#3793);
#3791 = CARTESIAN_POINT('',(138.60785459254,43.060746558804,5.));
#3792 = DIRECTION('',(-0.,-0.,-1.));
#3793 = DIRECTION('',(1.,0.,0.));
#3794 = DEFINITIONAL_REPRESENTATION('',(#3795),#3799);
#3795 = LINE('',#3796,#3797);
#3796 = CARTESIAN_POINT('',(-0.,0.));
#3797 = VECTOR('',#3798,1.);
#3798 = DIRECTION('',(-1.,0.));
#3799 = ( GEOMETRIC_REPRESENTATION_CONTEXT(2) 
PARAMETRIC_REPRESENTATION_CONTEXT() REPRESENTATION_CONTEXT('2D SPACE',''
  ) );
#3800 = ORIENTED_EDGE('',*,*,#3801,.T.);
#3801 = EDGE_CURVE('',#3773,#3718,#3802,.T.);
#3802 = SURFACE_CURVE('',#3803,(#3808,#3815),.PCURVE_S1.);
#3803 = CIRCLE('',#3804,57.5);
#3804 = AXIS2_PLACEMENT_3D('',#3805,#3806,#3807);
#3805 = CARTESIAN_POINT('',(0.,114.80415428035,5.));
#3806 = DIRECTION('',(0.,0.,1.));
#3807 = DIRECTION('',(1.,0.,0.));
#3808 = PCURVE('',#50,#3809);
#3809 = DEFINITIONAL_REPRESENTATION('',(#3810),#3814);
#3810 = CIRCLE('',#3811,57.5);
#3811 = AXIS2_PLACEMENT_2D('',#3812,#3813);
#3812 = CARTESIAN_POINT('',(1.18265092544E-15,0.));
#3813 = DIRECTION('',(1.,0.));
#3814 = ( GEOMETRIC_REPRESENTATION_CONTEXT(2) 
PARAMETRIC_REPRESENTATION_CONTEXT() REPRESENTATION_CONTEXT('2D SPACE',''
  ) );
#3815 = PCURVE('',#3816,#3821);
#3816 = CYLINDRICAL_SURFACE('',#3817,57.5);
#3817 = AXIS2_PLACEMENT_3D('',#3818,#3819,#3820);
#3818 = CARTESIAN_POINT('',(0.,114.80415428035,5.));
#3819 = DIRECTION('',(-0.,-0.,-1.));
#3820 = DIRECTION('',(1.,0.,0.));
#3821 = DEFINITIONAL_REPRESENTATION('',(#3822),#3826);
#3822 = LINE('',#3823,#3824);
#3823 = CARTESIAN_POINT('',(-0.,0.));
#3824 = VECTOR('',#3825,1.);
#3825 = DIRECTION('',(-1.,0.));
#3826 = ( GEOMETRIC_REPRESENTATION_CONTEXT(2) 
PARAMETRIC_REPRESENTATION_CONTEXT() REPRESENTATION_CONTEXT('2D SPACE',''
  ) );
#3827 = ADVANCED_FACE('',(#3828),#62,.F.);
#3828 = FACE_BOUND('',#3829,.F.);
#3829 = EDGE_LOOP('',(#3830,#3853,#3881,#3902));
#3830 = ORIENTED_EDGE('',*,*,#3831,.T.);
#3831 = EDGE_CURVE('',#40,#3832,#3834,.T.);
#3832 = VERTEX_POINT('',#3833);
#3833 = CARTESIAN_POINT('',(6.,82.5,8.));
#3834 = SURFACE_CURVE('',#3835,(#3839,#3846),.PCURVE_S1.);
#3835 = LINE('',#3836,#3837);
#3836 = CARTESIAN_POINT('',(6.,82.5,5.));
#3837 = VECTOR('',#3838,1.);
#3838 = DIRECTION('',(0.,0.,1.));
#3839 = PCURVE('',#62,#3840);
#3840 = DEFINITIONAL_REPRESENTATION('',(#3841),#3845);
#3841 = LINE('',#3842,#3843);
#3842 = CARTESIAN_POINT('',(0.,0.));
#3843 = VECTOR('',#3844,1.);
#3844 = DIRECTION('',(0.,-1.));
#3845 = ( GEOMETRIC_REPRESENTATION_CONTEXT(2) 
PARAMETRIC_REPRESENTATION_CONTEXT() REPRESENTATION_CONTEXT('2D SPACE',''
  ) );
#3846 = PCURVE('',#881,#3847);
#3847 = DEFINITIONAL_REPRESENTATION('',(#3848),#3852);
#3848 = LINE('',#3849,#3850);
#3849 = CARTESIAN_POINT('',(1.5,0.));
#3850 = VECTOR('',#3851,1.);
#3851 = DIRECTION('',(0.,-1.));
#3852 = ( GEOMETRIC_REPRESENTATION_CONTEXT(2) 
PARAMETRIC_REPRESENTATION_CONTEXT() REPRESENTATION_CONTEXT('2D SPACE',''
  ) );
#3853 = ORIENTED_EDGE('',*,*,#3854,.T.);
#3854 = EDGE_CURVE('',#3832,#3855,#3857,.T.);
#3855 = VERTEX_POINT('',#3856);
#3856 = CARTESIAN_POINT('',(5.999999999999,95.725370252019,8.));
#3857 = SURFACE_CURVE('',#3858,(#3862,#3869),.PCURVE_S1.);
#3858 = LINE('',#3859,#3860);
#3859 = CARTESIAN_POINT('',(6.,84.,8.));
#3860 = VECTOR('',#3861,1.);
#3861 = DIRECTION('',(0.,1.,0.));
#3862 = PCURVE('',#62,#3863);
#3863 = DEFINITIONAL_REPRESENTATION('',(#3864),#3868);
#3864 = LINE('',#3865,#3866);
#3865 = CARTESIAN_POINT('',(1.5,-3.));
#3866 = VECTOR('',#3867,1.);
#3867 = DIRECTION('',(1.,0.));
#3868 = ( GEOMETRIC_REPRESENTATION_CONTEXT(2) 
PARAMETRIC_REPRESENTATION_CONTEXT() REPRESENTATION_CONTEXT('2D SPACE',''
  ) );
#3869 = PCURVE('',#3870,#3875);
#3870 = PLANE('',#3871);
#3871 = AXIS2_PLACEMENT_3D('',#3872,#3873,#3874);
#3872 = CARTESIAN_POINT('',(-1.093952106032E-15,114.80415428035,8.));
#3873 = DIRECTION('',(0.,0.,1.));
#3874 = DIRECTION('',(1.,0.,0.));
#3875 = DEFINITIONAL_REPRESENTATION('',(#3876),#3880);
#3876 = LINE('',#3877,#3878);
#3877 = CARTESIAN_POINT('',(6.,-30.80415428035));
#3878 = VECTOR('',#3879,1.);
#3879 = DIRECTION('',(0.,1.));
#3880 = ( GEOMETRIC_REPRESENTATION_CONTEXT(2) 
PARAMETRIC_REPRESENTATION_CONTEXT() REPRESENTATION_CONTEXT('2D SPACE',''
  ) );
#3881 = ORIENTED_EDGE('',*,*,#3882,.F.);
#3882 = EDGE_CURVE('',#42,#3855,#3883,.T.);
#3883 = SURFACE_CURVE('',#3884,(#3888,#3895),.PCURVE_S1.);
#3884 = LINE('',#3885,#3886);
#3885 = CARTESIAN_POINT('',(5.999999999999,95.725370252019,5.));
#3886 = VECTOR('',#3887,1.);
#3887 = DIRECTION('',(0.,0.,1.));
#3888 = PCURVE('',#62,#3889);
#3889 = DEFINITIONAL_REPRESENTATION('',(#3890),#3894);
#3890 = LINE('',#3891,#3892);
#3891 = CARTESIAN_POINT('',(13.225370252019,0.));
#3892 = VECTOR('',#3893,1.);
#3893 = DIRECTION('',(0.,-1.));
#3894 = ( GEOMETRIC_REPRESENTATION_CONTEXT(2) 
PARAMETRIC_REPRESENTATION_CONTEXT() REPRESENTATION_CONTEXT('2D SPACE',''
  ) );
#3895 = PCURVE('',#91,#3896);
#3896 = DEFINITIONAL_REPRESENTATION('',(#3897),#3901);
#3897 = LINE('',#3898,#3899);
#3898 = CARTESIAN_POINT('',(-5.0170816344,0.));
#3899 = VECTOR('',#3900,1.);
#3900 = DIRECTION('',(-0.,-1.));
#3901 = ( GEOMETRIC_REPRESENTATION_CONTEXT(2) 
PARAMETRIC_REPRESENTATION_CONTEXT() REPRESENTATION_CONTEXT('2D SPACE',''
  ) );
#3902 = ORIENTED_EDGE('',*,*,#39,.F.);
#3903 = ADVANCED_FACE('',(#3904),#881,.F.);
#3904 = FACE_BOUND('',#3905,.F.);
#3905 = EDGE_LOOP('',(#3906,#3929,#3950,#3951));
#3906 = ORIENTED_EDGE('',*,*,#3907,.T.);
#3907 = EDGE_CURVE('',#840,#3908,#3910,.T.);
#3908 = VERTEX_POINT('',#3909);
#3909 = CARTESIAN_POINT('',(4.5,82.5,8.));
#3910 = SURFACE_CURVE('',#3911,(#3915,#3922),.PCURVE_S1.);
#3911 = LINE('',#3912,#3913);
#3912 = CARTESIAN_POINT('',(4.5,82.5,5.));
#3913 = VECTOR('',#3914,1.);
#3914 = DIRECTION('',(0.,0.,1.));
#3915 = PCURVE('',#881,#3916);
#3916 = DEFINITIONAL_REPRESENTATION('',(#3917),#3921);
#3917 = LINE('',#3918,#3919);
#3918 = CARTESIAN_POINT('',(0.,0.));
#3919 = VECTOR('',#3920,1.);
#3920 = DIRECTION('',(0.,-1.));
#3921 = ( GEOMETRIC_REPRESENTATION_CONTEXT(2) 
PARAMETRIC_REPRESENTATION_CONTEXT() REPRESENTATION_CONTEXT('2D SPACE',''
  ) );
#3922 = PCURVE('',#855,#3923);
#3923 = DEFINITIONAL_REPRESENTATION('',(#3924),#3928);
#3924 = LINE('',#3925,#3926);
#3925 = CARTESIAN_POINT('',(3.,0.));
#3926 = VECTOR('',#3927,1.);
#3927 = DIRECTION('',(0.,-1.));
#3928 = ( GEOMETRIC_REPRESENTATION_CONTEXT(2) 
PARAMETRIC_REPRESENTATION_CONTEXT() REPRESENTATION_CONTEXT('2D SPACE',''
  ) );
#3929 = ORIENTED_EDGE('',*,*,#3930,.T.);
#3930 = EDGE_CURVE('',#3908,#3832,#3931,.T.);
#3931 = SURFACE_CURVE('',#3932,(#3936,#3943),.PCURVE_S1.);
#3932 = LINE('',#3933,#3934);
#3933 = CARTESIAN_POINT('',(5.25,82.5,8.));
#3934 = VECTOR('',#3935,1.);
#3935 = DIRECTION('',(1.,0.,0.));
#3936 = PCURVE('',#881,#3937);
#3937 = DEFINITIONAL_REPRESENTATION('',(#3938),#3942);
#3938 = LINE('',#3939,#3940);
#3939 = CARTESIAN_POINT('',(0.75,-3.));
#3940 = VECTOR('',#3941,1.);
#3941 = DIRECTION('',(1.,0.));
#3942 = ( GEOMETRIC_REPRESENTATION_CONTEXT(2) 
PARAMETRIC_REPRESENTATION_CONTEXT() REPRESENTATION_CONTEXT('2D SPACE',''
  ) );
#3943 = PCURVE('',#3870,#3944);
#3944 = DEFINITIONAL_REPRESENTATION('',(#3945),#3949);
#3945 = LINE('',#3946,#3947);
#3946 = CARTESIAN_POINT('',(5.25,-32.30415428035));
#3947 = VECTOR('',#3948,1.);
#3948 = DIRECTION('',(1.,0.));
#3949 = ( GEOMETRIC_REPRESENTATION_CONTEXT(2) 
PARAMETRIC_REPRESENTATION_CONTEXT() REPRESENTATION_CONTEXT('2D SPACE',''
  ) );
#3950 = ORIENTED_EDGE('',*,*,#3831,.F.);
#3951 = ORIENTED_EDGE('',*,*,#867,.F.);
#3952 = ADVANCED_FACE('',(#3953),#91,.T.);
#3953 = FACE_BOUND('',#3954,.F.);
#3954 = EDGE_LOOP('',(#3955,#3956,#3980,#4001));
#3955 = ORIENTED_EDGE('',*,*,#3882,.T.);
#3956 = ORIENTED_EDGE('',*,*,#3957,.T.);
#3957 = EDGE_CURVE('',#3855,#3958,#3960,.T.);
#3958 = VERTEX_POINT('',#3959);
#3959 = CARTESIAN_POINT('',(19.99566201795,114.38762041149,8.));
#3960 = SURFACE_CURVE('',#3961,(#3966,#3973),.PCURVE_S1.);
#3961 = CIRCLE('',#3962,20.);
#3962 = AXIS2_PLACEMENT_3D('',#3963,#3964,#3965);
#3963 = CARTESIAN_POINT('',(0.,114.80415428035,8.));
#3964 = DIRECTION('',(0.,0.,1.));
#3965 = DIRECTION('',(1.,0.,0.));
#3966 = PCURVE('',#91,#3967);
#3967 = DEFINITIONAL_REPRESENTATION('',(#3968),#3972);
#3968 = LINE('',#3969,#3970);
#3969 = CARTESIAN_POINT('',(-0.,-3.));
#3970 = VECTOR('',#3971,1.);
#3971 = DIRECTION('',(-1.,0.));
#3972 = ( GEOMETRIC_REPRESENTATION_CONTEXT(2) 
PARAMETRIC_REPRESENTATION_CONTEXT() REPRESENTATION_CONTEXT('2D SPACE',''
  ) );
#3973 = PCURVE('',#3870,#3974);
#3974 = DEFINITIONAL_REPRESENTATION('',(#3975),#3979);
#3975 = CIRCLE('',#3976,20.);
#3976 = AXIS2_PLACEMENT_2D('',#3977,#3978);
#3977 = CARTESIAN_POINT('',(1.093952106032E-15,0.));
#3978 = DIRECTION('',(1.,0.));
#3979 = ( GEOMETRIC_REPRESENTATION_CONTEXT(2) 
PARAMETRIC_REPRESENTATION_CONTEXT() REPRESENTATION_CONTEXT('2D SPACE',''
  ) );
#3980 = ORIENTED_EDGE('',*,*,#3981,.F.);
#3981 = EDGE_CURVE('',#75,#3958,#3982,.T.);
#3982 = SURFACE_CURVE('',#3983,(#3987,#3994),.PCURVE_S1.);
#3983 = LINE('',#3984,#3985);
#3984 = CARTESIAN_POINT('',(19.99566201795,114.38762041149,5.));
#3985 = VECTOR('',#3986,1.);
#3986 = DIRECTION('',(0.,0.,1.));
#3987 = PCURVE('',#91,#3988);
#3988 = DEFINITIONAL_REPRESENTATION('',(#3989),#3993);
#3989 = LINE('',#3990,#3991);
#3990 = CARTESIAN_POINT('',(-6.262357107842,0.));
#3991 = VECTOR('',#3992,1.);
#3992 = DIRECTION('',(-0.,-1.));
#3993 = ( GEOMETRIC_REPRESENTATION_CONTEXT(2) 
PARAMETRIC_REPRESENTATION_CONTEXT() REPRESENTATION_CONTEXT('2D SPACE',''
  ) );
#3994 = PCURVE('',#120,#3995);
#3995 = DEFINITIONAL_REPRESENTATION('',(#3996),#4000);
#3996 = LINE('',#3997,#3998);
#3997 = CARTESIAN_POINT('',(-4.655203887628,0.));
#3998 = VECTOR('',#3999,1.);
#3999 = DIRECTION('',(-0.,-1.));
#4000 = ( GEOMETRIC_REPRESENTATION_CONTEXT(2) 
PARAMETRIC_REPRESENTATION_CONTEXT() REPRESENTATION_CONTEXT('2D SPACE',''
  ) );
#4001 = ORIENTED_EDGE('',*,*,#74,.F.);
#4002 = ADVANCED_FACE('',(#4003),#855,.F.);
#4003 = FACE_BOUND('',#4004,.F.);
#4004 = EDGE_LOOP('',(#4005,#4028,#4049,#4050));
#4005 = ORIENTED_EDGE('',*,*,#4006,.T.);
#4006 = EDGE_CURVE('',#812,#4007,#4009,.T.);
#4007 = VERTEX_POINT('',#4008);
#4008 = CARTESIAN_POINT('',(4.5,79.5,8.));
#4009 = SURFACE_CURVE('',#4010,(#4014,#4021),.PCURVE_S1.);
#4010 = LINE('',#4011,#4012);
#4011 = CARTESIAN_POINT('',(4.5,79.5,5.));
#4012 = VECTOR('',#4013,1.);
#4013 = DIRECTION('',(0.,0.,1.));
#4014 = PCURVE('',#855,#4015);
#4015 = DEFINITIONAL_REPRESENTATION('',(#4016),#4020);
#4016 = LINE('',#4017,#4018);
#4017 = CARTESIAN_POINT('',(0.,0.));
#4018 = VECTOR('',#4019,1.);
#4019 = DIRECTION('',(0.,-1.));
#4020 = ( GEOMETRIC_REPRESENTATION_CONTEXT(2) 
PARAMETRIC_REPRESENTATION_CONTEXT() REPRESENTATION_CONTEXT('2D SPACE',''
  ) );
#4021 = PCURVE('',#827,#4022);
#4022 = DEFINITIONAL_REPRESENTATION('',(#4023),#4027);
#4023 = LINE('',#4024,#4025);
#4024 = CARTESIAN_POINT('',(0.,0.));
#4025 = VECTOR('',#4026,1.);
#4026 = DIRECTION('',(0.,-1.));
#4027 = ( GEOMETRIC_REPRESENTATION_CONTEXT(2) 
PARAMETRIC_REPRESENTATION_CONTEXT() REPRESENTATION_CONTEXT('2D SPACE',''
  ) );
#4028 = ORIENTED_EDGE('',*,*,#4029,.T.);
#4029 = EDGE_CURVE('',#4007,#3908,#4030,.T.);
#4030 = SURFACE_CURVE('',#4031,(#4035,#4042),.PCURVE_S1.);
#4031 = LINE('',#4032,#4033);
#4032 = CARTESIAN_POINT('',(4.5,81.,8.));
#4033 = VECTOR('',#4034,1.);
#4034 = DIRECTION('',(0.,1.,0.));
#4035 = PCURVE('',#855,#4036);
#4036 = DEFINITIONAL_REPRESENTATION('',(#4037),#4041);
#4037 = LINE('',#4038,#4039);
#4038 = CARTESIAN_POINT('',(1.5,-3.));
#4039 = VECTOR('',#4040,1.);
#4040 = DIRECTION('',(1.,0.));
#4041 = ( GEOMETRIC_REPRESENTATION_CONTEXT(2) 
PARAMETRIC_REPRESENTATION_CONTEXT() REPRESENTATION_CONTEXT('2D SPACE',''
  ) );
#4042 = PCURVE('',#3870,#4043);
#4043 = DEFINITIONAL_REPRESENTATION('',(#4044),#4048);
#4044 = LINE('',#4045,#4046);
#4045 = CARTESIAN_POINT('',(4.5,-33.80415428035));
#4046 = VECTOR('',#4047,1.);
#4047 = DIRECTION('',(0.,1.));
#4048 = ( GEOMETRIC_REPRESENTATION_CONTEXT(2) 
PARAMETRIC_REPRESENTATION_CONTEXT() REPRESENTATION_CONTEXT('2D SPACE',''
  ) );
#4049 = ORIENTED_EDGE('',*,*,#3907,.F.);
#4050 = ORIENTED_EDGE('',*,*,#839,.F.);
#4051 = ADVANCED_FACE('',(#4052),#120,.T.);
#4052 = FACE_BOUND('',#4053,.F.);
#4053 = EDGE_LOOP('',(#4054,#4055,#4056,#4080));
#4054 = ORIENTED_EDGE('',*,*,#103,.F.);
#4055 = ORIENTED_EDGE('',*,*,#3981,.T.);
#4056 = ORIENTED_EDGE('',*,*,#4057,.T.);
#4057 = EDGE_CURVE('',#3958,#4058,#4060,.T.);
#4058 = VERTEX_POINT('',#4059);
#4059 = CARTESIAN_POINT('',(92.001187883168,127.69567971709,8.));
#4060 = SURFACE_CURVE('',#4061,(#4066,#4073),.PCURVE_S1.);
#4061 = CIRCLE('',#4062,154.0625);
#4062 = AXIS2_PLACEMENT_3D('',#4063,#4064,#4065);
#4063 = CARTESIAN_POINT('',(28.800939465195,268.19828647638,8.));
#4064 = DIRECTION('',(0.,0.,1.));
#4065 = DIRECTION('',(1.,0.,0.));
#4066 = PCURVE('',#120,#4067);
#4067 = DEFINITIONAL_REPRESENTATION('',(#4068),#4072);
#4068 = LINE('',#4069,#4070);
#4069 = CARTESIAN_POINT('',(-0.,-3.));
#4070 = VECTOR('',#4071,1.);
#4071 = DIRECTION('',(-1.,0.));
#4072 = ( GEOMETRIC_REPRESENTATION_CONTEXT(2) 
PARAMETRIC_REPRESENTATION_CONTEXT() REPRESENTATION_CONTEXT('2D SPACE',''
  ) );
#4073 = PCURVE('',#3870,#4074);
#4074 = DEFINITIONAL_REPRESENTATION('',(#4075),#4079);
#4075 = CIRCLE('',#4076,154.0625);
#4076 = AXIS2_PLACEMENT_2D('',#4077,#4078);
#4077 = CARTESIAN_POINT('',(28.800939465195,153.39413219602));
#4078 = DIRECTION('',(1.,0.));
#4079 = ( GEOMETRIC_REPRESENTATION_CONTEXT(2) 
PARAMETRIC_REPRESENTATION_CONTEXT() REPRESENTATION_CONTEXT('2D SPACE',''
  ) );
#4080 = ORIENTED_EDGE('',*,*,#4081,.T.);
#4081 = EDGE_CURVE('',#4058,#104,#4082,.T.);
#4082 = SURFACE_CURVE('',#4083,(#4087,#4093),.PCURVE_S1.);
#4083 = LINE('',#4084,#4085);
#4084 = CARTESIAN_POINT('',(92.001187883168,127.69567971709,5.));
#4085 = VECTOR('',#4086,1.);
#4086 = DIRECTION('',(-0.,-0.,-1.));
#4087 = PCURVE('',#120,#4088);
#4088 = DEFINITIONAL_REPRESENTATION('',(#4089),#4092);
#4089 = B_SPLINE_CURVE_WITH_KNOTS('',1,(#4090,#4091),.UNSPECIFIED.,.F.,
  .F.,(2,2),(-3.0000024,2.399999999625E-06),.PIECEWISE_BEZIER_KNOTS.);
#4090 = CARTESIAN_POINT('',(-5.135089454367,-3.0000024));
#4091 = CARTESIAN_POINT('',(-5.135089454367,2.399999999625E-06));
#4092 = ( GEOMETRIC_REPRESENTATION_CONTEXT(2) 
PARAMETRIC_REPRESENTATION_CONTEXT() REPRESENTATION_CONTEXT('2D SPACE',''
  ) );
#4093 = PCURVE('',#149,#4094);
#4094 = DEFINITIONAL_REPRESENTATION('',(#4095),#4098);
#4095 = B_SPLINE_CURVE_WITH_KNOTS('',1,(#4096,#4097),.UNSPECIFIED.,.F.,
  .F.,(2,2),(-3.0000024,2.399999999625E-06),.PIECEWISE_BEZIER_KNOTS.);
#4096 = CARTESIAN_POINT('',(-0.139217033234,-3.0000024));
#4097 = CARTESIAN_POINT('',(-0.139217033234,2.399999999625E-06));
#4098 = ( GEOMETRIC_REPRESENTATION_CONTEXT(2) 
PARAMETRIC_REPRESENTATION_CONTEXT() REPRESENTATION_CONTEXT('2D SPACE',''
  ) );
#4099 = ADVANCED_FACE('',(#4100),#827,.T.);
#4100 = FACE_BOUND('',#4101,.T.);
#4101 = EDGE_LOOP('',(#4102,#4103,#4126,#4147));
#4102 = ORIENTED_EDGE('',*,*,#4006,.T.);
#4103 = ORIENTED_EDGE('',*,*,#4104,.T.);
#4104 = EDGE_CURVE('',#4007,#4105,#4107,.T.);
#4105 = VERTEX_POINT('',#4106);
#4106 = CARTESIAN_POINT('',(6.,79.5,8.));
#4107 = SURFACE_CURVE('',#4108,(#4112,#4119),.PCURVE_S1.);
#4108 = LINE('',#4109,#4110);
#4109 = CARTESIAN_POINT('',(5.25,79.5,8.));
#4110 = VECTOR('',#4111,1.);
#4111 = DIRECTION('',(1.,0.,0.));
#4112 = PCURVE('',#827,#4113);
#4113 = DEFINITIONAL_REPRESENTATION('',(#4114),#4118);
#4114 = LINE('',#4115,#4116);
#4115 = CARTESIAN_POINT('',(0.75,-3.));
#4116 = VECTOR('',#4117,1.);
#4117 = DIRECTION('',(1.,0.));
#4118 = ( GEOMETRIC_REPRESENTATION_CONTEXT(2) 
PARAMETRIC_REPRESENTATION_CONTEXT() REPRESENTATION_CONTEXT('2D SPACE',''
  ) );
#4119 = PCURVE('',#3870,#4120);
#4120 = DEFINITIONAL_REPRESENTATION('',(#4121),#4125);
#4121 = LINE('',#4122,#4123);
#4122 = CARTESIAN_POINT('',(5.25,-35.30415428035));
#4123 = VECTOR('',#4124,1.);
#4124 = DIRECTION('',(1.,0.));
#4125 = ( GEOMETRIC_REPRESENTATION_CONTEXT(2) 
PARAMETRIC_REPRESENTATION_CONTEXT() REPRESENTATION_CONTEXT('2D SPACE',''
  ) );
#4126 = ORIENTED_EDGE('',*,*,#4127,.F.);
#4127 = EDGE_CURVE('',#784,#4105,#4128,.T.);
#4128 = SURFACE_CURVE('',#4129,(#4133,#4140),.PCURVE_S1.);
#4129 = LINE('',#4130,#4131);
#4130 = CARTESIAN_POINT('',(6.,79.5,5.));
#4131 = VECTOR('',#4132,1.);
#4132 = DIRECTION('',(0.,0.,1.));
#4133 = PCURVE('',#827,#4134);
#4134 = DEFINITIONAL_REPRESENTATION('',(#4135),#4139);
#4135 = LINE('',#4136,#4137);
#4136 = CARTESIAN_POINT('',(1.5,0.));
#4137 = VECTOR('',#4138,1.);
#4138 = DIRECTION('',(0.,-1.));
#4139 = ( GEOMETRIC_REPRESENTATION_CONTEXT(2) 
PARAMETRIC_REPRESENTATION_CONTEXT() REPRESENTATION_CONTEXT('2D SPACE',''
  ) );
#4140 = PCURVE('',#799,#4141);
#4141 = DEFINITIONAL_REPRESENTATION('',(#4142),#4146);
#4142 = LINE('',#4143,#4144);
#4143 = CARTESIAN_POINT('',(6.,0.));
#4144 = VECTOR('',#4145,1.);
#4145 = DIRECTION('',(0.,-1.));
#4146 = ( GEOMETRIC_REPRESENTATION_CONTEXT(2) 
PARAMETRIC_REPRESENTATION_CONTEXT() REPRESENTATION_CONTEXT('2D SPACE',''
  ) );
#4147 = ORIENTED_EDGE('',*,*,#811,.F.);
#4148 = ADVANCED_FACE('',(#4149),#149,.F.);
#4149 = FACE_BOUND('',#4150,.T.);
#4150 = EDGE_LOOP('',(#4151,#4152,#4175,#4204,#4225,#4226,#4247,#4275,
    #4294,#4295,#4316,#4344,#4363,#4364,#4385,#4413,#4432,#4433,#4454,
    #4482,#4501,#4502,#4523,#4549));
#4151 = ORIENTED_EDGE('',*,*,#132,.F.);
#4152 = ORIENTED_EDGE('',*,*,#4153,.T.);
#4153 = EDGE_CURVE('',#133,#4154,#4156,.T.);
#4154 = VERTEX_POINT('',#4155);
#4155 = CARTESIAN_POINT('',(92.9,114.80415428035,14.));
#4156 = SURFACE_CURVE('',#4157,(#4161,#4168),.PCURVE_S1.);
#4157 = LINE('',#4158,#4159);
#4158 = CARTESIAN_POINT('',(92.9,114.80415428035,5.));
#4159 = VECTOR('',#4160,1.);
#4160 = DIRECTION('',(0.,0.,1.));
#4161 = PCURVE('',#149,#4162);
#4162 = DEFINITIONAL_REPRESENTATION('',(#4163),#4167);
#4163 = LINE('',#4164,#4165);
#4164 = CARTESIAN_POINT('',(-0.,0.));
#4165 = VECTOR('',#4166,1.);
#4166 = DIRECTION('',(-0.,-1.));
#4167 = ( GEOMETRIC_REPRESENTATION_CONTEXT(2) 
PARAMETRIC_REPRESENTATION_CONTEXT() REPRESENTATION_CONTEXT('2D SPACE',''
  ) );
#4168 = PCURVE('',#177,#4169);
#4169 = DEFINITIONAL_REPRESENTATION('',(#4170),#4174);
#4170 = LINE('',#4171,#4172);
#4171 = CARTESIAN_POINT('',(5.,-0.));
#4172 = VECTOR('',#4173,1.);
#4173 = DIRECTION('',(0.,-1.));
#4174 = ( GEOMETRIC_REPRESENTATION_CONTEXT(2) 
PARAMETRIC_REPRESENTATION_CONTEXT() REPRESENTATION_CONTEXT('2D SPACE',''
  ) );
#4175 = ORIENTED_EDGE('',*,*,#4176,.T.);
#4176 = EDGE_CURVE('',#4154,#4177,#4179,.T.);
#4177 = VERTEX_POINT('',#4178);
#4178 = CARTESIAN_POINT('',(-92.9,114.80415428036,14.));
#4179 = SURFACE_CURVE('',#4180,(#4185,#4192),.PCURVE_S1.);
#4180 = CIRCLE('',#4181,92.9);
#4181 = AXIS2_PLACEMENT_3D('',#4182,#4183,#4184);
#4182 = CARTESIAN_POINT('',(0.,114.80415428035,14.));
#4183 = DIRECTION('',(0.,0.,1.));
#4184 = DIRECTION('',(1.,0.,0.));
#4185 = PCURVE('',#149,#4186);
#4186 = DEFINITIONAL_REPRESENTATION('',(#4187),#4191);
#4187 = LINE('',#4188,#4189);
#4188 = CARTESIAN_POINT('',(-0.,-9.));
#4189 = VECTOR('',#4190,1.);
#4190 = DIRECTION('',(-1.,0.));
#4191 = ( GEOMETRIC_REPRESENTATION_CONTEXT(2) 
PARAMETRIC_REPRESENTATION_CONTEXT() REPRESENTATION_CONTEXT('2D SPACE',''
  ) );
#4192 = PCURVE('',#4193,#4198);
#4193 = PLANE('',#4194);
#4194 = AXIS2_PLACEMENT_3D('',#4195,#4196,#4197);
#4195 = CARTESIAN_POINT('',(-3.575737220941E-15,114.80415428035,14.));
#4196 = DIRECTION('',(0.,0.,1.));
#4197 = DIRECTION('',(1.,0.,0.));
#4198 = DEFINITIONAL_REPRESENTATION('',(#4199),#4203);
#4199 = CIRCLE('',#4200,92.9);
#4200 = AXIS2_PLACEMENT_2D('',#4201,#4202);
#4201 = CARTESIAN_POINT('',(3.575737220941E-15,-1.030651816255E-14));
#4202 = DIRECTION('',(1.,0.));
#4203 = ( GEOMETRIC_REPRESENTATION_CONTEXT(2) 
PARAMETRIC_REPRESENTATION_CONTEXT() REPRESENTATION_CONTEXT('2D SPACE',''
  ) );
#4204 = ORIENTED_EDGE('',*,*,#4205,.F.);
#4205 = EDGE_CURVE('',#223,#4177,#4206,.T.);
#4206 = SURFACE_CURVE('',#4207,(#4211,#4218),.PCURVE_S1.);
#4207 = LINE('',#4208,#4209);
#4208 = CARTESIAN_POINT('',(-92.9,114.80415428036,5.));
#4209 = VECTOR('',#4210,1.);
#4210 = DIRECTION('',(0.,0.,1.));
#4211 = PCURVE('',#149,#4212);
#4212 = DEFINITIONAL_REPRESENTATION('',(#4213),#4217);
#4213 = LINE('',#4214,#4215);
#4214 = CARTESIAN_POINT('',(-3.14159265359,0.));
#4215 = VECTOR('',#4216,1.);
#4216 = DIRECTION('',(-0.,-1.));
#4217 = ( GEOMETRIC_REPRESENTATION_CONTEXT(2) 
PARAMETRIC_REPRESENTATION_CONTEXT() REPRESENTATION_CONTEXT('2D SPACE',''
  ) );
#4218 = PCURVE('',#238,#4219);
#4219 = DEFINITIONAL_REPRESENTATION('',(#4220),#4224);
#4220 = LINE('',#4221,#4222);
#4221 = CARTESIAN_POINT('',(0.,0.));
#4222 = VECTOR('',#4223,1.);
#4223 = DIRECTION('',(0.,-1.));
#4224 = ( GEOMETRIC_REPRESENTATION_CONTEXT(2) 
PARAMETRIC_REPRESENTATION_CONTEXT() REPRESENTATION_CONTEXT('2D SPACE',''
  ) );
#4225 = ORIENTED_EDGE('',*,*,#250,.F.);
#4226 = ORIENTED_EDGE('',*,*,#4227,.F.);
#4227 = EDGE_CURVE('',#4228,#251,#4230,.T.);
#4228 = VERTEX_POINT('',#4229);
#4229 = CARTESIAN_POINT('',(-92.00118788316,127.69567971709,8.));
#4230 = SURFACE_CURVE('',#4231,(#4235,#4241),.PCURVE_S1.);
#4231 = LINE('',#4232,#4233);
#4232 = CARTESIAN_POINT('',(-92.00118788316,127.69567971709,5.));
#4233 = VECTOR('',#4234,1.);
#4234 = DIRECTION('',(-0.,-0.,-1.));
#4235 = PCURVE('',#149,#4236);
#4236 = DEFINITIONAL_REPRESENTATION('',(#4237),#4240);
#4237 = B_SPLINE_CURVE_WITH_KNOTS('',1,(#4238,#4239),.UNSPECIFIED.,.F.,
  .F.,(2,2),(-3.0000024,2.399999999625E-06),.PIECEWISE_BEZIER_KNOTS.);
#4238 = CARTESIAN_POINT('',(-3.002375620356,-3.0000024));
#4239 = CARTESIAN_POINT('',(-3.002375620356,2.399999999625E-06));
#4240 = ( GEOMETRIC_REPRESENTATION_CONTEXT(2) 
PARAMETRIC_REPRESENTATION_CONTEXT() REPRESENTATION_CONTEXT('2D SPACE',''
  ) );
#4241 = PCURVE('',#291,#4242);
#4242 = DEFINITIONAL_REPRESENTATION('',(#4243),#4246);
#4243 = B_SPLINE_CURVE_WITH_KNOTS('',1,(#4244,#4245),.UNSPECIFIED.,.F.,
  .F.,(2,2),(-3.0000024,2.399999999625E-06),.PIECEWISE_BEZIER_KNOTS.);
#4244 = CARTESIAN_POINT('',(-4.289688506402,-3.0000024));
#4245 = CARTESIAN_POINT('',(-4.289688506402,2.399999999625E-06));
#4246 = ( GEOMETRIC_REPRESENTATION_CONTEXT(2) 
PARAMETRIC_REPRESENTATION_CONTEXT() REPRESENTATION_CONTEXT('2D SPACE',''
  ) );
#4247 = ORIENTED_EDGE('',*,*,#4248,.T.);
#4248 = EDGE_CURVE('',#4228,#4249,#4251,.T.);
#4249 = VERTEX_POINT('',#4250);
#4250 = CARTESIAN_POINT('',(-90.8619987349,134.15634242271,8.));
#4251 = SURFACE_CURVE('',#4252,(#4257,#4264),.PCURVE_S1.);
#4252 = CIRCLE('',#4253,92.9);
#4253 = AXIS2_PLACEMENT_3D('',#4254,#4255,#4256);
#4254 = CARTESIAN_POINT('',(0.,114.80415428035,8.));
#4255 = DIRECTION('',(0.,0.,-1.));
#4256 = DIRECTION('',(1.,0.,0.));
#4257 = PCURVE('',#149,#4258);
#4258 = DEFINITIONAL_REPRESENTATION('',(#4259),#4263);
#4259 = LINE('',#4260,#4261);
#4260 = CARTESIAN_POINT('',(-6.28318530718,-3.));
#4261 = VECTOR('',#4262,1.);
#4262 = DIRECTION('',(1.,-0.));
#4263 = ( GEOMETRIC_REPRESENTATION_CONTEXT(2) 
PARAMETRIC_REPRESENTATION_CONTEXT() REPRESENTATION_CONTEXT('2D SPACE',''
  ) );
#4264 = PCURVE('',#3870,#4265);
#4265 = DEFINITIONAL_REPRESENTATION('',(#4266),#4274);
#4266 = ( BOUNDED_CURVE() B_SPLINE_CURVE(2,(#4267,#4268,#4269,#4270,
#4271,#4272,#4273),.UNSPECIFIED.,.T.,.F.) B_SPLINE_CURVE_WITH_KNOTS((1,2
    ,2,2,2,1),(-2.094395102393,0.,2.094395102393,4.188790204786,
6.28318530718,8.377580409573),.UNSPECIFIED.) CURVE() 
GEOMETRIC_REPRESENTATION_ITEM() RATIONAL_B_SPLINE_CURVE((1.,0.5,1.,0.5,
1.,0.5,1.)) REPRESENTATION_ITEM('') );
#4267 = CARTESIAN_POINT('',(92.9,0.));
#4268 = CARTESIAN_POINT('',(92.9,-160.9075200231));
#4269 = CARTESIAN_POINT('',(-46.45,-80.45376001157));
#4270 = CARTESIAN_POINT('',(-185.8,-2.275393752816E-14));
#4271 = CARTESIAN_POINT('',(-46.45,80.453760011574));
#4272 = CARTESIAN_POINT('',(92.9,160.90752002314));
#4273 = CARTESIAN_POINT('',(92.9,0.));
#4274 = ( GEOMETRIC_REPRESENTATION_CONTEXT(2) 
PARAMETRIC_REPRESENTATION_CONTEXT() REPRESENTATION_CONTEXT('2D SPACE',''
  ) );
#4275 = ORIENTED_EDGE('',*,*,#4276,.T.);
#4276 = EDGE_CURVE('',#4249,#3381,#4277,.T.);
#4277 = SURFACE_CURVE('',#4278,(#4282,#4288),.PCURVE_S1.);
#4278 = LINE('',#4279,#4280);
#4279 = CARTESIAN_POINT('',(-90.8619987349,134.15634242271,5.));
#4280 = VECTOR('',#4281,1.);
#4281 = DIRECTION('',(-0.,-0.,-1.));
#4282 = PCURVE('',#149,#4283);
#4283 = DEFINITIONAL_REPRESENTATION('',(#4284),#4287);
#4284 = B_SPLINE_CURVE_WITH_KNOTS('',1,(#4285,#4286),.UNSPECIFIED.,.F.,
  .F.,(2,2),(-3.0000024,2.399999999625E-06),.PIECEWISE_BEZIER_KNOTS.);
#4285 = CARTESIAN_POINT('',(-2.931743836425,-3.0000024));
#4286 = CARTESIAN_POINT('',(-2.931743836425,2.399999999625E-06));
#4287 = ( GEOMETRIC_REPRESENTATION_CONTEXT(2) 
PARAMETRIC_REPRESENTATION_CONTEXT() REPRESENTATION_CONTEXT('2D SPACE',''
  ) );
#4288 = PCURVE('',#3397,#4289);
#4289 = DEFINITIONAL_REPRESENTATION('',(#4290),#4293);
#4290 = B_SPLINE_CURVE_WITH_KNOTS('',1,(#4291,#4292),.UNSPECIFIED.,.F.,
  .F.,(2,2),(-3.0000024,2.399999999625E-06),.PIECEWISE_BEZIER_KNOTS.);
#4291 = CARTESIAN_POINT('',(-1.644430950378,-3.0000024));
#4292 = CARTESIAN_POINT('',(-1.644430950378,2.399999999625E-06));
#4293 = ( GEOMETRIC_REPRESENTATION_CONTEXT(2) 
PARAMETRIC_REPRESENTATION_CONTEXT() REPRESENTATION_CONTEXT('2D SPACE',''
  ) );
#4294 = ORIENTED_EDGE('',*,*,#3409,.F.);
#4295 = ORIENTED_EDGE('',*,*,#4296,.F.);
#4296 = EDGE_CURVE('',#4297,#3410,#4299,.T.);
#4297 = VERTEX_POINT('',#4298);
#4298 = CARTESIAN_POINT('',(-71.18996455417,174.48998967516,8.));
#4299 = SURFACE_CURVE('',#4300,(#4304,#4310),.PCURVE_S1.);
#4300 = LINE('',#4301,#4302);
#4301 = CARTESIAN_POINT('',(-71.18996455417,174.48998967516,5.));
#4302 = VECTOR('',#4303,1.);
#4303 = DIRECTION('',(-0.,-0.,-1.));
#4304 = PCURVE('',#149,#4305);
#4305 = DEFINITIONAL_REPRESENTATION('',(#4306),#4309);
#4306 = B_SPLINE_CURVE_WITH_KNOTS('',1,(#4307,#4308),.UNSPECIFIED.,.F.,
  .F.,(2,2),(-3.0000024,2.399999999625E-06),.PIECEWISE_BEZIER_KNOTS.);
#4307 = CARTESIAN_POINT('',(-2.443870259718,-3.0000024));
#4308 = CARTESIAN_POINT('',(-2.443870259718,2.399999999625E-06));
#4309 = ( GEOMETRIC_REPRESENTATION_CONTEXT(2) 
PARAMETRIC_REPRESENTATION_CONTEXT() REPRESENTATION_CONTEXT('2D SPACE',''
  ) );
#4310 = PCURVE('',#3450,#4311);
#4311 = DEFINITIONAL_REPRESENTATION('',(#4312),#4315);
#4312 = B_SPLINE_CURVE_WITH_KNOTS('',1,(#4313,#4314),.UNSPECIFIED.,.F.,
  .F.,(2,2),(-3.0000024,2.399999999625E-06),.PIECEWISE_BEZIER_KNOTS.);
#4313 = CARTESIAN_POINT('',(-3.731183145764,-3.0000024));
#4314 = CARTESIAN_POINT('',(-3.731183145764,2.399999999625E-06));
#4315 = ( GEOMETRIC_REPRESENTATION_CONTEXT(2) 
PARAMETRIC_REPRESENTATION_CONTEXT() REPRESENTATION_CONTEXT('2D SPACE',''
  ) );
#4316 = ORIENTED_EDGE('',*,*,#4317,.T.);
#4317 = EDGE_CURVE('',#4297,#4318,#4320,.T.);
#4318 = VERTEX_POINT('',#4319);
#4319 = CARTESIAN_POINT('',(-66.8002477384,179.36526410731,8.));
#4320 = SURFACE_CURVE('',#4321,(#4326,#4333),.PCURVE_S1.);
#4321 = CIRCLE('',#4322,92.9);
#4322 = AXIS2_PLACEMENT_3D('',#4323,#4324,#4325);
#4323 = CARTESIAN_POINT('',(0.,114.80415428035,8.));
#4324 = DIRECTION('',(0.,0.,-1.));
#4325 = DIRECTION('',(1.,0.,0.));
#4326 = PCURVE('',#149,#4327);
#4327 = DEFINITIONAL_REPRESENTATION('',(#4328),#4332);
#4328 = LINE('',#4329,#4330);
#4329 = CARTESIAN_POINT('',(-6.28318530718,-3.));
#4330 = VECTOR('',#4331,1.);
#4331 = DIRECTION('',(1.,-0.));
#4332 = ( GEOMETRIC_REPRESENTATION_CONTEXT(2) 
PARAMETRIC_REPRESENTATION_CONTEXT() REPRESENTATION_CONTEXT('2D SPACE',''
  ) );
#4333 = PCURVE('',#3870,#4334);
#4334 = DEFINITIONAL_REPRESENTATION('',(#4335),#4343);
#4335 = ( BOUNDED_CURVE() B_SPLINE_CURVE(2,(#4336,#4337,#4338,#4339,
#4340,#4341,#4342),.UNSPECIFIED.,.T.,.F.) B_SPLINE_CURVE_WITH_KNOTS((1,2
    ,2,2,2,1),(-2.094395102393,0.,2.094395102393,4.188790204786,
6.28318530718,8.377580409573),.UNSPECIFIED.) CURVE() 
GEOMETRIC_REPRESENTATION_ITEM() RATIONAL_B_SPLINE_CURVE((1.,0.5,1.,0.5,
1.,0.5,1.)) REPRESENTATION_ITEM('') );
#4336 = CARTESIAN_POINT('',(92.9,0.));
#4337 = CARTESIAN_POINT('',(92.9,-160.9075200231));
#4338 = CARTESIAN_POINT('',(-46.45,-80.45376001157));
#4339 = CARTESIAN_POINT('',(-185.8,-2.275393752816E-14));
#4340 = CARTESIAN_POINT('',(-46.45,80.453760011574));
#4341 = CARTESIAN_POINT('',(92.9,160.90752002314));
#4342 = CARTESIAN_POINT('',(92.9,0.));
#4343 = ( GEOMETRIC_REPRESENTATION_CONTEXT(2) 
PARAMETRIC_REPRESENTATION_CONTEXT() REPRESENTATION_CONTEXT('2D SPACE',''
  ) );
#4344 = ORIENTED_EDGE('',*,*,#4345,.T.);
#4345 = EDGE_CURVE('',#4318,#3494,#4346,.T.);
#4346 = SURFACE_CURVE('',#4347,(#4351,#4357),.PCURVE_S1.);
#4347 = LINE('',#4348,#4349);
#4348 = CARTESIAN_POINT('',(-66.8002477384,179.36526410731,5.));
#4349 = VECTOR('',#4350,1.);
#4350 = DIRECTION('',(-0.,-0.,-1.));
#4351 = PCURVE('',#149,#4352);
#4352 = DEFINITIONAL_REPRESENTATION('',(#4353),#4356);
#4353 = B_SPLINE_CURVE_WITH_KNOTS('',1,(#4354,#4355),.UNSPECIFIED.,.F.,
  .F.,(2,2),(-3.0000024,2.399999999625E-06),.PIECEWISE_BEZIER_KNOTS.);
#4354 = CARTESIAN_POINT('',(-2.373238475787,-3.0000024));
#4355 = CARTESIAN_POINT('',(-2.373238475787,2.399999999625E-06));
#4356 = ( GEOMETRIC_REPRESENTATION_CONTEXT(2) 
PARAMETRIC_REPRESENTATION_CONTEXT() REPRESENTATION_CONTEXT('2D SPACE',''
  ) );
#4357 = PCURVE('',#3510,#4358);
#4358 = DEFINITIONAL_REPRESENTATION('',(#4359),#4362);
#4359 = B_SPLINE_CURVE_WITH_KNOTS('',1,(#4360,#4361),.UNSPECIFIED.,.F.,
  .F.,(2,2),(-3.0000024,2.399999999625E-06),.PIECEWISE_BEZIER_KNOTS.);
#4360 = CARTESIAN_POINT('',(-1.08592558974,-3.0000024));
#4361 = CARTESIAN_POINT('',(-1.08592558974,2.399999999625E-06));
#4362 = ( GEOMETRIC_REPRESENTATION_CONTEXT(2) 
PARAMETRIC_REPRESENTATION_CONTEXT() REPRESENTATION_CONTEXT('2D SPACE',''
  ) );
#4363 = ORIENTED_EDGE('',*,*,#3522,.F.);
#4364 = ORIENTED_EDGE('',*,*,#4365,.F.);
#4365 = EDGE_CURVE('',#4366,#3523,#4368,.T.);
#4366 = VERTEX_POINT('',#4367);
#4367 = CARTESIAN_POINT('',(-3.280164420855,207.64622729347,8.));
#4368 = SURFACE_CURVE('',#4369,(#4373,#4379),.PCURVE_S1.);
#4369 = LINE('',#4370,#4371);
#4370 = CARTESIAN_POINT('',(-3.280164420855,207.64622729347,5.));
#4371 = VECTOR('',#4372,1.);
#4372 = DIRECTION('',(-0.,-0.,-1.));
#4373 = PCURVE('',#149,#4374);
#4374 = DEFINITIONAL_REPRESENTATION('',(#4375),#4378);
#4375 = B_SPLINE_CURVE_WITH_KNOTS('',1,(#4376,#4377),.UNSPECIFIED.,.F.,
  .F.,(2,2),(-3.0000024,2.399999999625E-06),.PIECEWISE_BEZIER_KNOTS.);
#4376 = CARTESIAN_POINT('',(-1.606112218761,-3.0000024));
#4377 = CARTESIAN_POINT('',(-1.606112218761,2.399999999625E-06));
#4378 = ( GEOMETRIC_REPRESENTATION_CONTEXT(2) 
PARAMETRIC_REPRESENTATION_CONTEXT() REPRESENTATION_CONTEXT('2D SPACE',''
  ) );
#4379 = PCURVE('',#3563,#4380);
#4380 = DEFINITIONAL_REPRESENTATION('',(#4381),#4384);
#4381 = B_SPLINE_CURVE_WITH_KNOTS('',1,(#4382,#4383),.UNSPECIFIED.,.F.,
  .F.,(2,2),(-3.0000024,2.399999999625E-06),.PIECEWISE_BEZIER_KNOTS.);
#4382 = CARTESIAN_POINT('',(-2.893425104807,-3.0000024));
#4383 = CARTESIAN_POINT('',(-2.893425104807,2.399999999625E-06));
#4384 = ( GEOMETRIC_REPRESENTATION_CONTEXT(2) 
PARAMETRIC_REPRESENTATION_CONTEXT() REPRESENTATION_CONTEXT('2D SPACE',''
  ) );
#4385 = ORIENTED_EDGE('',*,*,#4386,.T.);
#4386 = EDGE_CURVE('',#4366,#4387,#4389,.T.);
#4387 = VERTEX_POINT('',#4388);
#4388 = CARTESIAN_POINT('',(3.280164420855,207.64622729347,8.));
#4389 = SURFACE_CURVE('',#4390,(#4395,#4402),.PCURVE_S1.);
#4390 = CIRCLE('',#4391,92.9);
#4391 = AXIS2_PLACEMENT_3D('',#4392,#4393,#4394);
#4392 = CARTESIAN_POINT('',(0.,114.80415428035,8.));
#4393 = DIRECTION('',(0.,0.,-1.));
#4394 = DIRECTION('',(1.,0.,0.));
#4395 = PCURVE('',#149,#4396);
#4396 = DEFINITIONAL_REPRESENTATION('',(#4397),#4401);
#4397 = LINE('',#4398,#4399);
#4398 = CARTESIAN_POINT('',(-6.28318530718,-3.));
#4399 = VECTOR('',#4400,1.);
#4400 = DIRECTION('',(1.,-0.));
#4401 = ( GEOMETRIC_REPRESENTATION_CONTEXT(2) 
PARAMETRIC_REPRESENTATION_CONTEXT() REPRESENTATION_CONTEXT('2D SPACE',''
  ) );
#4402 = PCURVE('',#3870,#4403);
#4403 = DEFINITIONAL_REPRESENTATION('',(#4404),#4412);
#4404 = ( BOUNDED_CURVE() B_SPLINE_CURVE(2,(#4405,#4406,#4407,#4408,
#4409,#4410,#4411),.UNSPECIFIED.,.T.,.F.) B_SPLINE_CURVE_WITH_KNOTS((1,2
    ,2,2,2,1),(-2.094395102393,0.,2.094395102393,4.188790204786,
6.28318530718,8.377580409573),.UNSPECIFIED.) CURVE() 
GEOMETRIC_REPRESENTATION_ITEM() RATIONAL_B_SPLINE_CURVE((1.,0.5,1.,0.5,
1.,0.5,1.)) REPRESENTATION_ITEM('') );
#4405 = CARTESIAN_POINT('',(92.9,0.));
#4406 = CARTESIAN_POINT('',(92.9,-160.9075200231));
#4407 = CARTESIAN_POINT('',(-46.45,-80.45376001157));
#4408 = CARTESIAN_POINT('',(-185.8,-2.275393752816E-14));
#4409 = CARTESIAN_POINT('',(-46.45,80.453760011574));
#4410 = CARTESIAN_POINT('',(92.9,160.90752002314));
#4411 = CARTESIAN_POINT('',(92.9,0.));
#4412 = ( GEOMETRIC_REPRESENTATION_CONTEXT(2) 
PARAMETRIC_REPRESENTATION_CONTEXT() REPRESENTATION_CONTEXT('2D SPACE',''
  ) );
#4413 = ORIENTED_EDGE('',*,*,#4414,.T.);
#4414 = EDGE_CURVE('',#4387,#3720,#4415,.T.);
#4415 = SURFACE_CURVE('',#4416,(#4420,#4426),.PCURVE_S1.);
#4416 = LINE('',#4417,#4418);
#4417 = CARTESIAN_POINT('',(3.280164420855,207.64622729347,5.));
#4418 = VECTOR('',#4419,1.);
#4419 = DIRECTION('',(0.,-0.,-1.));
#4420 = PCURVE('',#149,#4421);
#4421 = DEFINITIONAL_REPRESENTATION('',(#4422),#4425);
#4422 = B_SPLINE_CURVE_WITH_KNOTS('',1,(#4423,#4424),.UNSPECIFIED.,.F.,
  .F.,(2,2),(-3.0000024,2.399999999625E-06),.PIECEWISE_BEZIER_KNOTS.);
#4423 = CARTESIAN_POINT('',(-1.535480434829,-3.0000024));
#4424 = CARTESIAN_POINT('',(-1.535480434829,2.399999999625E-06));
#4425 = ( GEOMETRIC_REPRESENTATION_CONTEXT(2) 
PARAMETRIC_REPRESENTATION_CONTEXT() REPRESENTATION_CONTEXT('2D SPACE',''
  ) );
#4426 = PCURVE('',#3736,#4427);
#4427 = DEFINITIONAL_REPRESENTATION('',(#4428),#4431);
#4428 = B_SPLINE_CURVE_WITH_KNOTS('',1,(#4429,#4430),.UNSPECIFIED.,.F.,
  .F.,(2,2),(-3.0000024,2.399999999625E-06),.PIECEWISE_BEZIER_KNOTS.);
#4429 = CARTESIAN_POINT('',(-0.57184241126,-3.0000024));
#4430 = CARTESIAN_POINT('',(-0.57184241126,2.399999999625E-06));
#4431 = ( GEOMETRIC_REPRESENTATION_CONTEXT(2) 
PARAMETRIC_REPRESENTATION_CONTEXT() REPRESENTATION_CONTEXT('2D SPACE',''
  ) );
#4432 = ORIENTED_EDGE('',*,*,#3748,.F.);
#4433 = ORIENTED_EDGE('',*,*,#4434,.F.);
#4434 = EDGE_CURVE('',#4435,#3749,#4437,.T.);
#4435 = VERTEX_POINT('',#4436);
#4436 = CARTESIAN_POINT('',(66.800247738405,179.36526410731,8.));
#4437 = SURFACE_CURVE('',#4438,(#4442,#4448),.PCURVE_S1.);
#4438 = LINE('',#4439,#4440);
#4439 = CARTESIAN_POINT('',(66.800247738405,179.36526410731,5.));
#4440 = VECTOR('',#4441,1.);
#4441 = DIRECTION('',(-0.,-0.,-1.));
#4442 = PCURVE('',#149,#4443);
#4443 = DEFINITIONAL_REPRESENTATION('',(#4444),#4447);
#4444 = B_SPLINE_CURVE_WITH_KNOTS('',1,(#4445,#4446),.UNSPECIFIED.,.F.,
  .F.,(2,2),(-3.0000024,2.399999999625E-06),.PIECEWISE_BEZIER_KNOTS.);
#4445 = CARTESIAN_POINT('',(-0.768354177803,-3.0000024));
#4446 = CARTESIAN_POINT('',(-0.768354177803,2.399999999625E-06));
#4447 = ( GEOMETRIC_REPRESENTATION_CONTEXT(2) 
PARAMETRIC_REPRESENTATION_CONTEXT() REPRESENTATION_CONTEXT('2D SPACE',''
  ) );
#4448 = PCURVE('',#3789,#4449);
#4449 = DEFINITIONAL_REPRESENTATION('',(#4450),#4453);
#4450 = B_SPLINE_CURVE_WITH_KNOTS('',1,(#4451,#4452),.UNSPECIFIED.,.F.,
  .F.,(2,2),(-3.0000024,2.399999999625E-06),.PIECEWISE_BEZIER_KNOTS.);
#4451 = CARTESIAN_POINT('',(-2.05566706385,-3.0000024));
#4452 = CARTESIAN_POINT('',(-2.05566706385,2.399999999625E-06));
#4453 = ( GEOMETRIC_REPRESENTATION_CONTEXT(2) 
PARAMETRIC_REPRESENTATION_CONTEXT() REPRESENTATION_CONTEXT('2D SPACE',''
  ) );
#4454 = ORIENTED_EDGE('',*,*,#4455,.T.);
#4455 = EDGE_CURVE('',#4435,#4456,#4458,.T.);
#4456 = VERTEX_POINT('',#4457);
#4457 = CARTESIAN_POINT('',(71.189964554173,174.48998967516,8.));
#4458 = SURFACE_CURVE('',#4459,(#4464,#4471),.PCURVE_S1.);
#4459 = CIRCLE('',#4460,92.9);
#4460 = AXIS2_PLACEMENT_3D('',#4461,#4462,#4463);
#4461 = CARTESIAN_POINT('',(0.,114.80415428035,8.));
#4462 = DIRECTION('',(0.,0.,-1.));
#4463 = DIRECTION('',(1.,0.,0.));
#4464 = PCURVE('',#149,#4465);
#4465 = DEFINITIONAL_REPRESENTATION('',(#4466),#4470);
#4466 = LINE('',#4467,#4468);
#4467 = CARTESIAN_POINT('',(-6.28318530718,-3.));
#4468 = VECTOR('',#4469,1.);
#4469 = DIRECTION('',(1.,-0.));
#4470 = ( GEOMETRIC_REPRESENTATION_CONTEXT(2) 
PARAMETRIC_REPRESENTATION_CONTEXT() REPRESENTATION_CONTEXT('2D SPACE',''
  ) );
#4471 = PCURVE('',#3870,#4472);
#4472 = DEFINITIONAL_REPRESENTATION('',(#4473),#4481);
#4473 = ( BOUNDED_CURVE() B_SPLINE_CURVE(2,(#4474,#4475,#4476,#4477,
#4478,#4479,#4480),.UNSPECIFIED.,.T.,.F.) B_SPLINE_CURVE_WITH_KNOTS((1,2
    ,2,2,2,1),(-2.094395102393,0.,2.094395102393,4.188790204786,
6.28318530718,8.377580409573),.UNSPECIFIED.) CURVE() 
GEOMETRIC_REPRESENTATION_ITEM() RATIONAL_B_SPLINE_CURVE((1.,0.5,1.,0.5,
1.,0.5,1.)) REPRESENTATION_ITEM('') );
#4474 = CARTESIAN_POINT('',(92.9,0.));
#4475 = CARTESIAN_POINT('',(92.9,-160.9075200231));
#4476 = CARTESIAN_POINT('',(-46.45,-80.45376001157));
#4477 = CARTESIAN_POINT('',(-185.8,-2.275393752816E-14));
#4478 = CARTESIAN_POINT('',(-46.45,80.453760011574));
#4479 = CARTESIAN_POINT('',(92.9,160.90752002314));
#4480 = CARTESIAN_POINT('',(92.9,0.));
#4481 = ( GEOMETRIC_REPRESENTATION_CONTEXT(2) 
PARAMETRIC_REPRESENTATION_CONTEXT() REPRESENTATION_CONTEXT('2D SPACE',''
  ) );
#4482 = ORIENTED_EDGE('',*,*,#4483,.T.);
#4483 = EDGE_CURVE('',#4456,#3607,#4484,.T.);
#4484 = SURFACE_CURVE('',#4485,(#4489,#4495),.PCURVE_S1.);
#4485 = LINE('',#4486,#4487);
#4486 = CARTESIAN_POINT('',(71.189964554173,174.48998967516,5.));
#4487 = VECTOR('',#4488,1.);
#4488 = DIRECTION('',(-0.,-0.,-1.));
#4489 = PCURVE('',#149,#4490);
#4490 = DEFINITIONAL_REPRESENTATION('',(#4491),#4494);
#4491 = B_SPLINE_CURVE_WITH_KNOTS('',1,(#4492,#4493),.UNSPECIFIED.,.F.,
  .F.,(2,2),(-3.0000024,2.399999999625E-06),.PIECEWISE_BEZIER_KNOTS.);
#4492 = CARTESIAN_POINT('',(-0.697722393872,-3.0000024));
#4493 = CARTESIAN_POINT('',(-0.697722393872,2.399999999625E-06));
#4494 = ( GEOMETRIC_REPRESENTATION_CONTEXT(2) 
PARAMETRIC_REPRESENTATION_CONTEXT() REPRESENTATION_CONTEXT('2D SPACE',''
  ) );
#4495 = PCURVE('',#3623,#4496);
#4496 = DEFINITIONAL_REPRESENTATION('',(#4497),#4500);
#4497 = B_SPLINE_CURVE_WITH_KNOTS('',1,(#4498,#4499),.UNSPECIFIED.,.F.,
  .F.,(2,2),(-3.0000024,2.399999999625E-06),.PIECEWISE_BEZIER_KNOTS.);
#4498 = CARTESIAN_POINT('',(-5.693594815005,-3.0000024));
#4499 = CARTESIAN_POINT('',(-5.693594815005,2.399999999625E-06));
#4500 = ( GEOMETRIC_REPRESENTATION_CONTEXT(2) 
PARAMETRIC_REPRESENTATION_CONTEXT() REPRESENTATION_CONTEXT('2D SPACE',''
  ) );
#4501 = ORIENTED_EDGE('',*,*,#3635,.F.);
#4502 = ORIENTED_EDGE('',*,*,#4503,.F.);
#4503 = EDGE_CURVE('',#4504,#3636,#4506,.T.);
#4504 = VERTEX_POINT('',#4505);
#4505 = CARTESIAN_POINT('',(90.861998734909,134.15634242271,8.));
#4506 = SURFACE_CURVE('',#4507,(#4511,#4517),.PCURVE_S1.);
#4507 = LINE('',#4508,#4509);
#4508 = CARTESIAN_POINT('',(90.861998734909,134.15634242271,5.));
#4509 = VECTOR('',#4510,1.);
#4510 = DIRECTION('',(-0.,-0.,-1.));
#4511 = PCURVE('',#149,#4512);
#4512 = DEFINITIONAL_REPRESENTATION('',(#4513),#4516);
#4513 = B_SPLINE_CURVE_WITH_KNOTS('',1,(#4514,#4515),.UNSPECIFIED.,.F.,
  .F.,(2,2),(-3.0000024,2.399999999625E-06),.PIECEWISE_BEZIER_KNOTS.);
#4514 = CARTESIAN_POINT('',(-0.209848817165,-3.0000024));
#4515 = CARTESIAN_POINT('',(-0.209848817165,2.399999999625E-06));
#4516 = ( GEOMETRIC_REPRESENTATION_CONTEXT(2) 
PARAMETRIC_REPRESENTATION_CONTEXT() REPRESENTATION_CONTEXT('2D SPACE',''
  ) );
#4517 = PCURVE('',#3676,#4518);
#4518 = DEFINITIONAL_REPRESENTATION('',(#4519),#4522);
#4519 = B_SPLINE_CURVE_WITH_KNOTS('',1,(#4520,#4521),.UNSPECIFIED.,.F.,
  .F.,(2,2),(-3.0000024,2.399999999625E-06),.PIECEWISE_BEZIER_KNOTS.);
#4520 = CARTESIAN_POINT('',(-1.497161703212,-3.0000024));
#4521 = CARTESIAN_POINT('',(-1.497161703212,2.399999999625E-06));
#4522 = ( GEOMETRIC_REPRESENTATION_CONTEXT(2) 
PARAMETRIC_REPRESENTATION_CONTEXT() REPRESENTATION_CONTEXT('2D SPACE',''
  ) );
#4523 = ORIENTED_EDGE('',*,*,#4524,.T.);
#4524 = EDGE_CURVE('',#4504,#4058,#4525,.T.);
#4525 = SURFACE_CURVE('',#4526,(#4531,#4538),.PCURVE_S1.);
#4526 = CIRCLE('',#4527,92.9);
#4527 = AXIS2_PLACEMENT_3D('',#4528,#4529,#4530);
#4528 = CARTESIAN_POINT('',(0.,114.80415428035,8.));
#4529 = DIRECTION('',(0.,0.,-1.));
#4530 = DIRECTION('',(1.,0.,0.));
#4531 = PCURVE('',#149,#4532);
#4532 = DEFINITIONAL_REPRESENTATION('',(#4533),#4537);
#4533 = LINE('',#4534,#4535);
#4534 = CARTESIAN_POINT('',(-6.28318530718,-3.));
#4535 = VECTOR('',#4536,1.);
#4536 = DIRECTION('',(1.,-0.));
#4537 = ( GEOMETRIC_REPRESENTATION_CONTEXT(2) 
PARAMETRIC_REPRESENTATION_CONTEXT() REPRESENTATION_CONTEXT('2D SPACE',''
  ) );
#4538 = PCURVE('',#3870,#4539);
#4539 = DEFINITIONAL_REPRESENTATION('',(#4540),#4548);
#4540 = ( BOUNDED_CURVE() B_SPLINE_CURVE(2,(#4541,#4542,#4543,#4544,
#4545,#4546,#4547),.UNSPECIFIED.,.T.,.F.) B_SPLINE_CURVE_WITH_KNOTS((1,2
    ,2,2,2,1),(-2.094395102393,0.,2.094395102393,4.188790204786,
6.28318530718,8.377580409573),.UNSPECIFIED.) CURVE() 
GEOMETRIC_REPRESENTATION_ITEM() RATIONAL_B_SPLINE_CURVE((1.,0.5,1.,0.5,
1.,0.5,1.)) REPRESENTATION_ITEM('') );
#4541 = CARTESIAN_POINT('',(92.9,0.));
#4542 = CARTESIAN_POINT('',(92.9,-160.9075200231));
#4543 = CARTESIAN_POINT('',(-46.45,-80.45376001157));
#4544 = CARTESIAN_POINT('',(-185.8,-2.275393752816E-14));
#4545 = CARTESIAN_POINT('',(-46.45,80.453760011574));
#4546 = CARTESIAN_POINT('',(92.9,160.90752002314));
#4547 = CARTESIAN_POINT('',(92.9,0.));
#4548 = ( GEOMETRIC_REPRESENTATION_CONTEXT(2) 
PARAMETRIC_REPRESENTATION_CONTEXT() REPRESENTATION_CONTEXT('2D SPACE',''
  ) );
#4549 = ORIENTED_EDGE('',*,*,#4081,.T.);
#4550 = ADVANCED_FACE('',(#4551),#799,.F.);
#4551 = FACE_BOUND('',#4552,.F.);
#4552 = EDGE_LOOP('',(#4553,#4576,#4597,#4598));
#4553 = ORIENTED_EDGE('',*,*,#4554,.T.);
#4554 = EDGE_CURVE('',#756,#4555,#4557,.T.);
#4555 = VERTEX_POINT('',#4556);
#4556 = CARTESIAN_POINT('',(6.,73.5,8.));
#4557 = SURFACE_CURVE('',#4558,(#4562,#4569),.PCURVE_S1.);
#4558 = LINE('',#4559,#4560);
#4559 = CARTESIAN_POINT('',(6.,73.5,5.));
#4560 = VECTOR('',#4561,1.);
#4561 = DIRECTION('',(0.,0.,1.));
#4562 = PCURVE('',#799,#4563);
#4563 = DEFINITIONAL_REPRESENTATION('',(#4564),#4568);
#4564 = LINE('',#4565,#4566);
#4565 = CARTESIAN_POINT('',(0.,0.));
#4566 = VECTOR('',#4567,1.);
#4567 = DIRECTION('',(0.,-1.));
#4568 = ( GEOMETRIC_REPRESENTATION_CONTEXT(2) 
PARAMETRIC_REPRESENTATION_CONTEXT() REPRESENTATION_CONTEXT('2D SPACE',''
  ) );
#4569 = PCURVE('',#771,#4570);
#4570 = DEFINITIONAL_REPRESENTATION('',(#4571),#4575);
#4571 = LINE('',#4572,#4573);
#4572 = CARTESIAN_POINT('',(1.5,0.));
#4573 = VECTOR('',#4574,1.);
#4574 = DIRECTION('',(0.,-1.));
#4575 = ( GEOMETRIC_REPRESENTATION_CONTEXT(2) 
PARAMETRIC_REPRESENTATION_CONTEXT() REPRESENTATION_CONTEXT('2D SPACE',''
  ) );
#4576 = ORIENTED_EDGE('',*,*,#4577,.T.);
#4577 = EDGE_CURVE('',#4555,#4105,#4578,.T.);
#4578 = SURFACE_CURVE('',#4579,(#4583,#4590),.PCURVE_S1.);
#4579 = LINE('',#4580,#4581);
#4580 = CARTESIAN_POINT('',(6.,84.,8.));
#4581 = VECTOR('',#4582,1.);
#4582 = DIRECTION('',(0.,1.,0.));
#4583 = PCURVE('',#799,#4584);
#4584 = DEFINITIONAL_REPRESENTATION('',(#4585),#4589);
#4585 = LINE('',#4586,#4587);
#4586 = CARTESIAN_POINT('',(10.5,-3.));
#4587 = VECTOR('',#4588,1.);
#4588 = DIRECTION('',(1.,0.));
#4589 = ( GEOMETRIC_REPRESENTATION_CONTEXT(2) 
PARAMETRIC_REPRESENTATION_CONTEXT() REPRESENTATION_CONTEXT('2D SPACE',''
  ) );
#4590 = PCURVE('',#3870,#4591);
#4591 = DEFINITIONAL_REPRESENTATION('',(#4592),#4596);
#4592 = LINE('',#4593,#4594);
#4593 = CARTESIAN_POINT('',(6.,-30.80415428035));
#4594 = VECTOR('',#4595,1.);
#4595 = DIRECTION('',(0.,1.));
#4596 = ( GEOMETRIC_REPRESENTATION_CONTEXT(2) 
PARAMETRIC_REPRESENTATION_CONTEXT() REPRESENTATION_CONTEXT('2D SPACE',''
  ) );
#4597 = ORIENTED_EDGE('',*,*,#4127,.F.);
#4598 = ORIENTED_EDGE('',*,*,#783,.F.);
#4599 = ADVANCED_FACE('',(#4600),#177,.T.);
#4600 = FACE_BOUND('',#4601,.T.);
#4601 = EDGE_LOOP('',(#4602,#4625,#4646,#4647));
#4602 = ORIENTED_EDGE('',*,*,#4603,.T.);
#4603 = EDGE_CURVE('',#162,#4604,#4606,.T.);
#4604 = VERTEX_POINT('',#4605);
#4605 = CARTESIAN_POINT('',(97.9,114.80415428035,14.));
#4606 = SURFACE_CURVE('',#4607,(#4611,#4618),.PCURVE_S1.);
#4607 = LINE('',#4608,#4609);
#4608 = CARTESIAN_POINT('',(97.9,114.80415428035,5.));
#4609 = VECTOR('',#4610,1.);
#4610 = DIRECTION('',(0.,0.,1.));
#4611 = PCURVE('',#177,#4612);
#4612 = DEFINITIONAL_REPRESENTATION('',(#4613),#4617);
#4613 = LINE('',#4614,#4615);
#4614 = CARTESIAN_POINT('',(0.,0.));
#4615 = VECTOR('',#4616,1.);
#4616 = DIRECTION('',(0.,-1.));
#4617 = ( GEOMETRIC_REPRESENTATION_CONTEXT(2) 
PARAMETRIC_REPRESENTATION_CONTEXT() REPRESENTATION_CONTEXT('2D SPACE',''
  ) );
#4618 = PCURVE('',#210,#4619);
#4619 = DEFINITIONAL_REPRESENTATION('',(#4620),#4624);
#4620 = LINE('',#4621,#4622);
#4621 = CARTESIAN_POINT('',(-0.,0.));
#4622 = VECTOR('',#4623,1.);
#4623 = DIRECTION('',(-0.,-1.));
#4624 = ( GEOMETRIC_REPRESENTATION_CONTEXT(2) 
PARAMETRIC_REPRESENTATION_CONTEXT() REPRESENTATION_CONTEXT('2D SPACE',''
  ) );
#4625 = ORIENTED_EDGE('',*,*,#4626,.T.);
#4626 = EDGE_CURVE('',#4604,#4154,#4627,.T.);
#4627 = SURFACE_CURVE('',#4628,(#4632,#4639),.PCURVE_S1.);
#4628 = LINE('',#4629,#4630);
#4629 = CARTESIAN_POINT('',(123.48,114.80415428035,14.));
#4630 = VECTOR('',#4631,1.);
#4631 = DIRECTION('',(-1.,-1.150862869712E-16,0.));
#4632 = PCURVE('',#177,#4633);
#4633 = DEFINITIONAL_REPRESENTATION('',(#4634),#4638);
#4634 = LINE('',#4635,#4636);
#4635 = CARTESIAN_POINT('',(-25.58,-9.));
#4636 = VECTOR('',#4637,1.);
#4637 = DIRECTION('',(1.,0.));
#4638 = ( GEOMETRIC_REPRESENTATION_CONTEXT(2) 
PARAMETRIC_REPRESENTATION_CONTEXT() REPRESENTATION_CONTEXT('2D SPACE',''
  ) );
#4639 = PCURVE('',#4193,#4640);
#4640 = DEFINITIONAL_REPRESENTATION('',(#4641),#4645);
#4641 = LINE('',#4642,#4643);
#4642 = CARTESIAN_POINT('',(123.48,3.904336552657E-15));
#4643 = VECTOR('',#4644,1.);
#4644 = DIRECTION('',(-1.,-1.150862869712E-16));
#4645 = ( GEOMETRIC_REPRESENTATION_CONTEXT(2) 
PARAMETRIC_REPRESENTATION_CONTEXT() REPRESENTATION_CONTEXT('2D SPACE',''
  ) );
#4646 = ORIENTED_EDGE('',*,*,#4153,.F.);
#4647 = ORIENTED_EDGE('',*,*,#161,.F.);
#4648 = ADVANCED_FACE('',(#4649),#771,.F.);
#4649 = FACE_BOUND('',#4650,.F.);
#4650 = EDGE_LOOP('',(#4651,#4674,#4695,#4696));
#4651 = ORIENTED_EDGE('',*,*,#4652,.T.);
#4652 = EDGE_CURVE('',#728,#4653,#4655,.T.);
#4653 = VERTEX_POINT('',#4654);
#4654 = CARTESIAN_POINT('',(4.5,73.5,8.));
#4655 = SURFACE_CURVE('',#4656,(#4660,#4667),.PCURVE_S1.);
#4656 = LINE('',#4657,#4658);
#4657 = CARTESIAN_POINT('',(4.5,73.5,5.));
#4658 = VECTOR('',#4659,1.);
#4659 = DIRECTION('',(0.,0.,1.));
#4660 = PCURVE('',#771,#4661);
#4661 = DEFINITIONAL_REPRESENTATION('',(#4662),#4666);
#4662 = LINE('',#4663,#4664);
#4663 = CARTESIAN_POINT('',(0.,0.));
#4664 = VECTOR('',#4665,1.);
#4665 = DIRECTION('',(0.,-1.));
#4666 = ( GEOMETRIC_REPRESENTATION_CONTEXT(2) 
PARAMETRIC_REPRESENTATION_CONTEXT() REPRESENTATION_CONTEXT('2D SPACE',''
  ) );
#4667 = PCURVE('',#743,#4668);
#4668 = DEFINITIONAL_REPRESENTATION('',(#4669),#4673);
#4669 = LINE('',#4670,#4671);
#4670 = CARTESIAN_POINT('',(3.,0.));
#4671 = VECTOR('',#4672,1.);
#4672 = DIRECTION('',(0.,-1.));
#4673 = ( GEOMETRIC_REPRESENTATION_CONTEXT(2) 
PARAMETRIC_REPRESENTATION_CONTEXT() REPRESENTATION_CONTEXT('2D SPACE',''
  ) );
#4674 = ORIENTED_EDGE('',*,*,#4675,.T.);
#4675 = EDGE_CURVE('',#4653,#4555,#4676,.T.);
#4676 = SURFACE_CURVE('',#4677,(#4681,#4688),.PCURVE_S1.);
#4677 = LINE('',#4678,#4679);
#4678 = CARTESIAN_POINT('',(5.25,73.5,8.));
#4679 = VECTOR('',#4680,1.);
#4680 = DIRECTION('',(1.,0.,0.));
#4681 = PCURVE('',#771,#4682);
#4682 = DEFINITIONAL_REPRESENTATION('',(#4683),#4687);
#4683 = LINE('',#4684,#4685);
#4684 = CARTESIAN_POINT('',(0.75,-3.));
#4685 = VECTOR('',#4686,1.);
#4686 = DIRECTION('',(1.,0.));
#4687 = ( GEOMETRIC_REPRESENTATION_CONTEXT(2) 
PARAMETRIC_REPRESENTATION_CONTEXT() REPRESENTATION_CONTEXT('2D SPACE',''
  ) );
#4688 = PCURVE('',#3870,#4689);
#4689 = DEFINITIONAL_REPRESENTATION('',(#4690),#4694);
#4690 = LINE('',#4691,#4692);
#4691 = CARTESIAN_POINT('',(5.25,-41.30415428035));
#4692 = VECTOR('',#4693,1.);
#4693 = DIRECTION('',(1.,0.));
#4694 = ( GEOMETRIC_REPRESENTATION_CONTEXT(2) 
PARAMETRIC_REPRESENTATION_CONTEXT() REPRESENTATION_CONTEXT('2D SPACE',''
  ) );
#4695 = ORIENTED_EDGE('',*,*,#4554,.F.);
#4696 = ORIENTED_EDGE('',*,*,#755,.F.);
#4697 = ADVANCED_FACE('',(#4698),#210,.T.);
#4698 = FACE_BOUND('',#4699,.F.);
#4699 = EDGE_LOOP('',(#4700,#4701,#4725,#4746));
#4700 = ORIENTED_EDGE('',*,*,#4603,.T.);
#4701 = ORIENTED_EDGE('',*,*,#4702,.T.);
#4702 = EDGE_CURVE('',#4604,#4703,#4705,.T.);
#4703 = VERTEX_POINT('',#4704);
#4704 = CARTESIAN_POINT('',(-97.9,114.80415428035,14.));
#4705 = SURFACE_CURVE('',#4706,(#4711,#4718),.PCURVE_S1.);
#4706 = CIRCLE('',#4707,97.9);
#4707 = AXIS2_PLACEMENT_3D('',#4708,#4709,#4710);
#4708 = CARTESIAN_POINT('',(0.,114.80415428035,14.));
#4709 = DIRECTION('',(0.,0.,1.));
#4710 = DIRECTION('',(1.,0.,0.));
#4711 = PCURVE('',#210,#4712);
#4712 = DEFINITIONAL_REPRESENTATION('',(#4713),#4717);
#4713 = LINE('',#4714,#4715);
#4714 = CARTESIAN_POINT('',(-0.,-9.));
#4715 = VECTOR('',#4716,1.);
#4716 = DIRECTION('',(-1.,0.));
#4717 = ( GEOMETRIC_REPRESENTATION_CONTEXT(2) 
PARAMETRIC_REPRESENTATION_CONTEXT() REPRESENTATION_CONTEXT('2D SPACE',''
  ) );
#4718 = PCURVE('',#4193,#4719);
#4719 = DEFINITIONAL_REPRESENTATION('',(#4720),#4724);
#4720 = CIRCLE('',#4721,97.9);
#4721 = AXIS2_PLACEMENT_2D('',#4722,#4723);
#4722 = CARTESIAN_POINT('',(3.575737220941E-15,-1.030651816255E-14));
#4723 = DIRECTION('',(1.,0.));
#4724 = ( GEOMETRIC_REPRESENTATION_CONTEXT(2) 
PARAMETRIC_REPRESENTATION_CONTEXT() REPRESENTATION_CONTEXT('2D SPACE',''
  ) );
#4725 = ORIENTED_EDGE('',*,*,#4726,.F.);
#4726 = EDGE_CURVE('',#190,#4703,#4727,.T.);
#4727 = SURFACE_CURVE('',#4728,(#4732,#4739),.PCURVE_S1.);
#4728 = LINE('',#4729,#4730);
#4729 = CARTESIAN_POINT('',(-97.9,114.80415428035,5.));
#4730 = VECTOR('',#4731,1.);
#4731 = DIRECTION('',(0.,0.,1.));
#4732 = PCURVE('',#210,#4733);
#4733 = DEFINITIONAL_REPRESENTATION('',(#4734),#4738);
#4734 = LINE('',#4735,#4736);
#4735 = CARTESIAN_POINT('',(-3.14159265359,0.));
#4736 = VECTOR('',#4737,1.);
#4737 = DIRECTION('',(-0.,-1.));
#4738 = ( GEOMETRIC_REPRESENTATION_CONTEXT(2) 
PARAMETRIC_REPRESENTATION_CONTEXT() REPRESENTATION_CONTEXT('2D SPACE',''
  ) );
#4739 = PCURVE('',#238,#4740);
#4740 = DEFINITIONAL_REPRESENTATION('',(#4741),#4745);
#4741 = LINE('',#4742,#4743);
#4742 = CARTESIAN_POINT('',(5.,0.));
#4743 = VECTOR('',#4744,1.);
#4744 = DIRECTION('',(0.,-1.));
#4745 = ( GEOMETRIC_REPRESENTATION_CONTEXT(2) 
PARAMETRIC_REPRESENTATION_CONTEXT() REPRESENTATION_CONTEXT('2D SPACE',''
  ) );
#4746 = ORIENTED_EDGE('',*,*,#189,.T.);
#4747 = ADVANCED_FACE('',(#4748),#743,.F.);
#4748 = FACE_BOUND('',#4749,.F.);
#4749 = EDGE_LOOP('',(#4750,#4773,#4794,#4795));
#4750 = ORIENTED_EDGE('',*,*,#4751,.T.);
#4751 = EDGE_CURVE('',#700,#4752,#4754,.T.);
#4752 = VERTEX_POINT('',#4753);
#4753 = CARTESIAN_POINT('',(4.5,70.5,8.));
#4754 = SURFACE_CURVE('',#4755,(#4759,#4766),.PCURVE_S1.);
#4755 = LINE('',#4756,#4757);
#4756 = CARTESIAN_POINT('',(4.5,70.5,5.));
#4757 = VECTOR('',#4758,1.);
#4758 = DIRECTION('',(0.,0.,1.));
#4759 = PCURVE('',#743,#4760);
#4760 = DEFINITIONAL_REPRESENTATION('',(#4761),#4765);
#4761 = LINE('',#4762,#4763);
#4762 = CARTESIAN_POINT('',(0.,0.));
#4763 = VECTOR('',#4764,1.);
#4764 = DIRECTION('',(0.,-1.));
#4765 = ( GEOMETRIC_REPRESENTATION_CONTEXT(2) 
PARAMETRIC_REPRESENTATION_CONTEXT() REPRESENTATION_CONTEXT('2D SPACE',''
  ) );
#4766 = PCURVE('',#715,#4767);
#4767 = DEFINITIONAL_REPRESENTATION('',(#4768),#4772);
#4768 = LINE('',#4769,#4770);
#4769 = CARTESIAN_POINT('',(0.,0.));
#4770 = VECTOR('',#4771,1.);
#4771 = DIRECTION('',(0.,-1.));
#4772 = ( GEOMETRIC_REPRESENTATION_CONTEXT(2) 
PARAMETRIC_REPRESENTATION_CONTEXT() REPRESENTATION_CONTEXT('2D SPACE',''
  ) );
#4773 = ORIENTED_EDGE('',*,*,#4774,.T.);
#4774 = EDGE_CURVE('',#4752,#4653,#4775,.T.);
#4775 = SURFACE_CURVE('',#4776,(#4780,#4787),.PCURVE_S1.);
#4776 = LINE('',#4777,#4778);
#4777 = CARTESIAN_POINT('',(4.5,72.,8.));
#4778 = VECTOR('',#4779,1.);
#4779 = DIRECTION('',(0.,1.,0.));
#4780 = PCURVE('',#743,#4781);
#4781 = DEFINITIONAL_REPRESENTATION('',(#4782),#4786);
#4782 = LINE('',#4783,#4784);
#4783 = CARTESIAN_POINT('',(1.5,-3.));
#4784 = VECTOR('',#4785,1.);
#4785 = DIRECTION('',(1.,0.));
#4786 = ( GEOMETRIC_REPRESENTATION_CONTEXT(2) 
PARAMETRIC_REPRESENTATION_CONTEXT() REPRESENTATION_CONTEXT('2D SPACE',''
  ) );
#4787 = PCURVE('',#3870,#4788);
#4788 = DEFINITIONAL_REPRESENTATION('',(#4789),#4793);
#4789 = LINE('',#4790,#4791);
#4790 = CARTESIAN_POINT('',(4.5,-42.80415428035));
#4791 = VECTOR('',#4792,1.);
#4792 = DIRECTION('',(0.,1.));
#4793 = ( GEOMETRIC_REPRESENTATION_CONTEXT(2) 
PARAMETRIC_REPRESENTATION_CONTEXT() REPRESENTATION_CONTEXT('2D SPACE',''
  ) );
#4794 = ORIENTED_EDGE('',*,*,#4652,.F.);
#4795 = ORIENTED_EDGE('',*,*,#727,.F.);
#4796 = ADVANCED_FACE('',(#4797),#238,.T.);
#4797 = FACE_BOUND('',#4798,.T.);
#4798 = EDGE_LOOP('',(#4799,#4800,#4821,#4822));
#4799 = ORIENTED_EDGE('',*,*,#4205,.T.);
#4800 = ORIENTED_EDGE('',*,*,#4801,.T.);
#4801 = EDGE_CURVE('',#4177,#4703,#4802,.T.);
#4802 = SURFACE_CURVE('',#4803,(#4807,#4814),.PCURVE_S1.);
#4803 = LINE('',#4804,#4805);
#4804 = CARTESIAN_POINT('',(0.,114.80415428035,14.));
#4805 = VECTOR('',#4806,1.);
#4806 = DIRECTION('',(-1.,1.150862869712E-16,0.));
#4807 = PCURVE('',#238,#4808);
#4808 = DEFINITIONAL_REPRESENTATION('',(#4809),#4813);
#4809 = LINE('',#4810,#4811);
#4810 = CARTESIAN_POINT('',(-92.9,-9.));
#4811 = VECTOR('',#4812,1.);
#4812 = DIRECTION('',(1.,0.));
#4813 = ( GEOMETRIC_REPRESENTATION_CONTEXT(2) 
PARAMETRIC_REPRESENTATION_CONTEXT() REPRESENTATION_CONTEXT('2D SPACE',''
  ) );
#4814 = PCURVE('',#4193,#4815);
#4815 = DEFINITIONAL_REPRESENTATION('',(#4816),#4820);
#4816 = LINE('',#4817,#4818);
#4817 = CARTESIAN_POINT('',(3.575737220941E-15,-1.030651816255E-14));
#4818 = VECTOR('',#4819,1.);
#4819 = DIRECTION('',(-1.,1.150862869712E-16));
#4820 = ( GEOMETRIC_REPRESENTATION_CONTEXT(2) 
PARAMETRIC_REPRESENTATION_CONTEXT() REPRESENTATION_CONTEXT('2D SPACE',''
  ) );
#4821 = ORIENTED_EDGE('',*,*,#4726,.F.);
#4822 = ORIENTED_EDGE('',*,*,#222,.F.);
#4823 = ADVANCED_FACE('',(#4824),#715,.T.);
#4824 = FACE_BOUND('',#4825,.T.);
#4825 = EDGE_LOOP('',(#4826,#4827,#4850,#4871));
#4826 = ORIENTED_EDGE('',*,*,#4751,.T.);
#4827 = ORIENTED_EDGE('',*,*,#4828,.T.);
#4828 = EDGE_CURVE('',#4752,#4829,#4831,.T.);
#4829 = VERTEX_POINT('',#4830);
#4830 = CARTESIAN_POINT('',(6.,70.5,8.));
#4831 = SURFACE_CURVE('',#4832,(#4836,#4843),.PCURVE_S1.);
#4832 = LINE('',#4833,#4834);
#4833 = CARTESIAN_POINT('',(5.25,70.5,8.));
#4834 = VECTOR('',#4835,1.);
#4835 = DIRECTION('',(1.,0.,0.));
#4836 = PCURVE('',#715,#4837);
#4837 = DEFINITIONAL_REPRESENTATION('',(#4838),#4842);
#4838 = LINE('',#4839,#4840);
#4839 = CARTESIAN_POINT('',(0.75,-3.));
#4840 = VECTOR('',#4841,1.);
#4841 = DIRECTION('',(1.,0.));
#4842 = ( GEOMETRIC_REPRESENTATION_CONTEXT(2) 
PARAMETRIC_REPRESENTATION_CONTEXT() REPRESENTATION_CONTEXT('2D SPACE',''
  ) );
#4843 = PCURVE('',#3870,#4844);
#4844 = DEFINITIONAL_REPRESENTATION('',(#4845),#4849);
#4845 = LINE('',#4846,#4847);
#4846 = CARTESIAN_POINT('',(5.25,-44.30415428035));
#4847 = VECTOR('',#4848,1.);
#4848 = DIRECTION('',(1.,0.));
#4849 = ( GEOMETRIC_REPRESENTATION_CONTEXT(2) 
PARAMETRIC_REPRESENTATION_CONTEXT() REPRESENTATION_CONTEXT('2D SPACE',''
  ) );
#4850 = ORIENTED_EDGE('',*,*,#4851,.F.);
#4851 = EDGE_CURVE('',#672,#4829,#4852,.T.);
#4852 = SURFACE_CURVE('',#4853,(#4857,#4864),.PCURVE_S1.);
#4853 = LINE('',#4854,#4855);
#4854 = CARTESIAN_POINT('',(6.,70.5,5.));
#4855 = VECTOR('',#4856,1.);
#4856 = DIRECTION('',(0.,0.,1.));
#4857 = PCURVE('',#715,#4858);
#4858 = DEFINITIONAL_REPRESENTATION('',(#4859),#4863);
#4859 = LINE('',#4860,#4861);
#4860 = CARTESIAN_POINT('',(1.5,0.));
#4861 = VECTOR('',#4862,1.);
#4862 = DIRECTION('',(0.,-1.));
#4863 = ( GEOMETRIC_REPRESENTATION_CONTEXT(2) 
PARAMETRIC_REPRESENTATION_CONTEXT() REPRESENTATION_CONTEXT('2D SPACE',''
  ) );
#4864 = PCURVE('',#687,#4865);
#4865 = DEFINITIONAL_REPRESENTATION('',(#4866),#4870);
#4866 = LINE('',#4867,#4868);
#4867 = CARTESIAN_POINT('',(10.5,0.));
#4868 = VECTOR('',#4869,1.);
#4869 = DIRECTION('',(0.,-1.));
#4870 = ( GEOMETRIC_REPRESENTATION_CONTEXT(2) 
PARAMETRIC_REPRESENTATION_CONTEXT() REPRESENTATION_CONTEXT('2D SPACE',''
  ) );
#4871 = ORIENTED_EDGE('',*,*,#699,.F.);
#4872 = ADVANCED_FACE('',(#4873),#687,.F.);
#4873 = FACE_BOUND('',#4874,.F.);
#4874 = EDGE_LOOP('',(#4875,#4898,#4919,#4920));
#4875 = ORIENTED_EDGE('',*,*,#4876,.T.);
#4876 = EDGE_CURVE('',#643,#4877,#4879,.T.);
#4877 = VERTEX_POINT('',#4878);
#4878 = CARTESIAN_POINT('',(6.,60.,8.));
#4879 = SURFACE_CURVE('',#4880,(#4884,#4891),.PCURVE_S1.);
#4880 = LINE('',#4881,#4882);
#4881 = CARTESIAN_POINT('',(6.,60.,5.));
#4882 = VECTOR('',#4883,1.);
#4883 = DIRECTION('',(0.,0.,1.));
#4884 = PCURVE('',#687,#4885);
#4885 = DEFINITIONAL_REPRESENTATION('',(#4886),#4890);
#4886 = LINE('',#4887,#4888);
#4887 = CARTESIAN_POINT('',(3.410605131648E-13,0.));
#4888 = VECTOR('',#4889,1.);
#4889 = DIRECTION('',(0.,-1.));
#4890 = ( GEOMETRIC_REPRESENTATION_CONTEXT(2) 
PARAMETRIC_REPRESENTATION_CONTEXT() REPRESENTATION_CONTEXT('2D SPACE',''
  ) );
#4891 = PCURVE('',#659,#4892);
#4892 = DEFINITIONAL_REPRESENTATION('',(#4893),#4897);
#4893 = LINE('',#4894,#4895);
#4894 = CARTESIAN_POINT('',(-3.14159265359,0.));
#4895 = VECTOR('',#4896,1.);
#4896 = DIRECTION('',(-0.,-1.));
#4897 = ( GEOMETRIC_REPRESENTATION_CONTEXT(2) 
PARAMETRIC_REPRESENTATION_CONTEXT() REPRESENTATION_CONTEXT('2D SPACE',''
  ) );
#4898 = ORIENTED_EDGE('',*,*,#4899,.T.);
#4899 = EDGE_CURVE('',#4877,#4829,#4900,.T.);
#4900 = SURFACE_CURVE('',#4901,(#4905,#4912),.PCURVE_S1.);
#4901 = LINE('',#4902,#4903);
#4902 = CARTESIAN_POINT('',(6.,84.,8.));
#4903 = VECTOR('',#4904,1.);
#4904 = DIRECTION('',(0.,1.,0.));
#4905 = PCURVE('',#687,#4906);
#4906 = DEFINITIONAL_REPRESENTATION('',(#4907),#4911);
#4907 = LINE('',#4908,#4909);
#4908 = CARTESIAN_POINT('',(24.,-3.));
#4909 = VECTOR('',#4910,1.);
#4910 = DIRECTION('',(1.,0.));
#4911 = ( GEOMETRIC_REPRESENTATION_CONTEXT(2) 
PARAMETRIC_REPRESENTATION_CONTEXT() REPRESENTATION_CONTEXT('2D SPACE',''
  ) );
#4912 = PCURVE('',#3870,#4913);
#4913 = DEFINITIONAL_REPRESENTATION('',(#4914),#4918);
#4914 = LINE('',#4915,#4916);
#4915 = CARTESIAN_POINT('',(6.,-30.80415428035));
#4916 = VECTOR('',#4917,1.);
#4917 = DIRECTION('',(0.,1.));
#4918 = ( GEOMETRIC_REPRESENTATION_CONTEXT(2) 
PARAMETRIC_REPRESENTATION_CONTEXT() REPRESENTATION_CONTEXT('2D SPACE',''
  ) );
#4919 = ORIENTED_EDGE('',*,*,#4851,.F.);
#4920 = ORIENTED_EDGE('',*,*,#671,.F.);
#4921 = ADVANCED_FACE('',(#4922),#291,.T.);
#4922 = FACE_BOUND('',#4923,.F.);
#4923 = EDGE_LOOP('',(#4924,#4925,#4926,#4950));
#4924 = ORIENTED_EDGE('',*,*,#274,.F.);
#4925 = ORIENTED_EDGE('',*,*,#4227,.F.);
#4926 = ORIENTED_EDGE('',*,*,#4927,.T.);
#4927 = EDGE_CURVE('',#4228,#4928,#4930,.T.);
#4928 = VERTEX_POINT('',#4929);
#4929 = CARTESIAN_POINT('',(-19.99566201795,114.38762041148,8.));
#4930 = SURFACE_CURVE('',#4931,(#4936,#4943),.PCURVE_S1.);
#4931 = CIRCLE('',#4932,154.0625);
#4932 = AXIS2_PLACEMENT_3D('',#4933,#4934,#4935);
#4933 = CARTESIAN_POINT('',(-28.80093946519,268.19828647638,8.));
#4934 = DIRECTION('',(0.,0.,1.));
#4935 = DIRECTION('',(1.,0.,0.));
#4936 = PCURVE('',#291,#4937);
#4937 = DEFINITIONAL_REPRESENTATION('',(#4938),#4942);
#4938 = LINE('',#4939,#4940);
#4939 = CARTESIAN_POINT('',(-0.,-3.));
#4940 = VECTOR('',#4941,1.);
#4941 = DIRECTION('',(-1.,0.));
#4942 = ( GEOMETRIC_REPRESENTATION_CONTEXT(2) 
PARAMETRIC_REPRESENTATION_CONTEXT() REPRESENTATION_CONTEXT('2D SPACE',''
  ) );
#4943 = PCURVE('',#3870,#4944);
#4944 = DEFINITIONAL_REPRESENTATION('',(#4945),#4949);
#4945 = CIRCLE('',#4946,154.0625);
#4946 = AXIS2_PLACEMENT_2D('',#4947,#4948);
#4947 = CARTESIAN_POINT('',(-28.80093946519,153.39413219602));
#4948 = DIRECTION('',(1.,0.));
#4949 = ( GEOMETRIC_REPRESENTATION_CONTEXT(2) 
PARAMETRIC_REPRESENTATION_CONTEXT() REPRESENTATION_CONTEXT('2D SPACE',''
  ) );
#4950 = ORIENTED_EDGE('',*,*,#4951,.F.);
#4951 = EDGE_CURVE('',#275,#4928,#4952,.T.);
#4952 = SURFACE_CURVE('',#4953,(#4957,#4964),.PCURVE_S1.);
#4953 = LINE('',#4954,#4955);
#4954 = CARTESIAN_POINT('',(-19.99566201795,114.38762041148,5.));
#4955 = VECTOR('',#4956,1.);
#4956 = DIRECTION('',(0.,0.,1.));
#4957 = PCURVE('',#291,#4958);
#4958 = DEFINITIONAL_REPRESENTATION('',(#4959),#4963);
#4959 = LINE('',#4960,#4961);
#4960 = CARTESIAN_POINT('',(-4.769574073142,0.));
#4961 = VECTOR('',#4962,1.);
#4962 = DIRECTION('',(-0.,-1.));
#4963 = ( GEOMETRIC_REPRESENTATION_CONTEXT(2) 
PARAMETRIC_REPRESENTATION_CONTEXT() REPRESENTATION_CONTEXT('2D SPACE',''
  ) );
#4964 = PCURVE('',#320,#4965);
#4965 = DEFINITIONAL_REPRESENTATION('',(#4966),#4970);
#4966 = LINE('',#4967,#4968);
#4967 = CARTESIAN_POINT('',(-3.162420852928,0.));
#4968 = VECTOR('',#4969,1.);
#4969 = DIRECTION('',(-0.,-1.));
#4970 = ( GEOMETRIC_REPRESENTATION_CONTEXT(2) 
PARAMETRIC_REPRESENTATION_CONTEXT() REPRESENTATION_CONTEXT('2D SPACE',''
  ) );
#4971 = ADVANCED_FACE('',(#4972),#659,.T.);
#4972 = FACE_BOUND('',#4973,.F.);
#4973 = EDGE_LOOP('',(#4974,#4997,#5019,#5020));
#4974 = ORIENTED_EDGE('',*,*,#4975,.T.);
#4975 = EDGE_CURVE('',#614,#4976,#4978,.T.);
#4976 = VERTEX_POINT('',#4977);
#4977 = CARTESIAN_POINT('',(0.799959598,46.80803999798,8.));
#4978 = SURFACE_CURVE('',#4979,(#4983,#4990),.PCURVE_S1.);
#4979 = LINE('',#4980,#4981);
#4980 = CARTESIAN_POINT('',(0.799959598,46.80803999798,5.));
#4981 = VECTOR('',#4982,1.);
#4982 = DIRECTION('',(0.,0.,1.));
#4983 = PCURVE('',#659,#4984);
#4984 = DEFINITIONAL_REPRESENTATION('',(#4985),#4989);
#4985 = LINE('',#4986,#4987);
#4986 = CARTESIAN_POINT('',(-2.390630066027,0.));
#4987 = VECTOR('',#4988,1.);
#4988 = DIRECTION('',(-0.,-1.));
#4989 = ( GEOMETRIC_REPRESENTATION_CONTEXT(2) 
PARAMETRIC_REPRESENTATION_CONTEXT() REPRESENTATION_CONTEXT('2D SPACE',''
  ) );
#4990 = PCURVE('',#630,#4991);
#4991 = DEFINITIONAL_REPRESENTATION('',(#4992),#4996);
#4992 = LINE('',#4993,#4994);
#4993 = CARTESIAN_POINT('',(-3.161692986913,0.));
#4994 = VECTOR('',#4995,1.);
#4995 = DIRECTION('',(-0.,-1.));
#4996 = ( GEOMETRIC_REPRESENTATION_CONTEXT(2) 
PARAMETRIC_REPRESENTATION_CONTEXT() REPRESENTATION_CONTEXT('2D SPACE',''
  ) );
#4997 = ORIENTED_EDGE('',*,*,#4998,.T.);
#4998 = EDGE_CURVE('',#4976,#4877,#4999,.T.);
#4999 = SURFACE_CURVE('',#5000,(#5005,#5012),.PCURVE_S1.);
#5000 = CIRCLE('',#5001,19.333333333333);
#5001 = AXIS2_PLACEMENT_3D('',#5002,#5003,#5004);
#5002 = CARTESIAN_POINT('',(-13.33333333333,60.,8.));
#5003 = DIRECTION('',(0.,0.,1.));
#5004 = DIRECTION('',(-1.,-1.224646799147E-16,0.));
#5005 = PCURVE('',#659,#5006);
#5006 = DEFINITIONAL_REPRESENTATION('',(#5007),#5011);
#5007 = LINE('',#5008,#5009);
#5008 = CARTESIAN_POINT('',(-0.,-3.));
#5009 = VECTOR('',#5010,1.);
#5010 = DIRECTION('',(-1.,0.));
#5011 = ( GEOMETRIC_REPRESENTATION_CONTEXT(2) 
PARAMETRIC_REPRESENTATION_CONTEXT() REPRESENTATION_CONTEXT('2D SPACE',''
  ) );
#5012 = PCURVE('',#3870,#5013);
#5013 = DEFINITIONAL_REPRESENTATION('',(#5014),#5018);
#5014 = CIRCLE('',#5015,19.333333333333);
#5015 = AXIS2_PLACEMENT_2D('',#5016,#5017);
#5016 = CARTESIAN_POINT('',(-13.33333333333,-54.80415428035));
#5017 = DIRECTION('',(-1.,-1.224646799147E-16));
#5018 = ( GEOMETRIC_REPRESENTATION_CONTEXT(2) 
PARAMETRIC_REPRESENTATION_CONTEXT() REPRESENTATION_CONTEXT('2D SPACE',''
  ) );
#5019 = ORIENTED_EDGE('',*,*,#4876,.F.);
#5020 = ORIENTED_EDGE('',*,*,#642,.F.);
#5021 = ADVANCED_FACE('',(#5022),#320,.T.);
#5022 = FACE_BOUND('',#5023,.F.);
#5023 = EDGE_LOOP('',(#5024,#5025,#5049,#5070));
#5024 = ORIENTED_EDGE('',*,*,#4951,.T.);
#5025 = ORIENTED_EDGE('',*,*,#5026,.T.);
#5026 = EDGE_CURVE('',#4928,#5027,#5029,.T.);
#5027 = VERTEX_POINT('',#5028);
#5028 = CARTESIAN_POINT('',(-5.999999999999,95.725370252019,8.));
#5029 = SURFACE_CURVE('',#5030,(#5035,#5042),.PCURVE_S1.);
#5030 = CIRCLE('',#5031,20.);
#5031 = AXIS2_PLACEMENT_3D('',#5032,#5033,#5034);
#5032 = CARTESIAN_POINT('',(0.,114.80415428035,8.));
#5033 = DIRECTION('',(0.,0.,1.));
#5034 = DIRECTION('',(1.,0.,0.));
#5035 = PCURVE('',#320,#5036);
#5036 = DEFINITIONAL_REPRESENTATION('',(#5037),#5041);
#5037 = LINE('',#5038,#5039);
#5038 = CARTESIAN_POINT('',(-0.,-3.));
#5039 = VECTOR('',#5040,1.);
#5040 = DIRECTION('',(-1.,0.));
#5041 = ( GEOMETRIC_REPRESENTATION_CONTEXT(2) 
PARAMETRIC_REPRESENTATION_CONTEXT() REPRESENTATION_CONTEXT('2D SPACE',''
  ) );
#5042 = PCURVE('',#3870,#5043);
#5043 = DEFINITIONAL_REPRESENTATION('',(#5044),#5048);
#5044 = CIRCLE('',#5045,20.);
#5045 = AXIS2_PLACEMENT_2D('',#5046,#5047);
#5046 = CARTESIAN_POINT('',(1.093952106032E-15,0.));
#5047 = DIRECTION('',(1.,0.));
#5048 = ( GEOMETRIC_REPRESENTATION_CONTEXT(2) 
PARAMETRIC_REPRESENTATION_CONTEXT() REPRESENTATION_CONTEXT('2D SPACE',''
  ) );
#5049 = ORIENTED_EDGE('',*,*,#5050,.F.);
#5050 = EDGE_CURVE('',#304,#5027,#5051,.T.);
#5051 = SURFACE_CURVE('',#5052,(#5056,#5063),.PCURVE_S1.);
#5052 = LINE('',#5053,#5054);
#5053 = CARTESIAN_POINT('',(-5.999999999999,95.725370252019,5.));
#5054 = VECTOR('',#5055,1.);
#5055 = DIRECTION('',(0.,0.,1.));
#5056 = PCURVE('',#320,#5057);
#5057 = DEFINITIONAL_REPRESENTATION('',(#5058),#5062);
#5058 = LINE('',#5059,#5060);
#5059 = CARTESIAN_POINT('',(-4.407696326369,0.));
#5060 = VECTOR('',#5061,1.);
#5061 = DIRECTION('',(-0.,-1.));
#5062 = ( GEOMETRIC_REPRESENTATION_CONTEXT(2) 
PARAMETRIC_REPRESENTATION_CONTEXT() REPRESENTATION_CONTEXT('2D SPACE',''
  ) );
#5063 = PCURVE('',#348,#5064);
#5064 = DEFINITIONAL_REPRESENTATION('',(#5065),#5069);
#5065 = LINE('',#5066,#5067);
#5066 = CARTESIAN_POINT('',(13.225370252019,0.));
#5067 = VECTOR('',#5068,1.);
#5068 = DIRECTION('',(0.,-1.));
#5069 = ( GEOMETRIC_REPRESENTATION_CONTEXT(2) 
PARAMETRIC_REPRESENTATION_CONTEXT() REPRESENTATION_CONTEXT('2D SPACE',''
  ) );
#5070 = ORIENTED_EDGE('',*,*,#303,.F.);
#5071 = ADVANCED_FACE('',(#5072),#630,.T.);
#5072 = FACE_BOUND('',#5073,.F.);
#5073 = EDGE_LOOP('',(#5074,#5097,#5119,#5120));
#5074 = ORIENTED_EDGE('',*,*,#5075,.T.);
#5075 = EDGE_CURVE('',#585,#5076,#5078,.T.);
#5076 = VERTEX_POINT('',#5077);
#5077 = CARTESIAN_POINT('',(-0.799959598,46.80803999798,8.));
#5078 = SURFACE_CURVE('',#5079,(#5083,#5090),.PCURVE_S1.);
#5079 = LINE('',#5080,#5081);
#5080 = CARTESIAN_POINT('',(-0.799959598,46.80803999798,5.));
#5081 = VECTOR('',#5082,1.);
#5082 = DIRECTION('',(0.,0.,1.));
#5083 = PCURVE('',#630,#5084);
#5084 = DEFINITIONAL_REPRESENTATION('',(#5085),#5089);
#5085 = LINE('',#5086,#5087);
#5086 = CARTESIAN_POINT('',(-0.,0.));
#5087 = VECTOR('',#5088,1.);
#5088 = DIRECTION('',(-0.,-1.));
#5089 = ( GEOMETRIC_REPRESENTATION_CONTEXT(2) 
PARAMETRIC_REPRESENTATION_CONTEXT() REPRESENTATION_CONTEXT('2D SPACE',''
  ) );
#5090 = PCURVE('',#601,#5091);
#5091 = DEFINITIONAL_REPRESENTATION('',(#5092),#5096);
#5092 = LINE('',#5093,#5094);
#5093 = CARTESIAN_POINT('',(-1.560746160133,0.));
#5094 = VECTOR('',#5095,1.);
#5095 = DIRECTION('',(-0.,-1.));
#5096 = ( GEOMETRIC_REPRESENTATION_CONTEXT(2) 
PARAMETRIC_REPRESENTATION_CONTEXT() REPRESENTATION_CONTEXT('2D SPACE',''
  ) );
#5097 = ORIENTED_EDGE('',*,*,#5098,.T.);
#5098 = EDGE_CURVE('',#5076,#4976,#5099,.T.);
#5099 = SURFACE_CURVE('',#5100,(#5105,#5112),.PCURVE_S1.);
#5100 = CIRCLE('',#5101,0.8);
#5101 = AXIS2_PLACEMENT_3D('',#5102,#5103,#5104);
#5102 = CARTESIAN_POINT('',(1.616533774875E-15,46.8,8.));
#5103 = DIRECTION('',(0.,0.,1.));
#5104 = DIRECTION('',(-0.9999494975,1.004999747483E-02,0.));
#5105 = PCURVE('',#630,#5106);
#5106 = DEFINITIONAL_REPRESENTATION('',(#5107),#5111);
#5107 = LINE('',#5108,#5109);
#5108 = CARTESIAN_POINT('',(-0.,-3.));
#5109 = VECTOR('',#5110,1.);
#5110 = DIRECTION('',(-1.,0.));
#5111 = ( GEOMETRIC_REPRESENTATION_CONTEXT(2) 
PARAMETRIC_REPRESENTATION_CONTEXT() REPRESENTATION_CONTEXT('2D SPACE',''
  ) );
#5112 = PCURVE('',#3870,#5113);
#5113 = DEFINITIONAL_REPRESENTATION('',(#5114),#5118);
#5114 = CIRCLE('',#5115,0.8);
#5115 = AXIS2_PLACEMENT_2D('',#5116,#5117);
#5116 = CARTESIAN_POINT('',(2.710485880906E-15,-68.00415428035));
#5117 = DIRECTION('',(-0.9999494975,1.004999747483E-02));
#5118 = ( GEOMETRIC_REPRESENTATION_CONTEXT(2) 
PARAMETRIC_REPRESENTATION_CONTEXT() REPRESENTATION_CONTEXT('2D SPACE',''
  ) );
#5119 = ORIENTED_EDGE('',*,*,#4975,.F.);
#5120 = ORIENTED_EDGE('',*,*,#613,.F.);
#5121 = ADVANCED_FACE('',(#5122),#348,.T.);
#5122 = FACE_BOUND('',#5123,.T.);
#5123 = EDGE_LOOP('',(#5124,#5147,#5168,#5169));
#5124 = ORIENTED_EDGE('',*,*,#5125,.T.);
#5125 = EDGE_CURVE('',#333,#5126,#5128,.T.);
#5126 = VERTEX_POINT('',#5127);
#5127 = CARTESIAN_POINT('',(-6.,82.5,8.));
#5128 = SURFACE_CURVE('',#5129,(#5133,#5140),.PCURVE_S1.);
#5129 = LINE('',#5130,#5131);
#5130 = CARTESIAN_POINT('',(-6.,82.5,5.));
#5131 = VECTOR('',#5132,1.);
#5132 = DIRECTION('',(0.,0.,1.));
#5133 = PCURVE('',#348,#5134);
#5134 = DEFINITIONAL_REPRESENTATION('',(#5135),#5139);
#5135 = LINE('',#5136,#5137);
#5136 = CARTESIAN_POINT('',(0.,0.));
#5137 = VECTOR('',#5138,1.);
#5138 = DIRECTION('',(0.,-1.));
#5139 = ( GEOMETRIC_REPRESENTATION_CONTEXT(2) 
PARAMETRIC_REPRESENTATION_CONTEXT() REPRESENTATION_CONTEXT('2D SPACE',''
  ) );
#5140 = PCURVE('',#376,#5141);
#5141 = DEFINITIONAL_REPRESENTATION('',(#5142),#5146);
#5142 = LINE('',#5143,#5144);
#5143 = CARTESIAN_POINT('',(0.,0.));
#5144 = VECTOR('',#5145,1.);
#5145 = DIRECTION('',(0.,-1.));
#5146 = ( GEOMETRIC_REPRESENTATION_CONTEXT(2) 
PARAMETRIC_REPRESENTATION_CONTEXT() REPRESENTATION_CONTEXT('2D SPACE',''
  ) );
#5147 = ORIENTED_EDGE('',*,*,#5148,.T.);
#5148 = EDGE_CURVE('',#5126,#5027,#5149,.T.);
#5149 = SURFACE_CURVE('',#5150,(#5154,#5161),.PCURVE_S1.);
#5150 = LINE('',#5151,#5152);
#5151 = CARTESIAN_POINT('',(-6.,84.,8.));
#5152 = VECTOR('',#5153,1.);
#5153 = DIRECTION('',(0.,1.,0.));
#5154 = PCURVE('',#348,#5155);
#5155 = DEFINITIONAL_REPRESENTATION('',(#5156),#5160);
#5156 = LINE('',#5157,#5158);
#5157 = CARTESIAN_POINT('',(1.5,-3.));
#5158 = VECTOR('',#5159,1.);
#5159 = DIRECTION('',(1.,0.));
#5160 = ( GEOMETRIC_REPRESENTATION_CONTEXT(2) 
PARAMETRIC_REPRESENTATION_CONTEXT() REPRESENTATION_CONTEXT('2D SPACE',''
  ) );
#5161 = PCURVE('',#3870,#5162);
#5162 = DEFINITIONAL_REPRESENTATION('',(#5163),#5167);
#5163 = LINE('',#5164,#5165);
#5164 = CARTESIAN_POINT('',(-6.,-30.80415428035));
#5165 = VECTOR('',#5166,1.);
#5166 = DIRECTION('',(0.,1.));
#5167 = ( GEOMETRIC_REPRESENTATION_CONTEXT(2) 
PARAMETRIC_REPRESENTATION_CONTEXT() REPRESENTATION_CONTEXT('2D SPACE',''
  ) );
#5168 = ORIENTED_EDGE('',*,*,#5050,.F.);
#5169 = ORIENTED_EDGE('',*,*,#332,.F.);
#5170 = ADVANCED_FACE('',(#5171),#601,.T.);
#5171 = FACE_BOUND('',#5172,.F.);
#5172 = EDGE_LOOP('',(#5173,#5196,#5218,#5219));
#5173 = ORIENTED_EDGE('',*,*,#5174,.T.);
#5174 = EDGE_CURVE('',#557,#5175,#5177,.T.);
#5175 = VERTEX_POINT('',#5176);
#5176 = CARTESIAN_POINT('',(-6.,60.,8.));
#5177 = SURFACE_CURVE('',#5178,(#5182,#5189),.PCURVE_S1.);
#5178 = LINE('',#5179,#5180);
#5179 = CARTESIAN_POINT('',(-6.,60.,5.));
#5180 = VECTOR('',#5181,1.);
#5181 = DIRECTION('',(0.,0.,1.));
#5182 = PCURVE('',#601,#5183);
#5183 = DEFINITIONAL_REPRESENTATION('',(#5184),#5188);
#5184 = LINE('',#5185,#5186);
#5185 = CARTESIAN_POINT('',(-0.80978357257,0.));
#5186 = VECTOR('',#5187,1.);
#5187 = DIRECTION('',(-0.,-1.));
#5188 = ( GEOMETRIC_REPRESENTATION_CONTEXT(2) 
PARAMETRIC_REPRESENTATION_CONTEXT() REPRESENTATION_CONTEXT('2D SPACE',''
  ) );
#5189 = PCURVE('',#572,#5190);
#5190 = DEFINITIONAL_REPRESENTATION('',(#5191),#5195);
#5191 = LINE('',#5192,#5193);
#5192 = CARTESIAN_POINT('',(3.410605131648E-13,0.));
#5193 = VECTOR('',#5194,1.);
#5194 = DIRECTION('',(0.,-1.));
#5195 = ( GEOMETRIC_REPRESENTATION_CONTEXT(2) 
PARAMETRIC_REPRESENTATION_CONTEXT() REPRESENTATION_CONTEXT('2D SPACE',''
  ) );
#5196 = ORIENTED_EDGE('',*,*,#5197,.T.);
#5197 = EDGE_CURVE('',#5175,#5076,#5198,.T.);
#5198 = SURFACE_CURVE('',#5199,(#5204,#5211),.PCURVE_S1.);
#5199 = CIRCLE('',#5200,19.333333333333);
#5200 = AXIS2_PLACEMENT_3D('',#5201,#5202,#5203);
#5201 = CARTESIAN_POINT('',(13.333333333333,60.,8.));
#5202 = DIRECTION('',(0.,0.,1.));
#5203 = DIRECTION('',(-0.689655172414,0.724137931034,0.));
#5204 = PCURVE('',#601,#5205);
#5205 = DEFINITIONAL_REPRESENTATION('',(#5206),#5210);
#5206 = LINE('',#5207,#5208);
#5207 = CARTESIAN_POINT('',(-0.,-3.));
#5208 = VECTOR('',#5209,1.);
#5209 = DIRECTION('',(-1.,0.));
#5210 = ( GEOMETRIC_REPRESENTATION_CONTEXT(2) 
PARAMETRIC_REPRESENTATION_CONTEXT() REPRESENTATION_CONTEXT('2D SPACE',''
  ) );
#5211 = PCURVE('',#3870,#5212);
#5212 = DEFINITIONAL_REPRESENTATION('',(#5213),#5217);
#5213 = CIRCLE('',#5214,19.333333333333);
#5214 = AXIS2_PLACEMENT_2D('',#5215,#5216);
#5215 = CARTESIAN_POINT('',(13.333333333333,-54.80415428035));
#5216 = DIRECTION('',(-0.689655172414,0.724137931034));
#5217 = ( GEOMETRIC_REPRESENTATION_CONTEXT(2) 
PARAMETRIC_REPRESENTATION_CONTEXT() REPRESENTATION_CONTEXT('2D SPACE',''
  ) );
#5218 = ORIENTED_EDGE('',*,*,#5075,.F.);
#5219 = ORIENTED_EDGE('',*,*,#584,.F.);
#5220 = ADVANCED_FACE('',(#5221),#376,.F.);
#5221 = FACE_BOUND('',#5222,.F.);
#5222 = EDGE_LOOP('',(#5223,#5224,#5247,#5268));
#5223 = ORIENTED_EDGE('',*,*,#5125,.T.);
#5224 = ORIENTED_EDGE('',*,*,#5225,.T.);
#5225 = EDGE_CURVE('',#5126,#5226,#5228,.T.);
#5226 = VERTEX_POINT('',#5227);
#5227 = CARTESIAN_POINT('',(-4.5,82.5,8.));
#5228 = SURFACE_CURVE('',#5229,(#5233,#5240),.PCURVE_S1.);
#5229 = LINE('',#5230,#5231);
#5230 = CARTESIAN_POINT('',(-5.25,82.5,8.));
#5231 = VECTOR('',#5232,1.);
#5232 = DIRECTION('',(1.,0.,0.));
#5233 = PCURVE('',#376,#5234);
#5234 = DEFINITIONAL_REPRESENTATION('',(#5235),#5239);
#5235 = LINE('',#5236,#5237);
#5236 = CARTESIAN_POINT('',(0.75,-3.));
#5237 = VECTOR('',#5238,1.);
#5238 = DIRECTION('',(1.,0.));
#5239 = ( GEOMETRIC_REPRESENTATION_CONTEXT(2) 
PARAMETRIC_REPRESENTATION_CONTEXT() REPRESENTATION_CONTEXT('2D SPACE',''
  ) );
#5240 = PCURVE('',#3870,#5241);
#5241 = DEFINITIONAL_REPRESENTATION('',(#5242),#5246);
#5242 = LINE('',#5243,#5244);
#5243 = CARTESIAN_POINT('',(-5.25,-32.30415428035));
#5244 = VECTOR('',#5245,1.);
#5245 = DIRECTION('',(1.,0.));
#5246 = ( GEOMETRIC_REPRESENTATION_CONTEXT(2) 
PARAMETRIC_REPRESENTATION_CONTEXT() REPRESENTATION_CONTEXT('2D SPACE',''
  ) );
#5247 = ORIENTED_EDGE('',*,*,#5248,.F.);
#5248 = EDGE_CURVE('',#361,#5226,#5249,.T.);
#5249 = SURFACE_CURVE('',#5250,(#5254,#5261),.PCURVE_S1.);
#5250 = LINE('',#5251,#5252);
#5251 = CARTESIAN_POINT('',(-4.5,82.5,5.));
#5252 = VECTOR('',#5253,1.);
#5253 = DIRECTION('',(0.,0.,1.));
#5254 = PCURVE('',#376,#5255);
#5255 = DEFINITIONAL_REPRESENTATION('',(#5256),#5260);
#5256 = LINE('',#5257,#5258);
#5257 = CARTESIAN_POINT('',(1.5,0.));
#5258 = VECTOR('',#5259,1.);
#5259 = DIRECTION('',(0.,-1.));
#5260 = ( GEOMETRIC_REPRESENTATION_CONTEXT(2) 
PARAMETRIC_REPRESENTATION_CONTEXT() REPRESENTATION_CONTEXT('2D SPACE',''
  ) );
#5261 = PCURVE('',#404,#5262);
#5262 = DEFINITIONAL_REPRESENTATION('',(#5263),#5267);
#5263 = LINE('',#5264,#5265);
#5264 = CARTESIAN_POINT('',(3.,0.));
#5265 = VECTOR('',#5266,1.);
#5266 = DIRECTION('',(0.,-1.));
#5267 = ( GEOMETRIC_REPRESENTATION_CONTEXT(2) 
PARAMETRIC_REPRESENTATION_CONTEXT() REPRESENTATION_CONTEXT('2D SPACE',''
  ) );
#5268 = ORIENTED_EDGE('',*,*,#360,.F.);
#5269 = ADVANCED_FACE('',(#5270),#572,.T.);
#5270 = FACE_BOUND('',#5271,.T.);
#5271 = EDGE_LOOP('',(#5272,#5273,#5296,#5317));
#5272 = ORIENTED_EDGE('',*,*,#5174,.T.);
#5273 = ORIENTED_EDGE('',*,*,#5274,.T.);
#5274 = EDGE_CURVE('',#5175,#5275,#5277,.T.);
#5275 = VERTEX_POINT('',#5276);
#5276 = CARTESIAN_POINT('',(-6.,70.5,8.));
#5277 = SURFACE_CURVE('',#5278,(#5282,#5289),.PCURVE_S1.);
#5278 = LINE('',#5279,#5280);
#5279 = CARTESIAN_POINT('',(-6.,84.,8.));
#5280 = VECTOR('',#5281,1.);
#5281 = DIRECTION('',(0.,1.,0.));
#5282 = PCURVE('',#572,#5283);
#5283 = DEFINITIONAL_REPRESENTATION('',(#5284),#5288);
#5284 = LINE('',#5285,#5286);
#5285 = CARTESIAN_POINT('',(24.,-3.));
#5286 = VECTOR('',#5287,1.);
#5287 = DIRECTION('',(1.,0.));
#5288 = ( GEOMETRIC_REPRESENTATION_CONTEXT(2) 
PARAMETRIC_REPRESENTATION_CONTEXT() REPRESENTATION_CONTEXT('2D SPACE',''
  ) );
#5289 = PCURVE('',#3870,#5290);
#5290 = DEFINITIONAL_REPRESENTATION('',(#5291),#5295);
#5291 = LINE('',#5292,#5293);
#5292 = CARTESIAN_POINT('',(-6.,-30.80415428035));
#5293 = VECTOR('',#5294,1.);
#5294 = DIRECTION('',(0.,1.));
#5295 = ( GEOMETRIC_REPRESENTATION_CONTEXT(2) 
PARAMETRIC_REPRESENTATION_CONTEXT() REPRESENTATION_CONTEXT('2D SPACE',''
  ) );
#5296 = ORIENTED_EDGE('',*,*,#5297,.F.);
#5297 = EDGE_CURVE('',#529,#5275,#5298,.T.);
#5298 = SURFACE_CURVE('',#5299,(#5303,#5310),.PCURVE_S1.);
#5299 = LINE('',#5300,#5301);
#5300 = CARTESIAN_POINT('',(-6.,70.5,5.));
#5301 = VECTOR('',#5302,1.);
#5302 = DIRECTION('',(0.,0.,1.));
#5303 = PCURVE('',#572,#5304);
#5304 = DEFINITIONAL_REPRESENTATION('',(#5305),#5309);
#5305 = LINE('',#5306,#5307);
#5306 = CARTESIAN_POINT('',(10.5,0.));
#5307 = VECTOR('',#5308,1.);
#5308 = DIRECTION('',(0.,-1.));
#5309 = ( GEOMETRIC_REPRESENTATION_CONTEXT(2) 
PARAMETRIC_REPRESENTATION_CONTEXT() REPRESENTATION_CONTEXT('2D SPACE',''
  ) );
#5310 = PCURVE('',#544,#5311);
#5311 = DEFINITIONAL_REPRESENTATION('',(#5312),#5316);
#5312 = LINE('',#5313,#5314);
#5313 = CARTESIAN_POINT('',(0.,0.));
#5314 = VECTOR('',#5315,1.);
#5315 = DIRECTION('',(0.,-1.));
#5316 = ( GEOMETRIC_REPRESENTATION_CONTEXT(2) 
PARAMETRIC_REPRESENTATION_CONTEXT() REPRESENTATION_CONTEXT('2D SPACE',''
  ) );
#5317 = ORIENTED_EDGE('',*,*,#556,.F.);
#5318 = ADVANCED_FACE('',(#5319),#404,.T.);
#5319 = FACE_BOUND('',#5320,.T.);
#5320 = EDGE_LOOP('',(#5321,#5344,#5365,#5366));
#5321 = ORIENTED_EDGE('',*,*,#5322,.T.);
#5322 = EDGE_CURVE('',#389,#5323,#5325,.T.);
#5323 = VERTEX_POINT('',#5324);
#5324 = CARTESIAN_POINT('',(-4.5,79.5,8.));
#5325 = SURFACE_CURVE('',#5326,(#5330,#5337),.PCURVE_S1.);
#5326 = LINE('',#5327,#5328);
#5327 = CARTESIAN_POINT('',(-4.5,79.5,5.));
#5328 = VECTOR('',#5329,1.);
#5329 = DIRECTION('',(0.,0.,1.));
#5330 = PCURVE('',#404,#5331);
#5331 = DEFINITIONAL_REPRESENTATION('',(#5332),#5336);
#5332 = LINE('',#5333,#5334);
#5333 = CARTESIAN_POINT('',(0.,0.));
#5334 = VECTOR('',#5335,1.);
#5335 = DIRECTION('',(0.,-1.));
#5336 = ( GEOMETRIC_REPRESENTATION_CONTEXT(2) 
PARAMETRIC_REPRESENTATION_CONTEXT() REPRESENTATION_CONTEXT('2D SPACE',''
  ) );
#5337 = PCURVE('',#432,#5338);
#5338 = DEFINITIONAL_REPRESENTATION('',(#5339),#5343);
#5339 = LINE('',#5340,#5341);
#5340 = CARTESIAN_POINT('',(1.5,0.));
#5341 = VECTOR('',#5342,1.);
#5342 = DIRECTION('',(0.,-1.));
#5343 = ( GEOMETRIC_REPRESENTATION_CONTEXT(2) 
PARAMETRIC_REPRESENTATION_CONTEXT() REPRESENTATION_CONTEXT('2D SPACE',''
  ) );
#5344 = ORIENTED_EDGE('',*,*,#5345,.T.);
#5345 = EDGE_CURVE('',#5323,#5226,#5346,.T.);
#5346 = SURFACE_CURVE('',#5347,(#5351,#5358),.PCURVE_S1.);
#5347 = LINE('',#5348,#5349);
#5348 = CARTESIAN_POINT('',(-4.5,81.,8.));
#5349 = VECTOR('',#5350,1.);
#5350 = DIRECTION('',(0.,1.,0.));
#5351 = PCURVE('',#404,#5352);
#5352 = DEFINITIONAL_REPRESENTATION('',(#5353),#5357);
#5353 = LINE('',#5354,#5355);
#5354 = CARTESIAN_POINT('',(1.5,-3.));
#5355 = VECTOR('',#5356,1.);
#5356 = DIRECTION('',(1.,0.));
#5357 = ( GEOMETRIC_REPRESENTATION_CONTEXT(2) 
PARAMETRIC_REPRESENTATION_CONTEXT() REPRESENTATION_CONTEXT('2D SPACE',''
  ) );
#5358 = PCURVE('',#3870,#5359);
#5359 = DEFINITIONAL_REPRESENTATION('',(#5360),#5364);
#5360 = LINE('',#5361,#5362);
#5361 = CARTESIAN_POINT('',(-4.5,-33.80415428035));
#5362 = VECTOR('',#5363,1.);
#5363 = DIRECTION('',(0.,1.));
#5364 = ( GEOMETRIC_REPRESENTATION_CONTEXT(2) 
PARAMETRIC_REPRESENTATION_CONTEXT() REPRESENTATION_CONTEXT('2D SPACE',''
  ) );
#5365 = ORIENTED_EDGE('',*,*,#5248,.F.);
#5366 = ORIENTED_EDGE('',*,*,#388,.F.);
#5367 = ADVANCED_FACE('',(#5368),#544,.T.);
#5368 = FACE_BOUND('',#5369,.T.);
#5369 = EDGE_LOOP('',(#5370,#5371,#5394,#5415));
#5370 = ORIENTED_EDGE('',*,*,#5297,.T.);
#5371 = ORIENTED_EDGE('',*,*,#5372,.T.);
#5372 = EDGE_CURVE('',#5275,#5373,#5375,.T.);
#5373 = VERTEX_POINT('',#5374);
#5374 = CARTESIAN_POINT('',(-4.5,70.5,8.));
#5375 = SURFACE_CURVE('',#5376,(#5380,#5387),.PCURVE_S1.);
#5376 = LINE('',#5377,#5378);
#5377 = CARTESIAN_POINT('',(-5.25,70.5,8.));
#5378 = VECTOR('',#5379,1.);
#5379 = DIRECTION('',(1.,0.,0.));
#5380 = PCURVE('',#544,#5381);
#5381 = DEFINITIONAL_REPRESENTATION('',(#5382),#5386);
#5382 = LINE('',#5383,#5384);
#5383 = CARTESIAN_POINT('',(0.75,-3.));
#5384 = VECTOR('',#5385,1.);
#5385 = DIRECTION('',(1.,0.));
#5386 = ( GEOMETRIC_REPRESENTATION_CONTEXT(2) 
PARAMETRIC_REPRESENTATION_CONTEXT() REPRESENTATION_CONTEXT('2D SPACE',''
  ) );
#5387 = PCURVE('',#3870,#5388);
#5388 = DEFINITIONAL_REPRESENTATION('',(#5389),#5393);
#5389 = LINE('',#5390,#5391);
#5390 = CARTESIAN_POINT('',(-5.25,-44.30415428035));
#5391 = VECTOR('',#5392,1.);
#5392 = DIRECTION('',(1.,0.));
#5393 = ( GEOMETRIC_REPRESENTATION_CONTEXT(2) 
PARAMETRIC_REPRESENTATION_CONTEXT() REPRESENTATION_CONTEXT('2D SPACE',''
  ) );
#5394 = ORIENTED_EDGE('',*,*,#5395,.F.);
#5395 = EDGE_CURVE('',#501,#5373,#5396,.T.);
#5396 = SURFACE_CURVE('',#5397,(#5401,#5408),.PCURVE_S1.);
#5397 = LINE('',#5398,#5399);
#5398 = CARTESIAN_POINT('',(-4.5,70.5,5.));
#5399 = VECTOR('',#5400,1.);
#5400 = DIRECTION('',(0.,0.,1.));
#5401 = PCURVE('',#544,#5402);
#5402 = DEFINITIONAL_REPRESENTATION('',(#5403),#5407);
#5403 = LINE('',#5404,#5405);
#5404 = CARTESIAN_POINT('',(1.5,0.));
#5405 = VECTOR('',#5406,1.);
#5406 = DIRECTION('',(0.,-1.));
#5407 = ( GEOMETRIC_REPRESENTATION_CONTEXT(2) 
PARAMETRIC_REPRESENTATION_CONTEXT() REPRESENTATION_CONTEXT('2D SPACE',''
  ) );
#5408 = PCURVE('',#516,#5409);
#5409 = DEFINITIONAL_REPRESENTATION('',(#5410),#5414);
#5410 = LINE('',#5411,#5412);
#5411 = CARTESIAN_POINT('',(0.,0.));
#5412 = VECTOR('',#5413,1.);
#5413 = DIRECTION('',(0.,-1.));
#5414 = ( GEOMETRIC_REPRESENTATION_CONTEXT(2) 
PARAMETRIC_REPRESENTATION_CONTEXT() REPRESENTATION_CONTEXT('2D SPACE',''
  ) );
#5415 = ORIENTED_EDGE('',*,*,#528,.F.);
#5416 = ADVANCED_FACE('',(#5417),#432,.T.);
#5417 = FACE_BOUND('',#5418,.T.);
#5418 = EDGE_LOOP('',(#5419,#5442,#5463,#5464));
#5419 = ORIENTED_EDGE('',*,*,#5420,.T.);
#5420 = EDGE_CURVE('',#417,#5421,#5423,.T.);
#5421 = VERTEX_POINT('',#5422);
#5422 = CARTESIAN_POINT('',(-6.,79.5,8.));
#5423 = SURFACE_CURVE('',#5424,(#5428,#5435),.PCURVE_S1.);
#5424 = LINE('',#5425,#5426);
#5425 = CARTESIAN_POINT('',(-6.,79.5,5.));
#5426 = VECTOR('',#5427,1.);
#5427 = DIRECTION('',(0.,0.,1.));
#5428 = PCURVE('',#432,#5429);
#5429 = DEFINITIONAL_REPRESENTATION('',(#5430),#5434);
#5430 = LINE('',#5431,#5432);
#5431 = CARTESIAN_POINT('',(0.,0.));
#5432 = VECTOR('',#5433,1.);
#5433 = DIRECTION('',(0.,-1.));
#5434 = ( GEOMETRIC_REPRESENTATION_CONTEXT(2) 
PARAMETRIC_REPRESENTATION_CONTEXT() REPRESENTATION_CONTEXT('2D SPACE',''
  ) );
#5435 = PCURVE('',#460,#5436);
#5436 = DEFINITIONAL_REPRESENTATION('',(#5437),#5441);
#5437 = LINE('',#5438,#5439);
#5438 = CARTESIAN_POINT('',(6.,0.));
#5439 = VECTOR('',#5440,1.);
#5440 = DIRECTION('',(0.,-1.));
#5441 = ( GEOMETRIC_REPRESENTATION_CONTEXT(2) 
PARAMETRIC_REPRESENTATION_CONTEXT() REPRESENTATION_CONTEXT('2D SPACE',''
  ) );
#5442 = ORIENTED_EDGE('',*,*,#5443,.T.);
#5443 = EDGE_CURVE('',#5421,#5323,#5444,.T.);
#5444 = SURFACE_CURVE('',#5445,(#5449,#5456),.PCURVE_S1.);
#5445 = LINE('',#5446,#5447);
#5446 = CARTESIAN_POINT('',(-5.25,79.5,8.));
#5447 = VECTOR('',#5448,1.);
#5448 = DIRECTION('',(1.,0.,0.));
#5449 = PCURVE('',#432,#5450);
#5450 = DEFINITIONAL_REPRESENTATION('',(#5451),#5455);
#5451 = LINE('',#5452,#5453);
#5452 = CARTESIAN_POINT('',(0.75,-3.));
#5453 = VECTOR('',#5454,1.);
#5454 = DIRECTION('',(1.,0.));
#5455 = ( GEOMETRIC_REPRESENTATION_CONTEXT(2) 
PARAMETRIC_REPRESENTATION_CONTEXT() REPRESENTATION_CONTEXT('2D SPACE',''
  ) );
#5456 = PCURVE('',#3870,#5457);
#5457 = DEFINITIONAL_REPRESENTATION('',(#5458),#5462);
#5458 = LINE('',#5459,#5460);
#5459 = CARTESIAN_POINT('',(-5.25,-35.30415428035));
#5460 = VECTOR('',#5461,1.);
#5461 = DIRECTION('',(1.,0.));
#5462 = ( GEOMETRIC_REPRESENTATION_CONTEXT(2) 
PARAMETRIC_REPRESENTATION_CONTEXT() REPRESENTATION_CONTEXT('2D SPACE',''
  ) );
#5463 = ORIENTED_EDGE('',*,*,#5322,.F.);
#5464 = ORIENTED_EDGE('',*,*,#416,.F.);
#5465 = ADVANCED_FACE('',(#5466),#516,.T.);
#5466 = FACE_BOUND('',#5467,.T.);
#5467 = EDGE_LOOP('',(#5468,#5469,#5492,#5513));
#5468 = ORIENTED_EDGE('',*,*,#5395,.T.);
#5469 = ORIENTED_EDGE('',*,*,#5470,.T.);
#5470 = EDGE_CURVE('',#5373,#5471,#5473,.T.);
#5471 = VERTEX_POINT('',#5472);
#5472 = CARTESIAN_POINT('',(-4.5,73.5,8.));
#5473 = SURFACE_CURVE('',#5474,(#5478,#5485),.PCURVE_S1.);
#5474 = LINE('',#5475,#5476);
#5475 = CARTESIAN_POINT('',(-4.5,72.,8.));
#5476 = VECTOR('',#5477,1.);
#5477 = DIRECTION('',(0.,1.,0.));
#5478 = PCURVE('',#516,#5479);
#5479 = DEFINITIONAL_REPRESENTATION('',(#5480),#5484);
#5480 = LINE('',#5481,#5482);
#5481 = CARTESIAN_POINT('',(1.5,-3.));
#5482 = VECTOR('',#5483,1.);
#5483 = DIRECTION('',(1.,0.));
#5484 = ( GEOMETRIC_REPRESENTATION_CONTEXT(2) 
PARAMETRIC_REPRESENTATION_CONTEXT() REPRESENTATION_CONTEXT('2D SPACE',''
  ) );
#5485 = PCURVE('',#3870,#5486);
#5486 = DEFINITIONAL_REPRESENTATION('',(#5487),#5491);
#5487 = LINE('',#5488,#5489);
#5488 = CARTESIAN_POINT('',(-4.5,-42.80415428035));
#5489 = VECTOR('',#5490,1.);
#5490 = DIRECTION('',(0.,1.));
#5491 = ( GEOMETRIC_REPRESENTATION_CONTEXT(2) 
PARAMETRIC_REPRESENTATION_CONTEXT() REPRESENTATION_CONTEXT('2D SPACE',''
  ) );
#5492 = ORIENTED_EDGE('',*,*,#5493,.F.);
#5493 = EDGE_CURVE('',#473,#5471,#5494,.T.);
#5494 = SURFACE_CURVE('',#5495,(#5499,#5506),.PCURVE_S1.);
#5495 = LINE('',#5496,#5497);
#5496 = CARTESIAN_POINT('',(-4.5,73.5,5.));
#5497 = VECTOR('',#5498,1.);
#5498 = DIRECTION('',(0.,0.,1.));
#5499 = PCURVE('',#516,#5500);
#5500 = DEFINITIONAL_REPRESENTATION('',(#5501),#5505);
#5501 = LINE('',#5502,#5503);
#5502 = CARTESIAN_POINT('',(3.,0.));
#5503 = VECTOR('',#5504,1.);
#5504 = DIRECTION('',(0.,-1.));
#5505 = ( GEOMETRIC_REPRESENTATION_CONTEXT(2) 
PARAMETRIC_REPRESENTATION_CONTEXT() REPRESENTATION_CONTEXT('2D SPACE',''
  ) );
#5506 = PCURVE('',#488,#5507);
#5507 = DEFINITIONAL_REPRESENTATION('',(#5508),#5512);
#5508 = LINE('',#5509,#5510);
#5509 = CARTESIAN_POINT('',(1.5,0.));
#5510 = VECTOR('',#5511,1.);
#5511 = DIRECTION('',(0.,-1.));
#5512 = ( GEOMETRIC_REPRESENTATION_CONTEXT(2) 
PARAMETRIC_REPRESENTATION_CONTEXT() REPRESENTATION_CONTEXT('2D SPACE',''
  ) );
#5513 = ORIENTED_EDGE('',*,*,#500,.F.);
#5514 = ADVANCED_FACE('',(#5515),#460,.T.);
#5515 = FACE_BOUND('',#5516,.T.);
#5516 = EDGE_LOOP('',(#5517,#5540,#5561,#5562));
#5517 = ORIENTED_EDGE('',*,*,#5518,.T.);
#5518 = EDGE_CURVE('',#445,#5519,#5521,.T.);
#5519 = VERTEX_POINT('',#5520);
#5520 = CARTESIAN_POINT('',(-6.,73.5,8.));
#5521 = SURFACE_CURVE('',#5522,(#5526,#5533),.PCURVE_S1.);
#5522 = LINE('',#5523,#5524);
#5523 = CARTESIAN_POINT('',(-6.,73.5,5.));
#5524 = VECTOR('',#5525,1.);
#5525 = DIRECTION('',(0.,0.,1.));
#5526 = PCURVE('',#460,#5527);
#5527 = DEFINITIONAL_REPRESENTATION('',(#5528),#5532);
#5528 = LINE('',#5529,#5530);
#5529 = CARTESIAN_POINT('',(0.,0.));
#5530 = VECTOR('',#5531,1.);
#5531 = DIRECTION('',(0.,-1.));
#5532 = ( GEOMETRIC_REPRESENTATION_CONTEXT(2) 
PARAMETRIC_REPRESENTATION_CONTEXT() REPRESENTATION_CONTEXT('2D SPACE',''
  ) );
#5533 = PCURVE('',#488,#5534);
#5534 = DEFINITIONAL_REPRESENTATION('',(#5535),#5539);
#5535 = LINE('',#5536,#5537);
#5536 = CARTESIAN_POINT('',(0.,0.));
#5537 = VECTOR('',#5538,1.);
#5538 = DIRECTION('',(0.,-1.));
#5539 = ( GEOMETRIC_REPRESENTATION_CONTEXT(2) 
PARAMETRIC_REPRESENTATION_CONTEXT() REPRESENTATION_CONTEXT('2D SPACE',''
  ) );
#5540 = ORIENTED_EDGE('',*,*,#5541,.T.);
#5541 = EDGE_CURVE('',#5519,#5421,#5542,.T.);
#5542 = SURFACE_CURVE('',#5543,(#5547,#5554),.PCURVE_S1.);
#5543 = LINE('',#5544,#5545);
#5544 = CARTESIAN_POINT('',(-6.,84.,8.));
#5545 = VECTOR('',#5546,1.);
#5546 = DIRECTION('',(0.,1.,0.));
#5547 = PCURVE('',#460,#5548);
#5548 = DEFINITIONAL_REPRESENTATION('',(#5549),#5553);
#5549 = LINE('',#5550,#5551);
#5550 = CARTESIAN_POINT('',(10.5,-3.));
#5551 = VECTOR('',#5552,1.);
#5552 = DIRECTION('',(1.,0.));
#5553 = ( GEOMETRIC_REPRESENTATION_CONTEXT(2) 
PARAMETRIC_REPRESENTATION_CONTEXT() REPRESENTATION_CONTEXT('2D SPACE',''
  ) );
#5554 = PCURVE('',#3870,#5555);
#5555 = DEFINITIONAL_REPRESENTATION('',(#5556),#5560);
#5556 = LINE('',#5557,#5558);
#5557 = CARTESIAN_POINT('',(-6.,-30.80415428035));
#5558 = VECTOR('',#5559,1.);
#5559 = DIRECTION('',(0.,1.));
#5560 = ( GEOMETRIC_REPRESENTATION_CONTEXT(2) 
PARAMETRIC_REPRESENTATION_CONTEXT() REPRESENTATION_CONTEXT('2D SPACE',''
  ) );
#5561 = ORIENTED_EDGE('',*,*,#5420,.F.);
#5562 = ORIENTED_EDGE('',*,*,#444,.F.);
#5563 = ADVANCED_FACE('',(#5564),#488,.F.);
#5564 = FACE_BOUND('',#5565,.F.);
#5565 = EDGE_LOOP('',(#5566,#5567,#5588,#5589));
#5566 = ORIENTED_EDGE('',*,*,#5518,.T.);
#5567 = ORIENTED_EDGE('',*,*,#5568,.T.);
#5568 = EDGE_CURVE('',#5519,#5471,#5569,.T.);
#5569 = SURFACE_CURVE('',#5570,(#5574,#5581),.PCURVE_S1.);
#5570 = LINE('',#5571,#5572);
#5571 = CARTESIAN_POINT('',(-5.25,73.5,8.));
#5572 = VECTOR('',#5573,1.);
#5573 = DIRECTION('',(1.,0.,0.));
#5574 = PCURVE('',#488,#5575);
#5575 = DEFINITIONAL_REPRESENTATION('',(#5576),#5580);
#5576 = LINE('',#5577,#5578);
#5577 = CARTESIAN_POINT('',(0.75,-3.));
#5578 = VECTOR('',#5579,1.);
#5579 = DIRECTION('',(1.,0.));
#5580 = ( GEOMETRIC_REPRESENTATION_CONTEXT(2) 
PARAMETRIC_REPRESENTATION_CONTEXT() REPRESENTATION_CONTEXT('2D SPACE',''
  ) );
#5581 = PCURVE('',#3870,#5582);
#5582 = DEFINITIONAL_REPRESENTATION('',(#5583),#5587);
#5583 = LINE('',#5584,#5585);
#5584 = CARTESIAN_POINT('',(-5.25,-41.30415428035));
#5585 = VECTOR('',#5586,1.);
#5586 = DIRECTION('',(1.,0.));
#5587 = ( GEOMETRIC_REPRESENTATION_CONTEXT(2) 
PARAMETRIC_REPRESENTATION_CONTEXT() REPRESENTATION_CONTEXT('2D SPACE',''
  ) );
#5588 = ORIENTED_EDGE('',*,*,#5493,.F.);
#5589 = ORIENTED_EDGE('',*,*,#472,.F.);
#5590 = ADVANCED_FACE('',(#5591),#918,.F.);
#5591 = FACE_BOUND('',#5592,.T.);
#5592 = EDGE_LOOP('',(#5593,#5594,#5617,#5650));
#5593 = ORIENTED_EDGE('',*,*,#895,.T.);
#5594 = ORIENTED_EDGE('',*,*,#5595,.T.);
#5595 = EDGE_CURVE('',#898,#5596,#5598,.T.);
#5596 = VERTEX_POINT('',#5597);
#5597 = CARTESIAN_POINT('',(-4.783542904564,103.25566012396,7.));
#5598 = SURFACE_CURVE('',#5599,(#5603,#5610),.PCURVE_S1.);
#5599 = LINE('',#5600,#5601);
#5600 = CARTESIAN_POINT('',(-4.783542904564,103.25566012396,4.));
#5601 = VECTOR('',#5602,1.);
#5602 = DIRECTION('',(0.,0.,1.));
#5603 = PCURVE('',#918,#5604);
#5604 = DEFINITIONAL_REPRESENTATION('',(#5605),#5609);
#5605 = LINE('',#5606,#5607);
#5606 = CARTESIAN_POINT('',(-1.662514419315,0.));
#5607 = VECTOR('',#5608,1.);
#5608 = DIRECTION('',(-0.,-1.));
#5609 = ( GEOMETRIC_REPRESENTATION_CONTEXT(2) 
PARAMETRIC_REPRESENTATION_CONTEXT() REPRESENTATION_CONTEXT('2D SPACE',''
  ) );
#5610 = PCURVE('',#949,#5611);
#5611 = DEFINITIONAL_REPRESENTATION('',(#5612),#5616);
#5612 = LINE('',#5613,#5614);
#5613 = CARTESIAN_POINT('',(-2.172758305151,0.));
#5614 = VECTOR('',#5615,1.);
#5615 = DIRECTION('',(-0.,-1.));
#5616 = ( GEOMETRIC_REPRESENTATION_CONTEXT(2) 
PARAMETRIC_REPRESENTATION_CONTEXT() REPRESENTATION_CONTEXT('2D SPACE',''
  ) );
#5617 = ORIENTED_EDGE('',*,*,#5618,.F.);
#5618 = EDGE_CURVE('',#5619,#5596,#5621,.T.);
#5619 = VERTEX_POINT('',#5620);
#5620 = CARTESIAN_POINT('',(-6.811765096099,98.359098601658,7.));
#5621 = SURFACE_CURVE('',#5622,(#5627,#5634),.PCURVE_S1.);
#5622 = CIRCLE('',#5623,2.99453125);
#5623 = AXIS2_PLACEMENT_3D('',#5624,#5625,#5626);
#5624 = CARTESIAN_POINT('',(-4.509275121009,100.27371535752,7.));
#5625 = DIRECTION('',(0.,0.,-1.));
#5626 = DIRECTION('',(1.,0.,0.));
#5627 = PCURVE('',#918,#5628);
#5628 = DEFINITIONAL_REPRESENTATION('',(#5629),#5633);
#5629 = LINE('',#5630,#5631);
#5630 = CARTESIAN_POINT('',(-6.28318530718,-3.));
#5631 = VECTOR('',#5632,1.);
#5632 = DIRECTION('',(1.,-0.));
#5633 = ( GEOMETRIC_REPRESENTATION_CONTEXT(2) 
PARAMETRIC_REPRESENTATION_CONTEXT() REPRESENTATION_CONTEXT('2D SPACE',''
  ) );
#5634 = PCURVE('',#5635,#5640);
#5635 = PLANE('',#5636);
#5636 = AXIS2_PLACEMENT_3D('',#5637,#5638,#5639);
#5637 = CARTESIAN_POINT('',(-1.18265092544E-15,114.80415428035,7.));
#5638 = DIRECTION('',(0.,0.,1.));
#5639 = DIRECTION('',(1.,0.,0.));
#5640 = DEFINITIONAL_REPRESENTATION('',(#5641),#5649);
#5641 = ( BOUNDED_CURVE() B_SPLINE_CURVE(2,(#5642,#5643,#5644,#5645,
#5646,#5647,#5648),.UNSPECIFIED.,.T.,.F.) B_SPLINE_CURVE_WITH_KNOTS((1,2
    ,2,2,2,1),(-2.094395102393,0.,2.094395102393,4.188790204786,
6.28318530718,8.377580409573),.UNSPECIFIED.) CURVE() 
GEOMETRIC_REPRESENTATION_ITEM() RATIONAL_B_SPLINE_CURVE((1.,0.5,1.,0.5,
1.,0.5,1.)) REPRESENTATION_ITEM('') );
#5642 = CARTESIAN_POINT('',(-1.514743871009,-14.53043892283));
#5643 = CARTESIAN_POINT('',(-1.514743871009,-19.71711919268));
#5644 = CARTESIAN_POINT('',(-6.006540746009,-17.12377905776));
#5645 = CARTESIAN_POINT('',(-10.498337621,-14.53043892283));
#5646 = CARTESIAN_POINT('',(-6.006540746009,-11.93709878791));
#5647 = CARTESIAN_POINT('',(-1.514743871009,-9.343758652984));
#5648 = CARTESIAN_POINT('',(-1.514743871009,-14.53043892283));
#5649 = ( GEOMETRIC_REPRESENTATION_CONTEXT(2) 
PARAMETRIC_REPRESENTATION_CONTEXT() REPRESENTATION_CONTEXT('2D SPACE',''
  ) );
#5650 = ORIENTED_EDGE('',*,*,#5651,.F.);
#5651 = EDGE_CURVE('',#896,#5619,#5652,.T.);
#5652 = SURFACE_CURVE('',#5653,(#5657,#5664),.PCURVE_S1.);
#5653 = LINE('',#5654,#5655);
#5654 = CARTESIAN_POINT('',(-6.811765096099,98.359098601658,4.));
#5655 = VECTOR('',#5656,1.);
#5656 = DIRECTION('',(0.,0.,1.));
#5657 = PCURVE('',#918,#5658);
#5658 = DEFINITIONAL_REPRESENTATION('',(#5659),#5663);
#5659 = LINE('',#5660,#5661);
#5660 = CARTESIAN_POINT('',(-3.835272724467,0.));
#5661 = VECTOR('',#5662,1.);
#5662 = DIRECTION('',(-0.,-1.));
#5663 = ( GEOMETRIC_REPRESENTATION_CONTEXT(2) 
PARAMETRIC_REPRESENTATION_CONTEXT() REPRESENTATION_CONTEXT('2D SPACE',''
  ) );
#5664 = PCURVE('',#949,#5665);
#5665 = DEFINITIONAL_REPRESENTATION('',(#5666),#5670);
#5666 = LINE('',#5667,#5668);
#5667 = CARTESIAN_POINT('',(-0.,0.));
#5668 = VECTOR('',#5669,1.);
#5669 = DIRECTION('',(-0.,-1.));
#5670 = ( GEOMETRIC_REPRESENTATION_CONTEXT(2) 
PARAMETRIC_REPRESENTATION_CONTEXT() REPRESENTATION_CONTEXT('2D SPACE',''
  ) );
#5671 = ADVANCED_FACE('',(#5672),#949,.F.);
#5672 = FACE_BOUND('',#5673,.T.);
#5673 = EDGE_LOOP('',(#5674,#5675,#5676,#5702));
#5674 = ORIENTED_EDGE('',*,*,#930,.T.);
#5675 = ORIENTED_EDGE('',*,*,#5651,.T.);
#5676 = ORIENTED_EDGE('',*,*,#5677,.F.);
#5677 = EDGE_CURVE('',#5596,#5619,#5678,.T.);
#5678 = SURFACE_CURVE('',#5679,(#5684,#5691),.PCURVE_S1.);
#5679 = CIRCLE('',#5680,2.99453125);
#5680 = AXIS2_PLACEMENT_3D('',#5681,#5682,#5683);
#5681 = CARTESIAN_POINT('',(-7.086032879653,101.3410433681,7.));
#5682 = DIRECTION('',(0.,-0.,-1.));
#5683 = DIRECTION('',(9.158955464397E-02,-0.995796843478,0.));
#5684 = PCURVE('',#949,#5685);
#5685 = DEFINITIONAL_REPRESENTATION('',(#5686),#5690);
#5686 = LINE('',#5687,#5688);
#5687 = CARTESIAN_POINT('',(-6.28318530718,-3.));
#5688 = VECTOR('',#5689,1.);
#5689 = DIRECTION('',(1.,-0.));
#5690 = ( GEOMETRIC_REPRESENTATION_CONTEXT(2) 
PARAMETRIC_REPRESENTATION_CONTEXT() REPRESENTATION_CONTEXT('2D SPACE',''
  ) );
#5691 = PCURVE('',#5635,#5692);
#5692 = DEFINITIONAL_REPRESENTATION('',(#5693),#5701);
#5693 = ( BOUNDED_CURVE() B_SPLINE_CURVE(2,(#5694,#5695,#5696,#5697,
#5698,#5699,#5700),.UNSPECIFIED.,.T.,.F.) B_SPLINE_CURVE_WITH_KNOTS((1,2
    ,2,2,2,1),(-2.094395102393,0.,2.094395102393,4.188790204786,
6.28318530718,8.377580409573),.UNSPECIFIED.) CURVE() 
GEOMETRIC_REPRESENTATION_ITEM() RATIONAL_B_SPLINE_CURVE((1.,0.5,1.,0.5,
1.,0.5,1.)) REPRESENTATION_ITEM('') );
#5694 = CARTESIAN_POINT('',(-6.811765096099,-16.4450556787));
#5695 = CARTESIAN_POINT('',(-11.97664493694,-16.92010141469));
#5696 = CARTESIAN_POINT('',(-9.805606691855,-12.20966139703));
#5697 = CARTESIAN_POINT('',(-7.634568446763,-7.499221379365));
#5698 = CARTESIAN_POINT('',(-4.640726851007,-11.73461566103));
#5699 = CARTESIAN_POINT('',(-1.646885255251,-15.9700099427));
#5700 = CARTESIAN_POINT('',(-6.811765096099,-16.4450556787));
#5701 = ( GEOMETRIC_REPRESENTATION_CONTEXT(2) 
PARAMETRIC_REPRESENTATION_CONTEXT() REPRESENTATION_CONTEXT('2D SPACE',''
  ) );
#5702 = ORIENTED_EDGE('',*,*,#5595,.F.);
#5703 = ADVANCED_FACE('',(#5704),#986,.F.);
#5704 = FACE_BOUND('',#5705,.T.);
#5705 = EDGE_LOOP('',(#5706,#5707,#5730,#5758));
#5706 = ORIENTED_EDGE('',*,*,#963,.T.);
#5707 = ORIENTED_EDGE('',*,*,#5708,.T.);
#5708 = EDGE_CURVE('',#966,#5709,#5711,.T.);
#5709 = VERTEX_POINT('',#5710);
#5710 = CARTESIAN_POINT('',(-11.54849415639,110.02061137579,7.));
#5711 = SURFACE_CURVE('',#5712,(#5716,#5723),.PCURVE_S1.);
#5712 = LINE('',#5713,#5714);
#5713 = CARTESIAN_POINT('',(-11.54849415639,110.02061137579,4.));
#5714 = VECTOR('',#5715,1.);
#5715 = DIRECTION('',(0.,0.,1.));
#5716 = PCURVE('',#986,#5717);
#5717 = DEFINITIONAL_REPRESENTATION('',(#5718),#5722);
#5718 = LINE('',#5719,#5720);
#5719 = CARTESIAN_POINT('',(-0.877116255918,0.));
#5720 = VECTOR('',#5721,1.);
#5721 = DIRECTION('',(-0.,-1.));
#5722 = ( GEOMETRIC_REPRESENTATION_CONTEXT(2) 
PARAMETRIC_REPRESENTATION_CONTEXT() REPRESENTATION_CONTEXT('2D SPACE',''
  ) );
#5723 = PCURVE('',#1017,#5724);
#5724 = DEFINITIONAL_REPRESENTATION('',(#5725),#5729);
#5725 = LINE('',#5726,#5727);
#5726 = CARTESIAN_POINT('',(-6.191467214659,0.));
#5727 = VECTOR('',#5728,1.);
#5728 = DIRECTION('',(-0.,-1.));
#5729 = ( GEOMETRIC_REPRESENTATION_CONTEXT(2) 
PARAMETRIC_REPRESENTATION_CONTEXT() REPRESENTATION_CONTEXT('2D SPACE',''
  ) );
#5730 = ORIENTED_EDGE('',*,*,#5731,.F.);
#5731 = EDGE_CURVE('',#5732,#5709,#5734,.T.);
#5732 = VERTEX_POINT('',#5733);
#5733 = CARTESIAN_POINT('',(-16.4450556787,107.99238918426,7.));
#5734 = SURFACE_CURVE('',#5735,(#5740,#5747),.PCURVE_S1.);
#5735 = CIRCLE('',#5736,2.99453125);
#5736 = AXIS2_PLACEMENT_3D('',#5737,#5738,#5739);
#5737 = CARTESIAN_POINT('',(-13.46311091225,107.7181214007,7.));
#5738 = DIRECTION('',(0.,0.,-1.));
#5739 = DIRECTION('',(1.,0.,0.));
#5740 = PCURVE('',#986,#5741);
#5741 = DEFINITIONAL_REPRESENTATION('',(#5742),#5746);
#5742 = LINE('',#5743,#5744);
#5743 = CARTESIAN_POINT('',(-6.28318530718,-3.));
#5744 = VECTOR('',#5745,1.);
#5745 = DIRECTION('',(1.,-0.));
#5746 = ( GEOMETRIC_REPRESENTATION_CONTEXT(2) 
PARAMETRIC_REPRESENTATION_CONTEXT() REPRESENTATION_CONTEXT('2D SPACE',''
  ) );
#5747 = PCURVE('',#5635,#5748);
#5748 = DEFINITIONAL_REPRESENTATION('',(#5749),#5757);
#5749 = ( BOUNDED_CURVE() B_SPLINE_CURVE(2,(#5750,#5751,#5752,#5753,
#5754,#5755,#5756),.UNSPECIFIED.,.T.,.F.) B_SPLINE_CURVE_WITH_KNOTS((1,2
    ,2,2,2,1),(-2.094395102393,0.,2.094395102393,4.188790204786,
6.28318530718,8.377580409573),.UNSPECIFIED.) CURVE() 
GEOMETRIC_REPRESENTATION_ITEM() RATIONAL_B_SPLINE_CURVE((1.,0.5,1.,0.5,
1.,0.5,1.)) REPRESENTATION_ITEM('') );
#5750 = CARTESIAN_POINT('',(-10.46857966225,-7.086032879653));
#5751 = CARTESIAN_POINT('',(-10.46857966225,-12.2727131495));
#5752 = CARTESIAN_POINT('',(-14.96037653725,-9.67937301458));
#5753 = CARTESIAN_POINT('',(-19.45217341225,-7.086032879653));
#5754 = CARTESIAN_POINT('',(-14.96037653725,-4.492692744727));
#5755 = CARTESIAN_POINT('',(-10.46857966225,-1.899352609801));
#5756 = CARTESIAN_POINT('',(-10.46857966225,-7.086032879653));
#5757 = ( GEOMETRIC_REPRESENTATION_CONTEXT(2) 
PARAMETRIC_REPRESENTATION_CONTEXT() REPRESENTATION_CONTEXT('2D SPACE',''
  ) );
#5758 = ORIENTED_EDGE('',*,*,#5759,.F.);
#5759 = EDGE_CURVE('',#964,#5732,#5760,.T.);
#5760 = SURFACE_CURVE('',#5761,(#5765,#5772),.PCURVE_S1.);
#5761 = LINE('',#5762,#5763);
#5762 = CARTESIAN_POINT('',(-16.4450556787,107.99238918426,4.));
#5763 = VECTOR('',#5764,1.);
#5764 = DIRECTION('',(0.,0.,1.));
#5765 = PCURVE('',#986,#5766);
#5766 = DEFINITIONAL_REPRESENTATION('',(#5767),#5771);
#5767 = LINE('',#5768,#5769);
#5768 = CARTESIAN_POINT('',(-3.049874561069,0.));
#5769 = VECTOR('',#5770,1.);
#5770 = DIRECTION('',(-0.,-1.));
#5771 = ( GEOMETRIC_REPRESENTATION_CONTEXT(2) 
PARAMETRIC_REPRESENTATION_CONTEXT() REPRESENTATION_CONTEXT('2D SPACE',''
  ) );
#5772 = PCURVE('',#1017,#5773);
#5773 = DEFINITIONAL_REPRESENTATION('',(#5774),#5778);
#5774 = LINE('',#5775,#5776);
#5775 = CARTESIAN_POINT('',(-4.018708909508,0.));
#5776 = VECTOR('',#5777,1.);
#5777 = DIRECTION('',(-0.,-1.));
#5778 = ( GEOMETRIC_REPRESENTATION_CONTEXT(2) 
PARAMETRIC_REPRESENTATION_CONTEXT() REPRESENTATION_CONTEXT('2D SPACE',''
  ) );
#5779 = ADVANCED_FACE('',(#5780),#1017,.F.);
#5780 = FACE_BOUND('',#5781,.T.);
#5781 = EDGE_LOOP('',(#5782,#5783,#5784,#5810));
#5782 = ORIENTED_EDGE('',*,*,#998,.T.);
#5783 = ORIENTED_EDGE('',*,*,#5759,.T.);
#5784 = ORIENTED_EDGE('',*,*,#5785,.F.);
#5785 = EDGE_CURVE('',#5709,#5732,#5786,.T.);
#5786 = SURFACE_CURVE('',#5787,(#5792,#5799),.PCURVE_S1.);
#5787 = CIRCLE('',#5788,2.99453125);
#5788 = AXIS2_PLACEMENT_3D('',#5789,#5790,#5791);
#5789 = CARTESIAN_POINT('',(-14.53043892283,110.29487915935,7.));
#5790 = DIRECTION('',(0.,0.,-1.));
#5791 = DIRECTION('',(1.,0.,0.));
#5792 = PCURVE('',#1017,#5793);
#5793 = DEFINITIONAL_REPRESENTATION('',(#5794),#5798);
#5794 = LINE('',#5795,#5796);
#5795 = CARTESIAN_POINT('',(-6.28318530718,-3.));
#5796 = VECTOR('',#5797,1.);
#5797 = DIRECTION('',(1.,-0.));
#5798 = ( GEOMETRIC_REPRESENTATION_CONTEXT(2) 
PARAMETRIC_REPRESENTATION_CONTEXT() REPRESENTATION_CONTEXT('2D SPACE',''
  ) );
#5799 = PCURVE('',#5635,#5800);
#5800 = DEFINITIONAL_REPRESENTATION('',(#5801),#5809);
#5801 = ( BOUNDED_CURVE() B_SPLINE_CURVE(2,(#5802,#5803,#5804,#5805,
#5806,#5807,#5808),.UNSPECIFIED.,.T.,.F.) B_SPLINE_CURVE_WITH_KNOTS((1,2
    ,2,2,2,1),(-2.094395102393,0.,2.094395102393,4.188790204786,
6.28318530718,8.377580409573),.UNSPECIFIED.) CURVE() 
GEOMETRIC_REPRESENTATION_ITEM() RATIONAL_B_SPLINE_CURVE((1.,0.5,1.,0.5,
1.,0.5,1.)) REPRESENTATION_ITEM('') );
#5802 = CARTESIAN_POINT('',(-11.53590767283,-4.509275121009));
#5803 = CARTESIAN_POINT('',(-11.53590767283,-9.695955390861));
#5804 = CARTESIAN_POINT('',(-16.02770454783,-7.102615255935));
#5805 = CARTESIAN_POINT('',(-20.51950142283,-4.509275121009));
#5806 = CARTESIAN_POINT('',(-16.02770454783,-1.915934986082));
#5807 = CARTESIAN_POINT('',(-11.53590767283,0.677405148844));
#5808 = CARTESIAN_POINT('',(-11.53590767283,-4.509275121009));
#5809 = ( GEOMETRIC_REPRESENTATION_CONTEXT(2) 
PARAMETRIC_REPRESENTATION_CONTEXT() REPRESENTATION_CONTEXT('2D SPACE',''
  ) );
#5810 = ORIENTED_EDGE('',*,*,#5708,.F.);
#5811 = ADVANCED_FACE('',(#5812),#1048,.T.);
#5812 = FACE_BOUND('',#5813,.T.);
#5813 = EDGE_LOOP('',(#5814,#5815,#5838,#5859));
#5814 = ORIENTED_EDGE('',*,*,#1031,.T.);
#5815 = ORIENTED_EDGE('',*,*,#5816,.T.);
#5816 = EDGE_CURVE('',#1034,#5817,#5819,.T.);
#5817 = VERTEX_POINT('',#5818);
#5818 = CARTESIAN_POINT('',(-5.16852816464,108.78709797829,7.));
#5819 = SURFACE_CURVE('',#5820,(#5824,#5831),.PCURVE_S1.);
#5820 = LINE('',#5821,#5822);
#5821 = CARTESIAN_POINT('',(-5.16852816464,108.78709797829,4.));
#5822 = VECTOR('',#5823,1.);
#5823 = DIRECTION('',(0.,0.,1.));
#5824 = PCURVE('',#1048,#5825);
#5825 = DEFINITIONAL_REPRESENTATION('',(#5826),#5830);
#5826 = LINE('',#5827,#5828);
#5827 = CARTESIAN_POINT('',(-2.512147933894E-15,0.));
#5828 = VECTOR('',#5829,1.);
#5829 = DIRECTION('',(0.,-1.));
#5830 = ( GEOMETRIC_REPRESENTATION_CONTEXT(2) 
PARAMETRIC_REPRESENTATION_CONTEXT() REPRESENTATION_CONTEXT('2D SPACE',''
  ) );
#5831 = PCURVE('',#1080,#5832);
#5832 = DEFINITIONAL_REPRESENTATION('',(#5833),#5837);
#5833 = LINE('',#5834,#5835);
#5834 = CARTESIAN_POINT('',(-2.420167212863,0.));
#5835 = VECTOR('',#5836,1.);
#5836 = DIRECTION('',(-0.,-1.));
#5837 = ( GEOMETRIC_REPRESENTATION_CONTEXT(2) 
PARAMETRIC_REPRESENTATION_CONTEXT() REPRESENTATION_CONTEXT('2D SPACE',''
  ) );
#5838 = ORIENTED_EDGE('',*,*,#5839,.F.);
#5839 = EDGE_CURVE('',#5840,#5817,#5842,.T.);
#5840 = VERTEX_POINT('',#5841);
#5841 = CARTESIAN_POINT('',(-3.005203820043,110.95042232289,7.));
#5842 = SURFACE_CURVE('',#5843,(#5847,#5853),.PCURVE_S1.);
#5843 = LINE('',#5844,#5845);
#5844 = CARTESIAN_POINT('',(-2.372132047964,111.58349409497,7.));
#5845 = VECTOR('',#5846,1.);
#5846 = DIRECTION('',(-0.707106781187,-0.707106781187,0.));
#5847 = PCURVE('',#1048,#5848);
#5848 = DEFINITIONAL_REPRESENTATION('',(#5849),#5852);
#5849 = B_SPLINE_CURVE_WITH_KNOTS('',1,(#5850,#5851),.UNSPECIFIED.,.F.,
  .F.,(2,2),(0.895298686029,3.954701313971),.PIECEWISE_BEZIER_KNOTS.);
#5850 = CARTESIAN_POINT('',(3.059402627941,-3.));
#5851 = CARTESIAN_POINT('',(-7.549516567451E-15,-3.));
#5852 = ( GEOMETRIC_REPRESENTATION_CONTEXT(2) 
PARAMETRIC_REPRESENTATION_CONTEXT() REPRESENTATION_CONTEXT('2D SPACE',''
  ) );
#5853 = PCURVE('',#5635,#5854);
#5854 = DEFINITIONAL_REPRESENTATION('',(#5855),#5858);
#5855 = B_SPLINE_CURVE_WITH_KNOTS('',1,(#5856,#5857),.UNSPECIFIED.,.F.,
  .F.,(2,2),(0.895298686029,3.954701313971),.PIECEWISE_BEZIER_KNOTS.);
#5856 = CARTESIAN_POINT('',(-3.005203820043,-3.853731957467));
#5857 = CARTESIAN_POINT('',(-5.16852816464,-6.017056302064));
#5858 = ( GEOMETRIC_REPRESENTATION_CONTEXT(2) 
PARAMETRIC_REPRESENTATION_CONTEXT() REPRESENTATION_CONTEXT('2D SPACE',''
  ) );
#5859 = ORIENTED_EDGE('',*,*,#5860,.F.);
#5860 = EDGE_CURVE('',#1032,#5840,#5861,.T.);
#5861 = SURFACE_CURVE('',#5862,(#5866,#5873),.PCURVE_S1.);
#5862 = LINE('',#5863,#5864);
#5863 = CARTESIAN_POINT('',(-3.005203820043,110.95042232289,4.));
#5864 = VECTOR('',#5865,1.);
#5865 = DIRECTION('',(0.,0.,1.));
#5866 = PCURVE('',#1048,#5867);
#5867 = DEFINITIONAL_REPRESENTATION('',(#5868),#5872);
#5868 = LINE('',#5869,#5870);
#5869 = CARTESIAN_POINT('',(3.059402627941,0.));
#5870 = VECTOR('',#5871,1.);
#5871 = DIRECTION('',(0.,-1.));
#5872 = ( GEOMETRIC_REPRESENTATION_CONTEXT(2) 
PARAMETRIC_REPRESENTATION_CONTEXT() REPRESENTATION_CONTEXT('2D SPACE',''
  ) );
#5873 = PCURVE('',#1255,#5874);
#5874 = DEFINITIONAL_REPRESENTATION('',(#5875),#5879);
#5875 = LINE('',#5876,#5877);
#5876 = CARTESIAN_POINT('',(4.712388980385,0.));
#5877 = VECTOR('',#5878,1.);
#5878 = DIRECTION('',(0.,-1.));
#5879 = ( GEOMETRIC_REPRESENTATION_CONTEXT(2) 
PARAMETRIC_REPRESENTATION_CONTEXT() REPRESENTATION_CONTEXT('2D SPACE',''
  ) );
#5880 = ADVANCED_FACE('',(#5881),#1255,.F.);
#5881 = FACE_BOUND('',#5882,.F.);
#5882 = EDGE_LOOP('',(#5883,#5884,#5907,#5933));
#5883 = ORIENTED_EDGE('',*,*,#1236,.F.);
#5884 = ORIENTED_EDGE('',*,*,#5885,.T.);
#5885 = EDGE_CURVE('',#1211,#5886,#5888,.T.);
#5886 = VERTEX_POINT('',#5887);
#5887 = CARTESIAN_POINT('',(-3.853731957467,111.79895046031,7.));
#5888 = SURFACE_CURVE('',#5889,(#5893,#5900),.PCURVE_S1.);
#5889 = LINE('',#5890,#5891);
#5890 = CARTESIAN_POINT('',(-3.853731957467,111.79895046031,4.));
#5891 = VECTOR('',#5892,1.);
#5892 = DIRECTION('',(0.,0.,1.));
#5893 = PCURVE('',#1255,#5894);
#5894 = DEFINITIONAL_REPRESENTATION('',(#5895),#5899);
#5895 = LINE('',#5896,#5897);
#5896 = CARTESIAN_POINT('',(1.570796326795,0.));
#5897 = VECTOR('',#5898,1.);
#5898 = DIRECTION('',(0.,-1.));
#5899 = ( GEOMETRIC_REPRESENTATION_CONTEXT(2) 
PARAMETRIC_REPRESENTATION_CONTEXT() REPRESENTATION_CONTEXT('2D SPACE',''
  ) );
#5900 = PCURVE('',#1225,#5901);
#5901 = DEFINITIONAL_REPRESENTATION('',(#5902),#5906);
#5902 = LINE('',#5903,#5904);
#5903 = CARTESIAN_POINT('',(0.,0.));
#5904 = VECTOR('',#5905,1.);
#5905 = DIRECTION('',(0.,-1.));
#5906 = ( GEOMETRIC_REPRESENTATION_CONTEXT(2) 
PARAMETRIC_REPRESENTATION_CONTEXT() REPRESENTATION_CONTEXT('2D SPACE',''
  ) );
#5907 = ORIENTED_EDGE('',*,*,#5908,.T.);
#5908 = EDGE_CURVE('',#5886,#5840,#5909,.T.);
#5909 = SURFACE_CURVE('',#5910,(#5915,#5922),.PCURVE_S1.);
#5910 = CIRCLE('',#5911,0.6);
#5911 = AXIS2_PLACEMENT_3D('',#5912,#5913,#5914);
#5912 = CARTESIAN_POINT('',(-3.429467888755,111.3746863916,7.));
#5913 = DIRECTION('',(-0.,0.,-1.));
#5914 = DIRECTION('',(-0.707106781187,-0.707106781187,0.));
#5915 = PCURVE('',#1255,#5916);
#5916 = DEFINITIONAL_REPRESENTATION('',(#5917),#5921);
#5917 = LINE('',#5918,#5919);
#5918 = CARTESIAN_POINT('',(0.,-3.));
#5919 = VECTOR('',#5920,1.);
#5920 = DIRECTION('',(1.,0.));
#5921 = ( GEOMETRIC_REPRESENTATION_CONTEXT(2) 
PARAMETRIC_REPRESENTATION_CONTEXT() REPRESENTATION_CONTEXT('2D SPACE',''
  ) );
#5922 = PCURVE('',#5635,#5923);
#5923 = DEFINITIONAL_REPRESENTATION('',(#5924),#5932);
#5924 = ( BOUNDED_CURVE() B_SPLINE_CURVE(2,(#5925,#5926,#5927,#5928,
#5929,#5930,#5931),.UNSPECIFIED.,.T.,.F.) B_SPLINE_CURVE_WITH_KNOTS((1,2
    ,2,2,2,1),(-2.094395102393,0.,2.094395102393,4.188790204786,
6.28318530718,8.377580409573),.UNSPECIFIED.) CURVE() 
GEOMETRIC_REPRESENTATION_ITEM() RATIONAL_B_SPLINE_CURVE((1.,0.5,1.,0.5,
1.,0.5,1.)) REPRESENTATION_ITEM('') );
#5925 = CARTESIAN_POINT('',(-3.853731957467,-3.853731957467));
#5926 = CARTESIAN_POINT('',(-4.588578880302,-3.118885034632));
#5927 = CARTESIAN_POINT('',(-3.584759315816,-2.849912392981));
#5928 = CARTESIAN_POINT('',(-2.580939751331,-2.580939751331));
#5929 = CARTESIAN_POINT('',(-2.849912392981,-3.584759315816));
#5930 = CARTESIAN_POINT('',(-3.118885034632,-4.588578880302));
#5931 = CARTESIAN_POINT('',(-3.853731957467,-3.853731957467));
#5932 = ( GEOMETRIC_REPRESENTATION_CONTEXT(2) 
PARAMETRIC_REPRESENTATION_CONTEXT() REPRESENTATION_CONTEXT('2D SPACE',''
  ) );
#5933 = ORIENTED_EDGE('',*,*,#5860,.F.);
#5934 = ADVANCED_FACE('',(#5935),#1225,.T.);
#5935 = FACE_BOUND('',#5936,.T.);
#5936 = EDGE_LOOP('',(#5937,#5938,#5939,#5960));
#5937 = ORIENTED_EDGE('',*,*,#1210,.T.);
#5938 = ORIENTED_EDGE('',*,*,#5885,.T.);
#5939 = ORIENTED_EDGE('',*,*,#5940,.F.);
#5940 = EDGE_CURVE('',#5941,#5886,#5943,.T.);
#5941 = VERTEX_POINT('',#5942);
#5942 = CARTESIAN_POINT('',(-6.017056302064,109.63562611571,7.));
#5943 = SURFACE_CURVE('',#5944,(#5948,#5954),.PCURVE_S1.);
#5944 = LINE('',#5945,#5946);
#5945 = CARTESIAN_POINT('',(-2.138998013089,113.51368440469,7.));
#5946 = VECTOR('',#5947,1.);
#5947 = DIRECTION('',(0.707106781187,0.707106781187,-0.));
#5948 = PCURVE('',#1225,#5949);
#5949 = DEFINITIONAL_REPRESENTATION('',(#5950),#5953);
#5950 = B_SPLINE_CURVE_WITH_KNOTS('',1,(#5951,#5952),.UNSPECIFIED.,.F.,
  .F.,(2,2),(-5.484402627941,-2.425),.PIECEWISE_BEZIER_KNOTS.);
#5951 = CARTESIAN_POINT('',(3.059402627941,-3.));
#5952 = CARTESIAN_POINT('',(0.,-3.));
#5953 = ( GEOMETRIC_REPRESENTATION_CONTEXT(2) 
PARAMETRIC_REPRESENTATION_CONTEXT() REPRESENTATION_CONTEXT('2D SPACE',''
  ) );
#5954 = PCURVE('',#5635,#5955);
#5955 = DEFINITIONAL_REPRESENTATION('',(#5956),#5959);
#5956 = B_SPLINE_CURVE_WITH_KNOTS('',1,(#5957,#5958),.UNSPECIFIED.,.F.,
  .F.,(2,2),(-5.484402627941,-2.425),.PIECEWISE_BEZIER_KNOTS.);
#5957 = CARTESIAN_POINT('',(-6.017056302064,-5.16852816464));
#5958 = CARTESIAN_POINT('',(-3.853731957467,-3.005203820043));
#5959 = ( GEOMETRIC_REPRESENTATION_CONTEXT(2) 
PARAMETRIC_REPRESENTATION_CONTEXT() REPRESENTATION_CONTEXT('2D SPACE',''
  ) );
#5960 = ORIENTED_EDGE('',*,*,#5961,.F.);
#5961 = EDGE_CURVE('',#1178,#5941,#5962,.T.);
#5962 = SURFACE_CURVE('',#5963,(#5967,#5974),.PCURVE_S1.);
#5963 = LINE('',#5964,#5965);
#5964 = CARTESIAN_POINT('',(-6.017056302064,109.63562611571,4.));
#5965 = VECTOR('',#5966,1.);
#5966 = DIRECTION('',(0.,0.,1.));
#5967 = PCURVE('',#1225,#5968);
#5968 = DEFINITIONAL_REPRESENTATION('',(#5969),#5973);
#5969 = LINE('',#5970,#5971);
#5970 = CARTESIAN_POINT('',(3.059402627941,0.));
#5971 = VECTOR('',#5972,1.);
#5972 = DIRECTION('',(0.,-1.));
#5973 = ( GEOMETRIC_REPRESENTATION_CONTEXT(2) 
PARAMETRIC_REPRESENTATION_CONTEXT() REPRESENTATION_CONTEXT('2D SPACE',''
  ) );
#5974 = PCURVE('',#1198,#5975);
#5975 = DEFINITIONAL_REPRESENTATION('',(#5976),#5980);
#5976 = LINE('',#5977,#5978);
#5977 = CARTESIAN_POINT('',(-1.146110883761,0.));
#5978 = VECTOR('',#5979,1.);
#5979 = DIRECTION('',(-0.,-1.));
#5980 = ( GEOMETRIC_REPRESENTATION_CONTEXT(2) 
PARAMETRIC_REPRESENTATION_CONTEXT() REPRESENTATION_CONTEXT('2D SPACE',''
  ) );
#5981 = ADVANCED_FACE('',(#5982),#1198,.F.);
#5982 = FACE_BOUND('',#5983,.T.);
#5983 = EDGE_LOOP('',(#5984,#5985,#5986,#6014));
#5984 = ORIENTED_EDGE('',*,*,#1177,.T.);
#5985 = ORIENTED_EDGE('',*,*,#5961,.T.);
#5986 = ORIENTED_EDGE('',*,*,#5987,.F.);
#5987 = EDGE_CURVE('',#5988,#5941,#5990,.T.);
#5988 = VERTEX_POINT('',#5989);
#5989 = CARTESIAN_POINT('',(-8.266500677904,107.38618173987,7.));
#5990 = SURFACE_CURVE('',#5991,(#5996,#6003),.PCURVE_S1.);
#5991 = CIRCLE('',#5992,1.7);
#5992 = AXIS2_PLACEMENT_3D('',#5993,#5994,#5995);
#5993 = CARTESIAN_POINT('',(-6.717514421272,108.08663985908,7.));
#5994 = DIRECTION('',(0.,0.,-1.));
#5995 = DIRECTION('',(1.,0.,0.));
#5996 = PCURVE('',#1198,#5997);
#5997 = DEFINITIONAL_REPRESENTATION('',(#5998),#6002);
#5998 = LINE('',#5999,#6000);
#5999 = CARTESIAN_POINT('',(-6.28318530718,-3.));
#6000 = VECTOR('',#6001,1.);
#6001 = DIRECTION('',(1.,-0.));
#6002 = ( GEOMETRIC_REPRESENTATION_CONTEXT(2) 
PARAMETRIC_REPRESENTATION_CONTEXT() REPRESENTATION_CONTEXT('2D SPACE',''
  ) );
#6003 = PCURVE('',#5635,#6004);
#6004 = DEFINITIONAL_REPRESENTATION('',(#6005),#6013);
#6005 = ( BOUNDED_CURVE() B_SPLINE_CURVE(2,(#6006,#6007,#6008,#6009,
#6010,#6011,#6012),.UNSPECIFIED.,.T.,.F.) B_SPLINE_CURVE_WITH_KNOTS((1,2
    ,2,2,2,1),(-2.094395102393,0.,2.094395102393,4.188790204786,
6.28318530718,8.377580409573),.UNSPECIFIED.) CURVE() 
GEOMETRIC_REPRESENTATION_ITEM() RATIONAL_B_SPLINE_CURVE((1.,0.5,1.,0.5,
1.,0.5,1.)) REPRESENTATION_ITEM('') );
#6006 = CARTESIAN_POINT('',(-5.017514421272,-6.717514421272));
#6007 = CARTESIAN_POINT('',(-5.017514421272,-9.662000794139));
#6008 = CARTESIAN_POINT('',(-7.567514421272,-8.189757607706));
#6009 = CARTESIAN_POINT('',(-10.11751442127,-6.717514421272));
#6010 = CARTESIAN_POINT('',(-7.567514421272,-5.245271234839));
#6011 = CARTESIAN_POINT('',(-5.017514421272,-3.773028048405));
#6012 = CARTESIAN_POINT('',(-5.017514421272,-6.717514421272));
#6013 = ( GEOMETRIC_REPRESENTATION_CONTEXT(2) 
PARAMETRIC_REPRESENTATION_CONTEXT() REPRESENTATION_CONTEXT('2D SPACE',''
  ) );
#6014 = ORIENTED_EDGE('',*,*,#6015,.F.);
#6015 = EDGE_CURVE('',#1152,#5988,#6016,.T.);
#6016 = SURFACE_CURVE('',#6017,(#6021,#6028),.PCURVE_S1.);
#6017 = LINE('',#6018,#6019);
#6018 = CARTESIAN_POINT('',(-8.266500677904,107.38618173987,4.));
#6019 = VECTOR('',#6020,1.);
#6020 = DIRECTION('',(0.,0.,1.));
#6021 = PCURVE('',#1198,#6022);
#6022 = DEFINITIONAL_REPRESENTATION('',(#6023),#6027);
#6023 = LINE('',#6024,#6025);
#6024 = CARTESIAN_POINT('',(-3.566278096624,0.));
#6025 = VECTOR('',#6026,1.);
#6026 = DIRECTION('',(-0.,-1.));
#6027 = ( GEOMETRIC_REPRESENTATION_CONTEXT(2) 
PARAMETRIC_REPRESENTATION_CONTEXT() REPRESENTATION_CONTEXT('2D SPACE',''
  ) );
#6028 = PCURVE('',#1166,#6029);
#6029 = DEFINITIONAL_REPRESENTATION('',(#6030),#6034);
#6030 = LINE('',#6031,#6032);
#6031 = CARTESIAN_POINT('',(1.256073966947E-15,-0.));
#6032 = VECTOR('',#6033,1.);
#6033 = DIRECTION('',(0.,-1.));
#6034 = ( GEOMETRIC_REPRESENTATION_CONTEXT(2) 
PARAMETRIC_REPRESENTATION_CONTEXT() REPRESENTATION_CONTEXT('2D SPACE',''
  ) );
#6035 = ADVANCED_FACE('',(#6036),#1166,.T.);
#6036 = FACE_BOUND('',#6037,.T.);
#6037 = EDGE_LOOP('',(#6038,#6039,#6040,#6061));
#6038 = ORIENTED_EDGE('',*,*,#1151,.T.);
#6039 = ORIENTED_EDGE('',*,*,#6015,.T.);
#6040 = ORIENTED_EDGE('',*,*,#6041,.F.);
#6041 = EDGE_CURVE('',#6042,#5988,#6044,.T.);
#6042 = VERTEX_POINT('',#6043);
#6043 = CARTESIAN_POINT('',(-8.379215357061,107.27346706072,7.));
#6044 = SURFACE_CURVE('',#6045,(#6049,#6055),.PCURVE_S1.);
#6045 = LINE('',#6046,#6047);
#6046 = CARTESIAN_POINT('',(-4.345382373308,111.30730004447,7.));
#6047 = VECTOR('',#6048,1.);
#6048 = DIRECTION('',(0.707106781187,0.707106781187,-0.));
#6049 = PCURVE('',#1166,#6050);
#6050 = DEFINITIONAL_REPRESENTATION('',(#6051),#6054);
#6051 = B_SPLINE_CURVE_WITH_KNOTS('',1,(#6052,#6053),.UNSPECIFIED.,.F.,
  .F.,(2,2),(-5.704701313971,-5.545298686029),.PIECEWISE_BEZIER_KNOTS.);
#6052 = CARTESIAN_POINT('',(0.159402627941,-3.));
#6053 = CARTESIAN_POINT('',(8.881784197001E-16,-3.));
#6054 = ( GEOMETRIC_REPRESENTATION_CONTEXT(2) 
PARAMETRIC_REPRESENTATION_CONTEXT() REPRESENTATION_CONTEXT('2D SPACE',''
  ) );
#6055 = PCURVE('',#5635,#6056);
#6056 = DEFINITIONAL_REPRESENTATION('',(#6057),#6060);
#6057 = B_SPLINE_CURVE_WITH_KNOTS('',1,(#6058,#6059),.UNSPECIFIED.,.F.,
  .F.,(2,2),(-5.704701313971,-5.545298686029),.PIECEWISE_BEZIER_KNOTS.);
#6058 = CARTESIAN_POINT('',(-8.379215357061,-7.530687219637));
#6059 = CARTESIAN_POINT('',(-8.266500677904,-7.41797254048));
#6060 = ( GEOMETRIC_REPRESENTATION_CONTEXT(2) 
PARAMETRIC_REPRESENTATION_CONTEXT() REPRESENTATION_CONTEXT('2D SPACE',''
  ) );
#6061 = ORIENTED_EDGE('',*,*,#6062,.F.);
#6062 = EDGE_CURVE('',#1119,#6042,#6063,.T.);
#6063 = SURFACE_CURVE('',#6064,(#6068,#6075),.PCURVE_S1.);
#6064 = LINE('',#6065,#6066);
#6065 = CARTESIAN_POINT('',(-8.379215357061,107.27346706072,4.));
#6066 = VECTOR('',#6067,1.);
#6067 = DIRECTION('',(0.,0.,1.));
#6068 = PCURVE('',#1166,#6069);
#6069 = DEFINITIONAL_REPRESENTATION('',(#6070),#6074);
#6070 = LINE('',#6071,#6072);
#6071 = CARTESIAN_POINT('',(0.159402627941,0.));
#6072 = VECTOR('',#6073,1.);
#6073 = DIRECTION('',(0.,-1.));
#6074 = ( GEOMETRIC_REPRESENTATION_CONTEXT(2) 
PARAMETRIC_REPRESENTATION_CONTEXT() REPRESENTATION_CONTEXT('2D SPACE',''
  ) );
#6075 = PCURVE('',#1139,#6076);
#6076 = DEFINITIONAL_REPRESENTATION('',(#6077),#6081);
#6077 = LINE('',#6078,#6079);
#6078 = CARTESIAN_POINT('',(4.712388980385,0.));
#6079 = VECTOR('',#6080,1.);
#6080 = DIRECTION('',(0.,-1.));
#6081 = ( GEOMETRIC_REPRESENTATION_CONTEXT(2) 
PARAMETRIC_REPRESENTATION_CONTEXT() REPRESENTATION_CONTEXT('2D SPACE',''
  ) );
#6082 = ADVANCED_FACE('',(#6083),#1139,.F.);
#6083 = FACE_BOUND('',#6084,.F.);
#6084 = EDGE_LOOP('',(#6085,#6086,#6109,#6135));
#6085 = ORIENTED_EDGE('',*,*,#1118,.F.);
#6086 = ORIENTED_EDGE('',*,*,#6087,.T.);
#6087 = EDGE_CURVE('',#1093,#6088,#6090,.T.);
#6088 = VERTEX_POINT('',#6089);
#6089 = CARTESIAN_POINT('',(-7.530687219637,106.42493892329,7.));
#6090 = SURFACE_CURVE('',#6091,(#6095,#6102),.PCURVE_S1.);
#6091 = LINE('',#6092,#6093);
#6092 = CARTESIAN_POINT('',(-7.530687219637,106.42493892329,4.));
#6093 = VECTOR('',#6094,1.);
#6094 = DIRECTION('',(0.,0.,1.));
#6095 = PCURVE('',#1139,#6096);
#6096 = DEFINITIONAL_REPRESENTATION('',(#6097),#6101);
#6097 = LINE('',#6098,#6099);
#6098 = CARTESIAN_POINT('',(1.570796326795,0.));
#6099 = VECTOR('',#6100,1.);
#6100 = DIRECTION('',(0.,-1.));
#6101 = ( GEOMETRIC_REPRESENTATION_CONTEXT(2) 
PARAMETRIC_REPRESENTATION_CONTEXT() REPRESENTATION_CONTEXT('2D SPACE',''
  ) );
#6102 = PCURVE('',#1107,#6103);
#6103 = DEFINITIONAL_REPRESENTATION('',(#6104),#6108);
#6104 = LINE('',#6105,#6106);
#6105 = CARTESIAN_POINT('',(0.,0.));
#6106 = VECTOR('',#6107,1.);
#6107 = DIRECTION('',(0.,-1.));
#6108 = ( GEOMETRIC_REPRESENTATION_CONTEXT(2) 
PARAMETRIC_REPRESENTATION_CONTEXT() REPRESENTATION_CONTEXT('2D SPACE',''
  ) );
#6109 = ORIENTED_EDGE('',*,*,#6110,.T.);
#6110 = EDGE_CURVE('',#6088,#6042,#6111,.T.);
#6111 = SURFACE_CURVE('',#6112,(#6117,#6124),.PCURVE_S1.);
#6112 = CIRCLE('',#6113,0.6);
#6113 = AXIS2_PLACEMENT_3D('',#6114,#6115,#6116);
#6114 = CARTESIAN_POINT('',(-7.954951288349,106.84920299201,7.));
#6115 = DIRECTION('',(0.,0.,-1.));
#6116 = DIRECTION('',(0.707106781187,0.707106781187,0.));
#6117 = PCURVE('',#1139,#6118);
#6118 = DEFINITIONAL_REPRESENTATION('',(#6119),#6123);
#6119 = LINE('',#6120,#6121);
#6120 = CARTESIAN_POINT('',(0.,-3.));
#6121 = VECTOR('',#6122,1.);
#6122 = DIRECTION('',(1.,0.));
#6123 = ( GEOMETRIC_REPRESENTATION_CONTEXT(2) 
PARAMETRIC_REPRESENTATION_CONTEXT() REPRESENTATION_CONTEXT('2D SPACE',''
  ) );
#6124 = PCURVE('',#5635,#6125);
#6125 = DEFINITIONAL_REPRESENTATION('',(#6126),#6134);
#6126 = ( BOUNDED_CURVE() B_SPLINE_CURVE(2,(#6127,#6128,#6129,#6130,
#6131,#6132,#6133),.UNSPECIFIED.,.T.,.F.) B_SPLINE_CURVE_WITH_KNOTS((1,2
    ,2,2,2,1),(-2.094395102393,0.,2.094395102393,4.188790204786,
6.28318530718,8.377580409573),.UNSPECIFIED.) CURVE() 
GEOMETRIC_REPRESENTATION_ITEM() RATIONAL_B_SPLINE_CURVE((1.,0.5,1.,0.5,
1.,0.5,1.)) REPRESENTATION_ITEM('') );
#6127 = CARTESIAN_POINT('',(-7.530687219637,-7.530687219637));
#6128 = CARTESIAN_POINT('',(-6.795840296802,-8.265534142472));
#6129 = CARTESIAN_POINT('',(-7.799659861287,-8.534506784122));
#6130 = CARTESIAN_POINT('',(-8.803479425773,-8.803479425773));
#6131 = CARTESIAN_POINT('',(-8.534506784122,-7.799659861287));
#6132 = CARTESIAN_POINT('',(-8.265534142472,-6.795840296802));
#6133 = CARTESIAN_POINT('',(-7.530687219637,-7.530687219637));
#6134 = ( GEOMETRIC_REPRESENTATION_CONTEXT(2) 
PARAMETRIC_REPRESENTATION_CONTEXT() REPRESENTATION_CONTEXT('2D SPACE',''
  ) );
#6135 = ORIENTED_EDGE('',*,*,#6062,.F.);
#6136 = ADVANCED_FACE('',(#6137),#1107,.T.);
#6137 = FACE_BOUND('',#6138,.T.);
#6138 = EDGE_LOOP('',(#6139,#6140,#6141,#6162));
#6139 = ORIENTED_EDGE('',*,*,#1092,.T.);
#6140 = ORIENTED_EDGE('',*,*,#6087,.T.);
#6141 = ORIENTED_EDGE('',*,*,#6142,.F.);
#6142 = EDGE_CURVE('',#6143,#6088,#6145,.T.);
#6143 = VERTEX_POINT('',#6144);
#6144 = CARTESIAN_POINT('',(-7.417972540481,106.53765360245,7.));
#6145 = SURFACE_CURVE('',#6146,(#6150,#6156),.PCURVE_S1.);
#6146 = LINE('',#6147,#6148);
#6147 = CARTESIAN_POINT('',(-3.553211575462,110.40241456747,7.));
#6148 = VECTOR('',#6149,1.);
#6149 = DIRECTION('',(-0.707106781187,-0.707106781187,0.));
#6150 = PCURVE('',#1107,#6151);
#6151 = DEFINITIONAL_REPRESENTATION('',(#6152),#6155);
#6152 = B_SPLINE_CURVE_WITH_KNOTS('',1,(#6153,#6154),.UNSPECIFIED.,.F.,
  .F.,(2,2),(5.465597372059,5.625),.PIECEWISE_BEZIER_KNOTS.);
#6153 = CARTESIAN_POINT('',(0.159402627941,-3.));
#6154 = CARTESIAN_POINT('',(0.,-3.));
#6155 = ( GEOMETRIC_REPRESENTATION_CONTEXT(2) 
PARAMETRIC_REPRESENTATION_CONTEXT() REPRESENTATION_CONTEXT('2D SPACE',''
  ) );
#6156 = PCURVE('',#5635,#6157);
#6157 = DEFINITIONAL_REPRESENTATION('',(#6158),#6161);
#6158 = B_SPLINE_CURVE_WITH_KNOTS('',1,(#6159,#6160),.UNSPECIFIED.,.F.,
  .F.,(2,2),(5.465597372059,5.625),.PIECEWISE_BEZIER_KNOTS.);
#6159 = CARTESIAN_POINT('',(-7.417972540481,-8.266500677904));
#6160 = CARTESIAN_POINT('',(-7.530687219637,-8.379215357061));
#6161 = ( GEOMETRIC_REPRESENTATION_CONTEXT(2) 
PARAMETRIC_REPRESENTATION_CONTEXT() REPRESENTATION_CONTEXT('2D SPACE',''
  ) );
#6162 = ORIENTED_EDGE('',*,*,#6163,.F.);
#6163 = EDGE_CURVE('',#1060,#6143,#6164,.T.);
#6164 = SURFACE_CURVE('',#6165,(#6169,#6176),.PCURVE_S1.);
#6165 = LINE('',#6166,#6167);
#6166 = CARTESIAN_POINT('',(-7.417972540481,106.53765360245,4.));
#6167 = VECTOR('',#6168,1.);
#6168 = DIRECTION('',(0.,0.,1.));
#6169 = PCURVE('',#1107,#6170);
#6170 = DEFINITIONAL_REPRESENTATION('',(#6171),#6175);
#6171 = LINE('',#6172,#6173);
#6172 = CARTESIAN_POINT('',(0.159402627941,0.));
#6173 = VECTOR('',#6174,1.);
#6174 = DIRECTION('',(0.,-1.));
#6175 = ( GEOMETRIC_REPRESENTATION_CONTEXT(2) 
PARAMETRIC_REPRESENTATION_CONTEXT() REPRESENTATION_CONTEXT('2D SPACE',''
  ) );
#6176 = PCURVE('',#1080,#6177);
#6177 = DEFINITIONAL_REPRESENTATION('',(#6178),#6182);
#6178 = LINE('',#6179,#6180);
#6179 = CARTESIAN_POINT('',(-0.,0.));
#6180 = VECTOR('',#6181,1.);
#6181 = DIRECTION('',(-0.,-1.));
#6182 = ( GEOMETRIC_REPRESENTATION_CONTEXT(2) 
PARAMETRIC_REPRESENTATION_CONTEXT() REPRESENTATION_CONTEXT('2D SPACE',''
  ) );
#6183 = ADVANCED_FACE('',(#6184),#1080,.F.);
#6184 = FACE_BOUND('',#6185,.T.);
#6185 = EDGE_LOOP('',(#6186,#6187,#6188,#6214));
#6186 = ORIENTED_EDGE('',*,*,#1059,.T.);
#6187 = ORIENTED_EDGE('',*,*,#6163,.T.);
#6188 = ORIENTED_EDGE('',*,*,#6189,.F.);
#6189 = EDGE_CURVE('',#5817,#6143,#6190,.T.);
#6190 = SURFACE_CURVE('',#6191,(#6196,#6203),.PCURVE_S1.);
#6191 = CIRCLE('',#6192,1.7);
#6192 = AXIS2_PLACEMENT_3D('',#6193,#6194,#6195);
#6193 = CARTESIAN_POINT('',(-6.717514421272,108.08663985908,7.));
#6194 = DIRECTION('',(-0.,0.,-1.));
#6195 = DIRECTION('',(-0.41203418777,-0.911168386254,0.));
#6196 = PCURVE('',#1080,#6197);
#6197 = DEFINITIONAL_REPRESENTATION('',(#6198),#6202);
#6198 = LINE('',#6199,#6200);
#6199 = CARTESIAN_POINT('',(-6.28318530718,-3.));
#6200 = VECTOR('',#6201,1.);
#6201 = DIRECTION('',(1.,-0.));
#6202 = ( GEOMETRIC_REPRESENTATION_CONTEXT(2) 
PARAMETRIC_REPRESENTATION_CONTEXT() REPRESENTATION_CONTEXT('2D SPACE',''
  ) );
#6203 = PCURVE('',#5635,#6204);
#6204 = DEFINITIONAL_REPRESENTATION('',(#6205),#6213);
#6205 = ( BOUNDED_CURVE() B_SPLINE_CURVE(2,(#6206,#6207,#6208,#6209,
#6210,#6211,#6212),.UNSPECIFIED.,.T.,.F.) B_SPLINE_CURVE_WITH_KNOTS((1,2
    ,2,2,2,1),(-2.094395102393,0.,2.094395102393,4.188790204786,
6.28318530718,8.377580409573),.UNSPECIFIED.) CURVE() 
GEOMETRIC_REPRESENTATION_ITEM() RATIONAL_B_SPLINE_CURVE((1.,0.5,1.,0.5,
1.,0.5,1.)) REPRESENTATION_ITEM('') );
#6206 = CARTESIAN_POINT('',(-7.417972540481,-8.266500677904));
#6207 = CARTESIAN_POINT('',(-10.10089543719,-7.053271626861));
#6208 = CARTESIAN_POINT('',(-7.708746810024,-5.336406767435));
#6209 = CARTESIAN_POINT('',(-5.316598182856,-3.619541908008));
#6210 = CARTESIAN_POINT('',(-5.025823913312,-6.549635818478));
#6211 = CARTESIAN_POINT('',(-4.735049643768,-9.479729728947));
#6212 = CARTESIAN_POINT('',(-7.417972540481,-8.266500677904));
#6213 = ( GEOMETRIC_REPRESENTATION_CONTEXT(2) 
PARAMETRIC_REPRESENTATION_CONTEXT() REPRESENTATION_CONTEXT('2D SPACE',''
  ) );
#6214 = ORIENTED_EDGE('',*,*,#5816,.F.);
#6215 = ADVANCED_FACE('',(#6216),#1286,.T.);
#6216 = FACE_BOUND('',#6217,.T.);
#6217 = EDGE_LOOP('',(#6218,#6219,#6242,#6263));
#6218 = ORIENTED_EDGE('',*,*,#1269,.T.);
#6219 = ORIENTED_EDGE('',*,*,#6220,.T.);
#6220 = EDGE_CURVE('',#1272,#6221,#6223,.T.);
#6221 = VERTEX_POINT('',#6222);
#6222 = CARTESIAN_POINT('',(-11.25,114.20415428035,7.));
#6223 = SURFACE_CURVE('',#6224,(#6228,#6235),.PCURVE_S1.);
#6224 = LINE('',#6225,#6226);
#6225 = CARTESIAN_POINT('',(-11.25,114.20415428035,4.));
#6226 = VECTOR('',#6227,1.);
#6227 = DIRECTION('',(0.,0.,1.));
#6228 = PCURVE('',#1286,#6229);
#6229 = DEFINITIONAL_REPRESENTATION('',(#6230),#6234);
#6230 = LINE('',#6231,#6232);
#6231 = CARTESIAN_POINT('',(0.,0.));
#6232 = VECTOR('',#6233,1.);
#6233 = DIRECTION('',(0.,-1.));
#6234 = ( GEOMETRIC_REPRESENTATION_CONTEXT(2) 
PARAMETRIC_REPRESENTATION_CONTEXT() REPRESENTATION_CONTEXT('2D SPACE',''
  ) );
#6235 = PCURVE('',#1318,#6236);
#6236 = DEFINITIONAL_REPRESENTATION('',(#6237),#6241);
#6237 = LINE('',#6238,#6239);
#6238 = CARTESIAN_POINT('',(1.570796326795,0.));
#6239 = VECTOR('',#6240,1.);
#6240 = DIRECTION('',(0.,-1.));
#6241 = ( GEOMETRIC_REPRESENTATION_CONTEXT(2) 
PARAMETRIC_REPRESENTATION_CONTEXT() REPRESENTATION_CONTEXT('2D SPACE',''
  ) );
#6242 = ORIENTED_EDGE('',*,*,#6243,.F.);
#6243 = EDGE_CURVE('',#6244,#6221,#6246,.T.);
#6244 = VERTEX_POINT('',#6245);
#6245 = CARTESIAN_POINT('',(-4.85,114.20415428035,7.));
#6246 = SURFACE_CURVE('',#6247,(#6251,#6257),.PCURVE_S1.);
#6247 = LINE('',#6248,#6249);
#6248 = CARTESIAN_POINT('',(-5.625,114.20415428035,7.));
#6249 = VECTOR('',#6250,1.);
#6250 = DIRECTION('',(-1.,0.,0.));
#6251 = PCURVE('',#1286,#6252);
#6252 = DEFINITIONAL_REPRESENTATION('',(#6253),#6256);
#6253 = B_SPLINE_CURVE_WITH_KNOTS('',1,(#6254,#6255),.UNSPECIFIED.,.F.,
  .F.,(2,2),(-0.775,5.625),.PIECEWISE_BEZIER_KNOTS.);
#6254 = CARTESIAN_POINT('',(6.4,-3.));
#6255 = CARTESIAN_POINT('',(0.,-3.));
#6256 = ( GEOMETRIC_REPRESENTATION_CONTEXT(2) 
PARAMETRIC_REPRESENTATION_CONTEXT() REPRESENTATION_CONTEXT('2D SPACE',''
  ) );
#6257 = PCURVE('',#5635,#6258);
#6258 = DEFINITIONAL_REPRESENTATION('',(#6259),#6262);
#6259 = B_SPLINE_CURVE_WITH_KNOTS('',1,(#6260,#6261),.UNSPECIFIED.,.F.,
  .F.,(2,2),(-0.775,5.625),.PIECEWISE_BEZIER_KNOTS.);
#6260 = CARTESIAN_POINT('',(-4.85,-0.6));
#6261 = CARTESIAN_POINT('',(-11.25,-0.6));
#6262 = ( GEOMETRIC_REPRESENTATION_CONTEXT(2) 
PARAMETRIC_REPRESENTATION_CONTEXT() REPRESENTATION_CONTEXT('2D SPACE',''
  ) );
#6263 = ORIENTED_EDGE('',*,*,#6264,.F.);
#6264 = EDGE_CURVE('',#1270,#6244,#6265,.T.);
#6265 = SURFACE_CURVE('',#6266,(#6270,#6277),.PCURVE_S1.);
#6266 = LINE('',#6267,#6268);
#6267 = CARTESIAN_POINT('',(-4.85,114.20415428035,4.));
#6268 = VECTOR('',#6269,1.);
#6269 = DIRECTION('',(0.,0.,1.));
#6270 = PCURVE('',#1286,#6271);
#6271 = DEFINITIONAL_REPRESENTATION('',(#6272),#6276);
#6272 = LINE('',#6273,#6274);
#6273 = CARTESIAN_POINT('',(6.4,0.));
#6274 = VECTOR('',#6275,1.);
#6275 = DIRECTION('',(0.,-1.));
#6276 = ( GEOMETRIC_REPRESENTATION_CONTEXT(2) 
PARAMETRIC_REPRESENTATION_CONTEXT() REPRESENTATION_CONTEXT('2D SPACE',''
  ) );
#6277 = PCURVE('',#1375,#6278);
#6278 = DEFINITIONAL_REPRESENTATION('',(#6279),#6283);
#6279 = LINE('',#6280,#6281);
#6280 = CARTESIAN_POINT('',(4.712388980385,0.));
#6281 = VECTOR('',#6282,1.);
#6282 = DIRECTION('',(0.,-1.));
#6283 = ( GEOMETRIC_REPRESENTATION_CONTEXT(2) 
PARAMETRIC_REPRESENTATION_CONTEXT() REPRESENTATION_CONTEXT('2D SPACE',''
  ) );
#6284 = ADVANCED_FACE('',(#6285),#1375,.F.);
#6285 = FACE_BOUND('',#6286,.F.);
#6286 = EDGE_LOOP('',(#6287,#6288,#6311,#6337));
#6287 = ORIENTED_EDGE('',*,*,#1356,.F.);
#6288 = ORIENTED_EDGE('',*,*,#6289,.T.);
#6289 = EDGE_CURVE('',#1331,#6290,#6292,.T.);
#6290 = VERTEX_POINT('',#6291);
#6291 = CARTESIAN_POINT('',(-4.85,115.40415428035,7.));
#6292 = SURFACE_CURVE('',#6293,(#6297,#6304),.PCURVE_S1.);
#6293 = LINE('',#6294,#6295);
#6294 = CARTESIAN_POINT('',(-4.85,115.40415428035,4.));
#6295 = VECTOR('',#6296,1.);
#6296 = DIRECTION('',(0.,0.,1.));
#6297 = PCURVE('',#1375,#6298);
#6298 = DEFINITIONAL_REPRESENTATION('',(#6299),#6303);
#6299 = LINE('',#6300,#6301);
#6300 = CARTESIAN_POINT('',(1.570796326795,0.));
#6301 = VECTOR('',#6302,1.);
#6302 = DIRECTION('',(0.,-1.));
#6303 = ( GEOMETRIC_REPRESENTATION_CONTEXT(2) 
PARAMETRIC_REPRESENTATION_CONTEXT() REPRESENTATION_CONTEXT('2D SPACE',''
  ) );
#6304 = PCURVE('',#1345,#6305);
#6305 = DEFINITIONAL_REPRESENTATION('',(#6306),#6310);
#6306 = LINE('',#6307,#6308);
#6307 = CARTESIAN_POINT('',(0.,-0.));
#6308 = VECTOR('',#6309,1.);
#6309 = DIRECTION('',(0.,-1.));
#6310 = ( GEOMETRIC_REPRESENTATION_CONTEXT(2) 
PARAMETRIC_REPRESENTATION_CONTEXT() REPRESENTATION_CONTEXT('2D SPACE',''
  ) );
#6311 = ORIENTED_EDGE('',*,*,#6312,.T.);
#6312 = EDGE_CURVE('',#6290,#6244,#6313,.T.);
#6313 = SURFACE_CURVE('',#6314,(#6319,#6326),.PCURVE_S1.);
#6314 = CIRCLE('',#6315,0.6);
#6315 = AXIS2_PLACEMENT_3D('',#6316,#6317,#6318);
#6316 = CARTESIAN_POINT('',(-4.85,114.80415428035,7.));
#6317 = DIRECTION('',(0.,0.,-1.));
#6318 = DIRECTION('',(-1.,1.224646799147E-16,0.));
#6319 = PCURVE('',#1375,#6320);
#6320 = DEFINITIONAL_REPRESENTATION('',(#6321),#6325);
#6321 = LINE('',#6322,#6323);
#6322 = CARTESIAN_POINT('',(0.,-3.));
#6323 = VECTOR('',#6324,1.);
#6324 = DIRECTION('',(1.,0.));
#6325 = ( GEOMETRIC_REPRESENTATION_CONTEXT(2) 
PARAMETRIC_REPRESENTATION_CONTEXT() REPRESENTATION_CONTEXT('2D SPACE',''
  ) );
#6326 = PCURVE('',#5635,#6327);
#6327 = DEFINITIONAL_REPRESENTATION('',(#6328),#6336);
#6328 = ( BOUNDED_CURVE() B_SPLINE_CURVE(2,(#6329,#6330,#6331,#6332,
#6333,#6334,#6335),.UNSPECIFIED.,.T.,.F.) B_SPLINE_CURVE_WITH_KNOTS((1,2
    ,2,2,2,1),(-2.094395102393,0.,2.094395102393,4.188790204786,
6.28318530718,8.377580409573),.UNSPECIFIED.) CURVE() 
GEOMETRIC_REPRESENTATION_ITEM() RATIONAL_B_SPLINE_CURVE((1.,0.5,1.,0.5,
1.,0.5,1.)) REPRESENTATION_ITEM('') );
#6329 = CARTESIAN_POINT('',(-5.45,7.347880794884E-17));
#6330 = CARTESIAN_POINT('',(-5.45,1.039230484541));
#6331 = CARTESIAN_POINT('',(-4.55,0.519615242271));
#6332 = CARTESIAN_POINT('',(-3.65,0.));
#6333 = CARTESIAN_POINT('',(-4.55,-0.519615242271));
#6334 = CARTESIAN_POINT('',(-5.45,-1.039230484541));
#6335 = CARTESIAN_POINT('',(-5.45,7.347880794884E-17));
#6336 = ( GEOMETRIC_REPRESENTATION_CONTEXT(2) 
PARAMETRIC_REPRESENTATION_CONTEXT() REPRESENTATION_CONTEXT('2D SPACE',''
  ) );
#6337 = ORIENTED_EDGE('',*,*,#6264,.F.);
#6338 = ADVANCED_FACE('',(#6339),#1345,.T.);
#6339 = FACE_BOUND('',#6340,.T.);
#6340 = EDGE_LOOP('',(#6341,#6342,#6343,#6364));
#6341 = ORIENTED_EDGE('',*,*,#1330,.T.);
#6342 = ORIENTED_EDGE('',*,*,#6289,.T.);
#6343 = ORIENTED_EDGE('',*,*,#6344,.F.);
#6344 = EDGE_CURVE('',#6345,#6290,#6347,.T.);
#6345 = VERTEX_POINT('',#6346);
#6346 = CARTESIAN_POINT('',(-11.25,115.40415428035,7.));
#6347 = SURFACE_CURVE('',#6348,(#6352,#6358),.PCURVE_S1.);
#6348 = LINE('',#6349,#6350);
#6349 = CARTESIAN_POINT('',(-2.425,115.40415428035,7.));
#6350 = VECTOR('',#6351,1.);
#6351 = DIRECTION('',(1.,0.,-0.));
#6352 = PCURVE('',#1345,#6353);
#6353 = DEFINITIONAL_REPRESENTATION('',(#6354),#6357);
#6354 = B_SPLINE_CURVE_WITH_KNOTS('',1,(#6355,#6356),.UNSPECIFIED.,.F.,
  .F.,(2,2),(-8.825,-2.425),.PIECEWISE_BEZIER_KNOTS.);
#6355 = CARTESIAN_POINT('',(6.4,-3.));
#6356 = CARTESIAN_POINT('',(0.,-3.));
#6357 = ( GEOMETRIC_REPRESENTATION_CONTEXT(2) 
PARAMETRIC_REPRESENTATION_CONTEXT() REPRESENTATION_CONTEXT('2D SPACE',''
  ) );
#6358 = PCURVE('',#5635,#6359);
#6359 = DEFINITIONAL_REPRESENTATION('',(#6360),#6363);
#6360 = B_SPLINE_CURVE_WITH_KNOTS('',1,(#6361,#6362),.UNSPECIFIED.,.F.,
  .F.,(2,2),(-8.825,-2.425),.PIECEWISE_BEZIER_KNOTS.);
#6361 = CARTESIAN_POINT('',(-11.25,0.6));
#6362 = CARTESIAN_POINT('',(-4.85,0.6));
#6363 = ( GEOMETRIC_REPRESENTATION_CONTEXT(2) 
PARAMETRIC_REPRESENTATION_CONTEXT() REPRESENTATION_CONTEXT('2D SPACE',''
  ) );
#6364 = ORIENTED_EDGE('',*,*,#6365,.F.);
#6365 = EDGE_CURVE('',#1298,#6345,#6366,.T.);
#6366 = SURFACE_CURVE('',#6367,(#6371,#6378),.PCURVE_S1.);
#6367 = LINE('',#6368,#6369);
#6368 = CARTESIAN_POINT('',(-11.25,115.40415428035,4.));
#6369 = VECTOR('',#6370,1.);
#6370 = DIRECTION('',(0.,0.,1.));
#6371 = PCURVE('',#1345,#6372);
#6372 = DEFINITIONAL_REPRESENTATION('',(#6373),#6377);
#6373 = LINE('',#6374,#6375);
#6374 = CARTESIAN_POINT('',(6.4,0.));
#6375 = VECTOR('',#6376,1.);
#6376 = DIRECTION('',(0.,-1.));
#6377 = ( GEOMETRIC_REPRESENTATION_CONTEXT(2) 
PARAMETRIC_REPRESENTATION_CONTEXT() REPRESENTATION_CONTEXT('2D SPACE',''
  ) );
#6378 = PCURVE('',#1318,#6379);
#6379 = DEFINITIONAL_REPRESENTATION('',(#6380),#6384);
#6380 = LINE('',#6381,#6382);
#6381 = CARTESIAN_POINT('',(4.712388980385,0.));
#6382 = VECTOR('',#6383,1.);
#6383 = DIRECTION('',(0.,-1.));
#6384 = ( GEOMETRIC_REPRESENTATION_CONTEXT(2) 
PARAMETRIC_REPRESENTATION_CONTEXT() REPRESENTATION_CONTEXT('2D SPACE',''
  ) );
#6385 = ADVANCED_FACE('',(#6386),#1318,.F.);
#6386 = FACE_BOUND('',#6387,.F.);
#6387 = EDGE_LOOP('',(#6388,#6389,#6390,#6416));
#6388 = ORIENTED_EDGE('',*,*,#1297,.F.);
#6389 = ORIENTED_EDGE('',*,*,#6220,.T.);
#6390 = ORIENTED_EDGE('',*,*,#6391,.T.);
#6391 = EDGE_CURVE('',#6221,#6345,#6392,.T.);
#6392 = SURFACE_CURVE('',#6393,(#6398,#6405),.PCURVE_S1.);
#6393 = CIRCLE('',#6394,0.6);
#6394 = AXIS2_PLACEMENT_3D('',#6395,#6396,#6397);
#6395 = CARTESIAN_POINT('',(-11.25,114.80415428035,7.));
#6396 = DIRECTION('',(0.,-0.,-1.));
#6397 = DIRECTION('',(1.,-1.224646799147E-16,0.));
#6398 = PCURVE('',#1318,#6399);
#6399 = DEFINITIONAL_REPRESENTATION('',(#6400),#6404);
#6400 = LINE('',#6401,#6402);
#6401 = CARTESIAN_POINT('',(0.,-3.));
#6402 = VECTOR('',#6403,1.);
#6403 = DIRECTION('',(1.,0.));
#6404 = ( GEOMETRIC_REPRESENTATION_CONTEXT(2) 
PARAMETRIC_REPRESENTATION_CONTEXT() REPRESENTATION_CONTEXT('2D SPACE',''
  ) );
#6405 = PCURVE('',#5635,#6406);
#6406 = DEFINITIONAL_REPRESENTATION('',(#6407),#6415);
#6407 = ( BOUNDED_CURVE() B_SPLINE_CURVE(2,(#6408,#6409,#6410,#6411,
#6412,#6413,#6414),.UNSPECIFIED.,.T.,.F.) B_SPLINE_CURVE_WITH_KNOTS((1,2
    ,2,2,2,1),(-2.094395102393,0.,2.094395102393,4.188790204786,
6.28318530718,8.377580409573),.UNSPECIFIED.) CURVE() 
GEOMETRIC_REPRESENTATION_ITEM() RATIONAL_B_SPLINE_CURVE((1.,0.5,1.,0.5,
1.,0.5,1.)) REPRESENTATION_ITEM('') );
#6408 = CARTESIAN_POINT('',(-10.65,-7.347880794884E-17));
#6409 = CARTESIAN_POINT('',(-10.65,-1.039230484541));
#6410 = CARTESIAN_POINT('',(-11.55,-0.519615242271));
#6411 = CARTESIAN_POINT('',(-12.45,0.));
#6412 = CARTESIAN_POINT('',(-11.55,0.519615242271));
#6413 = CARTESIAN_POINT('',(-10.65,1.039230484541));
#6414 = CARTESIAN_POINT('',(-10.65,-7.347880794884E-17));
#6415 = ( GEOMETRIC_REPRESENTATION_CONTEXT(2) 
PARAMETRIC_REPRESENTATION_CONTEXT() REPRESENTATION_CONTEXT('2D SPACE',''
  ) );
#6416 = ORIENTED_EDGE('',*,*,#6365,.F.);
#6417 = ADVANCED_FACE('',(#6418),#1412,.F.);
#6418 = FACE_BOUND('',#6419,.T.);
#6419 = EDGE_LOOP('',(#6420,#6421,#6444,#6472));
#6420 = ORIENTED_EDGE('',*,*,#1389,.T.);
#6421 = ORIENTED_EDGE('',*,*,#6422,.T.);
#6422 = EDGE_CURVE('',#1392,#6423,#6425,.T.);
#6423 = VERTEX_POINT('',#6424);
#6424 = CARTESIAN_POINT('',(-11.54849415639,119.58769718492,7.));
#6425 = SURFACE_CURVE('',#6426,(#6430,#6437),.PCURVE_S1.);
#6426 = LINE('',#6427,#6428);
#6427 = CARTESIAN_POINT('',(-11.54849415639,119.58769718492,4.));
#6428 = VECTOR('',#6429,1.);
#6429 = DIRECTION('',(0.,0.,1.));
#6430 = PCURVE('',#1412,#6431);
#6431 = DEFINITIONAL_REPRESENTATION('',(#6432),#6436);
#6432 = LINE('',#6433,#6434);
#6433 = CARTESIAN_POINT('',(-9.171809252048E-02,0.));
#6434 = VECTOR('',#6435,1.);
#6435 = DIRECTION('',(-0.,-1.));
#6436 = ( GEOMETRIC_REPRESENTATION_CONTEXT(2) 
PARAMETRIC_REPRESENTATION_CONTEXT() REPRESENTATION_CONTEXT('2D SPACE',''
  ) );
#6437 = PCURVE('',#1443,#6438);
#6438 = DEFINITIONAL_REPRESENTATION('',(#6439),#6443);
#6439 = LINE('',#6440,#6441);
#6440 = CARTESIAN_POINT('',(-5.406069051262,0.));
#6441 = VECTOR('',#6442,1.);
#6442 = DIRECTION('',(-0.,-1.));
#6443 = ( GEOMETRIC_REPRESENTATION_CONTEXT(2) 
PARAMETRIC_REPRESENTATION_CONTEXT() REPRESENTATION_CONTEXT('2D SPACE',''
  ) );
#6444 = ORIENTED_EDGE('',*,*,#6445,.F.);
#6445 = EDGE_CURVE('',#6446,#6423,#6448,.T.);
#6446 = VERTEX_POINT('',#6447);
#6447 = CARTESIAN_POINT('',(-16.4450556787,121.61591937645,7.));
#6448 = SURFACE_CURVE('',#6449,(#6454,#6461),.PCURVE_S1.);
#6449 = CIRCLE('',#6450,2.99453125);
#6450 = AXIS2_PLACEMENT_3D('',#6451,#6452,#6453);
#6451 = CARTESIAN_POINT('',(-14.53043892283,119.31342940136,7.));
#6452 = DIRECTION('',(0.,0.,-1.));
#6453 = DIRECTION('',(1.,0.,0.));
#6454 = PCURVE('',#1412,#6455);
#6455 = DEFINITIONAL_REPRESENTATION('',(#6456),#6460);
#6456 = LINE('',#6457,#6458);
#6457 = CARTESIAN_POINT('',(-6.28318530718,-3.));
#6458 = VECTOR('',#6459,1.);
#6459 = DIRECTION('',(1.,-0.));
#6460 = ( GEOMETRIC_REPRESENTATION_CONTEXT(2) 
PARAMETRIC_REPRESENTATION_CONTEXT() REPRESENTATION_CONTEXT('2D SPACE',''
  ) );
#6461 = PCURVE('',#5635,#6462);
#6462 = DEFINITIONAL_REPRESENTATION('',(#6463),#6471);
#6463 = ( BOUNDED_CURVE() B_SPLINE_CURVE(2,(#6464,#6465,#6466,#6467,
#6468,#6469,#6470),.UNSPECIFIED.,.T.,.F.) B_SPLINE_CURVE_WITH_KNOTS((1,2
    ,2,2,2,1),(-2.094395102393,0.,2.094395102393,4.188790204786,
6.28318530718,8.377580409573),.UNSPECIFIED.) CURVE() 
GEOMETRIC_REPRESENTATION_ITEM() RATIONAL_B_SPLINE_CURVE((1.,0.5,1.,0.5,
1.,0.5,1.)) REPRESENTATION_ITEM('') );
#6464 = CARTESIAN_POINT('',(-11.53590767283,4.509275121009));
#6465 = CARTESIAN_POINT('',(-11.53590767283,-0.677405148844));
#6466 = CARTESIAN_POINT('',(-16.02770454783,1.915934986082));
#6467 = CARTESIAN_POINT('',(-20.51950142283,4.509275121009));
#6468 = CARTESIAN_POINT('',(-16.02770454783,7.102615255935));
#6469 = CARTESIAN_POINT('',(-11.53590767283,9.695955390861));
#6470 = CARTESIAN_POINT('',(-11.53590767283,4.509275121009));
#6471 = ( GEOMETRIC_REPRESENTATION_CONTEXT(2) 
PARAMETRIC_REPRESENTATION_CONTEXT() REPRESENTATION_CONTEXT('2D SPACE',''
  ) );
#6472 = ORIENTED_EDGE('',*,*,#6473,.F.);
#6473 = EDGE_CURVE('',#1390,#6446,#6474,.T.);
#6474 = SURFACE_CURVE('',#6475,(#6479,#6486),.PCURVE_S1.);
#6475 = LINE('',#6476,#6477);
#6476 = CARTESIAN_POINT('',(-16.4450556787,121.61591937645,4.));
#6477 = VECTOR('',#6478,1.);
#6478 = DIRECTION('',(0.,0.,1.));
#6479 = PCURVE('',#1412,#6480);
#6480 = DEFINITIONAL_REPRESENTATION('',(#6481),#6485);
#6481 = LINE('',#6482,#6483);
#6482 = CARTESIAN_POINT('',(-2.264476397672,0.));
#6483 = VECTOR('',#6484,1.);
#6484 = DIRECTION('',(-0.,-1.));
#6485 = ( GEOMETRIC_REPRESENTATION_CONTEXT(2) 
PARAMETRIC_REPRESENTATION_CONTEXT() REPRESENTATION_CONTEXT('2D SPACE',''
  ) );
#6486 = PCURVE('',#1443,#6487);
#6487 = DEFINITIONAL_REPRESENTATION('',(#6488),#6492);
#6488 = LINE('',#6489,#6490);
#6489 = CARTESIAN_POINT('',(-3.23331074611,0.));
#6490 = VECTOR('',#6491,1.);
#6491 = DIRECTION('',(-0.,-1.));
#6492 = ( GEOMETRIC_REPRESENTATION_CONTEXT(2) 
PARAMETRIC_REPRESENTATION_CONTEXT() REPRESENTATION_CONTEXT('2D SPACE',''
  ) );
#6493 = ADVANCED_FACE('',(#6494),#1443,.F.);
#6494 = FACE_BOUND('',#6495,.T.);
#6495 = EDGE_LOOP('',(#6496,#6497,#6498,#6524));
#6496 = ORIENTED_EDGE('',*,*,#1424,.T.);
#6497 = ORIENTED_EDGE('',*,*,#6473,.T.);
#6498 = ORIENTED_EDGE('',*,*,#6499,.F.);
#6499 = EDGE_CURVE('',#6423,#6446,#6500,.T.);
#6500 = SURFACE_CURVE('',#6501,(#6506,#6513),.PCURVE_S1.);
#6501 = CIRCLE('',#6502,2.99453125);
#6502 = AXIS2_PLACEMENT_3D('',#6503,#6504,#6505);
#6503 = CARTESIAN_POINT('',(-13.46311091225,121.89018716001,7.));
#6504 = DIRECTION('',(0.,0.,-1.));
#6505 = DIRECTION('',(1.,0.,0.));
#6506 = PCURVE('',#1443,#6507);
#6507 = DEFINITIONAL_REPRESENTATION('',(#6508),#6512);
#6508 = LINE('',#6509,#6510);
#6509 = CARTESIAN_POINT('',(-6.28318530718,-3.));
#6510 = VECTOR('',#6511,1.);
#6511 = DIRECTION('',(1.,-0.));
#6512 = ( GEOMETRIC_REPRESENTATION_CONTEXT(2) 
PARAMETRIC_REPRESENTATION_CONTEXT() REPRESENTATION_CONTEXT('2D SPACE',''
  ) );
#6513 = PCURVE('',#5635,#6514);
#6514 = DEFINITIONAL_REPRESENTATION('',(#6515),#6523);
#6515 = ( BOUNDED_CURVE() B_SPLINE_CURVE(2,(#6516,#6517,#6518,#6519,
#6520,#6521,#6522),.UNSPECIFIED.,.T.,.F.) B_SPLINE_CURVE_WITH_KNOTS((1,2
    ,2,2,2,1),(-2.094395102393,0.,2.094395102393,4.188790204786,
6.28318530718,8.377580409573),.UNSPECIFIED.) CURVE() 
GEOMETRIC_REPRESENTATION_ITEM() RATIONAL_B_SPLINE_CURVE((1.,0.5,1.,0.5,
1.,0.5,1.)) REPRESENTATION_ITEM('') );
#6516 = CARTESIAN_POINT('',(-10.46857966225,7.086032879653));
#6517 = CARTESIAN_POINT('',(-10.46857966225,1.899352609801));
#6518 = CARTESIAN_POINT('',(-14.96037653725,4.492692744727));
#6519 = CARTESIAN_POINT('',(-19.45217341225,7.086032879653));
#6520 = CARTESIAN_POINT('',(-14.96037653725,9.67937301458));
#6521 = CARTESIAN_POINT('',(-10.46857966225,12.272713149506));
#6522 = CARTESIAN_POINT('',(-10.46857966225,7.086032879653));
#6523 = ( GEOMETRIC_REPRESENTATION_CONTEXT(2) 
PARAMETRIC_REPRESENTATION_CONTEXT() REPRESENTATION_CONTEXT('2D SPACE',''
  ) );
#6524 = ORIENTED_EDGE('',*,*,#6422,.F.);
#6525 = ADVANCED_FACE('',(#6526),#1474,.T.);
#6526 = FACE_BOUND('',#6527,.T.);
#6527 = EDGE_LOOP('',(#6528,#6529,#6552,#6573));
#6528 = ORIENTED_EDGE('',*,*,#1457,.T.);
#6529 = ORIENTED_EDGE('',*,*,#6530,.T.);
#6530 = EDGE_CURVE('',#1460,#6531,#6533,.T.);
#6531 = VERTEX_POINT('',#6532);
#6532 = CARTESIAN_POINT('',(-7.417972540481,123.07065495826,7.));
#6533 = SURFACE_CURVE('',#6534,(#6538,#6545),.PCURVE_S1.);
#6534 = LINE('',#6535,#6536);
#6535 = CARTESIAN_POINT('',(-7.417972540481,123.07065495826,4.));
#6536 = VECTOR('',#6537,1.);
#6537 = DIRECTION('',(0.,0.,1.));
#6538 = PCURVE('',#1474,#6539);
#6539 = DEFINITIONAL_REPRESENTATION('',(#6540),#6544);
#6540 = LINE('',#6541,#6542);
#6541 = CARTESIAN_POINT('',(-1.256073966947E-15,0.));
#6542 = VECTOR('',#6543,1.);
#6543 = DIRECTION('',(0.,-1.));
#6544 = ( GEOMETRIC_REPRESENTATION_CONTEXT(2) 
PARAMETRIC_REPRESENTATION_CONTEXT() REPRESENTATION_CONTEXT('2D SPACE',''
  ) );
#6545 = PCURVE('',#1506,#6546);
#6546 = DEFINITIONAL_REPRESENTATION('',(#6547),#6551);
#6547 = LINE('',#6548,#6549);
#6548 = CARTESIAN_POINT('',(-2.420167212863,0.));
#6549 = VECTOR('',#6550,1.);
#6550 = DIRECTION('',(-0.,-1.));
#6551 = ( GEOMETRIC_REPRESENTATION_CONTEXT(2) 
PARAMETRIC_REPRESENTATION_CONTEXT() REPRESENTATION_CONTEXT('2D SPACE',''
  ) );
#6552 = ORIENTED_EDGE('',*,*,#6553,.F.);
#6553 = EDGE_CURVE('',#6554,#6531,#6556,.T.);
#6554 = VERTEX_POINT('',#6555);
#6555 = CARTESIAN_POINT('',(-7.530687219637,123.18336963741,7.));
#6556 = SURFACE_CURVE('',#6557,(#6561,#6567),.PCURVE_S1.);
#6557 = LINE('',#6558,#6559);
#6558 = CARTESIAN_POINT('',(-3.496854235884,119.14953665366,7.));
#6559 = VECTOR('',#6560,1.);
#6560 = DIRECTION('',(0.707106781187,-0.707106781187,0.));
#6561 = PCURVE('',#1474,#6562);
#6562 = DEFINITIONAL_REPRESENTATION('',(#6563),#6566);
#6563 = B_SPLINE_CURVE_WITH_KNOTS('',1,(#6564,#6565),.UNSPECIFIED.,.F.,
  .F.,(2,2),(-5.704701313971,-5.545298686029),.PIECEWISE_BEZIER_KNOTS.);
#6564 = CARTESIAN_POINT('',(0.159402627941,-3.));
#6565 = CARTESIAN_POINT('',(-3.552713678801E-15,-3.));
#6566 = ( GEOMETRIC_REPRESENTATION_CONTEXT(2) 
PARAMETRIC_REPRESENTATION_CONTEXT() REPRESENTATION_CONTEXT('2D SPACE',''
  ) );
#6567 = PCURVE('',#5635,#6568);
#6568 = DEFINITIONAL_REPRESENTATION('',(#6569),#6572);
#6569 = B_SPLINE_CURVE_WITH_KNOTS('',1,(#6570,#6571),.UNSPECIFIED.,.F.,
  .F.,(2,2),(-5.704701313971,-5.545298686029),.PIECEWISE_BEZIER_KNOTS.);
#6570 = CARTESIAN_POINT('',(-7.530687219637,8.379215357061));
#6571 = CARTESIAN_POINT('',(-7.417972540481,8.266500677904));
#6572 = ( GEOMETRIC_REPRESENTATION_CONTEXT(2) 
PARAMETRIC_REPRESENTATION_CONTEXT() REPRESENTATION_CONTEXT('2D SPACE',''
  ) );
#6573 = ORIENTED_EDGE('',*,*,#6574,.F.);
#6574 = EDGE_CURVE('',#1458,#6554,#6575,.T.);
#6575 = SURFACE_CURVE('',#6576,(#6580,#6587),.PCURVE_S1.);
#6576 = LINE('',#6577,#6578);
#6577 = CARTESIAN_POINT('',(-7.530687219637,123.18336963741,4.));
#6578 = VECTOR('',#6579,1.);
#6579 = DIRECTION('',(0.,0.,1.));
#6580 = PCURVE('',#1474,#6581);
#6581 = DEFINITIONAL_REPRESENTATION('',(#6582),#6586);
#6582 = LINE('',#6583,#6584);
#6583 = CARTESIAN_POINT('',(0.159402627941,0.));
#6584 = VECTOR('',#6585,1.);
#6585 = DIRECTION('',(0.,-1.));
#6586 = ( GEOMETRIC_REPRESENTATION_CONTEXT(2) 
PARAMETRIC_REPRESENTATION_CONTEXT() REPRESENTATION_CONTEXT('2D SPACE',''
  ) );
#6587 = PCURVE('',#1681,#6588);
#6588 = DEFINITIONAL_REPRESENTATION('',(#6589),#6593);
#6589 = LINE('',#6590,#6591);
#6590 = CARTESIAN_POINT('',(4.712388980385,0.));
#6591 = VECTOR('',#6592,1.);
#6592 = DIRECTION('',(0.,-1.));
#6593 = ( GEOMETRIC_REPRESENTATION_CONTEXT(2) 
PARAMETRIC_REPRESENTATION_CONTEXT() REPRESENTATION_CONTEXT('2D SPACE',''
  ) );
#6594 = ADVANCED_FACE('',(#6595),#1681,.F.);
#6595 = FACE_BOUND('',#6596,.F.);
#6596 = EDGE_LOOP('',(#6597,#6598,#6621,#6647));
#6597 = ORIENTED_EDGE('',*,*,#1662,.F.);
#6598 = ORIENTED_EDGE('',*,*,#6599,.T.);
#6599 = EDGE_CURVE('',#1637,#6600,#6602,.T.);
#6600 = VERTEX_POINT('',#6601);
#6601 = CARTESIAN_POINT('',(-8.379215357061,122.33484149999,7.));
#6602 = SURFACE_CURVE('',#6603,(#6607,#6614),.PCURVE_S1.);
#6603 = LINE('',#6604,#6605);
#6604 = CARTESIAN_POINT('',(-8.379215357061,122.33484149999,4.));
#6605 = VECTOR('',#6606,1.);
#6606 = DIRECTION('',(0.,0.,1.));
#6607 = PCURVE('',#1681,#6608);
#6608 = DEFINITIONAL_REPRESENTATION('',(#6609),#6613);
#6609 = LINE('',#6610,#6611);
#6610 = CARTESIAN_POINT('',(1.570796326795,0.));
#6611 = VECTOR('',#6612,1.);
#6612 = DIRECTION('',(0.,-1.));
#6613 = ( GEOMETRIC_REPRESENTATION_CONTEXT(2) 
PARAMETRIC_REPRESENTATION_CONTEXT() REPRESENTATION_CONTEXT('2D SPACE',''
  ) );
#6614 = PCURVE('',#1651,#6615);
#6615 = DEFINITIONAL_REPRESENTATION('',(#6616),#6620);
#6616 = LINE('',#6617,#6618);
#6617 = CARTESIAN_POINT('',(0.,0.));
#6618 = VECTOR('',#6619,1.);
#6619 = DIRECTION('',(0.,-1.));
#6620 = ( GEOMETRIC_REPRESENTATION_CONTEXT(2) 
PARAMETRIC_REPRESENTATION_CONTEXT() REPRESENTATION_CONTEXT('2D SPACE',''
  ) );
#6621 = ORIENTED_EDGE('',*,*,#6622,.T.);
#6622 = EDGE_CURVE('',#6600,#6554,#6623,.T.);
#6623 = SURFACE_CURVE('',#6624,(#6629,#6636),.PCURVE_S1.);
#6624 = CIRCLE('',#6625,0.6);
#6625 = AXIS2_PLACEMENT_3D('',#6626,#6627,#6628);
#6626 = CARTESIAN_POINT('',(-7.954951288349,122.7591055687,7.));
#6627 = DIRECTION('',(0.,-0.,-1.));
#6628 = DIRECTION('',(0.707106781187,-0.707106781187,0.));
#6629 = PCURVE('',#1681,#6630);
#6630 = DEFINITIONAL_REPRESENTATION('',(#6631),#6635);
#6631 = LINE('',#6632,#6633);
#6632 = CARTESIAN_POINT('',(0.,-3.));
#6633 = VECTOR('',#6634,1.);
#6634 = DIRECTION('',(1.,0.));
#6635 = ( GEOMETRIC_REPRESENTATION_CONTEXT(2) 
PARAMETRIC_REPRESENTATION_CONTEXT() REPRESENTATION_CONTEXT('2D SPACE',''
  ) );
#6636 = PCURVE('',#5635,#6637);
#6637 = DEFINITIONAL_REPRESENTATION('',(#6638),#6646);
#6638 = ( BOUNDED_CURVE() B_SPLINE_CURVE(2,(#6639,#6640,#6641,#6642,
#6643,#6644,#6645),.UNSPECIFIED.,.T.,.F.) B_SPLINE_CURVE_WITH_KNOTS((1,2
    ,2,2,2,1),(-2.094395102393,0.,2.094395102393,4.188790204786,
6.28318530718,8.377580409573),.UNSPECIFIED.) CURVE() 
GEOMETRIC_REPRESENTATION_ITEM() RATIONAL_B_SPLINE_CURVE((1.,0.5,1.,0.5,
1.,0.5,1.)) REPRESENTATION_ITEM('') );
#6639 = CARTESIAN_POINT('',(-7.530687219637,7.530687219637));
#6640 = CARTESIAN_POINT('',(-8.265534142472,6.795840296802));
#6641 = CARTESIAN_POINT('',(-8.534506784122,7.799659861287));
#6642 = CARTESIAN_POINT('',(-8.803479425773,8.803479425773));
#6643 = CARTESIAN_POINT('',(-7.799659861287,8.534506784122));
#6644 = CARTESIAN_POINT('',(-6.795840296802,8.265534142472));
#6645 = CARTESIAN_POINT('',(-7.530687219637,7.530687219637));
#6646 = ( GEOMETRIC_REPRESENTATION_CONTEXT(2) 
PARAMETRIC_REPRESENTATION_CONTEXT() REPRESENTATION_CONTEXT('2D SPACE',''
  ) );
#6647 = ORIENTED_EDGE('',*,*,#6574,.F.);
#6648 = ADVANCED_FACE('',(#6649),#1651,.T.);
#6649 = FACE_BOUND('',#6650,.T.);
#6650 = EDGE_LOOP('',(#6651,#6652,#6653,#6674));
#6651 = ORIENTED_EDGE('',*,*,#1636,.T.);
#6652 = ORIENTED_EDGE('',*,*,#6599,.T.);
#6653 = ORIENTED_EDGE('',*,*,#6654,.F.);
#6654 = EDGE_CURVE('',#6655,#6600,#6657,.T.);
#6655 = VERTEX_POINT('',#6656);
#6656 = CARTESIAN_POINT('',(-8.266500677904,122.22212682083,7.));
#6657 = SURFACE_CURVE('',#6658,(#6662,#6668),.PCURVE_S1.);
#6658 = LINE('',#6659,#6660);
#6659 = CARTESIAN_POINT('',(-4.401739712886,118.35736585582,7.));
#6660 = VECTOR('',#6661,1.);
#6661 = DIRECTION('',(-0.707106781187,0.707106781187,0.));
#6662 = PCURVE('',#1651,#6663);
#6663 = DEFINITIONAL_REPRESENTATION('',(#6664),#6667);
#6664 = B_SPLINE_CURVE_WITH_KNOTS('',1,(#6665,#6666),.UNSPECIFIED.,.F.,
  .F.,(2,2),(5.465597372059,5.625),.PIECEWISE_BEZIER_KNOTS.);
#6665 = CARTESIAN_POINT('',(0.159402627941,-3.));
#6666 = CARTESIAN_POINT('',(0.,-3.));
#6667 = ( GEOMETRIC_REPRESENTATION_CONTEXT(2) 
PARAMETRIC_REPRESENTATION_CONTEXT() REPRESENTATION_CONTEXT('2D SPACE',''
  ) );
#6668 = PCURVE('',#5635,#6669);
#6669 = DEFINITIONAL_REPRESENTATION('',(#6670),#6673);
#6670 = B_SPLINE_CURVE_WITH_KNOTS('',1,(#6671,#6672),.UNSPECIFIED.,.F.,
  .F.,(2,2),(5.465597372059,5.625),.PIECEWISE_BEZIER_KNOTS.);
#6671 = CARTESIAN_POINT('',(-8.266500677904,7.41797254048));
#6672 = CARTESIAN_POINT('',(-8.379215357061,7.530687219637));
#6673 = ( GEOMETRIC_REPRESENTATION_CONTEXT(2) 
PARAMETRIC_REPRESENTATION_CONTEXT() REPRESENTATION_CONTEXT('2D SPACE',''
  ) );
#6674 = ORIENTED_EDGE('',*,*,#6675,.F.);
#6675 = EDGE_CURVE('',#1604,#6655,#6676,.T.);
#6676 = SURFACE_CURVE('',#6677,(#6681,#6688),.PCURVE_S1.);
#6677 = LINE('',#6678,#6679);
#6678 = CARTESIAN_POINT('',(-8.266500677904,122.22212682083,4.));
#6679 = VECTOR('',#6680,1.);
#6680 = DIRECTION('',(0.,0.,1.));
#6681 = PCURVE('',#1651,#6682);
#6682 = DEFINITIONAL_REPRESENTATION('',(#6683),#6687);
#6683 = LINE('',#6684,#6685);
#6684 = CARTESIAN_POINT('',(0.159402627941,0.));
#6685 = VECTOR('',#6686,1.);
#6686 = DIRECTION('',(0.,-1.));
#6687 = ( GEOMETRIC_REPRESENTATION_CONTEXT(2) 
PARAMETRIC_REPRESENTATION_CONTEXT() REPRESENTATION_CONTEXT('2D SPACE',''
  ) );
#6688 = PCURVE('',#1624,#6689);
#6689 = DEFINITIONAL_REPRESENTATION('',(#6690),#6694);
#6690 = LINE('',#6691,#6692);
#6691 = CARTESIAN_POINT('',(-2.716907210556,0.));
#6692 = VECTOR('',#6693,1.);
#6693 = DIRECTION('',(-0.,-1.));
#6694 = ( GEOMETRIC_REPRESENTATION_CONTEXT(2) 
PARAMETRIC_REPRESENTATION_CONTEXT() REPRESENTATION_CONTEXT('2D SPACE',''
  ) );
#6695 = ADVANCED_FACE('',(#6696),#1624,.F.);
#6696 = FACE_BOUND('',#6697,.T.);
#6697 = EDGE_LOOP('',(#6698,#6699,#6700,#6728));
#6698 = ORIENTED_EDGE('',*,*,#1603,.T.);
#6699 = ORIENTED_EDGE('',*,*,#6675,.T.);
#6700 = ORIENTED_EDGE('',*,*,#6701,.F.);
#6701 = EDGE_CURVE('',#6702,#6655,#6704,.T.);
#6702 = VERTEX_POINT('',#6703);
#6703 = CARTESIAN_POINT('',(-6.017056302064,119.97268244499,7.));
#6704 = SURFACE_CURVE('',#6705,(#6710,#6717),.PCURVE_S1.);
#6705 = CIRCLE('',#6706,1.7);
#6706 = AXIS2_PLACEMENT_3D('',#6707,#6708,#6709);
#6707 = CARTESIAN_POINT('',(-6.717514421272,121.52166870163,7.));
#6708 = DIRECTION('',(0.,0.,-1.));
#6709 = DIRECTION('',(1.,0.,0.));
#6710 = PCURVE('',#1624,#6711);
#6711 = DEFINITIONAL_REPRESENTATION('',(#6712),#6716);
#6712 = LINE('',#6713,#6714);
#6713 = CARTESIAN_POINT('',(-6.28318530718,-3.));
#6714 = VECTOR('',#6715,1.);
#6715 = DIRECTION('',(1.,-0.));
#6716 = ( GEOMETRIC_REPRESENTATION_CONTEXT(2) 
PARAMETRIC_REPRESENTATION_CONTEXT() REPRESENTATION_CONTEXT('2D SPACE',''
  ) );
#6717 = PCURVE('',#5635,#6718);
#6718 = DEFINITIONAL_REPRESENTATION('',(#6719),#6727);
#6719 = ( BOUNDED_CURVE() B_SPLINE_CURVE(2,(#6720,#6721,#6722,#6723,
#6724,#6725,#6726),.UNSPECIFIED.,.T.,.F.) B_SPLINE_CURVE_WITH_KNOTS((1,2
    ,2,2,2,1),(-2.094395102393,0.,2.094395102393,4.188790204786,
6.28318530718,8.377580409573),.UNSPECIFIED.) CURVE() 
GEOMETRIC_REPRESENTATION_ITEM() RATIONAL_B_SPLINE_CURVE((1.,0.5,1.,0.5,
1.,0.5,1.)) REPRESENTATION_ITEM('') );
#6720 = CARTESIAN_POINT('',(-5.017514421272,6.717514421272));
#6721 = CARTESIAN_POINT('',(-5.017514421272,3.773028048405));
#6722 = CARTESIAN_POINT('',(-7.567514421272,5.245271234839));
#6723 = CARTESIAN_POINT('',(-10.11751442127,6.717514421272));
#6724 = CARTESIAN_POINT('',(-7.567514421272,8.189757607706));
#6725 = CARTESIAN_POINT('',(-5.017514421272,9.662000794139));
#6726 = CARTESIAN_POINT('',(-5.017514421272,6.717514421272));
#6727 = ( GEOMETRIC_REPRESENTATION_CONTEXT(2) 
PARAMETRIC_REPRESENTATION_CONTEXT() REPRESENTATION_CONTEXT('2D SPACE',''
  ) );
#6728 = ORIENTED_EDGE('',*,*,#6729,.F.);
#6729 = EDGE_CURVE('',#1578,#6702,#6730,.T.);
#6730 = SURFACE_CURVE('',#6731,(#6735,#6742),.PCURVE_S1.);
#6731 = LINE('',#6732,#6733);
#6732 = CARTESIAN_POINT('',(-6.017056302064,119.97268244499,4.));
#6733 = VECTOR('',#6734,1.);
#6734 = DIRECTION('',(0.,0.,1.));
#6735 = PCURVE('',#1624,#6736);
#6736 = DEFINITIONAL_REPRESENTATION('',(#6737),#6741);
#6737 = LINE('',#6738,#6739);
#6738 = CARTESIAN_POINT('',(-5.137074423419,0.));
#6739 = VECTOR('',#6740,1.);
#6740 = DIRECTION('',(-0.,-1.));
#6741 = ( GEOMETRIC_REPRESENTATION_CONTEXT(2) 
PARAMETRIC_REPRESENTATION_CONTEXT() REPRESENTATION_CONTEXT('2D SPACE',''
  ) );
#6742 = PCURVE('',#1592,#6743);
#6743 = DEFINITIONAL_REPRESENTATION('',(#6744),#6748);
#6744 = LINE('',#6745,#6746);
#6745 = CARTESIAN_POINT('',(-1.884110950421E-15,-0.));
#6746 = VECTOR('',#6747,1.);
#6747 = DIRECTION('',(0.,-1.));
#6748 = ( GEOMETRIC_REPRESENTATION_CONTEXT(2) 
PARAMETRIC_REPRESENTATION_CONTEXT() REPRESENTATION_CONTEXT('2D SPACE',''
  ) );
#6749 = ADVANCED_FACE('',(#6750),#1592,.T.);
#6750 = FACE_BOUND('',#6751,.T.);
#6751 = EDGE_LOOP('',(#6752,#6753,#6754,#6775));
#6752 = ORIENTED_EDGE('',*,*,#1577,.T.);
#6753 = ORIENTED_EDGE('',*,*,#6729,.T.);
#6754 = ORIENTED_EDGE('',*,*,#6755,.F.);
#6755 = EDGE_CURVE('',#6756,#6702,#6758,.T.);
#6756 = VERTEX_POINT('',#6757);
#6757 = CARTESIAN_POINT('',(-3.853731957467,117.8093581004,7.));
#6758 = SURFACE_CURVE('',#6759,(#6763,#6769),.PCURVE_S1.);
#6759 = LINE('',#6760,#6761);
#6760 = CARTESIAN_POINT('',(-3.220660185388,117.17628632832,7.));
#6761 = VECTOR('',#6762,1.);
#6762 = DIRECTION('',(-0.707106781187,0.707106781187,0.));
#6763 = PCURVE('',#1592,#6764);
#6764 = DEFINITIONAL_REPRESENTATION('',(#6765),#6768);
#6765 = B_SPLINE_CURVE_WITH_KNOTS('',1,(#6766,#6767),.UNSPECIFIED.,.F.,
  .F.,(2,2),(0.895298686029,3.954701313971),.PIECEWISE_BEZIER_KNOTS.);
#6766 = CARTESIAN_POINT('',(3.059402627941,-3.));
#6767 = CARTESIAN_POINT('',(-7.105427357601E-15,-3.));
#6768 = ( GEOMETRIC_REPRESENTATION_CONTEXT(2) 
PARAMETRIC_REPRESENTATION_CONTEXT() REPRESENTATION_CONTEXT('2D SPACE',''
  ) );
#6769 = PCURVE('',#5635,#6770);
#6770 = DEFINITIONAL_REPRESENTATION('',(#6771),#6774);
#6771 = B_SPLINE_CURVE_WITH_KNOTS('',1,(#6772,#6773),.UNSPECIFIED.,.F.,
  .F.,(2,2),(0.895298686029,3.954701313971),.PIECEWISE_BEZIER_KNOTS.);
#6772 = CARTESIAN_POINT('',(-3.853731957467,3.005203820043));
#6773 = CARTESIAN_POINT('',(-6.017056302064,5.16852816464));
#6774 = ( GEOMETRIC_REPRESENTATION_CONTEXT(2) 
PARAMETRIC_REPRESENTATION_CONTEXT() REPRESENTATION_CONTEXT('2D SPACE',''
  ) );
#6775 = ORIENTED_EDGE('',*,*,#6776,.F.);
#6776 = EDGE_CURVE('',#1545,#6756,#6777,.T.);
#6777 = SURFACE_CURVE('',#6778,(#6782,#6789),.PCURVE_S1.);
#6778 = LINE('',#6779,#6780);
#6779 = CARTESIAN_POINT('',(-3.853731957467,117.8093581004,4.));
#6780 = VECTOR('',#6781,1.);
#6781 = DIRECTION('',(0.,0.,1.));
#6782 = PCURVE('',#1592,#6783);
#6783 = DEFINITIONAL_REPRESENTATION('',(#6784),#6788);
#6784 = LINE('',#6785,#6786);
#6785 = CARTESIAN_POINT('',(3.059402627941,0.));
#6786 = VECTOR('',#6787,1.);
#6787 = DIRECTION('',(0.,-1.));
#6788 = ( GEOMETRIC_REPRESENTATION_CONTEXT(2) 
PARAMETRIC_REPRESENTATION_CONTEXT() REPRESENTATION_CONTEXT('2D SPACE',''
  ) );
#6789 = PCURVE('',#1565,#6790);
#6790 = DEFINITIONAL_REPRESENTATION('',(#6791),#6795);
#6791 = LINE('',#6792,#6793);
#6792 = CARTESIAN_POINT('',(4.712388980385,0.));
#6793 = VECTOR('',#6794,1.);
#6794 = DIRECTION('',(0.,-1.));
#6795 = ( GEOMETRIC_REPRESENTATION_CONTEXT(2) 
PARAMETRIC_REPRESENTATION_CONTEXT() REPRESENTATION_CONTEXT('2D SPACE',''
  ) );
#6796 = ADVANCED_FACE('',(#6797),#1565,.F.);
#6797 = FACE_BOUND('',#6798,.F.);
#6798 = EDGE_LOOP('',(#6799,#6800,#6823,#6849));
#6799 = ORIENTED_EDGE('',*,*,#1544,.F.);
#6800 = ORIENTED_EDGE('',*,*,#6801,.T.);
#6801 = EDGE_CURVE('',#1519,#6802,#6804,.T.);
#6802 = VERTEX_POINT('',#6803);
#6803 = CARTESIAN_POINT('',(-3.005203820043,118.65788623782,7.));
#6804 = SURFACE_CURVE('',#6805,(#6809,#6816),.PCURVE_S1.);
#6805 = LINE('',#6806,#6807);
#6806 = CARTESIAN_POINT('',(-3.005203820043,118.65788623782,4.));
#6807 = VECTOR('',#6808,1.);
#6808 = DIRECTION('',(0.,0.,1.));
#6809 = PCURVE('',#1565,#6810);
#6810 = DEFINITIONAL_REPRESENTATION('',(#6811),#6815);
#6811 = LINE('',#6812,#6813);
#6812 = CARTESIAN_POINT('',(1.570796326795,0.));
#6813 = VECTOR('',#6814,1.);
#6814 = DIRECTION('',(0.,-1.));
#6815 = ( GEOMETRIC_REPRESENTATION_CONTEXT(2) 
PARAMETRIC_REPRESENTATION_CONTEXT() REPRESENTATION_CONTEXT('2D SPACE',''
  ) );
#6816 = PCURVE('',#1533,#6817);
#6817 = DEFINITIONAL_REPRESENTATION('',(#6818),#6822);
#6818 = LINE('',#6819,#6820);
#6819 = CARTESIAN_POINT('',(0.,0.));
#6820 = VECTOR('',#6821,1.);
#6821 = DIRECTION('',(0.,-1.));
#6822 = ( GEOMETRIC_REPRESENTATION_CONTEXT(2) 
PARAMETRIC_REPRESENTATION_CONTEXT() REPRESENTATION_CONTEXT('2D SPACE',''
  ) );
#6823 = ORIENTED_EDGE('',*,*,#6824,.T.);
#6824 = EDGE_CURVE('',#6802,#6756,#6825,.T.);
#6825 = SURFACE_CURVE('',#6826,(#6831,#6838),.PCURVE_S1.);
#6826 = CIRCLE('',#6827,0.6);
#6827 = AXIS2_PLACEMENT_3D('',#6828,#6829,#6830);
#6828 = CARTESIAN_POINT('',(-3.429467888755,118.23362216911,7.));
#6829 = DIRECTION('',(0.,0.,-1.));
#6830 = DIRECTION('',(-0.707106781187,0.707106781187,0.));
#6831 = PCURVE('',#1565,#6832);
#6832 = DEFINITIONAL_REPRESENTATION('',(#6833),#6837);
#6833 = LINE('',#6834,#6835);
#6834 = CARTESIAN_POINT('',(0.,-3.));
#6835 = VECTOR('',#6836,1.);
#6836 = DIRECTION('',(1.,0.));
#6837 = ( GEOMETRIC_REPRESENTATION_CONTEXT(2) 
PARAMETRIC_REPRESENTATION_CONTEXT() REPRESENTATION_CONTEXT('2D SPACE',''
  ) );
#6838 = PCURVE('',#5635,#6839);
#6839 = DEFINITIONAL_REPRESENTATION('',(#6840),#6848);
#6840 = ( BOUNDED_CURVE() B_SPLINE_CURVE(2,(#6841,#6842,#6843,#6844,
#6845,#6846,#6847),.UNSPECIFIED.,.T.,.F.) B_SPLINE_CURVE_WITH_KNOTS((1,2
    ,2,2,2,1),(-2.094395102393,0.,2.094395102393,4.188790204786,
6.28318530718,8.377580409573),.UNSPECIFIED.) CURVE() 
GEOMETRIC_REPRESENTATION_ITEM() RATIONAL_B_SPLINE_CURVE((1.,0.5,1.,0.5,
1.,0.5,1.)) REPRESENTATION_ITEM('') );
#6841 = CARTESIAN_POINT('',(-3.853731957467,3.853731957467));
#6842 = CARTESIAN_POINT('',(-3.118885034632,4.588578880302));
#6843 = CARTESIAN_POINT('',(-2.849912392981,3.584759315816));
#6844 = CARTESIAN_POINT('',(-2.580939751331,2.580939751331));
#6845 = CARTESIAN_POINT('',(-3.584759315816,2.849912392981));
#6846 = CARTESIAN_POINT('',(-4.588578880302,3.118885034632));
#6847 = CARTESIAN_POINT('',(-3.853731957467,3.853731957467));
#6848 = ( GEOMETRIC_REPRESENTATION_CONTEXT(2) 
PARAMETRIC_REPRESENTATION_CONTEXT() REPRESENTATION_CONTEXT('2D SPACE',''
  ) );
#6849 = ORIENTED_EDGE('',*,*,#6776,.F.);
#6850 = ADVANCED_FACE('',(#6851),#1533,.T.);
#6851 = FACE_BOUND('',#6852,.T.);
#6852 = EDGE_LOOP('',(#6853,#6854,#6855,#6876));
#6853 = ORIENTED_EDGE('',*,*,#1518,.T.);
#6854 = ORIENTED_EDGE('',*,*,#6801,.T.);
#6855 = ORIENTED_EDGE('',*,*,#6856,.F.);
#6856 = EDGE_CURVE('',#6857,#6802,#6859,.T.);
#6857 = VERTEX_POINT('',#6858);
#6858 = CARTESIAN_POINT('',(-5.16852816464,120.82121058242,7.));
#6859 = SURFACE_CURVE('',#6860,(#6864,#6870),.PCURVE_S1.);
#6860 = LINE('',#6861,#6862);
#6861 = CARTESIAN_POINT('',(-1.290469875665,116.94315229344,7.));
#6862 = VECTOR('',#6863,1.);
#6863 = DIRECTION('',(0.707106781187,-0.707106781187,0.));
#6864 = PCURVE('',#1533,#6865);
#6865 = DEFINITIONAL_REPRESENTATION('',(#6866),#6869);
#6866 = B_SPLINE_CURVE_WITH_KNOTS('',1,(#6867,#6868),.UNSPECIFIED.,.F.,
  .F.,(2,2),(-5.484402627941,-2.425),.PIECEWISE_BEZIER_KNOTS.);
#6867 = CARTESIAN_POINT('',(3.059402627941,-3.));
#6868 = CARTESIAN_POINT('',(0.,-3.));
#6869 = ( GEOMETRIC_REPRESENTATION_CONTEXT(2) 
PARAMETRIC_REPRESENTATION_CONTEXT() REPRESENTATION_CONTEXT('2D SPACE',''
  ) );
#6870 = PCURVE('',#5635,#6871);
#6871 = DEFINITIONAL_REPRESENTATION('',(#6872),#6875);
#6872 = B_SPLINE_CURVE_WITH_KNOTS('',1,(#6873,#6874),.UNSPECIFIED.,.F.,
  .F.,(2,2),(-5.484402627941,-2.425),.PIECEWISE_BEZIER_KNOTS.);
#6873 = CARTESIAN_POINT('',(-5.16852816464,6.017056302064));
#6874 = CARTESIAN_POINT('',(-3.005203820043,3.853731957467));
#6875 = ( GEOMETRIC_REPRESENTATION_CONTEXT(2) 
PARAMETRIC_REPRESENTATION_CONTEXT() REPRESENTATION_CONTEXT('2D SPACE',''
  ) );
#6876 = ORIENTED_EDGE('',*,*,#6877,.F.);
#6877 = EDGE_CURVE('',#1486,#6857,#6878,.T.);
#6878 = SURFACE_CURVE('',#6879,(#6883,#6890),.PCURVE_S1.);
#6879 = LINE('',#6880,#6881);
#6880 = CARTESIAN_POINT('',(-5.16852816464,120.82121058242,4.));
#6881 = VECTOR('',#6882,1.);
#6882 = DIRECTION('',(0.,0.,1.));
#6883 = PCURVE('',#1533,#6884);
#6884 = DEFINITIONAL_REPRESENTATION('',(#6885),#6889);
#6885 = LINE('',#6886,#6887);
#6886 = CARTESIAN_POINT('',(3.059402627941,0.));
#6887 = VECTOR('',#6888,1.);
#6888 = DIRECTION('',(0.,-1.));
#6889 = ( GEOMETRIC_REPRESENTATION_CONTEXT(2) 
PARAMETRIC_REPRESENTATION_CONTEXT() REPRESENTATION_CONTEXT('2D SPACE',''
  ) );
#6890 = PCURVE('',#1506,#6891);
#6891 = DEFINITIONAL_REPRESENTATION('',(#6892),#6896);
#6892 = LINE('',#6893,#6894);
#6893 = CARTESIAN_POINT('',(-0.,0.));
#6894 = VECTOR('',#6895,1.);
#6895 = DIRECTION('',(-0.,-1.));
#6896 = ( GEOMETRIC_REPRESENTATION_CONTEXT(2) 
PARAMETRIC_REPRESENTATION_CONTEXT() REPRESENTATION_CONTEXT('2D SPACE',''
  ) );
#6897 = ADVANCED_FACE('',(#6898),#1506,.F.);
#6898 = FACE_BOUND('',#6899,.T.);
#6899 = EDGE_LOOP('',(#6900,#6901,#6902,#6928));
#6900 = ORIENTED_EDGE('',*,*,#1485,.T.);
#6901 = ORIENTED_EDGE('',*,*,#6877,.T.);
#6902 = ORIENTED_EDGE('',*,*,#6903,.F.);
#6903 = EDGE_CURVE('',#6531,#6857,#6904,.T.);
#6904 = SURFACE_CURVE('',#6905,(#6910,#6917),.PCURVE_S1.);
#6905 = CIRCLE('',#6906,1.7);
#6906 = AXIS2_PLACEMENT_3D('',#6907,#6908,#6909);
#6907 = CARTESIAN_POINT('',(-6.717514421272,121.52166870163,7.));
#6908 = DIRECTION('',(0.,-0.,-1.));
#6909 = DIRECTION('',(0.911168386254,-0.41203418777,0.));
#6910 = PCURVE('',#1506,#6911);
#6911 = DEFINITIONAL_REPRESENTATION('',(#6912),#6916);
#6912 = LINE('',#6913,#6914);
#6913 = CARTESIAN_POINT('',(-6.28318530718,-3.));
#6914 = VECTOR('',#6915,1.);
#6915 = DIRECTION('',(1.,-0.));
#6916 = ( GEOMETRIC_REPRESENTATION_CONTEXT(2) 
PARAMETRIC_REPRESENTATION_CONTEXT() REPRESENTATION_CONTEXT('2D SPACE',''
  ) );
#6917 = PCURVE('',#5635,#6918);
#6918 = DEFINITIONAL_REPRESENTATION('',(#6919),#6927);
#6919 = ( BOUNDED_CURVE() B_SPLINE_CURVE(2,(#6920,#6921,#6922,#6923,
#6924,#6925,#6926),.UNSPECIFIED.,.T.,.F.) B_SPLINE_CURVE_WITH_KNOTS((1,2
    ,2,2,2,1),(-2.094395102393,0.,2.094395102393,4.188790204786,
6.28318530718,8.377580409573),.UNSPECIFIED.) CURVE() 
GEOMETRIC_REPRESENTATION_ITEM() RATIONAL_B_SPLINE_CURVE((1.,0.5,1.,0.5,
1.,0.5,1.)) REPRESENTATION_ITEM('') );
#6920 = CARTESIAN_POINT('',(-5.16852816464,6.017056302064));
#6921 = CARTESIAN_POINT('',(-6.381757215683,3.334133405351));
#6922 = CARTESIAN_POINT('',(-8.09862207511,5.72628203252));
#6923 = CARTESIAN_POINT('',(-9.815486934536,8.118430659689));
#6924 = CARTESIAN_POINT('',(-6.885393024067,8.409204929233));
#6925 = CARTESIAN_POINT('',(-3.955299113597,8.699979198777));
#6926 = CARTESIAN_POINT('',(-5.16852816464,6.017056302064));
#6927 = ( GEOMETRIC_REPRESENTATION_CONTEXT(2) 
PARAMETRIC_REPRESENTATION_CONTEXT() REPRESENTATION_CONTEXT('2D SPACE',''
  ) );
#6928 = ORIENTED_EDGE('',*,*,#6530,.F.);
#6929 = ADVANCED_FACE('',(#6930),#1714,.T.);
#6930 = FACE_BOUND('',#6931,.F.);
#6931 = EDGE_LOOP('',(#6932,#6955,#6979,#7000));
#6932 = ORIENTED_EDGE('',*,*,#6933,.T.);
#6933 = EDGE_CURVE('',#1696,#6934,#6936,.T.);
#6934 = VERTEX_POINT('',#6935);
#6935 = CARTESIAN_POINT('',(-17.17801242702,125.04700003028,8.));
#6936 = SURFACE_CURVE('',#6937,(#6941,#6948),.PCURVE_S1.);
#6937 = LINE('',#6938,#6939);
#6938 = CARTESIAN_POINT('',(-17.17801242702,125.04700003028,5.));
#6939 = VECTOR('',#6940,1.);
#6940 = DIRECTION('',(0.,0.,1.));
#6941 = PCURVE('',#1714,#6942);
#6942 = DEFINITIONAL_REPRESENTATION('',(#6943),#6947);
#6943 = LINE('',#6944,#6945);
#6944 = CARTESIAN_POINT('',(-2.603915492289,0.));
#6945 = VECTOR('',#6946,1.);
#6946 = DIRECTION('',(-0.,-1.));
#6947 = ( GEOMETRIC_REPRESENTATION_CONTEXT(2) 
PARAMETRIC_REPRESENTATION_CONTEXT() REPRESENTATION_CONTEXT('2D SPACE',''
  ) );
#6948 = PCURVE('',#1799,#6949);
#6949 = DEFINITIONAL_REPRESENTATION('',(#6950),#6954);
#6950 = LINE('',#6951,#6952);
#6951 = CARTESIAN_POINT('',(-4.211068712504,0.));
#6952 = VECTOR('',#6953,1.);
#6953 = DIRECTION('',(-0.,-1.));
#6954 = ( GEOMETRIC_REPRESENTATION_CONTEXT(2) 
PARAMETRIC_REPRESENTATION_CONTEXT() REPRESENTATION_CONTEXT('2D SPACE',''
  ) );
#6955 = ORIENTED_EDGE('',*,*,#6956,.T.);
#6956 = EDGE_CURVE('',#6934,#6957,#6959,.T.);
#6957 = VERTEX_POINT('',#6958);
#6958 = CARTESIAN_POINT('',(-18.64731307246,122.03448727251,8.));
#6959 = SURFACE_CURVE('',#6960,(#6965,#6972),.PCURVE_S1.);
#6960 = CIRCLE('',#6961,20.);
#6961 = AXIS2_PLACEMENT_3D('',#6962,#6963,#6964);
#6962 = CARTESIAN_POINT('',(0.,114.80415428035,8.));
#6963 = DIRECTION('',(0.,0.,1.));
#6964 = DIRECTION('',(1.,0.,0.));
#6965 = PCURVE('',#1714,#6966);
#6966 = DEFINITIONAL_REPRESENTATION('',(#6967),#6971);
#6967 = LINE('',#6968,#6969);
#6968 = CARTESIAN_POINT('',(-0.,-3.));
#6969 = VECTOR('',#6970,1.);
#6970 = DIRECTION('',(-1.,0.));
#6971 = ( GEOMETRIC_REPRESENTATION_CONTEXT(2) 
PARAMETRIC_REPRESENTATION_CONTEXT() REPRESENTATION_CONTEXT('2D SPACE',''
  ) );
#6972 = PCURVE('',#3870,#6973);
#6973 = DEFINITIONAL_REPRESENTATION('',(#6974),#6978);
#6974 = CIRCLE('',#6975,20.);
#6975 = AXIS2_PLACEMENT_2D('',#6976,#6977);
#6976 = CARTESIAN_POINT('',(1.093952106032E-15,0.));
#6977 = DIRECTION('',(1.,0.));
#6978 = ( GEOMETRIC_REPRESENTATION_CONTEXT(2) 
PARAMETRIC_REPRESENTATION_CONTEXT() REPRESENTATION_CONTEXT('2D SPACE',''
  ) );
#6979 = ORIENTED_EDGE('',*,*,#6980,.F.);
#6980 = EDGE_CURVE('',#1698,#6957,#6981,.T.);
#6981 = SURFACE_CURVE('',#6982,(#6986,#6993),.PCURVE_S1.);
#6982 = LINE('',#6983,#6984);
#6983 = CARTESIAN_POINT('',(-18.64731307246,122.03448727251,5.));
#6984 = VECTOR('',#6985,1.);
#6985 = DIRECTION('',(0.,0.,1.));
#6986 = PCURVE('',#1714,#6987);
#6987 = DEFINITIONAL_REPRESENTATION('',(#6988),#6992);
#6988 = LINE('',#6989,#6990);
#6989 = CARTESIAN_POINT('',(-2.771698603853,0.));
#6990 = VECTOR('',#6991,1.);
#6991 = DIRECTION('',(-0.,-1.));
#6992 = ( GEOMETRIC_REPRESENTATION_CONTEXT(2) 
PARAMETRIC_REPRESENTATION_CONTEXT() REPRESENTATION_CONTEXT('2D SPACE',''
  ) );
#6993 = PCURVE('',#1743,#6994);
#6994 = DEFINITIONAL_REPRESENTATION('',(#6995),#6999);
#6995 = LINE('',#6996,#6997);
#6996 = CARTESIAN_POINT('',(-1.164545383639,0.));
#6997 = VECTOR('',#6998,1.);
#6998 = DIRECTION('',(-0.,-1.));
#6999 = ( GEOMETRIC_REPRESENTATION_CONTEXT(2) 
PARAMETRIC_REPRESENTATION_CONTEXT() REPRESENTATION_CONTEXT('2D SPACE',''
  ) );
#7000 = ORIENTED_EDGE('',*,*,#1695,.F.);
#7001 = ADVANCED_FACE('',(#7002),#1799,.T.);
#7002 = FACE_BOUND('',#7003,.F.);
#7003 = EDGE_LOOP('',(#7004,#7027,#7049,#7050));
#7004 = ORIENTED_EDGE('',*,*,#7005,.T.);
#7005 = EDGE_CURVE('',#1756,#7006,#7008,.T.);
#7006 = VERTEX_POINT('',#7007);
#7007 = CARTESIAN_POINT('',(-43.89512610819,143.60463871978,8.));
#7008 = SURFACE_CURVE('',#7009,(#7013,#7020),.PCURVE_S1.);
#7009 = LINE('',#7010,#7011);
#7010 = CARTESIAN_POINT('',(-43.89512610819,143.60463871978,5.));
#7011 = VECTOR('',#7012,1.);
#7012 = DIRECTION('',(0.,0.,1.));
#7013 = PCURVE('',#1799,#7014);
#7014 = DEFINITIONAL_REPRESENTATION('',(#7015),#7019);
#7015 = LINE('',#7016,#7017);
#7016 = CARTESIAN_POINT('',(-3.999527502409,0.));
#7017 = VECTOR('',#7018,1.);
#7018 = DIRECTION('',(-0.,-1.));
#7019 = ( GEOMETRIC_REPRESENTATION_CONTEXT(2) 
PARAMETRIC_REPRESENTATION_CONTEXT() REPRESENTATION_CONTEXT('2D SPACE',''
  ) );
#7020 = PCURVE('',#1772,#7021);
#7021 = DEFINITIONAL_REPRESENTATION('',(#7022),#7026);
#7022 = LINE('',#7023,#7024);
#7023 = CARTESIAN_POINT('',(-2.560926944641,0.));
#7024 = VECTOR('',#7025,1.);
#7025 = DIRECTION('',(-0.,-1.));
#7026 = ( GEOMETRIC_REPRESENTATION_CONTEXT(2) 
PARAMETRIC_REPRESENTATION_CONTEXT() REPRESENTATION_CONTEXT('2D SPACE',''
  ) );
#7027 = ORIENTED_EDGE('',*,*,#7028,.T.);
#7028 = EDGE_CURVE('',#7006,#6934,#7029,.T.);
#7029 = SURFACE_CURVE('',#7030,(#7035,#7042),.PCURVE_S1.);
#7030 = CIRCLE('',#7031,154.0625);
#7031 = AXIS2_PLACEMENT_3D('',#7032,#7033,#7034);
#7032 = CARTESIAN_POINT('',(56.861923790034,260.15192870138,8.));
#7033 = DIRECTION('',(0.,0.,1.));
#7034 = DIRECTION('',(1.,0.,0.));
#7035 = PCURVE('',#1799,#7036);
#7036 = DEFINITIONAL_REPRESENTATION('',(#7037),#7041);
#7037 = LINE('',#7038,#7039);
#7038 = CARTESIAN_POINT('',(-0.,-3.));
#7039 = VECTOR('',#7040,1.);
#7040 = DIRECTION('',(-1.,0.));
#7041 = ( GEOMETRIC_REPRESENTATION_CONTEXT(2) 
PARAMETRIC_REPRESENTATION_CONTEXT() REPRESENTATION_CONTEXT('2D SPACE',''
  ) );
#7042 = PCURVE('',#3870,#7043);
#7043 = DEFINITIONAL_REPRESENTATION('',(#7044),#7048);
#7044 = CIRCLE('',#7045,154.0625);
#7045 = AXIS2_PLACEMENT_2D('',#7046,#7047);
#7046 = CARTESIAN_POINT('',(56.861923790034,145.34777442102));
#7047 = DIRECTION('',(1.,0.));
#7048 = ( GEOMETRIC_REPRESENTATION_CONTEXT(2) 
PARAMETRIC_REPRESENTATION_CONTEXT() REPRESENTATION_CONTEXT('2D SPACE',''
  ) );
#7049 = ORIENTED_EDGE('',*,*,#6933,.F.);
#7050 = ORIENTED_EDGE('',*,*,#1784,.F.);
#7051 = ADVANCED_FACE('',(#7052),#1743,.T.);
#7052 = FACE_BOUND('',#7053,.F.);
#7053 = EDGE_LOOP('',(#7054,#7055,#7079,#7100));
#7054 = ORIENTED_EDGE('',*,*,#6980,.T.);
#7055 = ORIENTED_EDGE('',*,*,#7056,.T.);
#7056 = EDGE_CURVE('',#6957,#7057,#7059,.T.);
#7057 = VERTEX_POINT('',#7058);
#7058 = CARTESIAN_POINT('',(-49.71962954672,131.66263694446,8.));
#7059 = SURFACE_CURVE('',#7060,(#7065,#7072),.PCURVE_S1.);
#7060 = CIRCLE('',#7061,154.0625);
#7061 = AXIS2_PLACEMENT_3D('',#7062,#7063,#7064);
#7062 = CARTESIAN_POINT('',(-79.52791336614,-19.4886783723,8.));
#7063 = DIRECTION('',(0.,0.,1.));
#7064 = DIRECTION('',(1.,0.,0.));
#7065 = PCURVE('',#1743,#7066);
#7066 = DEFINITIONAL_REPRESENTATION('',(#7067),#7071);
#7067 = LINE('',#7068,#7069);
#7068 = CARTESIAN_POINT('',(-0.,-3.));
#7069 = VECTOR('',#7070,1.);
#7070 = DIRECTION('',(-1.,0.));
#7071 = ( GEOMETRIC_REPRESENTATION_CONTEXT(2) 
PARAMETRIC_REPRESENTATION_CONTEXT() REPRESENTATION_CONTEXT('2D SPACE',''
  ) );
#7072 = PCURVE('',#3870,#7073);
#7073 = DEFINITIONAL_REPRESENTATION('',(#7074),#7078);
#7074 = CIRCLE('',#7075,154.0625);
#7075 = AXIS2_PLACEMENT_2D('',#7076,#7077);
#7076 = CARTESIAN_POINT('',(-79.52791336614,-134.2928326526));
#7077 = DIRECTION('',(1.,0.));
#7078 = ( GEOMETRIC_REPRESENTATION_CONTEXT(2) 
PARAMETRIC_REPRESENTATION_CONTEXT() REPRESENTATION_CONTEXT('2D SPACE',''
  ) );
#7079 = ORIENTED_EDGE('',*,*,#7080,.F.);
#7080 = EDGE_CURVE('',#1727,#7057,#7081,.T.);
#7081 = SURFACE_CURVE('',#7082,(#7086,#7093),.PCURVE_S1.);
#7082 = LINE('',#7083,#7084);
#7083 = CARTESIAN_POINT('',(-49.71962954672,131.66263694446,5.));
#7084 = VECTOR('',#7085,1.);
#7085 = DIRECTION('',(0.,0.,1.));
#7086 = PCURVE('',#1743,#7087);
#7087 = DEFINITIONAL_REPRESENTATION('',(#7088),#7092);
#7088 = LINE('',#7089,#7090);
#7089 = CARTESIAN_POINT('',(-1.376086593734,0.));
#7090 = VECTOR('',#7091,1.);
#7091 = DIRECTION('',(-0.,-1.));
#7092 = ( GEOMETRIC_REPRESENTATION_CONTEXT(2) 
PARAMETRIC_REPRESENTATION_CONTEXT() REPRESENTATION_CONTEXT('2D SPACE',''
  ) );
#7093 = PCURVE('',#1772,#7094);
#7094 = DEFINITIONAL_REPRESENTATION('',(#7095),#7099);
#7095 = LINE('',#7096,#7097);
#7096 = CARTESIAN_POINT('',(-2.814687151502,0.));
#7097 = VECTOR('',#7098,1.);
#7098 = DIRECTION('',(-0.,-1.));
#7099 = ( GEOMETRIC_REPRESENTATION_CONTEXT(2) 
PARAMETRIC_REPRESENTATION_CONTEXT() REPRESENTATION_CONTEXT('2D SPACE',''
  ) );
#7100 = ORIENTED_EDGE('',*,*,#1726,.F.);
#7101 = ADVANCED_FACE('',(#7102),#1772,.F.);
#7102 = FACE_BOUND('',#7103,.T.);
#7103 = EDGE_LOOP('',(#7104,#7105,#7127,#7128));
#7104 = ORIENTED_EDGE('',*,*,#7005,.T.);
#7105 = ORIENTED_EDGE('',*,*,#7106,.T.);
#7106 = EDGE_CURVE('',#7006,#7057,#7107,.T.);
#7107 = SURFACE_CURVE('',#7108,(#7113,#7120),.PCURVE_S1.);
#7108 = CIRCLE('',#7109,52.5);
#7109 = AXIS2_PLACEMENT_3D('',#7110,#7111,#7112);
#7110 = CARTESIAN_POINT('',(0.,114.80415428035,8.));
#7111 = DIRECTION('',(0.,0.,1.));
#7112 = DIRECTION('',(1.,0.,0.));
#7113 = PCURVE('',#1772,#7114);
#7114 = DEFINITIONAL_REPRESENTATION('',(#7115),#7119);
#7115 = LINE('',#7116,#7117);
#7116 = CARTESIAN_POINT('',(-0.,-3.));
#7117 = VECTOR('',#7118,1.);
#7118 = DIRECTION('',(-1.,0.));
#7119 = ( GEOMETRIC_REPRESENTATION_CONTEXT(2) 
PARAMETRIC_REPRESENTATION_CONTEXT() REPRESENTATION_CONTEXT('2D SPACE',''
  ) );
#7120 = PCURVE('',#3870,#7121);
#7121 = DEFINITIONAL_REPRESENTATION('',(#7122),#7126);
#7122 = CIRCLE('',#7123,52.5);
#7123 = AXIS2_PLACEMENT_2D('',#7124,#7125);
#7124 = CARTESIAN_POINT('',(1.093952106032E-15,0.));
#7125 = DIRECTION('',(1.,0.));
#7126 = ( GEOMETRIC_REPRESENTATION_CONTEXT(2) 
PARAMETRIC_REPRESENTATION_CONTEXT() REPRESENTATION_CONTEXT('2D SPACE',''
  ) );
#7127 = ORIENTED_EDGE('',*,*,#7080,.F.);
#7128 = ORIENTED_EDGE('',*,*,#1755,.F.);
#7129 = ADVANCED_FACE('',(#7130),#1836,.F.);
#7130 = FACE_BOUND('',#7131,.T.);
#7131 = EDGE_LOOP('',(#7132,#7133,#7156,#7184));
#7132 = ORIENTED_EDGE('',*,*,#1813,.T.);
#7133 = ORIENTED_EDGE('',*,*,#7134,.T.);
#7134 = EDGE_CURVE('',#1816,#7135,#7137,.T.);
#7135 = VERTEX_POINT('',#7136);
#7136 = CARTESIAN_POINT('',(-6.811765096099,131.24920995906,7.));
#7137 = SURFACE_CURVE('',#7138,(#7142,#7149),.PCURVE_S1.);
#7138 = LINE('',#7139,#7140);
#7139 = CARTESIAN_POINT('',(-6.811765096099,131.24920995906,4.));
#7140 = VECTOR('',#7141,1.);
#7141 = DIRECTION('',(0.,0.,1.));
#7142 = PCURVE('',#1836,#7143);
#7143 = DEFINITIONAL_REPRESENTATION('',(#7144),#7148);
#7144 = LINE('',#7145,#7146);
#7145 = CARTESIAN_POINT('',(-2.447912582713,0.));
#7146 = VECTOR('',#7147,1.);
#7147 = DIRECTION('',(-0.,-1.));
#7148 = ( GEOMETRIC_REPRESENTATION_CONTEXT(2) 
PARAMETRIC_REPRESENTATION_CONTEXT() REPRESENTATION_CONTEXT('2D SPACE',''
  ) );
#7149 = PCURVE('',#1867,#7150);
#7150 = DEFINITIONAL_REPRESENTATION('',(#7151),#7155);
#7151 = LINE('',#7152,#7153);
#7152 = CARTESIAN_POINT('',(-2.172758305151,0.));
#7153 = VECTOR('',#7154,1.);
#7154 = DIRECTION('',(-0.,-1.));
#7155 = ( GEOMETRIC_REPRESENTATION_CONTEXT(2) 
PARAMETRIC_REPRESENTATION_CONTEXT() REPRESENTATION_CONTEXT('2D SPACE',''
  ) );
#7156 = ORIENTED_EDGE('',*,*,#7157,.F.);
#7157 = EDGE_CURVE('',#7158,#7135,#7160,.T.);
#7158 = VERTEX_POINT('',#7159);
#7159 = CARTESIAN_POINT('',(-4.783542904564,126.35264843675,7.));
#7160 = SURFACE_CURVE('',#7161,(#7166,#7173),.PCURVE_S1.);
#7161 = CIRCLE('',#7162,2.99453125);
#7162 = AXIS2_PLACEMENT_3D('',#7163,#7164,#7165);
#7163 = CARTESIAN_POINT('',(-4.509275121009,129.33459320319,7.));
#7164 = DIRECTION('',(0.,0.,-1.));
#7165 = DIRECTION('',(1.,0.,0.));
#7166 = PCURVE('',#1836,#7167);
#7167 = DEFINITIONAL_REPRESENTATION('',(#7168),#7172);
#7168 = LINE('',#7169,#7170);
#7169 = CARTESIAN_POINT('',(-6.28318530718,-3.));
#7170 = VECTOR('',#7171,1.);
#7171 = DIRECTION('',(1.,-0.));
#7172 = ( GEOMETRIC_REPRESENTATION_CONTEXT(2) 
PARAMETRIC_REPRESENTATION_CONTEXT() REPRESENTATION_CONTEXT('2D SPACE',''
  ) );
#7173 = PCURVE('',#5635,#7174);
#7174 = DEFINITIONAL_REPRESENTATION('',(#7175),#7183);
#7175 = ( BOUNDED_CURVE() B_SPLINE_CURVE(2,(#7176,#7177,#7178,#7179,
#7180,#7181,#7182),.UNSPECIFIED.,.T.,.F.) B_SPLINE_CURVE_WITH_KNOTS((1,2
    ,2,2,2,1),(-2.094395102393,0.,2.094395102393,4.188790204786,
6.28318530718,8.377580409573),.UNSPECIFIED.) CURVE() 
GEOMETRIC_REPRESENTATION_ITEM() RATIONAL_B_SPLINE_CURVE((1.,0.5,1.,0.5,
1.,0.5,1.)) REPRESENTATION_ITEM('') );
#7176 = CARTESIAN_POINT('',(-1.514743871009,14.530438922836));
#7177 = CARTESIAN_POINT('',(-1.514743871009,9.343758652984));
#7178 = CARTESIAN_POINT('',(-6.006540746009,11.93709878791));
#7179 = CARTESIAN_POINT('',(-10.498337621,14.530438922836));
#7180 = CARTESIAN_POINT('',(-6.006540746009,17.123779057763));
#7181 = CARTESIAN_POINT('',(-1.514743871009,19.717119192689));
#7182 = CARTESIAN_POINT('',(-1.514743871009,14.530438922836));
#7183 = ( GEOMETRIC_REPRESENTATION_CONTEXT(2) 
PARAMETRIC_REPRESENTATION_CONTEXT() REPRESENTATION_CONTEXT('2D SPACE',''
  ) );
#7184 = ORIENTED_EDGE('',*,*,#7185,.F.);
#7185 = EDGE_CURVE('',#1814,#7158,#7186,.T.);
#7186 = SURFACE_CURVE('',#7187,(#7191,#7198),.PCURVE_S1.);
#7187 = LINE('',#7188,#7189);
#7188 = CARTESIAN_POINT('',(-4.783542904564,126.35264843675,4.));
#7189 = VECTOR('',#7190,1.);
#7190 = DIRECTION('',(0.,0.,1.));
#7191 = PCURVE('',#1836,#7192);
#7192 = DEFINITIONAL_REPRESENTATION('',(#7193),#7197);
#7193 = LINE('',#7194,#7195);
#7194 = CARTESIAN_POINT('',(-4.620670887864,0.));
#7195 = VECTOR('',#7196,1.);
#7196 = DIRECTION('',(-0.,-1.));
#7197 = ( GEOMETRIC_REPRESENTATION_CONTEXT(2) 
PARAMETRIC_REPRESENTATION_CONTEXT() REPRESENTATION_CONTEXT('2D SPACE',''
  ) );
#7198 = PCURVE('',#1867,#7199);
#7199 = DEFINITIONAL_REPRESENTATION('',(#7200),#7204);
#7200 = LINE('',#7201,#7202);
#7201 = CARTESIAN_POINT('',(-0.,0.));
#7202 = VECTOR('',#7203,1.);
#7203 = DIRECTION('',(-0.,-1.));
#7204 = ( GEOMETRIC_REPRESENTATION_CONTEXT(2) 
PARAMETRIC_REPRESENTATION_CONTEXT() REPRESENTATION_CONTEXT('2D SPACE',''
  ) );
#7205 = ADVANCED_FACE('',(#7206),#1867,.F.);
#7206 = FACE_BOUND('',#7207,.T.);
#7207 = EDGE_LOOP('',(#7208,#7209,#7210,#7236));
#7208 = ORIENTED_EDGE('',*,*,#1848,.T.);
#7209 = ORIENTED_EDGE('',*,*,#7185,.T.);
#7210 = ORIENTED_EDGE('',*,*,#7211,.F.);
#7211 = EDGE_CURVE('',#7135,#7158,#7212,.T.);
#7212 = SURFACE_CURVE('',#7213,(#7218,#7225),.PCURVE_S1.);
#7213 = CIRCLE('',#7214,2.99453125);
#7214 = AXIS2_PLACEMENT_3D('',#7215,#7216,#7217);
#7215 = CARTESIAN_POINT('',(-7.086032879653,128.26726519261,7.));
#7216 = DIRECTION('',(0.,-0.,-1.));
#7217 = DIRECTION('',(0.768898295882,-0.639371105533,0.));
#7218 = PCURVE('',#1867,#7219);
#7219 = DEFINITIONAL_REPRESENTATION('',(#7220),#7224);
#7220 = LINE('',#7221,#7222);
#7221 = CARTESIAN_POINT('',(-6.28318530718,-3.));
#7222 = VECTOR('',#7223,1.);
#7223 = DIRECTION('',(1.,-0.));
#7224 = ( GEOMETRIC_REPRESENTATION_CONTEXT(2) 
PARAMETRIC_REPRESENTATION_CONTEXT() REPRESENTATION_CONTEXT('2D SPACE',''
  ) );
#7225 = PCURVE('',#5635,#7226);
#7226 = DEFINITIONAL_REPRESENTATION('',(#7227),#7235);
#7227 = ( BOUNDED_CURVE() B_SPLINE_CURVE(2,(#7228,#7229,#7230,#7231,
#7232,#7233,#7234),.UNSPECIFIED.,.T.,.F.) B_SPLINE_CURVE_WITH_KNOTS((1,2
    ,2,2,2,1),(-2.094395102393,0.,2.094395102393,4.188790204786,
6.28318530718,8.377580409573),.UNSPECIFIED.) CURVE() 
GEOMETRIC_REPRESENTATION_ITEM() RATIONAL_B_SPLINE_CURVE((1.,0.5,1.,0.5,
1.,0.5,1.)) REPRESENTATION_ITEM('') );
#7228 = CARTESIAN_POINT('',(-4.783542904564,11.548494156391));
#7229 = CARTESIAN_POINT('',(-8.099756402744,7.560464535617));
#7230 = CARTESIAN_POINT('',(-9.895384616288,12.426404479801));
#7231 = CARTESIAN_POINT('',(-11.69101282983,17.292344423985));
#7232 = CARTESIAN_POINT('',(-6.579171118108,16.414434100575));
#7233 = CARTESIAN_POINT('',(-1.467329406384,15.536523777165));
#7234 = CARTESIAN_POINT('',(-4.783542904564,11.548494156391));
#7235 = ( GEOMETRIC_REPRESENTATION_CONTEXT(2) 
PARAMETRIC_REPRESENTATION_CONTEXT() REPRESENTATION_CONTEXT('2D SPACE',''
  ) );
#7236 = ORIENTED_EDGE('',*,*,#7134,.F.);
#7237 = ADVANCED_FACE('',(#7238),#1900,.T.);
#7238 = FACE_BOUND('',#7239,.F.);
#7239 = EDGE_LOOP('',(#7240,#7263,#7287,#7308));
#7240 = ORIENTED_EDGE('',*,*,#7241,.T.);
#7241 = EDGE_CURVE('',#1882,#7242,#7244,.T.);
#7242 = VERTEX_POINT('',#7243);
#7243 = CARTESIAN_POINT('',(-3.882416054116,134.42370691498,8.));
#7244 = SURFACE_CURVE('',#7245,(#7249,#7256),.PCURVE_S1.);
#7245 = LINE('',#7246,#7247);
#7246 = CARTESIAN_POINT('',(-3.882416054116,134.42370691498,5.));
#7247 = VECTOR('',#7248,1.);
#7248 = DIRECTION('',(0.,0.,1.));
#7249 = PCURVE('',#1900,#7250);
#7250 = DEFINITIONAL_REPRESENTATION('',(#7251),#7255);
#7251 = LINE('',#7252,#7253);
#7252 = CARTESIAN_POINT('',(-1.766157451332,0.));
#7253 = VECTOR('',#7254,1.);
#7254 = DIRECTION('',(-0.,-1.));
#7255 = ( GEOMETRIC_REPRESENTATION_CONTEXT(2) 
PARAMETRIC_REPRESENTATION_CONTEXT() REPRESENTATION_CONTEXT('2D SPACE',''
  ) );
#7256 = PCURVE('',#1985,#7257);
#7257 = DEFINITIONAL_REPRESENTATION('',(#7258),#7262);
#7258 = LINE('',#7259,#7260);
#7259 = CARTESIAN_POINT('',(-3.373310671546,0.));
#7260 = VECTOR('',#7261,1.);
#7261 = DIRECTION('',(-0.,-1.));
#7262 = ( GEOMETRIC_REPRESENTATION_CONTEXT(2) 
PARAMETRIC_REPRESENTATION_CONTEXT() REPRESENTATION_CONTEXT('2D SPACE',''
  ) );
#7263 = ORIENTED_EDGE('',*,*,#7264,.T.);
#7264 = EDGE_CURVE('',#7242,#7265,#7267,.T.);
#7265 = VERTEX_POINT('',#7266);
#7266 = CARTESIAN_POINT('',(-11.98232561017,130.81739483222,8.));
#7267 = SURFACE_CURVE('',#7268,(#7273,#7280),.PCURVE_S1.);
#7268 = CIRCLE('',#7269,20.);
#7269 = AXIS2_PLACEMENT_3D('',#7270,#7271,#7272);
#7270 = CARTESIAN_POINT('',(0.,114.80415428035,8.));
#7271 = DIRECTION('',(0.,0.,1.));
#7272 = DIRECTION('',(1.,0.,0.));
#7273 = PCURVE('',#1900,#7274);
#7274 = DEFINITIONAL_REPRESENTATION('',(#7275),#7279);
#7275 = LINE('',#7276,#7277);
#7276 = CARTESIAN_POINT('',(-0.,-3.));
#7277 = VECTOR('',#7278,1.);
#7278 = DIRECTION('',(-1.,0.));
#7279 = ( GEOMETRIC_REPRESENTATION_CONTEXT(2) 
PARAMETRIC_REPRESENTATION_CONTEXT() REPRESENTATION_CONTEXT('2D SPACE',''
  ) );
#7280 = PCURVE('',#3870,#7281);
#7281 = DEFINITIONAL_REPRESENTATION('',(#7282),#7286);
#7282 = CIRCLE('',#7283,20.);
#7283 = AXIS2_PLACEMENT_2D('',#7284,#7285);
#7284 = CARTESIAN_POINT('',(1.093952106032E-15,0.));
#7285 = DIRECTION('',(1.,0.));
#7286 = ( GEOMETRIC_REPRESENTATION_CONTEXT(2) 
PARAMETRIC_REPRESENTATION_CONTEXT() REPRESENTATION_CONTEXT('2D SPACE',''
  ) );
#7287 = ORIENTED_EDGE('',*,*,#7288,.F.);
#7288 = EDGE_CURVE('',#1884,#7265,#7289,.T.);
#7289 = SURFACE_CURVE('',#7290,(#7294,#7301),.PCURVE_S1.);
#7290 = LINE('',#7291,#7292);
#7291 = CARTESIAN_POINT('',(-11.98232561017,130.81739483222,5.));
#7292 = VECTOR('',#7293,1.);
#7293 = DIRECTION('',(0.,0.,1.));
#7294 = PCURVE('',#1900,#7295);
#7295 = DEFINITIONAL_REPRESENTATION('',(#7296),#7300);
#7296 = LINE('',#7297,#7298);
#7297 = CARTESIAN_POINT('',(-2.213193243215,0.));
#7298 = VECTOR('',#7299,1.);
#7299 = DIRECTION('',(-0.,-1.));
#7300 = ( GEOMETRIC_REPRESENTATION_CONTEXT(2) 
PARAMETRIC_REPRESENTATION_CONTEXT() REPRESENTATION_CONTEXT('2D SPACE',''
  ) );
#7301 = PCURVE('',#1929,#7302);
#7302 = DEFINITIONAL_REPRESENTATION('',(#7303),#7307);
#7303 = LINE('',#7304,#7305);
#7304 = CARTESIAN_POINT('',(-0.606040023001,0.));
#7305 = VECTOR('',#7306,1.);
#7306 = DIRECTION('',(-0.,-1.));
#7307 = ( GEOMETRIC_REPRESENTATION_CONTEXT(2) 
PARAMETRIC_REPRESENTATION_CONTEXT() REPRESENTATION_CONTEXT('2D SPACE',''
  ) );
#7308 = ORIENTED_EDGE('',*,*,#1881,.F.);
#7309 = ADVANCED_FACE('',(#7310),#1985,.T.);
#7310 = FACE_BOUND('',#7311,.F.);
#7311 = EDGE_LOOP('',(#7312,#7335,#7357,#7358));
#7312 = ORIENTED_EDGE('',*,*,#7313,.T.);
#7313 = EDGE_CURVE('',#1942,#7314,#7316,.T.);
#7314 = VERTEX_POINT('',#7315);
#7315 = CARTESIAN_POINT('',(-7.968641366572,166.69587572772,8.));
#7316 = SURFACE_CURVE('',#7317,(#7321,#7328),.PCURVE_S1.);
#7317 = LINE('',#7318,#7319);
#7318 = CARTESIAN_POINT('',(-7.968641366572,166.69587572772,5.));
#7319 = VECTOR('',#7320,1.);
#7320 = DIRECTION('',(0.,0.,1.));
#7321 = PCURVE('',#1985,#7322);
#7322 = DEFINITIONAL_REPRESENTATION('',(#7323),#7327);
#7323 = LINE('',#7324,#7325);
#7324 = CARTESIAN_POINT('',(-3.161769461452,0.));
#7325 = VECTOR('',#7326,1.);
#7326 = DIRECTION('',(-0.,-1.));
#7327 = ( GEOMETRIC_REPRESENTATION_CONTEXT(2) 
PARAMETRIC_REPRESENTATION_CONTEXT() REPRESENTATION_CONTEXT('2D SPACE',''
  ) );
#7328 = PCURVE('',#1958,#7329);
#7329 = DEFINITIONAL_REPRESENTATION('',(#7330),#7334);
#7330 = LINE('',#7331,#7332);
#7331 = CARTESIAN_POINT('',(-1.723168903683,0.));
#7332 = VECTOR('',#7333,1.);
#7333 = DIRECTION('',(-0.,-1.));
#7334 = ( GEOMETRIC_REPRESENTATION_CONTEXT(2) 
PARAMETRIC_REPRESENTATION_CONTEXT() REPRESENTATION_CONTEXT('2D SPACE',''
  ) );
#7335 = ORIENTED_EDGE('',*,*,#7336,.T.);
#7336 = EDGE_CURVE('',#7314,#7242,#7337,.T.);
#7337 = SURFACE_CURVE('',#7338,(#7343,#7350),.PCURVE_S1.);
#7338 = CIRCLE('',#7339,154.0625);
#7339 = AXIS2_PLACEMENT_3D('',#7340,#7341,#7342);
#7340 = CARTESIAN_POINT('',(146.0625,169.80415428035,8.));
#7341 = DIRECTION('',(0.,0.,1.));
#7342 = DIRECTION('',(1.,0.,0.));
#7343 = PCURVE('',#1985,#7344);
#7344 = DEFINITIONAL_REPRESENTATION('',(#7345),#7349);
#7345 = LINE('',#7346,#7347);
#7346 = CARTESIAN_POINT('',(-0.,-3.));
#7347 = VECTOR('',#7348,1.);
#7348 = DIRECTION('',(-1.,0.));
#7349 = ( GEOMETRIC_REPRESENTATION_CONTEXT(2) 
PARAMETRIC_REPRESENTATION_CONTEXT() REPRESENTATION_CONTEXT('2D SPACE',''
  ) );
#7350 = PCURVE('',#3870,#7351);
#7351 = DEFINITIONAL_REPRESENTATION('',(#7352),#7356);
#7352 = CIRCLE('',#7353,154.0625);
#7353 = AXIS2_PLACEMENT_2D('',#7354,#7355);
#7354 = CARTESIAN_POINT('',(146.0625,55.));
#7355 = DIRECTION('',(1.,0.));
#7356 = ( GEOMETRIC_REPRESENTATION_CONTEXT(2) 
PARAMETRIC_REPRESENTATION_CONTEXT() REPRESENTATION_CONTEXT('2D SPACE',''
  ) );
#7357 = ORIENTED_EDGE('',*,*,#7241,.F.);
#7358 = ORIENTED_EDGE('',*,*,#1970,.F.);
#7359 = ADVANCED_FACE('',(#7360),#1929,.T.);
#7360 = FACE_BOUND('',#7361,.F.);
#7361 = EDGE_LOOP('',(#7362,#7363,#7387,#7408));
#7362 = ORIENTED_EDGE('',*,*,#7288,.T.);
#7363 = ORIENTED_EDGE('',*,*,#7364,.T.);
#7364 = EDGE_CURVE('',#7265,#7365,#7367,.T.);
#7365 = VERTEX_POINT('',#7366);
#7366 = CARTESIAN_POINT('',(-33.23100244925,155.44834791509,8.));
#7367 = SURFACE_CURVE('',#7368,(#7373,#7380),.PCURVE_S1.);
#7368 = CIRCLE('',#7369,154.0625);
#7369 = AXIS2_PLACEMENT_3D('',#7370,#7371,#7372);
#7370 = CARTESIAN_POINT('',(-138.6078545925,43.060746558804,8.));
#7371 = DIRECTION('',(0.,0.,1.));
#7372 = DIRECTION('',(1.,0.,0.));
#7373 = PCURVE('',#1929,#7374);
#7374 = DEFINITIONAL_REPRESENTATION('',(#7375),#7379);
#7375 = LINE('',#7376,#7377);
#7376 = CARTESIAN_POINT('',(-0.,-3.));
#7377 = VECTOR('',#7378,1.);
#7378 = DIRECTION('',(-1.,0.));
#7379 = ( GEOMETRIC_REPRESENTATION_CONTEXT(2) 
PARAMETRIC_REPRESENTATION_CONTEXT() REPRESENTATION_CONTEXT('2D SPACE',''
  ) );
#7380 = PCURVE('',#3870,#7381);
#7381 = DEFINITIONAL_REPRESENTATION('',(#7382),#7386);
#7382 = CIRCLE('',#7383,154.0625);
#7383 = AXIS2_PLACEMENT_2D('',#7384,#7385);
#7384 = CARTESIAN_POINT('',(-138.6078545925,-71.74340772155));
#7385 = DIRECTION('',(1.,0.));
#7386 = ( GEOMETRIC_REPRESENTATION_CONTEXT(2) 
PARAMETRIC_REPRESENTATION_CONTEXT() REPRESENTATION_CONTEXT('2D SPACE',''
  ) );
#7387 = ORIENTED_EDGE('',*,*,#7388,.F.);
#7388 = EDGE_CURVE('',#1913,#7365,#7389,.T.);
#7389 = SURFACE_CURVE('',#7390,(#7394,#7401),.PCURVE_S1.);
#7390 = LINE('',#7391,#7392);
#7391 = CARTESIAN_POINT('',(-33.23100244925,155.44834791509,5.));
#7392 = VECTOR('',#7393,1.);
#7393 = DIRECTION('',(0.,0.,1.));
#7394 = PCURVE('',#1929,#7395);
#7395 = DEFINITIONAL_REPRESENTATION('',(#7396),#7400);
#7396 = LINE('',#7397,#7398);
#7397 = CARTESIAN_POINT('',(-0.817581233096,0.));
#7398 = VECTOR('',#7399,1.);
#7399 = DIRECTION('',(-0.,-1.));
#7400 = ( GEOMETRIC_REPRESENTATION_CONTEXT(2) 
PARAMETRIC_REPRESENTATION_CONTEXT() REPRESENTATION_CONTEXT('2D SPACE',''
  ) );
#7401 = PCURVE('',#1958,#7402);
#7402 = DEFINITIONAL_REPRESENTATION('',(#7403),#7407);
#7403 = LINE('',#7404,#7405);
#7404 = CARTESIAN_POINT('',(-2.256181790864,0.));
#7405 = VECTOR('',#7406,1.);
#7406 = DIRECTION('',(-0.,-1.));
#7407 = ( GEOMETRIC_REPRESENTATION_CONTEXT(2) 
PARAMETRIC_REPRESENTATION_CONTEXT() REPRESENTATION_CONTEXT('2D SPACE',''
  ) );
#7408 = ORIENTED_EDGE('',*,*,#1912,.F.);
#7409 = ADVANCED_FACE('',(#7410),#1958,.F.);
#7410 = FACE_BOUND('',#7411,.T.);
#7411 = EDGE_LOOP('',(#7412,#7413,#7435,#7436));
#7412 = ORIENTED_EDGE('',*,*,#7313,.T.);
#7413 = ORIENTED_EDGE('',*,*,#7414,.T.);
#7414 = EDGE_CURVE('',#7314,#7365,#7415,.T.);
#7415 = SURFACE_CURVE('',#7416,(#7421,#7428),.PCURVE_S1.);
#7416 = CIRCLE('',#7417,52.5);
#7417 = AXIS2_PLACEMENT_3D('',#7418,#7419,#7420);
#7418 = CARTESIAN_POINT('',(0.,114.80415428035,8.));
#7419 = DIRECTION('',(0.,0.,1.));
#7420 = DIRECTION('',(1.,0.,0.));
#7421 = PCURVE('',#1958,#7422);
#7422 = DEFINITIONAL_REPRESENTATION('',(#7423),#7427);
#7423 = LINE('',#7424,#7425);
#7424 = CARTESIAN_POINT('',(-0.,-3.));
#7425 = VECTOR('',#7426,1.);
#7426 = DIRECTION('',(-1.,0.));
#7427 = ( GEOMETRIC_REPRESENTATION_CONTEXT(2) 
PARAMETRIC_REPRESENTATION_CONTEXT() REPRESENTATION_CONTEXT('2D SPACE',''
  ) );
#7428 = PCURVE('',#3870,#7429);
#7429 = DEFINITIONAL_REPRESENTATION('',(#7430),#7434);
#7430 = CIRCLE('',#7431,52.5);
#7431 = AXIS2_PLACEMENT_2D('',#7432,#7433);
#7432 = CARTESIAN_POINT('',(1.093952106032E-15,0.));
#7433 = DIRECTION('',(1.,0.));
#7434 = ( GEOMETRIC_REPRESENTATION_CONTEXT(2) 
PARAMETRIC_REPRESENTATION_CONTEXT() REPRESENTATION_CONTEXT('2D SPACE',''
  ) );
#7435 = ORIENTED_EDGE('',*,*,#7388,.F.);
#7436 = ORIENTED_EDGE('',*,*,#1941,.F.);
#7437 = ADVANCED_FACE('',(#7438),#2022,.F.);
#7438 = FACE_BOUND('',#7439,.T.);
#7439 = EDGE_LOOP('',(#7440,#7441,#7464,#7492));
#7440 = ORIENTED_EDGE('',*,*,#1999,.T.);
#7441 = ORIENTED_EDGE('',*,*,#7442,.T.);
#7442 = EDGE_CURVE('',#2002,#7443,#7445,.T.);
#7443 = VERTEX_POINT('',#7444);
#7444 = CARTESIAN_POINT('',(4.783542904564,103.25566012396,7.));
#7445 = SURFACE_CURVE('',#7446,(#7450,#7457),.PCURVE_S1.);
#7446 = LINE('',#7447,#7448);
#7447 = CARTESIAN_POINT('',(4.783542904564,103.25566012396,4.));
#7448 = VECTOR('',#7449,1.);
#7449 = DIRECTION('',(0.,0.,1.));
#7450 = PCURVE('',#2022,#7451);
#7451 = DEFINITIONAL_REPRESENTATION('',(#7452),#7456);
#7452 = LINE('',#7453,#7454);
#7453 = CARTESIAN_POINT('',(-2.447912582713,0.));
#7454 = VECTOR('',#7455,1.);
#7455 = DIRECTION('',(-0.,-1.));
#7456 = ( GEOMETRIC_REPRESENTATION_CONTEXT(2) 
PARAMETRIC_REPRESENTATION_CONTEXT() REPRESENTATION_CONTEXT('2D SPACE',''
  ) );
#7457 = PCURVE('',#2053,#7458);
#7458 = DEFINITIONAL_REPRESENTATION('',(#7459),#7463);
#7459 = LINE('',#7460,#7461);
#7460 = CARTESIAN_POINT('',(-2.172758305151,0.));
#7461 = VECTOR('',#7462,1.);
#7462 = DIRECTION('',(-0.,-1.));
#7463 = ( GEOMETRIC_REPRESENTATION_CONTEXT(2) 
PARAMETRIC_REPRESENTATION_CONTEXT() REPRESENTATION_CONTEXT('2D SPACE',''
  ) );
#7464 = ORIENTED_EDGE('',*,*,#7465,.F.);
#7465 = EDGE_CURVE('',#7466,#7443,#7468,.T.);
#7466 = VERTEX_POINT('',#7467);
#7467 = CARTESIAN_POINT('',(6.811765096099,98.359098601658,7.));
#7468 = SURFACE_CURVE('',#7469,(#7474,#7481),.PCURVE_S1.);
#7469 = CIRCLE('',#7470,2.99453125);
#7470 = AXIS2_PLACEMENT_3D('',#7471,#7472,#7473);
#7471 = CARTESIAN_POINT('',(7.086032879653,101.3410433681,7.));
#7472 = DIRECTION('',(0.,0.,-1.));
#7473 = DIRECTION('',(1.,0.,0.));
#7474 = PCURVE('',#2022,#7475);
#7475 = DEFINITIONAL_REPRESENTATION('',(#7476),#7480);
#7476 = LINE('',#7477,#7478);
#7477 = CARTESIAN_POINT('',(-6.28318530718,-3.));
#7478 = VECTOR('',#7479,1.);
#7479 = DIRECTION('',(1.,-0.));
#7480 = ( GEOMETRIC_REPRESENTATION_CONTEXT(2) 
PARAMETRIC_REPRESENTATION_CONTEXT() REPRESENTATION_CONTEXT('2D SPACE',''
  ) );
#7481 = PCURVE('',#5635,#7482);
#7482 = DEFINITIONAL_REPRESENTATION('',(#7483),#7491);
#7483 = ( BOUNDED_CURVE() B_SPLINE_CURVE(2,(#7484,#7485,#7486,#7487,
#7488,#7489,#7490),.UNSPECIFIED.,.T.,.F.) B_SPLINE_CURVE_WITH_KNOTS((1,2
    ,2,2,2,1),(-2.094395102393,0.,2.094395102393,4.188790204786,
6.28318530718,8.377580409573),.UNSPECIFIED.) CURVE() 
GEOMETRIC_REPRESENTATION_ITEM() RATIONAL_B_SPLINE_CURVE((1.,0.5,1.,0.5,
1.,0.5,1.)) REPRESENTATION_ITEM('') );
#7484 = CARTESIAN_POINT('',(10.080564129653,-13.46311091225));
#7485 = CARTESIAN_POINT('',(10.080564129653,-18.6497911821));
#7486 = CARTESIAN_POINT('',(5.588767254653,-16.05645104718));
#7487 = CARTESIAN_POINT('',(1.096970379654,-13.46311091225));
#7488 = CARTESIAN_POINT('',(5.588767254653,-10.86977077732));
#7489 = CARTESIAN_POINT('',(10.080564129653,-8.276430642403));
#7490 = CARTESIAN_POINT('',(10.080564129653,-13.46311091225));
#7491 = ( GEOMETRIC_REPRESENTATION_CONTEXT(2) 
PARAMETRIC_REPRESENTATION_CONTEXT() REPRESENTATION_CONTEXT('2D SPACE',''
  ) );
#7492 = ORIENTED_EDGE('',*,*,#7493,.F.);
#7493 = EDGE_CURVE('',#2000,#7466,#7494,.T.);
#7494 = SURFACE_CURVE('',#7495,(#7499,#7506),.PCURVE_S1.);
#7495 = LINE('',#7496,#7497);
#7496 = CARTESIAN_POINT('',(6.811765096099,98.359098601658,4.));
#7497 = VECTOR('',#7498,1.);
#7498 = DIRECTION('',(0.,0.,1.));
#7499 = PCURVE('',#2022,#7500);
#7500 = DEFINITIONAL_REPRESENTATION('',(#7501),#7505);
#7501 = LINE('',#7502,#7503);
#7502 = CARTESIAN_POINT('',(-4.620670887864,0.));
#7503 = VECTOR('',#7504,1.);
#7504 = DIRECTION('',(-0.,-1.));
#7505 = ( GEOMETRIC_REPRESENTATION_CONTEXT(2) 
PARAMETRIC_REPRESENTATION_CONTEXT() REPRESENTATION_CONTEXT('2D SPACE',''
  ) );
#7506 = PCURVE('',#2053,#7507);
#7507 = DEFINITIONAL_REPRESENTATION('',(#7508),#7512);
#7508 = LINE('',#7509,#7510);
#7509 = CARTESIAN_POINT('',(-0.,0.));
#7510 = VECTOR('',#7511,1.);
#7511 = DIRECTION('',(-0.,-1.));
#7512 = ( GEOMETRIC_REPRESENTATION_CONTEXT(2) 
PARAMETRIC_REPRESENTATION_CONTEXT() REPRESENTATION_CONTEXT('2D SPACE',''
  ) );
#7513 = ADVANCED_FACE('',(#7514),#2053,.F.);
#7514 = FACE_BOUND('',#7515,.T.);
#7515 = EDGE_LOOP('',(#7516,#7517,#7518,#7544));
#7516 = ORIENTED_EDGE('',*,*,#2034,.T.);
#7517 = ORIENTED_EDGE('',*,*,#7493,.T.);
#7518 = ORIENTED_EDGE('',*,*,#7519,.F.);
#7519 = EDGE_CURVE('',#7443,#7466,#7520,.T.);
#7520 = SURFACE_CURVE('',#7521,(#7526,#7533),.PCURVE_S1.);
#7521 = CIRCLE('',#7522,2.99453125);
#7522 = AXIS2_PLACEMENT_3D('',#7523,#7524,#7525);
#7523 = CARTESIAN_POINT('',(4.509275121009,100.27371535752,7.));
#7524 = DIRECTION('',(0.,-0.,-1.));
#7525 = DIRECTION('',(0.768898295882,-0.639371105533,0.));
#7526 = PCURVE('',#2053,#7527);
#7527 = DEFINITIONAL_REPRESENTATION('',(#7528),#7532);
#7528 = LINE('',#7529,#7530);
#7529 = CARTESIAN_POINT('',(-6.28318530718,-3.));
#7530 = VECTOR('',#7531,1.);
#7531 = DIRECTION('',(1.,-0.));
#7532 = ( GEOMETRIC_REPRESENTATION_CONTEXT(2) 
PARAMETRIC_REPRESENTATION_CONTEXT() REPRESENTATION_CONTEXT('2D SPACE',''
  ) );
#7533 = PCURVE('',#5635,#7534);
#7534 = DEFINITIONAL_REPRESENTATION('',(#7535),#7543);
#7535 = ( BOUNDED_CURVE() B_SPLINE_CURVE(2,(#7536,#7537,#7538,#7539,
#7540,#7541,#7542),.UNSPECIFIED.,.T.,.F.) B_SPLINE_CURVE_WITH_KNOTS((1,2
    ,2,2,2,1),(-2.094395102393,0.,2.094395102393,4.188790204786,
6.28318530718,8.377580409573),.UNSPECIFIED.) CURVE() 
GEOMETRIC_REPRESENTATION_ITEM() RATIONAL_B_SPLINE_CURVE((1.,0.5,1.,0.5,
1.,0.5,1.)) REPRESENTATION_ITEM('') );
#7536 = CARTESIAN_POINT('',(6.811765096099,-16.4450556787));
#7537 = CARTESIAN_POINT('',(3.495551597919,-20.43308529947));
#7538 = CARTESIAN_POINT('',(1.699923384374,-15.56714535529));
#7539 = CARTESIAN_POINT('',(-9.570482917103E-02,-10.7012054111));
#7540 = CARTESIAN_POINT('',(5.016136882554,-11.57911573451));
#7541 = CARTESIAN_POINT('',(10.127978594279,-12.45702605792));
#7542 = CARTESIAN_POINT('',(6.811765096099,-16.4450556787));
#7543 = ( GEOMETRIC_REPRESENTATION_CONTEXT(2) 
PARAMETRIC_REPRESENTATION_CONTEXT() REPRESENTATION_CONTEXT('2D SPACE',''
  ) );
#7544 = ORIENTED_EDGE('',*,*,#7442,.F.);
#7545 = ADVANCED_FACE('',(#7546),#2084,.T.);
#7546 = FACE_BOUND('',#7547,.T.);
#7547 = EDGE_LOOP('',(#7548,#7549,#7572,#7593));
#7548 = ORIENTED_EDGE('',*,*,#2067,.T.);
#7549 = ORIENTED_EDGE('',*,*,#7550,.T.);
#7550 = EDGE_CURVE('',#2070,#7551,#7553,.T.);
#7551 = VERTEX_POINT('',#7552);
#7552 = CARTESIAN_POINT('',(0.6,103.55415428035,7.));
#7553 = SURFACE_CURVE('',#7554,(#7558,#7565),.PCURVE_S1.);
#7554 = LINE('',#7555,#7556);
#7555 = CARTESIAN_POINT('',(0.6,103.55415428035,4.));
#7556 = VECTOR('',#7557,1.);
#7557 = DIRECTION('',(0.,0.,1.));
#7558 = PCURVE('',#2084,#7559);
#7559 = DEFINITIONAL_REPRESENTATION('',(#7560),#7564);
#7560 = LINE('',#7561,#7562);
#7561 = CARTESIAN_POINT('',(0.,0.));
#7562 = VECTOR('',#7563,1.);
#7563 = DIRECTION('',(0.,-1.));
#7564 = ( GEOMETRIC_REPRESENTATION_CONTEXT(2) 
PARAMETRIC_REPRESENTATION_CONTEXT() REPRESENTATION_CONTEXT('2D SPACE',''
  ) );
#7565 = PCURVE('',#2116,#7566);
#7566 = DEFINITIONAL_REPRESENTATION('',(#7567),#7571);
#7567 = LINE('',#7568,#7569);
#7568 = CARTESIAN_POINT('',(1.570796326795,0.));
#7569 = VECTOR('',#7570,1.);
#7570 = DIRECTION('',(0.,-1.));
#7571 = ( GEOMETRIC_REPRESENTATION_CONTEXT(2) 
PARAMETRIC_REPRESENTATION_CONTEXT() REPRESENTATION_CONTEXT('2D SPACE',''
  ) );
#7572 = ORIENTED_EDGE('',*,*,#7573,.F.);
#7573 = EDGE_CURVE('',#7574,#7551,#7576,.T.);
#7574 = VERTEX_POINT('',#7575);
#7575 = CARTESIAN_POINT('',(0.6,109.95415428035,7.));
#7576 = SURFACE_CURVE('',#7577,(#7581,#7587),.PCURVE_S1.);
#7577 = LINE('',#7578,#7579);
#7578 = CARTESIAN_POINT('',(0.6,109.17915428035,7.));
#7579 = VECTOR('',#7580,1.);
#7580 = DIRECTION('',(-2.081668171172E-16,-1.,0.));
#7581 = PCURVE('',#2084,#7582);
#7582 = DEFINITIONAL_REPRESENTATION('',(#7583),#7586);
#7583 = B_SPLINE_CURVE_WITH_KNOTS('',1,(#7584,#7585),.UNSPECIFIED.,.F.,
  .F.,(2,2),(-0.775,5.625),.PIECEWISE_BEZIER_KNOTS.);
#7584 = CARTESIAN_POINT('',(6.4,-3.));
#7585 = CARTESIAN_POINT('',(0.,-3.));
#7586 = ( GEOMETRIC_REPRESENTATION_CONTEXT(2) 
PARAMETRIC_REPRESENTATION_CONTEXT() REPRESENTATION_CONTEXT('2D SPACE',''
  ) );
#7587 = PCURVE('',#5635,#7588);
#7588 = DEFINITIONAL_REPRESENTATION('',(#7589),#7592);
#7589 = B_SPLINE_CURVE_WITH_KNOTS('',1,(#7590,#7591),.UNSPECIFIED.,.F.,
  .F.,(2,2),(-0.775,5.625),.PIECEWISE_BEZIER_KNOTS.);
#7590 = CARTESIAN_POINT('',(0.6,-4.85));
#7591 = CARTESIAN_POINT('',(0.6,-11.25));
#7592 = ( GEOMETRIC_REPRESENTATION_CONTEXT(2) 
PARAMETRIC_REPRESENTATION_CONTEXT() REPRESENTATION_CONTEXT('2D SPACE',''
  ) );
#7593 = ORIENTED_EDGE('',*,*,#7594,.F.);
#7594 = EDGE_CURVE('',#2068,#7574,#7595,.T.);
#7595 = SURFACE_CURVE('',#7596,(#7600,#7607),.PCURVE_S1.);
#7596 = LINE('',#7597,#7598);
#7597 = CARTESIAN_POINT('',(0.6,109.95415428035,4.));
#7598 = VECTOR('',#7599,1.);
#7599 = DIRECTION('',(0.,0.,1.));
#7600 = PCURVE('',#2084,#7601);
#7601 = DEFINITIONAL_REPRESENTATION('',(#7602),#7606);
#7602 = LINE('',#7603,#7604);
#7603 = CARTESIAN_POINT('',(6.4,0.));
#7604 = VECTOR('',#7605,1.);
#7605 = DIRECTION('',(0.,-1.));
#7606 = ( GEOMETRIC_REPRESENTATION_CONTEXT(2) 
PARAMETRIC_REPRESENTATION_CONTEXT() REPRESENTATION_CONTEXT('2D SPACE',''
  ) );
#7607 = PCURVE('',#2173,#7608);
#7608 = DEFINITIONAL_REPRESENTATION('',(#7609),#7613);
#7609 = LINE('',#7610,#7611);
#7610 = CARTESIAN_POINT('',(4.712388980385,0.));
#7611 = VECTOR('',#7612,1.);
#7612 = DIRECTION('',(0.,-1.));
#7613 = ( GEOMETRIC_REPRESENTATION_CONTEXT(2) 
PARAMETRIC_REPRESENTATION_CONTEXT() REPRESENTATION_CONTEXT('2D SPACE',''
  ) );
#7614 = ADVANCED_FACE('',(#7615),#2173,.F.);
#7615 = FACE_BOUND('',#7616,.F.);
#7616 = EDGE_LOOP('',(#7617,#7618,#7641,#7667));
#7617 = ORIENTED_EDGE('',*,*,#2154,.F.);
#7618 = ORIENTED_EDGE('',*,*,#7619,.T.);
#7619 = EDGE_CURVE('',#2129,#7620,#7622,.T.);
#7620 = VERTEX_POINT('',#7621);
#7621 = CARTESIAN_POINT('',(-0.6,109.95415428035,7.));
#7622 = SURFACE_CURVE('',#7623,(#7627,#7634),.PCURVE_S1.);
#7623 = LINE('',#7624,#7625);
#7624 = CARTESIAN_POINT('',(-0.6,109.95415428035,4.));
#7625 = VECTOR('',#7626,1.);
#7626 = DIRECTION('',(0.,0.,1.));
#7627 = PCURVE('',#2173,#7628);
#7628 = DEFINITIONAL_REPRESENTATION('',(#7629),#7633);
#7629 = LINE('',#7630,#7631);
#7630 = CARTESIAN_POINT('',(1.570796326795,0.));
#7631 = VECTOR('',#7632,1.);
#7632 = DIRECTION('',(0.,-1.));
#7633 = ( GEOMETRIC_REPRESENTATION_CONTEXT(2) 
PARAMETRIC_REPRESENTATION_CONTEXT() REPRESENTATION_CONTEXT('2D SPACE',''
  ) );
#7634 = PCURVE('',#2143,#7635);
#7635 = DEFINITIONAL_REPRESENTATION('',(#7636),#7640);
#7636 = LINE('',#7637,#7638);
#7637 = CARTESIAN_POINT('',(0.,0.));
#7638 = VECTOR('',#7639,1.);
#7639 = DIRECTION('',(0.,-1.));
#7640 = ( GEOMETRIC_REPRESENTATION_CONTEXT(2) 
PARAMETRIC_REPRESENTATION_CONTEXT() REPRESENTATION_CONTEXT('2D SPACE',''
  ) );
#7641 = ORIENTED_EDGE('',*,*,#7642,.T.);
#7642 = EDGE_CURVE('',#7620,#7574,#7643,.T.);
#7643 = SURFACE_CURVE('',#7644,(#7649,#7656),.PCURVE_S1.);
#7644 = CIRCLE('',#7645,0.6);
#7645 = AXIS2_PLACEMENT_3D('',#7646,#7647,#7648);
#7646 = CARTESIAN_POINT('',(-7.682182742103E-16,109.95415428035,7.));
#7647 = DIRECTION('',(-0.,0.,-1.));
#7648 = DIRECTION('',(-2.22044604925E-16,-1.,0.));
#7649 = PCURVE('',#2173,#7650);
#7650 = DEFINITIONAL_REPRESENTATION('',(#7651),#7655);
#7651 = LINE('',#7652,#7653);
#7652 = CARTESIAN_POINT('',(0.,-3.));
#7653 = VECTOR('',#7654,1.);
#7654 = DIRECTION('',(1.,0.));
#7655 = ( GEOMETRIC_REPRESENTATION_CONTEXT(2) 
PARAMETRIC_REPRESENTATION_CONTEXT() REPRESENTATION_CONTEXT('2D SPACE',''
  ) );
#7656 = PCURVE('',#5635,#7657);
#7657 = DEFINITIONAL_REPRESENTATION('',(#7658),#7666);
#7658 = ( BOUNDED_CURVE() B_SPLINE_CURVE(2,(#7659,#7660,#7661,#7662,
#7663,#7664,#7665),.UNSPECIFIED.,.T.,.F.) B_SPLINE_CURVE_WITH_KNOTS((1,2
    ,2,2,2,1),(-2.094395102393,0.,2.094395102393,4.188790204786,
6.28318530718,8.377580409573),.UNSPECIFIED.) CURVE() 
GEOMETRIC_REPRESENTATION_ITEM() RATIONAL_B_SPLINE_CURVE((1.,0.5,1.,0.5,
1.,0.5,1.)) REPRESENTATION_ITEM('') );
#7659 = CARTESIAN_POINT('',(2.812058882742E-16,-5.45));
#7660 = CARTESIAN_POINT('',(-1.039230484541,-5.45));
#7661 = CARTESIAN_POINT('',(-0.519615242271,-4.55));
#7662 = CARTESIAN_POINT('',(5.339285612415E-16,-3.65));
#7663 = CARTESIAN_POINT('',(0.519615242271,-4.55));
#7664 = CARTESIAN_POINT('',(1.039230484541,-5.45));
#7665 = CARTESIAN_POINT('',(2.812058882742E-16,-5.45));
#7666 = ( GEOMETRIC_REPRESENTATION_CONTEXT(2) 
PARAMETRIC_REPRESENTATION_CONTEXT() REPRESENTATION_CONTEXT('2D SPACE',''
  ) );
#7667 = ORIENTED_EDGE('',*,*,#7594,.F.);
#7668 = ADVANCED_FACE('',(#7669),#2143,.T.);
#7669 = FACE_BOUND('',#7670,.T.);
#7670 = EDGE_LOOP('',(#7671,#7672,#7673,#7694));
#7671 = ORIENTED_EDGE('',*,*,#2128,.T.);
#7672 = ORIENTED_EDGE('',*,*,#7619,.T.);
#7673 = ORIENTED_EDGE('',*,*,#7674,.F.);
#7674 = EDGE_CURVE('',#7675,#7620,#7677,.T.);
#7675 = VERTEX_POINT('',#7676);
#7676 = CARTESIAN_POINT('',(-0.6,103.55415428035,7.));
#7677 = SURFACE_CURVE('',#7678,(#7682,#7688),.PCURVE_S1.);
#7678 = LINE('',#7679,#7680);
#7679 = CARTESIAN_POINT('',(-0.6,112.37915428035,7.));
#7680 = VECTOR('',#7681,1.);
#7681 = DIRECTION('',(2.081668171172E-16,1.,-0.));
#7682 = PCURVE('',#2143,#7683);
#7683 = DEFINITIONAL_REPRESENTATION('',(#7684),#7687);
#7684 = B_SPLINE_CURVE_WITH_KNOTS('',1,(#7685,#7686),.UNSPECIFIED.,.F.,
  .F.,(2,2),(-8.825,-2.425),.PIECEWISE_BEZIER_KNOTS.);
#7685 = CARTESIAN_POINT('',(6.4,-3.));
#7686 = CARTESIAN_POINT('',(0.,-3.));
#7687 = ( GEOMETRIC_REPRESENTATION_CONTEXT(2) 
PARAMETRIC_REPRESENTATION_CONTEXT() REPRESENTATION_CONTEXT('2D SPACE',''
  ) );
#7688 = PCURVE('',#5635,#7689);
#7689 = DEFINITIONAL_REPRESENTATION('',(#7690),#7693);
#7690 = B_SPLINE_CURVE_WITH_KNOTS('',1,(#7691,#7692),.UNSPECIFIED.,.F.,
  .F.,(2,2),(-8.825,-2.425),.PIECEWISE_BEZIER_KNOTS.);
#7691 = CARTESIAN_POINT('',(-0.6,-11.25));
#7692 = CARTESIAN_POINT('',(-0.6,-4.85));
#7693 = ( GEOMETRIC_REPRESENTATION_CONTEXT(2) 
PARAMETRIC_REPRESENTATION_CONTEXT() REPRESENTATION_CONTEXT('2D SPACE',''
  ) );
#7694 = ORIENTED_EDGE('',*,*,#7695,.F.);
#7695 = EDGE_CURVE('',#2096,#7675,#7696,.T.);
#7696 = SURFACE_CURVE('',#7697,(#7701,#7708),.PCURVE_S1.);
#7697 = LINE('',#7698,#7699);
#7698 = CARTESIAN_POINT('',(-0.6,103.55415428035,4.));
#7699 = VECTOR('',#7700,1.);
#7700 = DIRECTION('',(0.,0.,1.));
#7701 = PCURVE('',#2143,#7702);
#7702 = DEFINITIONAL_REPRESENTATION('',(#7703),#7707);
#7703 = LINE('',#7704,#7705);
#7704 = CARTESIAN_POINT('',(6.4,0.));
#7705 = VECTOR('',#7706,1.);
#7706 = DIRECTION('',(0.,-1.));
#7707 = ( GEOMETRIC_REPRESENTATION_CONTEXT(2) 
PARAMETRIC_REPRESENTATION_CONTEXT() REPRESENTATION_CONTEXT('2D SPACE',''
  ) );
#7708 = PCURVE('',#2116,#7709);
#7709 = DEFINITIONAL_REPRESENTATION('',(#7710),#7714);
#7710 = LINE('',#7711,#7712);
#7711 = CARTESIAN_POINT('',(4.712388980385,0.));
#7712 = VECTOR('',#7713,1.);
#7713 = DIRECTION('',(0.,-1.));
#7714 = ( GEOMETRIC_REPRESENTATION_CONTEXT(2) 
PARAMETRIC_REPRESENTATION_CONTEXT() REPRESENTATION_CONTEXT('2D SPACE',''
  ) );
#7715 = ADVANCED_FACE('',(#7716),#2116,.F.);
#7716 = FACE_BOUND('',#7717,.F.);
#7717 = EDGE_LOOP('',(#7718,#7719,#7720,#7746));
#7718 = ORIENTED_EDGE('',*,*,#2095,.F.);
#7719 = ORIENTED_EDGE('',*,*,#7550,.T.);
#7720 = ORIENTED_EDGE('',*,*,#7721,.T.);
#7721 = EDGE_CURVE('',#7551,#7675,#7722,.T.);
#7722 = SURFACE_CURVE('',#7723,(#7728,#7735),.PCURVE_S1.);
#7723 = CIRCLE('',#7724,0.6);
#7724 = AXIS2_PLACEMENT_3D('',#7725,#7726,#7727);
#7725 = CARTESIAN_POINT('',(-2.189303745731E-15,103.55415428035,7.));
#7726 = DIRECTION('',(0.,0.,-1.));
#7727 = DIRECTION('',(2.22044604925E-16,1.,0.));
#7728 = PCURVE('',#2116,#7729);
#7729 = DEFINITIONAL_REPRESENTATION('',(#7730),#7734);
#7730 = LINE('',#7731,#7732);
#7731 = CARTESIAN_POINT('',(0.,-3.));
#7732 = VECTOR('',#7733,1.);
#7733 = DIRECTION('',(1.,0.));
#7734 = ( GEOMETRIC_REPRESENTATION_CONTEXT(2) 
PARAMETRIC_REPRESENTATION_CONTEXT() REPRESENTATION_CONTEXT('2D SPACE',''
  ) );
#7735 = PCURVE('',#5635,#7736);
#7736 = DEFINITIONAL_REPRESENTATION('',(#7737),#7745);
#7737 = ( BOUNDED_CURVE() B_SPLINE_CURVE(2,(#7738,#7739,#7740,#7741,
#7742,#7743,#7744),.UNSPECIFIED.,.T.,.F.) B_SPLINE_CURVE_WITH_KNOTS((1,2
    ,2,2,2,1),(-2.094395102393,0.,2.094395102393,4.188790204786,
6.28318530718,8.377580409573),.UNSPECIFIED.) CURVE() 
GEOMETRIC_REPRESENTATION_ITEM() RATIONAL_B_SPLINE_CURVE((1.,0.5,1.,0.5,
1.,0.5,1.)) REPRESENTATION_ITEM('') );
#7738 = CARTESIAN_POINT('',(-8.73426057336E-16,-10.65));
#7739 = CARTESIAN_POINT('',(1.039230484541,-10.65));
#7740 = CARTESIAN_POINT('',(0.519615242271,-11.55));
#7741 = CARTESIAN_POINT('',(-1.126148730303E-15,-12.45));
#7742 = CARTESIAN_POINT('',(-0.519615242271,-11.55));
#7743 = CARTESIAN_POINT('',(-1.039230484541,-10.65));
#7744 = CARTESIAN_POINT('',(-8.73426057336E-16,-10.65));
#7745 = ( GEOMETRIC_REPRESENTATION_CONTEXT(2) 
PARAMETRIC_REPRESENTATION_CONTEXT() REPRESENTATION_CONTEXT('2D SPACE',''
  ) );
#7746 = ORIENTED_EDGE('',*,*,#7695,.F.);
#7747 = ADVANCED_FACE('',(#7748),#2204,.T.);
#7748 = FACE_BOUND('',#7749,.T.);
#7749 = EDGE_LOOP('',(#7750,#7751,#7774,#7795));
#7750 = ORIENTED_EDGE('',*,*,#2187,.T.);
#7751 = ORIENTED_EDGE('',*,*,#7752,.T.);
#7752 = EDGE_CURVE('',#2190,#7753,#7755,.T.);
#7753 = VERTEX_POINT('',#7754);
#7754 = CARTESIAN_POINT('',(6.017056302064,109.63562611571,7.));
#7755 = SURFACE_CURVE('',#7756,(#7760,#7767),.PCURVE_S1.);
#7756 = LINE('',#7757,#7758);
#7757 = CARTESIAN_POINT('',(6.017056302064,109.63562611571,4.));
#7758 = VECTOR('',#7759,1.);
#7759 = DIRECTION('',(0.,0.,1.));
#7760 = PCURVE('',#2204,#7761);
#7761 = DEFINITIONAL_REPRESENTATION('',(#7762),#7766);
#7762 = LINE('',#7763,#7764);
#7763 = CARTESIAN_POINT('',(1.884110950421E-15,0.));
#7764 = VECTOR('',#7765,1.);
#7765 = DIRECTION('',(0.,-1.));
#7766 = ( GEOMETRIC_REPRESENTATION_CONTEXT(2) 
PARAMETRIC_REPRESENTATION_CONTEXT() REPRESENTATION_CONTEXT('2D SPACE',''
  ) );
#7767 = PCURVE('',#2236,#7768);
#7768 = DEFINITIONAL_REPRESENTATION('',(#7769),#7773);
#7769 = LINE('',#7770,#7771);
#7770 = CARTESIAN_POINT('',(-2.420167212863,0.));
#7771 = VECTOR('',#7772,1.);
#7772 = DIRECTION('',(-0.,-1.));
#7773 = ( GEOMETRIC_REPRESENTATION_CONTEXT(2) 
PARAMETRIC_REPRESENTATION_CONTEXT() REPRESENTATION_CONTEXT('2D SPACE',''
  ) );
#7774 = ORIENTED_EDGE('',*,*,#7775,.F.);
#7775 = EDGE_CURVE('',#7776,#7753,#7778,.T.);
#7776 = VERTEX_POINT('',#7777);
#7777 = CARTESIAN_POINT('',(3.853731957467,111.79895046031,7.));
#7778 = SURFACE_CURVE('',#7779,(#7783,#7789),.PCURVE_S1.);
#7779 = LINE('',#7780,#7781);
#7780 = CARTESIAN_POINT('',(3.220660185388,112.43202223239,7.));
#7781 = VECTOR('',#7782,1.);
#7782 = DIRECTION('',(0.707106781187,-0.707106781187,0.));
#7783 = PCURVE('',#2204,#7784);
#7784 = DEFINITIONAL_REPRESENTATION('',(#7785),#7788);
#7785 = B_SPLINE_CURVE_WITH_KNOTS('',1,(#7786,#7787),.UNSPECIFIED.,.F.,
  .F.,(2,2),(0.895298686029,3.954701313971),.PIECEWISE_BEZIER_KNOTS.);
#7786 = CARTESIAN_POINT('',(3.059402627941,-3.));
#7787 = CARTESIAN_POINT('',(1.7763568394E-15,-3.));
#7788 = ( GEOMETRIC_REPRESENTATION_CONTEXT(2) 
PARAMETRIC_REPRESENTATION_CONTEXT() REPRESENTATION_CONTEXT('2D SPACE',''
  ) );
#7789 = PCURVE('',#5635,#7790);
#7790 = DEFINITIONAL_REPRESENTATION('',(#7791),#7794);
#7791 = B_SPLINE_CURVE_WITH_KNOTS('',1,(#7792,#7793),.UNSPECIFIED.,.F.,
  .F.,(2,2),(0.895298686029,3.954701313971),.PIECEWISE_BEZIER_KNOTS.);
#7792 = CARTESIAN_POINT('',(3.853731957467,-3.005203820043));
#7793 = CARTESIAN_POINT('',(6.017056302064,-5.16852816464));
#7794 = ( GEOMETRIC_REPRESENTATION_CONTEXT(2) 
PARAMETRIC_REPRESENTATION_CONTEXT() REPRESENTATION_CONTEXT('2D SPACE',''
  ) );
#7795 = ORIENTED_EDGE('',*,*,#7796,.F.);
#7796 = EDGE_CURVE('',#2188,#7776,#7797,.T.);
#7797 = SURFACE_CURVE('',#7798,(#7802,#7809),.PCURVE_S1.);
#7798 = LINE('',#7799,#7800);
#7799 = CARTESIAN_POINT('',(3.853731957467,111.79895046031,4.));
#7800 = VECTOR('',#7801,1.);
#7801 = DIRECTION('',(0.,0.,1.));
#7802 = PCURVE('',#2204,#7803);
#7803 = DEFINITIONAL_REPRESENTATION('',(#7804),#7808);
#7804 = LINE('',#7805,#7806);
#7805 = CARTESIAN_POINT('',(3.059402627941,0.));
#7806 = VECTOR('',#7807,1.);
#7807 = DIRECTION('',(0.,-1.));
#7808 = ( GEOMETRIC_REPRESENTATION_CONTEXT(2) 
PARAMETRIC_REPRESENTATION_CONTEXT() REPRESENTATION_CONTEXT('2D SPACE',''
  ) );
#7809 = PCURVE('',#2411,#7810);
#7810 = DEFINITIONAL_REPRESENTATION('',(#7811),#7815);
#7811 = LINE('',#7812,#7813);
#7812 = CARTESIAN_POINT('',(4.712388980385,0.));
#7813 = VECTOR('',#7814,1.);
#7814 = DIRECTION('',(0.,-1.));
#7815 = ( GEOMETRIC_REPRESENTATION_CONTEXT(2) 
PARAMETRIC_REPRESENTATION_CONTEXT() REPRESENTATION_CONTEXT('2D SPACE',''
  ) );
#7816 = ADVANCED_FACE('',(#7817),#2411,.F.);
#7817 = FACE_BOUND('',#7818,.F.);
#7818 = EDGE_LOOP('',(#7819,#7820,#7843,#7869));
#7819 = ORIENTED_EDGE('',*,*,#2392,.F.);
#7820 = ORIENTED_EDGE('',*,*,#7821,.T.);
#7821 = EDGE_CURVE('',#2367,#7822,#7824,.T.);
#7822 = VERTEX_POINT('',#7823);
#7823 = CARTESIAN_POINT('',(3.005203820043,110.95042232289,7.));
#7824 = SURFACE_CURVE('',#7825,(#7829,#7836),.PCURVE_S1.);
#7825 = LINE('',#7826,#7827);
#7826 = CARTESIAN_POINT('',(3.005203820043,110.95042232289,4.));
#7827 = VECTOR('',#7828,1.);
#7828 = DIRECTION('',(0.,0.,1.));
#7829 = PCURVE('',#2411,#7830);
#7830 = DEFINITIONAL_REPRESENTATION('',(#7831),#7835);
#7831 = LINE('',#7832,#7833);
#7832 = CARTESIAN_POINT('',(1.570796326795,0.));
#7833 = VECTOR('',#7834,1.);
#7834 = DIRECTION('',(0.,-1.));
#7835 = ( GEOMETRIC_REPRESENTATION_CONTEXT(2) 
PARAMETRIC_REPRESENTATION_CONTEXT() REPRESENTATION_CONTEXT('2D SPACE',''
  ) );
#7836 = PCURVE('',#2381,#7837);
#7837 = DEFINITIONAL_REPRESENTATION('',(#7838),#7842);
#7838 = LINE('',#7839,#7840);
#7839 = CARTESIAN_POINT('',(0.,0.));
#7840 = VECTOR('',#7841,1.);
#7841 = DIRECTION('',(0.,-1.));
#7842 = ( GEOMETRIC_REPRESENTATION_CONTEXT(2) 
PARAMETRIC_REPRESENTATION_CONTEXT() REPRESENTATION_CONTEXT('2D SPACE',''
  ) );
#7843 = ORIENTED_EDGE('',*,*,#7844,.T.);
#7844 = EDGE_CURVE('',#7822,#7776,#7845,.T.);
#7845 = SURFACE_CURVE('',#7846,(#7851,#7858),.PCURVE_S1.);
#7846 = CIRCLE('',#7847,0.6);
#7847 = AXIS2_PLACEMENT_3D('',#7848,#7849,#7850);
#7848 = CARTESIAN_POINT('',(3.429467888755,111.3746863916,7.));
#7849 = DIRECTION('',(0.,-0.,-1.));
#7850 = DIRECTION('',(0.707106781187,-0.707106781187,0.));
#7851 = PCURVE('',#2411,#7852);
#7852 = DEFINITIONAL_REPRESENTATION('',(#7853),#7857);
#7853 = LINE('',#7854,#7855);
#7854 = CARTESIAN_POINT('',(0.,-3.));
#7855 = VECTOR('',#7856,1.);
#7856 = DIRECTION('',(1.,0.));
#7857 = ( GEOMETRIC_REPRESENTATION_CONTEXT(2) 
PARAMETRIC_REPRESENTATION_CONTEXT() REPRESENTATION_CONTEXT('2D SPACE',''
  ) );
#7858 = PCURVE('',#5635,#7859);
#7859 = DEFINITIONAL_REPRESENTATION('',(#7860),#7868);
#7860 = ( BOUNDED_CURVE() B_SPLINE_CURVE(2,(#7861,#7862,#7863,#7864,
#7865,#7866,#7867),.UNSPECIFIED.,.T.,.F.) B_SPLINE_CURVE_WITH_KNOTS((1,2
    ,2,2,2,1),(-2.094395102393,0.,2.094395102393,4.188790204786,
6.28318530718,8.377580409573),.UNSPECIFIED.) CURVE() 
GEOMETRIC_REPRESENTATION_ITEM() RATIONAL_B_SPLINE_CURVE((1.,0.5,1.,0.5,
1.,0.5,1.)) REPRESENTATION_ITEM('') );
#7861 = CARTESIAN_POINT('',(3.853731957467,-3.853731957467));
#7862 = CARTESIAN_POINT('',(3.118885034632,-4.588578880302));
#7863 = CARTESIAN_POINT('',(2.849912392981,-3.584759315816));
#7864 = CARTESIAN_POINT('',(2.580939751331,-2.580939751331));
#7865 = CARTESIAN_POINT('',(3.584759315816,-2.849912392981));
#7866 = CARTESIAN_POINT('',(4.588578880302,-3.118885034632));
#7867 = CARTESIAN_POINT('',(3.853731957467,-3.853731957467));
#7868 = ( GEOMETRIC_REPRESENTATION_CONTEXT(2) 
PARAMETRIC_REPRESENTATION_CONTEXT() REPRESENTATION_CONTEXT('2D SPACE',''
  ) );
#7869 = ORIENTED_EDGE('',*,*,#7796,.F.);
#7870 = ADVANCED_FACE('',(#7871),#2381,.T.);
#7871 = FACE_BOUND('',#7872,.T.);
#7872 = EDGE_LOOP('',(#7873,#7874,#7875,#7896));
#7873 = ORIENTED_EDGE('',*,*,#2366,.T.);
#7874 = ORIENTED_EDGE('',*,*,#7821,.T.);
#7875 = ORIENTED_EDGE('',*,*,#7876,.F.);
#7876 = EDGE_CURVE('',#7877,#7822,#7879,.T.);
#7877 = VERTEX_POINT('',#7878);
#7878 = CARTESIAN_POINT('',(5.16852816464,108.78709797829,7.));
#7879 = SURFACE_CURVE('',#7880,(#7884,#7890),.PCURVE_S1.);
#7880 = LINE('',#7881,#7882);
#7881 = CARTESIAN_POINT('',(1.290469875665,112.66515626726,7.));
#7882 = VECTOR('',#7883,1.);
#7883 = DIRECTION('',(-0.707106781187,0.707106781187,0.));
#7884 = PCURVE('',#2381,#7885);
#7885 = DEFINITIONAL_REPRESENTATION('',(#7886),#7889);
#7886 = B_SPLINE_CURVE_WITH_KNOTS('',1,(#7887,#7888),.UNSPECIFIED.,.F.,
  .F.,(2,2),(-5.484402627941,-2.425),.PIECEWISE_BEZIER_KNOTS.);
#7887 = CARTESIAN_POINT('',(3.059402627941,-3.));
#7888 = CARTESIAN_POINT('',(0.,-3.));
#7889 = ( GEOMETRIC_REPRESENTATION_CONTEXT(2) 
PARAMETRIC_REPRESENTATION_CONTEXT() REPRESENTATION_CONTEXT('2D SPACE',''
  ) );
#7890 = PCURVE('',#5635,#7891);
#7891 = DEFINITIONAL_REPRESENTATION('',(#7892),#7895);
#7892 = B_SPLINE_CURVE_WITH_KNOTS('',1,(#7893,#7894),.UNSPECIFIED.,.F.,
  .F.,(2,2),(-5.484402627941,-2.425),.PIECEWISE_BEZIER_KNOTS.);
#7893 = CARTESIAN_POINT('',(5.16852816464,-6.017056302064));
#7894 = CARTESIAN_POINT('',(3.005203820043,-3.853731957467));
#7895 = ( GEOMETRIC_REPRESENTATION_CONTEXT(2) 
PARAMETRIC_REPRESENTATION_CONTEXT() REPRESENTATION_CONTEXT('2D SPACE',''
  ) );
#7896 = ORIENTED_EDGE('',*,*,#7897,.F.);
#7897 = EDGE_CURVE('',#2334,#7877,#7898,.T.);
#7898 = SURFACE_CURVE('',#7899,(#7903,#7910),.PCURVE_S1.);
#7899 = LINE('',#7900,#7901);
#7900 = CARTESIAN_POINT('',(5.16852816464,108.78709797829,4.));
#7901 = VECTOR('',#7902,1.);
#7902 = DIRECTION('',(0.,0.,1.));
#7903 = PCURVE('',#2381,#7904);
#7904 = DEFINITIONAL_REPRESENTATION('',(#7905),#7909);
#7905 = LINE('',#7906,#7907);
#7906 = CARTESIAN_POINT('',(3.059402627941,0.));
#7907 = VECTOR('',#7908,1.);
#7908 = DIRECTION('',(0.,-1.));
#7909 = ( GEOMETRIC_REPRESENTATION_CONTEXT(2) 
PARAMETRIC_REPRESENTATION_CONTEXT() REPRESENTATION_CONTEXT('2D SPACE',''
  ) );
#7910 = PCURVE('',#2354,#7911);
#7911 = DEFINITIONAL_REPRESENTATION('',(#7912),#7916);
#7912 = LINE('',#7913,#7914);
#7913 = CARTESIAN_POINT('',(-2.716907210556,0.));
#7914 = VECTOR('',#7915,1.);
#7915 = DIRECTION('',(-0.,-1.));
#7916 = ( GEOMETRIC_REPRESENTATION_CONTEXT(2) 
PARAMETRIC_REPRESENTATION_CONTEXT() REPRESENTATION_CONTEXT('2D SPACE',''
  ) );
#7917 = ADVANCED_FACE('',(#7918),#2354,.F.);
#7918 = FACE_BOUND('',#7919,.T.);
#7919 = EDGE_LOOP('',(#7920,#7921,#7922,#7950));
#7920 = ORIENTED_EDGE('',*,*,#2333,.T.);
#7921 = ORIENTED_EDGE('',*,*,#7897,.T.);
#7922 = ORIENTED_EDGE('',*,*,#7923,.F.);
#7923 = EDGE_CURVE('',#7924,#7877,#7926,.T.);
#7924 = VERTEX_POINT('',#7925);
#7925 = CARTESIAN_POINT('',(7.417972540481,106.53765360245,7.));
#7926 = SURFACE_CURVE('',#7927,(#7932,#7939),.PCURVE_S1.);
#7927 = CIRCLE('',#7928,1.7);
#7928 = AXIS2_PLACEMENT_3D('',#7929,#7930,#7931);
#7929 = CARTESIAN_POINT('',(6.717514421272,108.08663985908,7.));
#7930 = DIRECTION('',(0.,0.,-1.));
#7931 = DIRECTION('',(1.,0.,0.));
#7932 = PCURVE('',#2354,#7933);
#7933 = DEFINITIONAL_REPRESENTATION('',(#7934),#7938);
#7934 = LINE('',#7935,#7936);
#7935 = CARTESIAN_POINT('',(-6.28318530718,-3.));
#7936 = VECTOR('',#7937,1.);
#7937 = DIRECTION('',(1.,-0.));
#7938 = ( GEOMETRIC_REPRESENTATION_CONTEXT(2) 
PARAMETRIC_REPRESENTATION_CONTEXT() REPRESENTATION_CONTEXT('2D SPACE',''
  ) );
#7939 = PCURVE('',#5635,#7940);
#7940 = DEFINITIONAL_REPRESENTATION('',(#7941),#7949);
#7941 = ( BOUNDED_CURVE() B_SPLINE_CURVE(2,(#7942,#7943,#7944,#7945,
#7946,#7947,#7948),.UNSPECIFIED.,.T.,.F.) B_SPLINE_CURVE_WITH_KNOTS((1,2
    ,2,2,2,1),(-2.094395102393,0.,2.094395102393,4.188790204786,
6.28318530718,8.377580409573),.UNSPECIFIED.) CURVE() 
GEOMETRIC_REPRESENTATION_ITEM() RATIONAL_B_SPLINE_CURVE((1.,0.5,1.,0.5,
1.,0.5,1.)) REPRESENTATION_ITEM('') );
#7942 = CARTESIAN_POINT('',(8.417514421272,-6.717514421272));
#7943 = CARTESIAN_POINT('',(8.417514421272,-9.662000794139));
#7944 = CARTESIAN_POINT('',(5.867514421272,-8.189757607706));
#7945 = CARTESIAN_POINT('',(3.317514421272,-6.717514421272));
#7946 = CARTESIAN_POINT('',(5.867514421272,-5.245271234839));
#7947 = CARTESIAN_POINT('',(8.417514421272,-3.773028048405));
#7948 = CARTESIAN_POINT('',(8.417514421272,-6.717514421272));
#7949 = ( GEOMETRIC_REPRESENTATION_CONTEXT(2) 
PARAMETRIC_REPRESENTATION_CONTEXT() REPRESENTATION_CONTEXT('2D SPACE',''
  ) );
#7950 = ORIENTED_EDGE('',*,*,#7951,.F.);
#7951 = EDGE_CURVE('',#2308,#7924,#7952,.T.);
#7952 = SURFACE_CURVE('',#7953,(#7957,#7964),.PCURVE_S1.);
#7953 = LINE('',#7954,#7955);
#7954 = CARTESIAN_POINT('',(7.417972540481,106.53765360245,4.));
#7955 = VECTOR('',#7956,1.);
#7956 = DIRECTION('',(0.,0.,1.));
#7957 = PCURVE('',#2354,#7958);
#7958 = DEFINITIONAL_REPRESENTATION('',(#7959),#7963);
#7959 = LINE('',#7960,#7961);
#7960 = CARTESIAN_POINT('',(-5.137074423419,0.));
#7961 = VECTOR('',#7962,1.);
#7962 = DIRECTION('',(-0.,-1.));
#7963 = ( GEOMETRIC_REPRESENTATION_CONTEXT(2) 
PARAMETRIC_REPRESENTATION_CONTEXT() REPRESENTATION_CONTEXT('2D SPACE',''
  ) );
#7964 = PCURVE('',#2322,#7965);
#7965 = DEFINITIONAL_REPRESENTATION('',(#7966),#7970);
#7966 = LINE('',#7967,#7968);
#7967 = CARTESIAN_POINT('',(-1.256073966947E-15,-0.));
#7968 = VECTOR('',#7969,1.);
#7969 = DIRECTION('',(0.,-1.));
#7970 = ( GEOMETRIC_REPRESENTATION_CONTEXT(2) 
PARAMETRIC_REPRESENTATION_CONTEXT() REPRESENTATION_CONTEXT('2D SPACE',''
  ) );
#7971 = ADVANCED_FACE('',(#7972),#2322,.T.);
#7972 = FACE_BOUND('',#7973,.T.);
#7973 = EDGE_LOOP('',(#7974,#7975,#7976,#7997));
#7974 = ORIENTED_EDGE('',*,*,#2307,.T.);
#7975 = ORIENTED_EDGE('',*,*,#7951,.T.);
#7976 = ORIENTED_EDGE('',*,*,#7977,.F.);
#7977 = EDGE_CURVE('',#7978,#7924,#7980,.T.);
#7978 = VERTEX_POINT('',#7979);
#7979 = CARTESIAN_POINT('',(7.530687219637,106.42493892329,7.));
#7980 = SURFACE_CURVE('',#7981,(#7985,#7991),.PCURVE_S1.);
#7981 = LINE('',#7982,#7983);
#7982 = CARTESIAN_POINT('',(3.496854235884,110.45877190705,7.));
#7983 = VECTOR('',#7984,1.);
#7984 = DIRECTION('',(-0.707106781187,0.707106781187,0.));
#7985 = PCURVE('',#2322,#7986);
#7986 = DEFINITIONAL_REPRESENTATION('',(#7987),#7990);
#7987 = B_SPLINE_CURVE_WITH_KNOTS('',1,(#7988,#7989),.UNSPECIFIED.,.F.,
  .F.,(2,2),(-5.704701313971,-5.545298686029),.PIECEWISE_BEZIER_KNOTS.);
#7988 = CARTESIAN_POINT('',(0.159402627941,-3.));
#7989 = CARTESIAN_POINT('',(-1.7763568394E-15,-3.));
#7990 = ( GEOMETRIC_REPRESENTATION_CONTEXT(2) 
PARAMETRIC_REPRESENTATION_CONTEXT() REPRESENTATION_CONTEXT('2D SPACE',''
  ) );
#7991 = PCURVE('',#5635,#7992);
#7992 = DEFINITIONAL_REPRESENTATION('',(#7993),#7996);
#7993 = B_SPLINE_CURVE_WITH_KNOTS('',1,(#7994,#7995),.UNSPECIFIED.,.F.,
  .F.,(2,2),(-5.704701313971,-5.545298686029),.PIECEWISE_BEZIER_KNOTS.);
#7994 = CARTESIAN_POINT('',(7.530687219637,-8.379215357061));
#7995 = CARTESIAN_POINT('',(7.41797254048,-8.266500677904));
#7996 = ( GEOMETRIC_REPRESENTATION_CONTEXT(2) 
PARAMETRIC_REPRESENTATION_CONTEXT() REPRESENTATION_CONTEXT('2D SPACE',''
  ) );
#7997 = ORIENTED_EDGE('',*,*,#7998,.F.);
#7998 = EDGE_CURVE('',#2275,#7978,#7999,.T.);
#7999 = SURFACE_CURVE('',#8000,(#8004,#8011),.PCURVE_S1.);
#8000 = LINE('',#8001,#8002);
#8001 = CARTESIAN_POINT('',(7.530687219637,106.42493892329,4.));
#8002 = VECTOR('',#8003,1.);
#8003 = DIRECTION('',(0.,0.,1.));
#8004 = PCURVE('',#2322,#8005);
#8005 = DEFINITIONAL_REPRESENTATION('',(#8006),#8010);
#8006 = LINE('',#8007,#8008);
#8007 = CARTESIAN_POINT('',(0.159402627941,0.));
#8008 = VECTOR('',#8009,1.);
#8009 = DIRECTION('',(0.,-1.));
#8010 = ( GEOMETRIC_REPRESENTATION_CONTEXT(2) 
PARAMETRIC_REPRESENTATION_CONTEXT() REPRESENTATION_CONTEXT('2D SPACE',''
  ) );
#8011 = PCURVE('',#2295,#8012);
#8012 = DEFINITIONAL_REPRESENTATION('',(#8013),#8017);
#8013 = LINE('',#8014,#8015);
#8014 = CARTESIAN_POINT('',(4.712388980385,0.));
#8015 = VECTOR('',#8016,1.);
#8016 = DIRECTION('',(0.,-1.));
#8017 = ( GEOMETRIC_REPRESENTATION_CONTEXT(2) 
PARAMETRIC_REPRESENTATION_CONTEXT() REPRESENTATION_CONTEXT('2D SPACE',''
  ) );
#8018 = ADVANCED_FACE('',(#8019),#2295,.F.);
#8019 = FACE_BOUND('',#8020,.F.);
#8020 = EDGE_LOOP('',(#8021,#8022,#8045,#8071));
#8021 = ORIENTED_EDGE('',*,*,#2274,.F.);
#8022 = ORIENTED_EDGE('',*,*,#8023,.T.);
#8023 = EDGE_CURVE('',#2249,#8024,#8026,.T.);
#8024 = VERTEX_POINT('',#8025);
#8025 = CARTESIAN_POINT('',(8.379215357061,107.27346706072,7.));
#8026 = SURFACE_CURVE('',#8027,(#8031,#8038),.PCURVE_S1.);
#8027 = LINE('',#8028,#8029);
#8028 = CARTESIAN_POINT('',(8.379215357061,107.27346706072,4.));
#8029 = VECTOR('',#8030,1.);
#8030 = DIRECTION('',(0.,0.,1.));
#8031 = PCURVE('',#2295,#8032);
#8032 = DEFINITIONAL_REPRESENTATION('',(#8033),#8037);
#8033 = LINE('',#8034,#8035);
#8034 = CARTESIAN_POINT('',(1.570796326795,0.));
#8035 = VECTOR('',#8036,1.);
#8036 = DIRECTION('',(0.,-1.));
#8037 = ( GEOMETRIC_REPRESENTATION_CONTEXT(2) 
PARAMETRIC_REPRESENTATION_CONTEXT() REPRESENTATION_CONTEXT('2D SPACE',''
  ) );
#8038 = PCURVE('',#2263,#8039);
#8039 = DEFINITIONAL_REPRESENTATION('',(#8040),#8044);
#8040 = LINE('',#8041,#8042);
#8041 = CARTESIAN_POINT('',(0.,0.));
#8042 = VECTOR('',#8043,1.);
#8043 = DIRECTION('',(0.,-1.));
#8044 = ( GEOMETRIC_REPRESENTATION_CONTEXT(2) 
PARAMETRIC_REPRESENTATION_CONTEXT() REPRESENTATION_CONTEXT('2D SPACE',''
  ) );
#8045 = ORIENTED_EDGE('',*,*,#8046,.T.);
#8046 = EDGE_CURVE('',#8024,#7978,#8047,.T.);
#8047 = SURFACE_CURVE('',#8048,(#8053,#8060),.PCURVE_S1.);
#8048 = CIRCLE('',#8049,0.6);
#8049 = AXIS2_PLACEMENT_3D('',#8050,#8051,#8052);
#8050 = CARTESIAN_POINT('',(7.954951288349,106.84920299201,7.));
#8051 = DIRECTION('',(0.,0.,-1.));
#8052 = DIRECTION('',(-0.707106781187,0.707106781187,0.));
#8053 = PCURVE('',#2295,#8054);
#8054 = DEFINITIONAL_REPRESENTATION('',(#8055),#8059);
#8055 = LINE('',#8056,#8057);
#8056 = CARTESIAN_POINT('',(0.,-3.));
#8057 = VECTOR('',#8058,1.);
#8058 = DIRECTION('',(1.,0.));
#8059 = ( GEOMETRIC_REPRESENTATION_CONTEXT(2) 
PARAMETRIC_REPRESENTATION_CONTEXT() REPRESENTATION_CONTEXT('2D SPACE',''
  ) );
#8060 = PCURVE('',#5635,#8061);
#8061 = DEFINITIONAL_REPRESENTATION('',(#8062),#8070);
#8062 = ( BOUNDED_CURVE() B_SPLINE_CURVE(2,(#8063,#8064,#8065,#8066,
#8067,#8068,#8069),.UNSPECIFIED.,.T.,.F.) B_SPLINE_CURVE_WITH_KNOTS((1,2
    ,2,2,2,1),(-2.094395102393,0.,2.094395102393,4.188790204786,
6.28318530718,8.377580409573),.UNSPECIFIED.) CURVE() 
GEOMETRIC_REPRESENTATION_ITEM() RATIONAL_B_SPLINE_CURVE((1.,0.5,1.,0.5,
1.,0.5,1.)) REPRESENTATION_ITEM('') );
#8063 = CARTESIAN_POINT('',(7.530687219637,-7.530687219637));
#8064 = CARTESIAN_POINT('',(8.265534142472,-6.795840296802));
#8065 = CARTESIAN_POINT('',(8.534506784122,-7.799659861287));
#8066 = CARTESIAN_POINT('',(8.803479425773,-8.803479425773));
#8067 = CARTESIAN_POINT('',(7.799659861287,-8.534506784122));
#8068 = CARTESIAN_POINT('',(6.795840296802,-8.265534142472));
#8069 = CARTESIAN_POINT('',(7.530687219637,-7.530687219637));
#8070 = ( GEOMETRIC_REPRESENTATION_CONTEXT(2) 
PARAMETRIC_REPRESENTATION_CONTEXT() REPRESENTATION_CONTEXT('2D SPACE',''
  ) );
#8071 = ORIENTED_EDGE('',*,*,#7998,.F.);
#8072 = ADVANCED_FACE('',(#8073),#2263,.T.);
#8073 = FACE_BOUND('',#8074,.T.);
#8074 = EDGE_LOOP('',(#8075,#8076,#8077,#8098));
#8075 = ORIENTED_EDGE('',*,*,#2248,.T.);
#8076 = ORIENTED_EDGE('',*,*,#8023,.T.);
#8077 = ORIENTED_EDGE('',*,*,#8078,.F.);
#8078 = EDGE_CURVE('',#8079,#8024,#8081,.T.);
#8079 = VERTEX_POINT('',#8080);
#8080 = CARTESIAN_POINT('',(8.266500677904,107.38618173987,7.));
#8081 = SURFACE_CURVE('',#8082,(#8086,#8092),.PCURVE_S1.);
#8082 = LINE('',#8083,#8084);
#8083 = CARTESIAN_POINT('',(4.401739712886,111.25094270489,7.));
#8084 = VECTOR('',#8085,1.);
#8085 = DIRECTION('',(0.707106781187,-0.707106781187,0.));
#8086 = PCURVE('',#2263,#8087);
#8087 = DEFINITIONAL_REPRESENTATION('',(#8088),#8091);
#8088 = B_SPLINE_CURVE_WITH_KNOTS('',1,(#8089,#8090),.UNSPECIFIED.,.F.,
  .F.,(2,2),(5.465597372059,5.625),.PIECEWISE_BEZIER_KNOTS.);
#8089 = CARTESIAN_POINT('',(0.159402627941,-3.));
#8090 = CARTESIAN_POINT('',(0.,-3.));
#8091 = ( GEOMETRIC_REPRESENTATION_CONTEXT(2) 
PARAMETRIC_REPRESENTATION_CONTEXT() REPRESENTATION_CONTEXT('2D SPACE',''
  ) );
#8092 = PCURVE('',#5635,#8093);
#8093 = DEFINITIONAL_REPRESENTATION('',(#8094),#8097);
#8094 = B_SPLINE_CURVE_WITH_KNOTS('',1,(#8095,#8096),.UNSPECIFIED.,.F.,
  .F.,(2,2),(5.465597372059,5.625),.PIECEWISE_BEZIER_KNOTS.);
#8095 = CARTESIAN_POINT('',(8.266500677904,-7.41797254048));
#8096 = CARTESIAN_POINT('',(8.379215357061,-7.530687219637));
#8097 = ( GEOMETRIC_REPRESENTATION_CONTEXT(2) 
PARAMETRIC_REPRESENTATION_CONTEXT() REPRESENTATION_CONTEXT('2D SPACE',''
  ) );
#8098 = ORIENTED_EDGE('',*,*,#8099,.F.);
#8099 = EDGE_CURVE('',#2216,#8079,#8100,.T.);
#8100 = SURFACE_CURVE('',#8101,(#8105,#8112),.PCURVE_S1.);
#8101 = LINE('',#8102,#8103);
#8102 = CARTESIAN_POINT('',(8.266500677904,107.38618173987,4.));
#8103 = VECTOR('',#8104,1.);
#8104 = DIRECTION('',(0.,0.,1.));
#8105 = PCURVE('',#2263,#8106);
#8106 = DEFINITIONAL_REPRESENTATION('',(#8107),#8111);
#8107 = LINE('',#8108,#8109);
#8108 = CARTESIAN_POINT('',(0.159402627941,0.));
#8109 = VECTOR('',#8110,1.);
#8110 = DIRECTION('',(0.,-1.));
#8111 = ( GEOMETRIC_REPRESENTATION_CONTEXT(2) 
PARAMETRIC_REPRESENTATION_CONTEXT() REPRESENTATION_CONTEXT('2D SPACE',''
  ) );
#8112 = PCURVE('',#2236,#8113);
#8113 = DEFINITIONAL_REPRESENTATION('',(#8114),#8118);
#8114 = LINE('',#8115,#8116);
#8115 = CARTESIAN_POINT('',(-0.,0.));
#8116 = VECTOR('',#8117,1.);
#8117 = DIRECTION('',(-0.,-1.));
#8118 = ( GEOMETRIC_REPRESENTATION_CONTEXT(2) 
PARAMETRIC_REPRESENTATION_CONTEXT() REPRESENTATION_CONTEXT('2D SPACE',''
  ) );
#8119 = ADVANCED_FACE('',(#8120),#2236,.F.);
#8120 = FACE_BOUND('',#8121,.T.);
#8121 = EDGE_LOOP('',(#8122,#8123,#8124,#8150));
#8122 = ORIENTED_EDGE('',*,*,#2215,.T.);
#8123 = ORIENTED_EDGE('',*,*,#8099,.T.);
#8124 = ORIENTED_EDGE('',*,*,#8125,.F.);
#8125 = EDGE_CURVE('',#7753,#8079,#8126,.T.);
#8126 = SURFACE_CURVE('',#8127,(#8132,#8139),.PCURVE_S1.);
#8127 = CIRCLE('',#8128,1.7);
#8128 = AXIS2_PLACEMENT_3D('',#8129,#8130,#8131);
#8129 = CARTESIAN_POINT('',(6.717514421272,108.08663985908,7.));
#8130 = DIRECTION('',(0.,-0.,-1.));
#8131 = DIRECTION('',(0.911168386254,-0.41203418777,0.));
#8132 = PCURVE('',#2236,#8133);
#8133 = DEFINITIONAL_REPRESENTATION('',(#8134),#8138);
#8134 = LINE('',#8135,#8136);
#8135 = CARTESIAN_POINT('',(-6.28318530718,-3.));
#8136 = VECTOR('',#8137,1.);
#8137 = DIRECTION('',(1.,-0.));
#8138 = ( GEOMETRIC_REPRESENTATION_CONTEXT(2) 
PARAMETRIC_REPRESENTATION_CONTEXT() REPRESENTATION_CONTEXT('2D SPACE',''
  ) );
#8139 = PCURVE('',#5635,#8140);
#8140 = DEFINITIONAL_REPRESENTATION('',(#8141),#8149);
#8141 = ( BOUNDED_CURVE() B_SPLINE_CURVE(2,(#8142,#8143,#8144,#8145,
#8146,#8147,#8148),.UNSPECIFIED.,.T.,.F.) B_SPLINE_CURVE_WITH_KNOTS((1,2
    ,2,2,2,1),(-2.094395102393,0.,2.094395102393,4.188790204786,
6.28318530718,8.377580409573),.UNSPECIFIED.) CURVE() 
GEOMETRIC_REPRESENTATION_ITEM() RATIONAL_B_SPLINE_CURVE((1.,0.5,1.,0.5,
1.,0.5,1.)) REPRESENTATION_ITEM('') );
#8142 = CARTESIAN_POINT('',(8.266500677904,-7.417972540481));
#8143 = CARTESIAN_POINT('',(7.053271626861,-10.10089543719));
#8144 = CARTESIAN_POINT('',(5.336406767435,-7.708746810024));
#8145 = CARTESIAN_POINT('',(3.619541908008,-5.316598182856));
#8146 = CARTESIAN_POINT('',(6.549635818478,-5.025823913312));
#8147 = CARTESIAN_POINT('',(9.479729728947,-4.735049643768));
#8148 = CARTESIAN_POINT('',(8.266500677904,-7.417972540481));
#8149 = ( GEOMETRIC_REPRESENTATION_CONTEXT(2) 
PARAMETRIC_REPRESENTATION_CONTEXT() REPRESENTATION_CONTEXT('2D SPACE',''
  ) );
#8150 = ORIENTED_EDGE('',*,*,#7752,.F.);
#8151 = ADVANCED_FACE('',(#8152),#2448,.F.);
#8152 = FACE_BOUND('',#8153,.T.);
#8153 = EDGE_LOOP('',(#8154,#8155,#8178,#8206));
#8154 = ORIENTED_EDGE('',*,*,#2425,.T.);
#8155 = ORIENTED_EDGE('',*,*,#8156,.T.);
#8156 = EDGE_CURVE('',#2428,#8157,#8159,.T.);
#8157 = VERTEX_POINT('',#8158);
#8158 = CARTESIAN_POINT('',(11.548494156391,110.02061137579,7.));
#8159 = SURFACE_CURVE('',#8160,(#8164,#8171),.PCURVE_S1.);
#8160 = LINE('',#8161,#8162);
#8161 = CARTESIAN_POINT('',(11.548494156391,110.02061137579,4.));
#8162 = VECTOR('',#8163,1.);
#8163 = DIRECTION('',(0.,0.,1.));
#8164 = PCURVE('',#2448,#8165);
#8165 = DEFINITIONAL_REPRESENTATION('',(#8166),#8170);
#8166 = LINE('',#8167,#8168);
#8167 = CARTESIAN_POINT('',(-3.23331074611,0.));
#8168 = VECTOR('',#8169,1.);
#8169 = DIRECTION('',(-0.,-1.));
#8170 = ( GEOMETRIC_REPRESENTATION_CONTEXT(2) 
PARAMETRIC_REPRESENTATION_CONTEXT() REPRESENTATION_CONTEXT('2D SPACE',''
  ) );
#8171 = PCURVE('',#2479,#8172);
#8172 = DEFINITIONAL_REPRESENTATION('',(#8173),#8177);
#8173 = LINE('',#8174,#8175);
#8174 = CARTESIAN_POINT('',(-2.264476397672,0.));
#8175 = VECTOR('',#8176,1.);
#8176 = DIRECTION('',(-0.,-1.));
#8177 = ( GEOMETRIC_REPRESENTATION_CONTEXT(2) 
PARAMETRIC_REPRESENTATION_CONTEXT() REPRESENTATION_CONTEXT('2D SPACE',''
  ) );
#8178 = ORIENTED_EDGE('',*,*,#8179,.F.);
#8179 = EDGE_CURVE('',#8180,#8157,#8182,.T.);
#8180 = VERTEX_POINT('',#8181);
#8181 = CARTESIAN_POINT('',(16.445055678701,107.99238918426,7.));
#8182 = SURFACE_CURVE('',#8183,(#8188,#8195),.PCURVE_S1.);
#8183 = CIRCLE('',#8184,2.99453125);
#8184 = AXIS2_PLACEMENT_3D('',#8185,#8186,#8187);
#8185 = CARTESIAN_POINT('',(14.530438922836,110.29487915935,7.));
#8186 = DIRECTION('',(0.,0.,-1.));
#8187 = DIRECTION('',(1.,0.,0.));
#8188 = PCURVE('',#2448,#8189);
#8189 = DEFINITIONAL_REPRESENTATION('',(#8190),#8194);
#8190 = LINE('',#8191,#8192);
#8191 = CARTESIAN_POINT('',(-6.28318530718,-3.));
#8192 = VECTOR('',#8193,1.);
#8193 = DIRECTION('',(1.,-0.));
#8194 = ( GEOMETRIC_REPRESENTATION_CONTEXT(2) 
PARAMETRIC_REPRESENTATION_CONTEXT() REPRESENTATION_CONTEXT('2D SPACE',''
  ) );
#8195 = PCURVE('',#5635,#8196);
#8196 = DEFINITIONAL_REPRESENTATION('',(#8197),#8205);
#8197 = ( BOUNDED_CURVE() B_SPLINE_CURVE(2,(#8198,#8199,#8200,#8201,
#8202,#8203,#8204),.UNSPECIFIED.,.T.,.F.) B_SPLINE_CURVE_WITH_KNOTS((1,2
    ,2,2,2,1),(-2.094395102393,0.,2.094395102393,4.188790204786,
6.28318530718,8.377580409573),.UNSPECIFIED.) CURVE() 
GEOMETRIC_REPRESENTATION_ITEM() RATIONAL_B_SPLINE_CURVE((1.,0.5,1.,0.5,
1.,0.5,1.)) REPRESENTATION_ITEM('') );
#8198 = CARTESIAN_POINT('',(17.524970172836,-4.509275121009));
#8199 = CARTESIAN_POINT('',(17.524970172836,-9.695955390861));
#8200 = CARTESIAN_POINT('',(13.033173297836,-7.102615255935));
#8201 = CARTESIAN_POINT('',(8.541376422836,-4.509275121009));
#8202 = CARTESIAN_POINT('',(13.033173297836,-1.915934986082));
#8203 = CARTESIAN_POINT('',(17.524970172836,0.677405148844));
#8204 = CARTESIAN_POINT('',(17.524970172836,-4.509275121009));
#8205 = ( GEOMETRIC_REPRESENTATION_CONTEXT(2) 
PARAMETRIC_REPRESENTATION_CONTEXT() REPRESENTATION_CONTEXT('2D SPACE',''
  ) );
#8206 = ORIENTED_EDGE('',*,*,#8207,.F.);
#8207 = EDGE_CURVE('',#2426,#8180,#8208,.T.);
#8208 = SURFACE_CURVE('',#8209,(#8213,#8220),.PCURVE_S1.);
#8209 = LINE('',#8210,#8211);
#8210 = CARTESIAN_POINT('',(16.445055678701,107.99238918426,4.));
#8211 = VECTOR('',#8212,1.);
#8212 = DIRECTION('',(0.,0.,1.));
#8213 = PCURVE('',#2448,#8214);
#8214 = DEFINITIONAL_REPRESENTATION('',(#8215),#8219);
#8215 = LINE('',#8216,#8217);
#8216 = CARTESIAN_POINT('',(-5.406069051262,0.));
#8217 = VECTOR('',#8218,1.);
#8218 = DIRECTION('',(-0.,-1.));
#8219 = ( GEOMETRIC_REPRESENTATION_CONTEXT(2) 
PARAMETRIC_REPRESENTATION_CONTEXT() REPRESENTATION_CONTEXT('2D SPACE',''
  ) );
#8220 = PCURVE('',#2479,#8221);
#8221 = DEFINITIONAL_REPRESENTATION('',(#8222),#8226);
#8222 = LINE('',#8223,#8224);
#8223 = CARTESIAN_POINT('',(-9.171809252054E-02,0.));
#8224 = VECTOR('',#8225,1.);
#8225 = DIRECTION('',(-0.,-1.));
#8226 = ( GEOMETRIC_REPRESENTATION_CONTEXT(2) 
PARAMETRIC_REPRESENTATION_CONTEXT() REPRESENTATION_CONTEXT('2D SPACE',''
  ) );
#8227 = ADVANCED_FACE('',(#8228),#2479,.F.);
#8228 = FACE_BOUND('',#8229,.T.);
#8229 = EDGE_LOOP('',(#8230,#8231,#8232,#8258));
#8230 = ORIENTED_EDGE('',*,*,#2460,.T.);
#8231 = ORIENTED_EDGE('',*,*,#8207,.T.);
#8232 = ORIENTED_EDGE('',*,*,#8233,.F.);
#8233 = EDGE_CURVE('',#8157,#8180,#8234,.T.);
#8234 = SURFACE_CURVE('',#8235,(#8240,#8247),.PCURVE_S1.);
#8235 = CIRCLE('',#8236,2.99453125);
#8236 = AXIS2_PLACEMENT_3D('',#8237,#8238,#8239);
#8237 = CARTESIAN_POINT('',(13.463110912256,107.7181214007,7.));
#8238 = DIRECTION('',(0.,0.,-1.));
#8239 = DIRECTION('',(1.,0.,0.));
#8240 = PCURVE('',#2479,#8241);
#8241 = DEFINITIONAL_REPRESENTATION('',(#8242),#8246);
#8242 = LINE('',#8243,#8244);
#8243 = CARTESIAN_POINT('',(-6.28318530718,-3.));
#8244 = VECTOR('',#8245,1.);
#8245 = DIRECTION('',(1.,-0.));
#8246 = ( GEOMETRIC_REPRESENTATION_CONTEXT(2) 
PARAMETRIC_REPRESENTATION_CONTEXT() REPRESENTATION_CONTEXT('2D SPACE',''
  ) );
#8247 = PCURVE('',#5635,#8248);
#8248 = DEFINITIONAL_REPRESENTATION('',(#8249),#8257);
#8249 = ( BOUNDED_CURVE() B_SPLINE_CURVE(2,(#8250,#8251,#8252,#8253,
#8254,#8255,#8256),.UNSPECIFIED.,.T.,.F.) B_SPLINE_CURVE_WITH_KNOTS((1,2
    ,2,2,2,1),(-2.094395102393,0.,2.094395102393,4.188790204786,
6.28318530718,8.377580409573),.UNSPECIFIED.) CURVE() 
GEOMETRIC_REPRESENTATION_ITEM() RATIONAL_B_SPLINE_CURVE((1.,0.5,1.,0.5,
1.,0.5,1.)) REPRESENTATION_ITEM('') );
#8250 = CARTESIAN_POINT('',(16.457642162256,-7.086032879653));
#8251 = CARTESIAN_POINT('',(16.457642162256,-12.2727131495));
#8252 = CARTESIAN_POINT('',(11.965845287256,-9.67937301458));
#8253 = CARTESIAN_POINT('',(7.474048412256,-7.086032879653));
#8254 = CARTESIAN_POINT('',(11.965845287256,-4.492692744727));
#8255 = CARTESIAN_POINT('',(16.457642162256,-1.899352609801));
#8256 = CARTESIAN_POINT('',(16.457642162256,-7.086032879653));
#8257 = ( GEOMETRIC_REPRESENTATION_CONTEXT(2) 
PARAMETRIC_REPRESENTATION_CONTEXT() REPRESENTATION_CONTEXT('2D SPACE',''
  ) );
#8258 = ORIENTED_EDGE('',*,*,#8156,.F.);
#8259 = ADVANCED_FACE('',(#8260),#2514,.F.);
#8260 = FACE_BOUND('',#8261,.T.);
#8261 = EDGE_LOOP('',(#8262,#8263,#8286,#8312));
#8262 = ORIENTED_EDGE('',*,*,#2493,.T.);
#8263 = ORIENTED_EDGE('',*,*,#8264,.T.);
#8264 = EDGE_CURVE('',#2494,#8265,#8267,.T.);
#8265 = VERTEX_POINT('',#8266);
#8266 = CARTESIAN_POINT('',(3.25,114.80415428035,7.));
#8267 = SEAM_CURVE('',#8268,(#8272,#8279),.PCURVE_S1.);
#8268 = LINE('',#8269,#8270);
#8269 = CARTESIAN_POINT('',(3.25,114.80415428035,4.));
#8270 = VECTOR('',#8271,1.);
#8271 = DIRECTION('',(0.,0.,1.));
#8272 = PCURVE('',#2514,#8273);
#8273 = DEFINITIONAL_REPRESENTATION('',(#8274),#8278);
#8274 = LINE('',#8275,#8276);
#8275 = CARTESIAN_POINT('',(-6.28318530718,0.));
#8276 = VECTOR('',#8277,1.);
#8277 = DIRECTION('',(-0.,-1.));
#8278 = ( GEOMETRIC_REPRESENTATION_CONTEXT(2) 
PARAMETRIC_REPRESENTATION_CONTEXT() REPRESENTATION_CONTEXT('2D SPACE',''
  ) );
#8279 = PCURVE('',#2514,#8280);
#8280 = DEFINITIONAL_REPRESENTATION('',(#8281),#8285);
#8281 = LINE('',#8282,#8283);
#8282 = CARTESIAN_POINT('',(-0.,0.));
#8283 = VECTOR('',#8284,1.);
#8284 = DIRECTION('',(-0.,-1.));
#8285 = ( GEOMETRIC_REPRESENTATION_CONTEXT(2) 
PARAMETRIC_REPRESENTATION_CONTEXT() REPRESENTATION_CONTEXT('2D SPACE',''
  ) );
#8286 = ORIENTED_EDGE('',*,*,#8287,.F.);
#8287 = EDGE_CURVE('',#8265,#8265,#8288,.T.);
#8288 = SURFACE_CURVE('',#8289,(#8294,#8301),.PCURVE_S1.);
#8289 = CIRCLE('',#8290,3.25);
#8290 = AXIS2_PLACEMENT_3D('',#8291,#8292,#8293);
#8291 = CARTESIAN_POINT('',(0.,114.80415428035,7.));
#8292 = DIRECTION('',(0.,0.,-1.));
#8293 = DIRECTION('',(1.,0.,0.));
#8294 = PCURVE('',#2514,#8295);
#8295 = DEFINITIONAL_REPRESENTATION('',(#8296),#8300);
#8296 = LINE('',#8297,#8298);
#8297 = CARTESIAN_POINT('',(-6.28318530718,-3.));
#8298 = VECTOR('',#8299,1.);
#8299 = DIRECTION('',(1.,-0.));
#8300 = ( GEOMETRIC_REPRESENTATION_CONTEXT(2) 
PARAMETRIC_REPRESENTATION_CONTEXT() REPRESENTATION_CONTEXT('2D SPACE',''
  ) );
#8301 = PCURVE('',#5635,#8302);
#8302 = DEFINITIONAL_REPRESENTATION('',(#8303),#8311);
#8303 = ( BOUNDED_CURVE() B_SPLINE_CURVE(2,(#8304,#8305,#8306,#8307,
#8308,#8309,#8310),.UNSPECIFIED.,.T.,.F.) B_SPLINE_CURVE_WITH_KNOTS((1,2
    ,2,2,2,1),(-2.094395102393,0.,2.094395102393,4.188790204786,
6.28318530718,8.377580409573),.UNSPECIFIED.) CURVE() 
GEOMETRIC_REPRESENTATION_ITEM() RATIONAL_B_SPLINE_CURVE((1.,0.5,1.,0.5,
1.,0.5,1.)) REPRESENTATION_ITEM('') );
#8304 = CARTESIAN_POINT('',(3.25,0.));
#8305 = CARTESIAN_POINT('',(3.25,-5.629165124599));
#8306 = CARTESIAN_POINT('',(-1.625,-2.814582562299));
#8307 = CARTESIAN_POINT('',(-6.5,-7.960204194458E-16));
#8308 = CARTESIAN_POINT('',(-1.625,2.814582562299));
#8309 = CARTESIAN_POINT('',(3.25,5.629165124599));
#8310 = CARTESIAN_POINT('',(3.25,0.));
#8311 = ( GEOMETRIC_REPRESENTATION_CONTEXT(2) 
PARAMETRIC_REPRESENTATION_CONTEXT() REPRESENTATION_CONTEXT('2D SPACE',''
  ) );
#8312 = ORIENTED_EDGE('',*,*,#8264,.F.);
#8313 = ADVANCED_FACE('',(#8314),#2545,.T.);
#8314 = FACE_BOUND('',#8315,.T.);
#8315 = EDGE_LOOP('',(#8316,#8317,#8340,#8361));
#8316 = ORIENTED_EDGE('',*,*,#2528,.T.);
#8317 = ORIENTED_EDGE('',*,*,#8318,.T.);
#8318 = EDGE_CURVE('',#2531,#8319,#8321,.T.);
#8319 = VERTEX_POINT('',#8320);
#8320 = CARTESIAN_POINT('',(11.25,115.40415428035,7.));
#8321 = SURFACE_CURVE('',#8322,(#8326,#8333),.PCURVE_S1.);
#8322 = LINE('',#8323,#8324);
#8323 = CARTESIAN_POINT('',(11.25,115.40415428035,4.));
#8324 = VECTOR('',#8325,1.);
#8325 = DIRECTION('',(0.,0.,1.));
#8326 = PCURVE('',#2545,#8327);
#8327 = DEFINITIONAL_REPRESENTATION('',(#8328),#8332);
#8328 = LINE('',#8329,#8330);
#8329 = CARTESIAN_POINT('',(0.,-0.));
#8330 = VECTOR('',#8331,1.);
#8331 = DIRECTION('',(0.,-1.));
#8332 = ( GEOMETRIC_REPRESENTATION_CONTEXT(2) 
PARAMETRIC_REPRESENTATION_CONTEXT() REPRESENTATION_CONTEXT('2D SPACE',''
  ) );
#8333 = PCURVE('',#2577,#8334);
#8334 = DEFINITIONAL_REPRESENTATION('',(#8335),#8339);
#8335 = LINE('',#8336,#8337);
#8336 = CARTESIAN_POINT('',(1.570796326795,0.));
#8337 = VECTOR('',#8338,1.);
#8338 = DIRECTION('',(0.,-1.));
#8339 = ( GEOMETRIC_REPRESENTATION_CONTEXT(2) 
PARAMETRIC_REPRESENTATION_CONTEXT() REPRESENTATION_CONTEXT('2D SPACE',''
  ) );
#8340 = ORIENTED_EDGE('',*,*,#8341,.F.);
#8341 = EDGE_CURVE('',#8342,#8319,#8344,.T.);
#8342 = VERTEX_POINT('',#8343);
#8343 = CARTESIAN_POINT('',(4.85,115.40415428035,7.));
#8344 = SURFACE_CURVE('',#8345,(#8349,#8355),.PCURVE_S1.);
#8345 = LINE('',#8346,#8347);
#8346 = CARTESIAN_POINT('',(5.625,115.40415428035,7.));
#8347 = VECTOR('',#8348,1.);
#8348 = DIRECTION('',(1.,0.,-0.));
#8349 = PCURVE('',#2545,#8350);
#8350 = DEFINITIONAL_REPRESENTATION('',(#8351),#8354);
#8351 = B_SPLINE_CURVE_WITH_KNOTS('',1,(#8352,#8353),.UNSPECIFIED.,.F.,
  .F.,(2,2),(-0.775,5.625),.PIECEWISE_BEZIER_KNOTS.);
#8352 = CARTESIAN_POINT('',(6.4,-3.));
#8353 = CARTESIAN_POINT('',(0.,-3.));
#8354 = ( GEOMETRIC_REPRESENTATION_CONTEXT(2) 
PARAMETRIC_REPRESENTATION_CONTEXT() REPRESENTATION_CONTEXT('2D SPACE',''
  ) );
#8355 = PCURVE('',#5635,#8356);
#8356 = DEFINITIONAL_REPRESENTATION('',(#8357),#8360);
#8357 = B_SPLINE_CURVE_WITH_KNOTS('',1,(#8358,#8359),.UNSPECIFIED.,.F.,
  .F.,(2,2),(-0.775,5.625),.PIECEWISE_BEZIER_KNOTS.);
#8358 = CARTESIAN_POINT('',(4.85,0.6));
#8359 = CARTESIAN_POINT('',(11.25,0.6));
#8360 = ( GEOMETRIC_REPRESENTATION_CONTEXT(2) 
PARAMETRIC_REPRESENTATION_CONTEXT() REPRESENTATION_CONTEXT('2D SPACE',''
  ) );
#8361 = ORIENTED_EDGE('',*,*,#8362,.F.);
#8362 = EDGE_CURVE('',#2529,#8342,#8363,.T.);
#8363 = SURFACE_CURVE('',#8364,(#8368,#8375),.PCURVE_S1.);
#8364 = LINE('',#8365,#8366);
#8365 = CARTESIAN_POINT('',(4.85,115.40415428035,4.));
#8366 = VECTOR('',#8367,1.);
#8367 = DIRECTION('',(0.,0.,1.));
#8368 = PCURVE('',#2545,#8369);
#8369 = DEFINITIONAL_REPRESENTATION('',(#8370),#8374);
#8370 = LINE('',#8371,#8372);
#8371 = CARTESIAN_POINT('',(6.4,0.));
#8372 = VECTOR('',#8373,1.);
#8373 = DIRECTION('',(0.,-1.));
#8374 = ( GEOMETRIC_REPRESENTATION_CONTEXT(2) 
PARAMETRIC_REPRESENTATION_CONTEXT() REPRESENTATION_CONTEXT('2D SPACE',''
  ) );
#8375 = PCURVE('',#2634,#8376);
#8376 = DEFINITIONAL_REPRESENTATION('',(#8377),#8381);
#8377 = LINE('',#8378,#8379);
#8378 = CARTESIAN_POINT('',(4.712388980385,0.));
#8379 = VECTOR('',#8380,1.);
#8380 = DIRECTION('',(0.,-1.));
#8381 = ( GEOMETRIC_REPRESENTATION_CONTEXT(2) 
PARAMETRIC_REPRESENTATION_CONTEXT() REPRESENTATION_CONTEXT('2D SPACE',''
  ) );
#8382 = ADVANCED_FACE('',(#8383),#2634,.F.);
#8383 = FACE_BOUND('',#8384,.F.);
#8384 = EDGE_LOOP('',(#8385,#8386,#8409,#8435));
#8385 = ORIENTED_EDGE('',*,*,#2615,.F.);
#8386 = ORIENTED_EDGE('',*,*,#8387,.T.);
#8387 = EDGE_CURVE('',#2590,#8388,#8390,.T.);
#8388 = VERTEX_POINT('',#8389);
#8389 = CARTESIAN_POINT('',(4.85,114.20415428035,7.));
#8390 = SURFACE_CURVE('',#8391,(#8395,#8402),.PCURVE_S1.);
#8391 = LINE('',#8392,#8393);
#8392 = CARTESIAN_POINT('',(4.85,114.20415428035,4.));
#8393 = VECTOR('',#8394,1.);
#8394 = DIRECTION('',(0.,0.,1.));
#8395 = PCURVE('',#2634,#8396);
#8396 = DEFINITIONAL_REPRESENTATION('',(#8397),#8401);
#8397 = LINE('',#8398,#8399);
#8398 = CARTESIAN_POINT('',(1.570796326795,0.));
#8399 = VECTOR('',#8400,1.);
#8400 = DIRECTION('',(0.,-1.));
#8401 = ( GEOMETRIC_REPRESENTATION_CONTEXT(2) 
PARAMETRIC_REPRESENTATION_CONTEXT() REPRESENTATION_CONTEXT('2D SPACE',''
  ) );
#8402 = PCURVE('',#2604,#8403);
#8403 = DEFINITIONAL_REPRESENTATION('',(#8404),#8408);
#8404 = LINE('',#8405,#8406);
#8405 = CARTESIAN_POINT('',(0.,0.));
#8406 = VECTOR('',#8407,1.);
#8407 = DIRECTION('',(0.,-1.));
#8408 = ( GEOMETRIC_REPRESENTATION_CONTEXT(2) 
PARAMETRIC_REPRESENTATION_CONTEXT() REPRESENTATION_CONTEXT('2D SPACE',''
  ) );
#8409 = ORIENTED_EDGE('',*,*,#8410,.T.);
#8410 = EDGE_CURVE('',#8388,#8342,#8411,.T.);
#8411 = SURFACE_CURVE('',#8412,(#8417,#8424),.PCURVE_S1.);
#8412 = CIRCLE('',#8413,0.6);
#8413 = AXIS2_PLACEMENT_3D('',#8414,#8415,#8416);
#8414 = CARTESIAN_POINT('',(4.85,114.80415428035,7.));
#8415 = DIRECTION('',(0.,0.,-1.));
#8416 = DIRECTION('',(1.,0.,0.));
#8417 = PCURVE('',#2634,#8418);
#8418 = DEFINITIONAL_REPRESENTATION('',(#8419),#8423);
#8419 = LINE('',#8420,#8421);
#8420 = CARTESIAN_POINT('',(0.,-3.));
#8421 = VECTOR('',#8422,1.);
#8422 = DIRECTION('',(1.,0.));
#8423 = ( GEOMETRIC_REPRESENTATION_CONTEXT(2) 
PARAMETRIC_REPRESENTATION_CONTEXT() REPRESENTATION_CONTEXT('2D SPACE',''
  ) );
#8424 = PCURVE('',#5635,#8425);
#8425 = DEFINITIONAL_REPRESENTATION('',(#8426),#8434);
#8426 = ( BOUNDED_CURVE() B_SPLINE_CURVE(2,(#8427,#8428,#8429,#8430,
#8431,#8432,#8433),.UNSPECIFIED.,.T.,.F.) B_SPLINE_CURVE_WITH_KNOTS((1,2
    ,2,2,2,1),(-2.094395102393,0.,2.094395102393,4.188790204786,
6.28318530718,8.377580409573),.UNSPECIFIED.) CURVE() 
GEOMETRIC_REPRESENTATION_ITEM() RATIONAL_B_SPLINE_CURVE((1.,0.5,1.,0.5,
1.,0.5,1.)) REPRESENTATION_ITEM('') );
#8427 = CARTESIAN_POINT('',(5.45,0.));
#8428 = CARTESIAN_POINT('',(5.45,-1.039230484541));
#8429 = CARTESIAN_POINT('',(4.55,-0.519615242271));
#8430 = CARTESIAN_POINT('',(3.65,-1.469576158977E-16));
#8431 = CARTESIAN_POINT('',(4.55,0.519615242271));
#8432 = CARTESIAN_POINT('',(5.45,1.039230484541));
#8433 = CARTESIAN_POINT('',(5.45,0.));
#8434 = ( GEOMETRIC_REPRESENTATION_CONTEXT(2) 
PARAMETRIC_REPRESENTATION_CONTEXT() REPRESENTATION_CONTEXT('2D SPACE',''
  ) );
#8435 = ORIENTED_EDGE('',*,*,#8362,.F.);
#8436 = ADVANCED_FACE('',(#8437),#2604,.T.);
#8437 = FACE_BOUND('',#8438,.T.);
#8438 = EDGE_LOOP('',(#8439,#8440,#8441,#8462));
#8439 = ORIENTED_EDGE('',*,*,#2589,.T.);
#8440 = ORIENTED_EDGE('',*,*,#8387,.T.);
#8441 = ORIENTED_EDGE('',*,*,#8442,.F.);
#8442 = EDGE_CURVE('',#8443,#8388,#8445,.T.);
#8443 = VERTEX_POINT('',#8444);
#8444 = CARTESIAN_POINT('',(11.25,114.20415428035,7.));
#8445 = SURFACE_CURVE('',#8446,(#8450,#8456),.PCURVE_S1.);
#8446 = LINE('',#8447,#8448);
#8447 = CARTESIAN_POINT('',(2.425,114.20415428035,7.));
#8448 = VECTOR('',#8449,1.);
#8449 = DIRECTION('',(-1.,0.,0.));
#8450 = PCURVE('',#2604,#8451);
#8451 = DEFINITIONAL_REPRESENTATION('',(#8452),#8455);
#8452 = B_SPLINE_CURVE_WITH_KNOTS('',1,(#8453,#8454),.UNSPECIFIED.,.F.,
  .F.,(2,2),(-8.825,-2.425),.PIECEWISE_BEZIER_KNOTS.);
#8453 = CARTESIAN_POINT('',(6.4,-3.));
#8454 = CARTESIAN_POINT('',(0.,-3.));
#8455 = ( GEOMETRIC_REPRESENTATION_CONTEXT(2) 
PARAMETRIC_REPRESENTATION_CONTEXT() REPRESENTATION_CONTEXT('2D SPACE',''
  ) );
#8456 = PCURVE('',#5635,#8457);
#8457 = DEFINITIONAL_REPRESENTATION('',(#8458),#8461);
#8458 = B_SPLINE_CURVE_WITH_KNOTS('',1,(#8459,#8460),.UNSPECIFIED.,.F.,
  .F.,(2,2),(-8.825,-2.425),.PIECEWISE_BEZIER_KNOTS.);
#8459 = CARTESIAN_POINT('',(11.25,-0.6));
#8460 = CARTESIAN_POINT('',(4.85,-0.6));
#8461 = ( GEOMETRIC_REPRESENTATION_CONTEXT(2) 
PARAMETRIC_REPRESENTATION_CONTEXT() REPRESENTATION_CONTEXT('2D SPACE',''
  ) );
#8462 = ORIENTED_EDGE('',*,*,#8463,.F.);
#8463 = EDGE_CURVE('',#2557,#8443,#8464,.T.);
#8464 = SURFACE_CURVE('',#8465,(#8469,#8476),.PCURVE_S1.);
#8465 = LINE('',#8466,#8467);
#8466 = CARTESIAN_POINT('',(11.25,114.20415428035,4.));
#8467 = VECTOR('',#8468,1.);
#8468 = DIRECTION('',(0.,0.,1.));
#8469 = PCURVE('',#2604,#8470);
#8470 = DEFINITIONAL_REPRESENTATION('',(#8471),#8475);
#8471 = LINE('',#8472,#8473);
#8472 = CARTESIAN_POINT('',(6.4,0.));
#8473 = VECTOR('',#8474,1.);
#8474 = DIRECTION('',(0.,-1.));
#8475 = ( GEOMETRIC_REPRESENTATION_CONTEXT(2) 
PARAMETRIC_REPRESENTATION_CONTEXT() REPRESENTATION_CONTEXT('2D SPACE',''
  ) );
#8476 = PCURVE('',#2577,#8477);
#8477 = DEFINITIONAL_REPRESENTATION('',(#8478),#8482);
#8478 = LINE('',#8479,#8480);
#8479 = CARTESIAN_POINT('',(4.712388980385,0.));
#8480 = VECTOR('',#8481,1.);
#8481 = DIRECTION('',(0.,-1.));
#8482 = ( GEOMETRIC_REPRESENTATION_CONTEXT(2) 
PARAMETRIC_REPRESENTATION_CONTEXT() REPRESENTATION_CONTEXT('2D SPACE',''
  ) );
#8483 = ADVANCED_FACE('',(#8484),#2577,.F.);
#8484 = FACE_BOUND('',#8485,.F.);
#8485 = EDGE_LOOP('',(#8486,#8487,#8488,#8514));
#8486 = ORIENTED_EDGE('',*,*,#2556,.F.);
#8487 = ORIENTED_EDGE('',*,*,#8318,.T.);
#8488 = ORIENTED_EDGE('',*,*,#8489,.T.);
#8489 = EDGE_CURVE('',#8319,#8443,#8490,.T.);
#8490 = SURFACE_CURVE('',#8491,(#8496,#8503),.PCURVE_S1.);
#8491 = CIRCLE('',#8492,0.6);
#8492 = AXIS2_PLACEMENT_3D('',#8493,#8494,#8495);
#8493 = CARTESIAN_POINT('',(11.25,114.80415428035,7.));
#8494 = DIRECTION('',(0.,0.,-1.));
#8495 = DIRECTION('',(-1.,0.,0.));
#8496 = PCURVE('',#2577,#8497);
#8497 = DEFINITIONAL_REPRESENTATION('',(#8498),#8502);
#8498 = LINE('',#8499,#8500);
#8499 = CARTESIAN_POINT('',(0.,-3.));
#8500 = VECTOR('',#8501,1.);
#8501 = DIRECTION('',(1.,0.));
#8502 = ( GEOMETRIC_REPRESENTATION_CONTEXT(2) 
PARAMETRIC_REPRESENTATION_CONTEXT() REPRESENTATION_CONTEXT('2D SPACE',''
  ) );
#8503 = PCURVE('',#5635,#8504);
#8504 = DEFINITIONAL_REPRESENTATION('',(#8505),#8513);
#8505 = ( BOUNDED_CURVE() B_SPLINE_CURVE(2,(#8506,#8507,#8508,#8509,
#8510,#8511,#8512),.UNSPECIFIED.,.T.,.F.) B_SPLINE_CURVE_WITH_KNOTS((1,2
    ,2,2,2,1),(-2.094395102393,0.,2.094395102393,4.188790204786,
6.28318530718,8.377580409573),.UNSPECIFIED.) CURVE() 
GEOMETRIC_REPRESENTATION_ITEM() RATIONAL_B_SPLINE_CURVE((1.,0.5,1.,0.5,
1.,0.5,1.)) REPRESENTATION_ITEM('') );
#8506 = CARTESIAN_POINT('',(10.65,0.));
#8507 = CARTESIAN_POINT('',(10.65,1.039230484541));
#8508 = CARTESIAN_POINT('',(11.55,0.519615242271));
#8509 = CARTESIAN_POINT('',(12.45,1.469576158977E-16));
#8510 = CARTESIAN_POINT('',(11.55,-0.519615242271));
#8511 = CARTESIAN_POINT('',(10.65,-1.039230484541));
#8512 = CARTESIAN_POINT('',(10.65,0.));
#8513 = ( GEOMETRIC_REPRESENTATION_CONTEXT(2) 
PARAMETRIC_REPRESENTATION_CONTEXT() REPRESENTATION_CONTEXT('2D SPACE',''
  ) );
#8514 = ORIENTED_EDGE('',*,*,#8463,.F.);
#8515 = ADVANCED_FACE('',(#8516),#2665,.T.);
#8516 = FACE_BOUND('',#8517,.T.);
#8517 = EDGE_LOOP('',(#8518,#8519,#8542,#8563));
#8518 = ORIENTED_EDGE('',*,*,#2648,.T.);
#8519 = ORIENTED_EDGE('',*,*,#8520,.T.);
#8520 = EDGE_CURVE('',#2651,#8521,#8523,.T.);
#8521 = VERTEX_POINT('',#8522);
#8522 = CARTESIAN_POINT('',(8.266500677904,122.22212682083,7.));
#8523 = SURFACE_CURVE('',#8524,(#8528,#8535),.PCURVE_S1.);
#8524 = LINE('',#8525,#8526);
#8525 = CARTESIAN_POINT('',(8.266500677904,122.22212682083,4.));
#8526 = VECTOR('',#8527,1.);
#8527 = DIRECTION('',(0.,0.,1.));
#8528 = PCURVE('',#2665,#8529);
#8529 = DEFINITIONAL_REPRESENTATION('',(#8530),#8534);
#8530 = LINE('',#8531,#8532);
#8531 = CARTESIAN_POINT('',(1.256073966947E-15,0.));
#8532 = VECTOR('',#8533,1.);
#8533 = DIRECTION('',(0.,-1.));
#8534 = ( GEOMETRIC_REPRESENTATION_CONTEXT(2) 
PARAMETRIC_REPRESENTATION_CONTEXT() REPRESENTATION_CONTEXT('2D SPACE',''
  ) );
#8535 = PCURVE('',#2697,#8536);
#8536 = DEFINITIONAL_REPRESENTATION('',(#8537),#8541);
#8537 = LINE('',#8538,#8539);
#8538 = CARTESIAN_POINT('',(-2.420167212863,0.));
#8539 = VECTOR('',#8540,1.);
#8540 = DIRECTION('',(-0.,-1.));
#8541 = ( GEOMETRIC_REPRESENTATION_CONTEXT(2) 
PARAMETRIC_REPRESENTATION_CONTEXT() REPRESENTATION_CONTEXT('2D SPACE',''
  ) );
#8542 = ORIENTED_EDGE('',*,*,#8543,.F.);
#8543 = EDGE_CURVE('',#8544,#8521,#8546,.T.);
#8544 = VERTEX_POINT('',#8545);
#8545 = CARTESIAN_POINT('',(8.379215357061,122.33484149999,7.));
#8546 = SURFACE_CURVE('',#8547,(#8551,#8557),.PCURVE_S1.);
#8547 = LINE('',#8548,#8549);
#8548 = CARTESIAN_POINT('',(4.345382373308,118.30100851624,7.));
#8549 = VECTOR('',#8550,1.);
#8550 = DIRECTION('',(-0.707106781187,-0.707106781187,0.));
#8551 = PCURVE('',#2665,#8552);
#8552 = DEFINITIONAL_REPRESENTATION('',(#8553),#8556);
#8553 = B_SPLINE_CURVE_WITH_KNOTS('',1,(#8554,#8555),.UNSPECIFIED.,.F.,
  .F.,(2,2),(-5.704701313971,-5.545298686029),.PIECEWISE_BEZIER_KNOTS.);
#8554 = CARTESIAN_POINT('',(0.159402627941,-3.));
#8555 = CARTESIAN_POINT('',(8.881784197001E-16,-3.));
#8556 = ( GEOMETRIC_REPRESENTATION_CONTEXT(2) 
PARAMETRIC_REPRESENTATION_CONTEXT() REPRESENTATION_CONTEXT('2D SPACE',''
  ) );
#8557 = PCURVE('',#5635,#8558);
#8558 = DEFINITIONAL_REPRESENTATION('',(#8559),#8562);
#8559 = B_SPLINE_CURVE_WITH_KNOTS('',1,(#8560,#8561),.UNSPECIFIED.,.F.,
  .F.,(2,2),(-5.704701313971,-5.545298686029),.PIECEWISE_BEZIER_KNOTS.);
#8560 = CARTESIAN_POINT('',(8.379215357061,7.530687219637));
#8561 = CARTESIAN_POINT('',(8.266500677904,7.41797254048));
#8562 = ( GEOMETRIC_REPRESENTATION_CONTEXT(2) 
PARAMETRIC_REPRESENTATION_CONTEXT() REPRESENTATION_CONTEXT('2D SPACE',''
  ) );
#8563 = ORIENTED_EDGE('',*,*,#8564,.F.);
#8564 = EDGE_CURVE('',#2649,#8544,#8565,.T.);
#8565 = SURFACE_CURVE('',#8566,(#8570,#8577),.PCURVE_S1.);
#8566 = LINE('',#8567,#8568);
#8567 = CARTESIAN_POINT('',(8.379215357061,122.33484149999,4.));
#8568 = VECTOR('',#8569,1.);
#8569 = DIRECTION('',(0.,0.,1.));
#8570 = PCURVE('',#2665,#8571);
#8571 = DEFINITIONAL_REPRESENTATION('',(#8572),#8576);
#8572 = LINE('',#8573,#8574);
#8573 = CARTESIAN_POINT('',(0.159402627941,0.));
#8574 = VECTOR('',#8575,1.);
#8575 = DIRECTION('',(0.,-1.));
#8576 = ( GEOMETRIC_REPRESENTATION_CONTEXT(2) 
PARAMETRIC_REPRESENTATION_CONTEXT() REPRESENTATION_CONTEXT('2D SPACE',''
  ) );
#8577 = PCURVE('',#2872,#8578);
#8578 = DEFINITIONAL_REPRESENTATION('',(#8579),#8583);
#8579 = LINE('',#8580,#8581);
#8580 = CARTESIAN_POINT('',(4.712388980385,0.));
#8581 = VECTOR('',#8582,1.);
#8582 = DIRECTION('',(0.,-1.));
#8583 = ( GEOMETRIC_REPRESENTATION_CONTEXT(2) 
PARAMETRIC_REPRESENTATION_CONTEXT() REPRESENTATION_CONTEXT('2D SPACE',''
  ) );
#8584 = ADVANCED_FACE('',(#8585),#2872,.F.);
#8585 = FACE_BOUND('',#8586,.F.);
#8586 = EDGE_LOOP('',(#8587,#8588,#8611,#8637));
#8587 = ORIENTED_EDGE('',*,*,#2853,.F.);
#8588 = ORIENTED_EDGE('',*,*,#8589,.T.);
#8589 = EDGE_CURVE('',#2828,#8590,#8592,.T.);
#8590 = VERTEX_POINT('',#8591);
#8591 = CARTESIAN_POINT('',(7.530687219637,123.18336963741,7.));
#8592 = SURFACE_CURVE('',#8593,(#8597,#8604),.PCURVE_S1.);
#8593 = LINE('',#8594,#8595);
#8594 = CARTESIAN_POINT('',(7.530687219637,123.18336963741,4.));
#8595 = VECTOR('',#8596,1.);
#8596 = DIRECTION('',(0.,0.,1.));
#8597 = PCURVE('',#2872,#8598);
#8598 = DEFINITIONAL_REPRESENTATION('',(#8599),#8603);
#8599 = LINE('',#8600,#8601);
#8600 = CARTESIAN_POINT('',(1.570796326795,0.));
#8601 = VECTOR('',#8602,1.);
#8602 = DIRECTION('',(0.,-1.));
#8603 = ( GEOMETRIC_REPRESENTATION_CONTEXT(2) 
PARAMETRIC_REPRESENTATION_CONTEXT() REPRESENTATION_CONTEXT('2D SPACE',''
  ) );
#8604 = PCURVE('',#2842,#8605);
#8605 = DEFINITIONAL_REPRESENTATION('',(#8606),#8610);
#8606 = LINE('',#8607,#8608);
#8607 = CARTESIAN_POINT('',(0.,0.));
#8608 = VECTOR('',#8609,1.);
#8609 = DIRECTION('',(0.,-1.));
#8610 = ( GEOMETRIC_REPRESENTATION_CONTEXT(2) 
PARAMETRIC_REPRESENTATION_CONTEXT() REPRESENTATION_CONTEXT('2D SPACE',''
  ) );
#8611 = ORIENTED_EDGE('',*,*,#8612,.T.);
#8612 = EDGE_CURVE('',#8590,#8544,#8613,.T.);
#8613 = SURFACE_CURVE('',#8614,(#8619,#8626),.PCURVE_S1.);
#8614 = CIRCLE('',#8615,0.6);
#8615 = AXIS2_PLACEMENT_3D('',#8616,#8617,#8618);
#8616 = CARTESIAN_POINT('',(7.954951288349,122.7591055687,7.));
#8617 = DIRECTION('',(-0.,0.,-1.));
#8618 = DIRECTION('',(-0.707106781187,-0.707106781187,0.));
#8619 = PCURVE('',#2872,#8620);
#8620 = DEFINITIONAL_REPRESENTATION('',(#8621),#8625);
#8621 = LINE('',#8622,#8623);
#8622 = CARTESIAN_POINT('',(0.,-3.));
#8623 = VECTOR('',#8624,1.);
#8624 = DIRECTION('',(1.,0.));
#8625 = ( GEOMETRIC_REPRESENTATION_CONTEXT(2) 
PARAMETRIC_REPRESENTATION_CONTEXT() REPRESENTATION_CONTEXT('2D SPACE',''
  ) );
#8626 = PCURVE('',#5635,#8627);
#8627 = DEFINITIONAL_REPRESENTATION('',(#8628),#8636);
#8628 = ( BOUNDED_CURVE() B_SPLINE_CURVE(2,(#8629,#8630,#8631,#8632,
#8633,#8634,#8635),.UNSPECIFIED.,.T.,.F.) B_SPLINE_CURVE_WITH_KNOTS((1,2
    ,2,2,2,1),(-2.094395102393,0.,2.094395102393,4.188790204786,
6.28318530718,8.377580409573),.UNSPECIFIED.) CURVE() 
GEOMETRIC_REPRESENTATION_ITEM() RATIONAL_B_SPLINE_CURVE((1.,0.5,1.,0.5,
1.,0.5,1.)) REPRESENTATION_ITEM('') );
#8629 = CARTESIAN_POINT('',(7.530687219637,7.530687219637));
#8630 = CARTESIAN_POINT('',(6.795840296802,8.265534142472));
#8631 = CARTESIAN_POINT('',(7.799659861287,8.534506784122));
#8632 = CARTESIAN_POINT('',(8.803479425773,8.803479425773));
#8633 = CARTESIAN_POINT('',(8.534506784122,7.799659861287));
#8634 = CARTESIAN_POINT('',(8.265534142472,6.795840296802));
#8635 = CARTESIAN_POINT('',(7.530687219637,7.530687219637));
#8636 = ( GEOMETRIC_REPRESENTATION_CONTEXT(2) 
PARAMETRIC_REPRESENTATION_CONTEXT() REPRESENTATION_CONTEXT('2D SPACE',''
  ) );
#8637 = ORIENTED_EDGE('',*,*,#8564,.F.);
#8638 = ADVANCED_FACE('',(#8639),#2842,.T.);
#8639 = FACE_BOUND('',#8640,.T.);
#8640 = EDGE_LOOP('',(#8641,#8642,#8643,#8664));
#8641 = ORIENTED_EDGE('',*,*,#2827,.T.);
#8642 = ORIENTED_EDGE('',*,*,#8589,.T.);
#8643 = ORIENTED_EDGE('',*,*,#8644,.F.);
#8644 = EDGE_CURVE('',#8645,#8590,#8647,.T.);
#8645 = VERTEX_POINT('',#8646);
#8646 = CARTESIAN_POINT('',(7.41797254048,123.07065495826,7.));
#8647 = SURFACE_CURVE('',#8648,(#8652,#8658),.PCURVE_S1.);
#8648 = LINE('',#8649,#8650);
#8649 = CARTESIAN_POINT('',(3.553211575462,119.20589399324,7.));
#8650 = VECTOR('',#8651,1.);
#8651 = DIRECTION('',(0.707106781187,0.707106781187,-0.));
#8652 = PCURVE('',#2842,#8653);
#8653 = DEFINITIONAL_REPRESENTATION('',(#8654),#8657);
#8654 = B_SPLINE_CURVE_WITH_KNOTS('',1,(#8655,#8656),.UNSPECIFIED.,.F.,
  .F.,(2,2),(5.465597372059,5.625),.PIECEWISE_BEZIER_KNOTS.);
#8655 = CARTESIAN_POINT('',(0.159402627941,-3.));
#8656 = CARTESIAN_POINT('',(0.,-3.));
#8657 = ( GEOMETRIC_REPRESENTATION_CONTEXT(2) 
PARAMETRIC_REPRESENTATION_CONTEXT() REPRESENTATION_CONTEXT('2D SPACE',''
  ) );
#8658 = PCURVE('',#5635,#8659);
#8659 = DEFINITIONAL_REPRESENTATION('',(#8660),#8663);
#8660 = B_SPLINE_CURVE_WITH_KNOTS('',1,(#8661,#8662),.UNSPECIFIED.,.F.,
  .F.,(2,2),(5.465597372059,5.625),.PIECEWISE_BEZIER_KNOTS.);
#8661 = CARTESIAN_POINT('',(7.41797254048,8.266500677904));
#8662 = CARTESIAN_POINT('',(7.530687219637,8.379215357061));
#8663 = ( GEOMETRIC_REPRESENTATION_CONTEXT(2) 
PARAMETRIC_REPRESENTATION_CONTEXT() REPRESENTATION_CONTEXT('2D SPACE',''
  ) );
#8664 = ORIENTED_EDGE('',*,*,#8665,.F.);
#8665 = EDGE_CURVE('',#2795,#8645,#8666,.T.);
#8666 = SURFACE_CURVE('',#8667,(#8671,#8678),.PCURVE_S1.);
#8667 = LINE('',#8668,#8669);
#8668 = CARTESIAN_POINT('',(7.41797254048,123.07065495826,4.));
#8669 = VECTOR('',#8670,1.);
#8670 = DIRECTION('',(0.,0.,1.));
#8671 = PCURVE('',#2842,#8672);
#8672 = DEFINITIONAL_REPRESENTATION('',(#8673),#8677);
#8673 = LINE('',#8674,#8675);
#8674 = CARTESIAN_POINT('',(0.159402627941,0.));
#8675 = VECTOR('',#8676,1.);
#8676 = DIRECTION('',(0.,-1.));
#8677 = ( GEOMETRIC_REPRESENTATION_CONTEXT(2) 
PARAMETRIC_REPRESENTATION_CONTEXT() REPRESENTATION_CONTEXT('2D SPACE',''
  ) );
#8678 = PCURVE('',#2815,#8679);
#8679 = DEFINITIONAL_REPRESENTATION('',(#8680),#8684);
#8680 = LINE('',#8681,#8682);
#8681 = CARTESIAN_POINT('',(-1.146110883761,0.));
#8682 = VECTOR('',#8683,1.);
#8683 = DIRECTION('',(-0.,-1.));
#8684 = ( GEOMETRIC_REPRESENTATION_CONTEXT(2) 
PARAMETRIC_REPRESENTATION_CONTEXT() REPRESENTATION_CONTEXT('2D SPACE',''
  ) );
#8685 = ADVANCED_FACE('',(#8686),#2815,.F.);
#8686 = FACE_BOUND('',#8687,.T.);
#8687 = EDGE_LOOP('',(#8688,#8689,#8690,#8718));
#8688 = ORIENTED_EDGE('',*,*,#2794,.T.);
#8689 = ORIENTED_EDGE('',*,*,#8665,.T.);
#8690 = ORIENTED_EDGE('',*,*,#8691,.F.);
#8691 = EDGE_CURVE('',#8692,#8645,#8694,.T.);
#8692 = VERTEX_POINT('',#8693);
#8693 = CARTESIAN_POINT('',(5.16852816464,120.82121058242,7.));
#8694 = SURFACE_CURVE('',#8695,(#8700,#8707),.PCURVE_S1.);
#8695 = CIRCLE('',#8696,1.7);
#8696 = AXIS2_PLACEMENT_3D('',#8697,#8698,#8699);
#8697 = CARTESIAN_POINT('',(6.717514421272,121.52166870163,7.));
#8698 = DIRECTION('',(0.,0.,-1.));
#8699 = DIRECTION('',(1.,0.,0.));
#8700 = PCURVE('',#2815,#8701);
#8701 = DEFINITIONAL_REPRESENTATION('',(#8702),#8706);
#8702 = LINE('',#8703,#8704);
#8703 = CARTESIAN_POINT('',(-6.28318530718,-3.));
#8704 = VECTOR('',#8705,1.);
#8705 = DIRECTION('',(1.,-0.));
#8706 = ( GEOMETRIC_REPRESENTATION_CONTEXT(2) 
PARAMETRIC_REPRESENTATION_CONTEXT() REPRESENTATION_CONTEXT('2D SPACE',''
  ) );
#8707 = PCURVE('',#5635,#8708);
#8708 = DEFINITIONAL_REPRESENTATION('',(#8709),#8717);
#8709 = ( BOUNDED_CURVE() B_SPLINE_CURVE(2,(#8710,#8711,#8712,#8713,
#8714,#8715,#8716),.UNSPECIFIED.,.T.,.F.) B_SPLINE_CURVE_WITH_KNOTS((1,2
    ,2,2,2,1),(-2.094395102393,0.,2.094395102393,4.188790204786,
6.28318530718,8.377580409573),.UNSPECIFIED.) CURVE() 
GEOMETRIC_REPRESENTATION_ITEM() RATIONAL_B_SPLINE_CURVE((1.,0.5,1.,0.5,
1.,0.5,1.)) REPRESENTATION_ITEM('') );
#8710 = CARTESIAN_POINT('',(8.417514421272,6.717514421272));
#8711 = CARTESIAN_POINT('',(8.417514421272,3.773028048405));
#8712 = CARTESIAN_POINT('',(5.867514421272,5.245271234839));
#8713 = CARTESIAN_POINT('',(3.317514421272,6.717514421272));
#8714 = CARTESIAN_POINT('',(5.867514421272,8.189757607706));
#8715 = CARTESIAN_POINT('',(8.417514421272,9.662000794139));
#8716 = CARTESIAN_POINT('',(8.417514421272,6.717514421272));
#8717 = ( GEOMETRIC_REPRESENTATION_CONTEXT(2) 
PARAMETRIC_REPRESENTATION_CONTEXT() REPRESENTATION_CONTEXT('2D SPACE',''
  ) );
#8718 = ORIENTED_EDGE('',*,*,#8719,.F.);
#8719 = EDGE_CURVE('',#2769,#8692,#8720,.T.);
#8720 = SURFACE_CURVE('',#8721,(#8725,#8732),.PCURVE_S1.);
#8721 = LINE('',#8722,#8723);
#8722 = CARTESIAN_POINT('',(5.16852816464,120.82121058242,4.));
#8723 = VECTOR('',#8724,1.);
#8724 = DIRECTION('',(0.,0.,1.));
#8725 = PCURVE('',#2815,#8726);
#8726 = DEFINITIONAL_REPRESENTATION('',(#8727),#8731);
#8727 = LINE('',#8728,#8729);
#8728 = CARTESIAN_POINT('',(-3.566278096624,0.));
#8729 = VECTOR('',#8730,1.);
#8730 = DIRECTION('',(-0.,-1.));
#8731 = ( GEOMETRIC_REPRESENTATION_CONTEXT(2) 
PARAMETRIC_REPRESENTATION_CONTEXT() REPRESENTATION_CONTEXT('2D SPACE',''
  ) );
#8732 = PCURVE('',#2783,#8733);
#8733 = DEFINITIONAL_REPRESENTATION('',(#8734),#8738);
#8734 = LINE('',#8735,#8736);
#8735 = CARTESIAN_POINT('',(1.884110950421E-15,-0.));
#8736 = VECTOR('',#8737,1.);
#8737 = DIRECTION('',(0.,-1.));
#8738 = ( GEOMETRIC_REPRESENTATION_CONTEXT(2) 
PARAMETRIC_REPRESENTATION_CONTEXT() REPRESENTATION_CONTEXT('2D SPACE',''
  ) );
#8739 = ADVANCED_FACE('',(#8740),#2783,.T.);
#8740 = FACE_BOUND('',#8741,.T.);
#8741 = EDGE_LOOP('',(#8742,#8743,#8744,#8765));
#8742 = ORIENTED_EDGE('',*,*,#2768,.T.);
#8743 = ORIENTED_EDGE('',*,*,#8719,.T.);
#8744 = ORIENTED_EDGE('',*,*,#8745,.F.);
#8745 = EDGE_CURVE('',#8746,#8692,#8748,.T.);
#8746 = VERTEX_POINT('',#8747);
#8747 = CARTESIAN_POINT('',(3.005203820043,118.65788623782,7.));
#8748 = SURFACE_CURVE('',#8749,(#8753,#8759),.PCURVE_S1.);
#8749 = LINE('',#8750,#8751);
#8750 = CARTESIAN_POINT('',(2.372132047964,118.02481446574,7.));
#8751 = VECTOR('',#8752,1.);
#8752 = DIRECTION('',(0.707106781187,0.707106781187,-0.));
#8753 = PCURVE('',#2783,#8754);
#8754 = DEFINITIONAL_REPRESENTATION('',(#8755),#8758);
#8755 = B_SPLINE_CURVE_WITH_KNOTS('',1,(#8756,#8757),.UNSPECIFIED.,.F.,
  .F.,(2,2),(0.895298686029,3.954701313971),.PIECEWISE_BEZIER_KNOTS.);
#8756 = CARTESIAN_POINT('',(3.059402627941,-3.));
#8757 = CARTESIAN_POINT('',(1.7763568394E-15,-3.));
#8758 = ( GEOMETRIC_REPRESENTATION_CONTEXT(2) 
PARAMETRIC_REPRESENTATION_CONTEXT() REPRESENTATION_CONTEXT('2D SPACE',''
  ) );
#8759 = PCURVE('',#5635,#8760);
#8760 = DEFINITIONAL_REPRESENTATION('',(#8761),#8764);
#8761 = B_SPLINE_CURVE_WITH_KNOTS('',1,(#8762,#8763),.UNSPECIFIED.,.F.,
  .F.,(2,2),(0.895298686029,3.954701313971),.PIECEWISE_BEZIER_KNOTS.);
#8762 = CARTESIAN_POINT('',(3.005203820043,3.853731957467));
#8763 = CARTESIAN_POINT('',(5.16852816464,6.017056302064));
#8764 = ( GEOMETRIC_REPRESENTATION_CONTEXT(2) 
PARAMETRIC_REPRESENTATION_CONTEXT() REPRESENTATION_CONTEXT('2D SPACE',''
  ) );
#8765 = ORIENTED_EDGE('',*,*,#8766,.F.);
#8766 = EDGE_CURVE('',#2736,#8746,#8767,.T.);
#8767 = SURFACE_CURVE('',#8768,(#8772,#8779),.PCURVE_S1.);
#8768 = LINE('',#8769,#8770);
#8769 = CARTESIAN_POINT('',(3.005203820043,118.65788623782,4.));
#8770 = VECTOR('',#8771,1.);
#8771 = DIRECTION('',(0.,0.,1.));
#8772 = PCURVE('',#2783,#8773);
#8773 = DEFINITIONAL_REPRESENTATION('',(#8774),#8778);
#8774 = LINE('',#8775,#8776);
#8775 = CARTESIAN_POINT('',(3.059402627941,0.));
#8776 = VECTOR('',#8777,1.);
#8777 = DIRECTION('',(0.,-1.));
#8778 = ( GEOMETRIC_REPRESENTATION_CONTEXT(2) 
PARAMETRIC_REPRESENTATION_CONTEXT() REPRESENTATION_CONTEXT('2D SPACE',''
  ) );
#8779 = PCURVE('',#2756,#8780);
#8780 = DEFINITIONAL_REPRESENTATION('',(#8781),#8785);
#8781 = LINE('',#8782,#8783);
#8782 = CARTESIAN_POINT('',(4.712388980385,0.));
#8783 = VECTOR('',#8784,1.);
#8784 = DIRECTION('',(0.,-1.));
#8785 = ( GEOMETRIC_REPRESENTATION_CONTEXT(2) 
PARAMETRIC_REPRESENTATION_CONTEXT() REPRESENTATION_CONTEXT('2D SPACE',''
  ) );
#8786 = ADVANCED_FACE('',(#8787),#2756,.F.);
#8787 = FACE_BOUND('',#8788,.F.);
#8788 = EDGE_LOOP('',(#8789,#8790,#8813,#8839));
#8789 = ORIENTED_EDGE('',*,*,#2735,.F.);
#8790 = ORIENTED_EDGE('',*,*,#8791,.T.);
#8791 = EDGE_CURVE('',#2710,#8792,#8794,.T.);
#8792 = VERTEX_POINT('',#8793);
#8793 = CARTESIAN_POINT('',(3.853731957467,117.8093581004,7.));
#8794 = SURFACE_CURVE('',#8795,(#8799,#8806),.PCURVE_S1.);
#8795 = LINE('',#8796,#8797);
#8796 = CARTESIAN_POINT('',(3.853731957467,117.8093581004,4.));
#8797 = VECTOR('',#8798,1.);
#8798 = DIRECTION('',(0.,0.,1.));
#8799 = PCURVE('',#2756,#8800);
#8800 = DEFINITIONAL_REPRESENTATION('',(#8801),#8805);
#8801 = LINE('',#8802,#8803);
#8802 = CARTESIAN_POINT('',(1.570796326795,0.));
#8803 = VECTOR('',#8804,1.);
#8804 = DIRECTION('',(0.,-1.));
#8805 = ( GEOMETRIC_REPRESENTATION_CONTEXT(2) 
PARAMETRIC_REPRESENTATION_CONTEXT() REPRESENTATION_CONTEXT('2D SPACE',''
  ) );
#8806 = PCURVE('',#2724,#8807);
#8807 = DEFINITIONAL_REPRESENTATION('',(#8808),#8812);
#8808 = LINE('',#8809,#8810);
#8809 = CARTESIAN_POINT('',(0.,0.));
#8810 = VECTOR('',#8811,1.);
#8811 = DIRECTION('',(0.,-1.));
#8812 = ( GEOMETRIC_REPRESENTATION_CONTEXT(2) 
PARAMETRIC_REPRESENTATION_CONTEXT() REPRESENTATION_CONTEXT('2D SPACE',''
  ) );
#8813 = ORIENTED_EDGE('',*,*,#8814,.T.);
#8814 = EDGE_CURVE('',#8792,#8746,#8815,.T.);
#8815 = SURFACE_CURVE('',#8816,(#8821,#8828),.PCURVE_S1.);
#8816 = CIRCLE('',#8817,0.6);
#8817 = AXIS2_PLACEMENT_3D('',#8818,#8819,#8820);
#8818 = CARTESIAN_POINT('',(3.429467888755,118.23362216911,7.));
#8819 = DIRECTION('',(0.,0.,-1.));
#8820 = DIRECTION('',(0.707106781187,0.707106781187,0.));
#8821 = PCURVE('',#2756,#8822);
#8822 = DEFINITIONAL_REPRESENTATION('',(#8823),#8827);
#8823 = LINE('',#8824,#8825);
#8824 = CARTESIAN_POINT('',(0.,-3.));
#8825 = VECTOR('',#8826,1.);
#8826 = DIRECTION('',(1.,0.));
#8827 = ( GEOMETRIC_REPRESENTATION_CONTEXT(2) 
PARAMETRIC_REPRESENTATION_CONTEXT() REPRESENTATION_CONTEXT('2D SPACE',''
  ) );
#8828 = PCURVE('',#5635,#8829);
#8829 = DEFINITIONAL_REPRESENTATION('',(#8830),#8838);
#8830 = ( BOUNDED_CURVE() B_SPLINE_CURVE(2,(#8831,#8832,#8833,#8834,
#8835,#8836,#8837),.UNSPECIFIED.,.T.,.F.) B_SPLINE_CURVE_WITH_KNOTS((1,2
    ,2,2,2,1),(-2.094395102393,0.,2.094395102393,4.188790204786,
6.28318530718,8.377580409573),.UNSPECIFIED.) CURVE() 
GEOMETRIC_REPRESENTATION_ITEM() RATIONAL_B_SPLINE_CURVE((1.,0.5,1.,0.5,
1.,0.5,1.)) REPRESENTATION_ITEM('') );
#8831 = CARTESIAN_POINT('',(3.853731957467,3.853731957467));
#8832 = CARTESIAN_POINT('',(4.588578880302,3.118885034632));
#8833 = CARTESIAN_POINT('',(3.584759315816,2.849912392981));
#8834 = CARTESIAN_POINT('',(2.580939751331,2.580939751331));
#8835 = CARTESIAN_POINT('',(2.849912392981,3.584759315816));
#8836 = CARTESIAN_POINT('',(3.118885034632,4.588578880302));
#8837 = CARTESIAN_POINT('',(3.853731957467,3.853731957467));
#8838 = ( GEOMETRIC_REPRESENTATION_CONTEXT(2) 
PARAMETRIC_REPRESENTATION_CONTEXT() REPRESENTATION_CONTEXT('2D SPACE',''
  ) );
#8839 = ORIENTED_EDGE('',*,*,#8766,.F.);
#8840 = ADVANCED_FACE('',(#8841),#2724,.T.);
#8841 = FACE_BOUND('',#8842,.T.);
#8842 = EDGE_LOOP('',(#8843,#8844,#8845,#8866));
#8843 = ORIENTED_EDGE('',*,*,#2709,.T.);
#8844 = ORIENTED_EDGE('',*,*,#8791,.T.);
#8845 = ORIENTED_EDGE('',*,*,#8846,.F.);
#8846 = EDGE_CURVE('',#8847,#8792,#8849,.T.);
#8847 = VERTEX_POINT('',#8848);
#8848 = CARTESIAN_POINT('',(6.017056302064,119.97268244499,7.));
#8849 = SURFACE_CURVE('',#8850,(#8854,#8860),.PCURVE_S1.);
#8850 = LINE('',#8851,#8852);
#8851 = CARTESIAN_POINT('',(2.138998013089,116.09462415602,7.));
#8852 = VECTOR('',#8853,1.);
#8853 = DIRECTION('',(-0.707106781187,-0.707106781187,0.));
#8854 = PCURVE('',#2724,#8855);
#8855 = DEFINITIONAL_REPRESENTATION('',(#8856),#8859);
#8856 = B_SPLINE_CURVE_WITH_KNOTS('',1,(#8857,#8858),.UNSPECIFIED.,.F.,
  .F.,(2,2),(-5.484402627941,-2.425),.PIECEWISE_BEZIER_KNOTS.);
#8857 = CARTESIAN_POINT('',(3.059402627941,-3.));
#8858 = CARTESIAN_POINT('',(0.,-3.));
#8859 = ( GEOMETRIC_REPRESENTATION_CONTEXT(2) 
PARAMETRIC_REPRESENTATION_CONTEXT() REPRESENTATION_CONTEXT('2D SPACE',''
  ) );
#8860 = PCURVE('',#5635,#8861);
#8861 = DEFINITIONAL_REPRESENTATION('',(#8862),#8865);
#8862 = B_SPLINE_CURVE_WITH_KNOTS('',1,(#8863,#8864),.UNSPECIFIED.,.F.,
  .F.,(2,2),(-5.484402627941,-2.425),.PIECEWISE_BEZIER_KNOTS.);
#8863 = CARTESIAN_POINT('',(6.017056302064,5.16852816464));
#8864 = CARTESIAN_POINT('',(3.853731957467,3.005203820043));
#8865 = ( GEOMETRIC_REPRESENTATION_CONTEXT(2) 
PARAMETRIC_REPRESENTATION_CONTEXT() REPRESENTATION_CONTEXT('2D SPACE',''
  ) );
#8866 = ORIENTED_EDGE('',*,*,#8867,.F.);
#8867 = EDGE_CURVE('',#2677,#8847,#8868,.T.);
#8868 = SURFACE_CURVE('',#8869,(#8873,#8880),.PCURVE_S1.);
#8869 = LINE('',#8870,#8871);
#8870 = CARTESIAN_POINT('',(6.017056302064,119.97268244499,4.));
#8871 = VECTOR('',#8872,1.);
#8872 = DIRECTION('',(0.,0.,1.));
#8873 = PCURVE('',#2724,#8874);
#8874 = DEFINITIONAL_REPRESENTATION('',(#8875),#8879);
#8875 = LINE('',#8876,#8877);
#8876 = CARTESIAN_POINT('',(3.059402627941,0.));
#8877 = VECTOR('',#8878,1.);
#8878 = DIRECTION('',(0.,-1.));
#8879 = ( GEOMETRIC_REPRESENTATION_CONTEXT(2) 
PARAMETRIC_REPRESENTATION_CONTEXT() REPRESENTATION_CONTEXT('2D SPACE',''
  ) );
#8880 = PCURVE('',#2697,#8881);
#8881 = DEFINITIONAL_REPRESENTATION('',(#8882),#8886);
#8882 = LINE('',#8883,#8884);
#8883 = CARTESIAN_POINT('',(-0.,0.));
#8884 = VECTOR('',#8885,1.);
#8885 = DIRECTION('',(-0.,-1.));
#8886 = ( GEOMETRIC_REPRESENTATION_CONTEXT(2) 
PARAMETRIC_REPRESENTATION_CONTEXT() REPRESENTATION_CONTEXT('2D SPACE',''
  ) );
#8887 = ADVANCED_FACE('',(#8888),#2697,.F.);
#8888 = FACE_BOUND('',#8889,.T.);
#8889 = EDGE_LOOP('',(#8890,#8891,#8892,#8918));
#8890 = ORIENTED_EDGE('',*,*,#2676,.T.);
#8891 = ORIENTED_EDGE('',*,*,#8867,.T.);
#8892 = ORIENTED_EDGE('',*,*,#8893,.F.);
#8893 = EDGE_CURVE('',#8521,#8847,#8894,.T.);
#8894 = SURFACE_CURVE('',#8895,(#8900,#8907),.PCURVE_S1.);
#8895 = CIRCLE('',#8896,1.7);
#8896 = AXIS2_PLACEMENT_3D('',#8897,#8898,#8899);
#8897 = CARTESIAN_POINT('',(6.717514421272,121.52166870163,7.));
#8898 = DIRECTION('',(-0.,0.,-1.));
#8899 = DIRECTION('',(-0.41203418777,-0.911168386254,0.));
#8900 = PCURVE('',#2697,#8901);
#8901 = DEFINITIONAL_REPRESENTATION('',(#8902),#8906);
#8902 = LINE('',#8903,#8904);
#8903 = CARTESIAN_POINT('',(-6.28318530718,-3.));
#8904 = VECTOR('',#8905,1.);
#8905 = DIRECTION('',(1.,-0.));
#8906 = ( GEOMETRIC_REPRESENTATION_CONTEXT(2) 
PARAMETRIC_REPRESENTATION_CONTEXT() REPRESENTATION_CONTEXT('2D SPACE',''
  ) );
#8907 = PCURVE('',#5635,#8908);
#8908 = DEFINITIONAL_REPRESENTATION('',(#8909),#8917);
#8909 = ( BOUNDED_CURVE() B_SPLINE_CURVE(2,(#8910,#8911,#8912,#8913,
#8914,#8915,#8916),.UNSPECIFIED.,.T.,.F.) B_SPLINE_CURVE_WITH_KNOTS((1,2
    ,2,2,2,1),(-2.094395102393,0.,2.094395102393,4.188790204786,
6.28318530718,8.377580409573),.UNSPECIFIED.) CURVE() 
GEOMETRIC_REPRESENTATION_ITEM() RATIONAL_B_SPLINE_CURVE((1.,0.5,1.,0.5,
1.,0.5,1.)) REPRESENTATION_ITEM('') );
#8910 = CARTESIAN_POINT('',(6.017056302064,5.16852816464));
#8911 = CARTESIAN_POINT('',(3.334133405351,6.381757215683));
#8912 = CARTESIAN_POINT('',(5.72628203252,8.09862207511));
#8913 = CARTESIAN_POINT('',(8.118430659689,9.815486934536));
#8914 = CARTESIAN_POINT('',(8.409204929233,6.885393024067));
#8915 = CARTESIAN_POINT('',(8.699979198777,3.955299113597));
#8916 = CARTESIAN_POINT('',(6.017056302064,5.16852816464));
#8917 = ( GEOMETRIC_REPRESENTATION_CONTEXT(2) 
PARAMETRIC_REPRESENTATION_CONTEXT() REPRESENTATION_CONTEXT('2D SPACE',''
  ) );
#8918 = ORIENTED_EDGE('',*,*,#8520,.F.);
#8919 = ADVANCED_FACE('',(#8920),#2903,.T.);
#8920 = FACE_BOUND('',#8921,.T.);
#8921 = EDGE_LOOP('',(#8922,#8923,#8946,#8967));
#8922 = ORIENTED_EDGE('',*,*,#2886,.T.);
#8923 = ORIENTED_EDGE('',*,*,#8924,.T.);
#8924 = EDGE_CURVE('',#2889,#8925,#8927,.T.);
#8925 = VERTEX_POINT('',#8926);
#8926 = CARTESIAN_POINT('',(-0.6,126.05415428035,7.));
#8927 = SURFACE_CURVE('',#8928,(#8932,#8939),.PCURVE_S1.);
#8928 = LINE('',#8929,#8930);
#8929 = CARTESIAN_POINT('',(-0.6,126.05415428035,4.));
#8930 = VECTOR('',#8931,1.);
#8931 = DIRECTION('',(0.,0.,1.));
#8932 = PCURVE('',#2903,#8933);
#8933 = DEFINITIONAL_REPRESENTATION('',(#8934),#8938);
#8934 = LINE('',#8935,#8936);
#8935 = CARTESIAN_POINT('',(0.,0.));
#8936 = VECTOR('',#8937,1.);
#8937 = DIRECTION('',(0.,-1.));
#8938 = ( GEOMETRIC_REPRESENTATION_CONTEXT(2) 
PARAMETRIC_REPRESENTATION_CONTEXT() REPRESENTATION_CONTEXT('2D SPACE',''
  ) );
#8939 = PCURVE('',#2935,#8940);
#8940 = DEFINITIONAL_REPRESENTATION('',(#8941),#8945);
#8941 = LINE('',#8942,#8943);
#8942 = CARTESIAN_POINT('',(1.570796326795,0.));
#8943 = VECTOR('',#8944,1.);
#8944 = DIRECTION('',(0.,-1.));
#8945 = ( GEOMETRIC_REPRESENTATION_CONTEXT(2) 
PARAMETRIC_REPRESENTATION_CONTEXT() REPRESENTATION_CONTEXT('2D SPACE',''
  ) );
#8946 = ORIENTED_EDGE('',*,*,#8947,.F.);
#8947 = EDGE_CURVE('',#8948,#8925,#8950,.T.);
#8948 = VERTEX_POINT('',#8949);
#8949 = CARTESIAN_POINT('',(-0.6,119.65415428035,7.));
#8950 = SURFACE_CURVE('',#8951,(#8955,#8961),.PCURVE_S1.);
#8951 = LINE('',#8952,#8953);
#8952 = CARTESIAN_POINT('',(-0.6,120.42915428035,7.));
#8953 = VECTOR('',#8954,1.);
#8954 = DIRECTION('',(1.040834085586E-16,1.,-0.));
#8955 = PCURVE('',#2903,#8956);
#8956 = DEFINITIONAL_REPRESENTATION('',(#8957),#8960);
#8957 = B_SPLINE_CURVE_WITH_KNOTS('',1,(#8958,#8959),.UNSPECIFIED.,.F.,
  .F.,(2,2),(-0.775,5.625),.PIECEWISE_BEZIER_KNOTS.);
#8958 = CARTESIAN_POINT('',(6.4,-3.));
#8959 = CARTESIAN_POINT('',(0.,-3.));
#8960 = ( GEOMETRIC_REPRESENTATION_CONTEXT(2) 
PARAMETRIC_REPRESENTATION_CONTEXT() REPRESENTATION_CONTEXT('2D SPACE',''
  ) );
#8961 = PCURVE('',#5635,#8962);
#8962 = DEFINITIONAL_REPRESENTATION('',(#8963),#8966);
#8963 = B_SPLINE_CURVE_WITH_KNOTS('',1,(#8964,#8965),.UNSPECIFIED.,.F.,
  .F.,(2,2),(-0.775,5.625),.PIECEWISE_BEZIER_KNOTS.);
#8964 = CARTESIAN_POINT('',(-0.6,4.85));
#8965 = CARTESIAN_POINT('',(-0.6,11.25));
#8966 = ( GEOMETRIC_REPRESENTATION_CONTEXT(2) 
PARAMETRIC_REPRESENTATION_CONTEXT() REPRESENTATION_CONTEXT('2D SPACE',''
  ) );
#8967 = ORIENTED_EDGE('',*,*,#8968,.F.);
#8968 = EDGE_CURVE('',#2887,#8948,#8969,.T.);
#8969 = SURFACE_CURVE('',#8970,(#8974,#8981),.PCURVE_S1.);
#8970 = LINE('',#8971,#8972);
#8971 = CARTESIAN_POINT('',(-0.6,119.65415428035,4.));
#8972 = VECTOR('',#8973,1.);
#8973 = DIRECTION('',(0.,0.,1.));
#8974 = PCURVE('',#2903,#8975);
#8975 = DEFINITIONAL_REPRESENTATION('',(#8976),#8980);
#8976 = LINE('',#8977,#8978);
#8977 = CARTESIAN_POINT('',(6.4,0.));
#8978 = VECTOR('',#8979,1.);
#8979 = DIRECTION('',(0.,-1.));
#8980 = ( GEOMETRIC_REPRESENTATION_CONTEXT(2) 
PARAMETRIC_REPRESENTATION_CONTEXT() REPRESENTATION_CONTEXT('2D SPACE',''
  ) );
#8981 = PCURVE('',#2992,#8982);
#8982 = DEFINITIONAL_REPRESENTATION('',(#8983),#8987);
#8983 = LINE('',#8984,#8985);
#8984 = CARTESIAN_POINT('',(4.712388980385,0.));
#8985 = VECTOR('',#8986,1.);
#8986 = DIRECTION('',(0.,-1.));
#8987 = ( GEOMETRIC_REPRESENTATION_CONTEXT(2) 
PARAMETRIC_REPRESENTATION_CONTEXT() REPRESENTATION_CONTEXT('2D SPACE',''
  ) );
#8988 = ADVANCED_FACE('',(#8989),#2992,.F.);
#8989 = FACE_BOUND('',#8990,.F.);
#8990 = EDGE_LOOP('',(#8991,#8992,#9015,#9041));
#8991 = ORIENTED_EDGE('',*,*,#2973,.F.);
#8992 = ORIENTED_EDGE('',*,*,#8993,.T.);
#8993 = EDGE_CURVE('',#2948,#8994,#8996,.T.);
#8994 = VERTEX_POINT('',#8995);
#8995 = CARTESIAN_POINT('',(0.6,119.65415428035,7.));
#8996 = SURFACE_CURVE('',#8997,(#9001,#9008),.PCURVE_S1.);
#8997 = LINE('',#8998,#8999);
#8998 = CARTESIAN_POINT('',(0.6,119.65415428035,4.));
#8999 = VECTOR('',#9000,1.);
#9000 = DIRECTION('',(0.,0.,1.));
#9001 = PCURVE('',#2992,#9002);
#9002 = DEFINITIONAL_REPRESENTATION('',(#9003),#9007);
#9003 = LINE('',#9004,#9005);
#9004 = CARTESIAN_POINT('',(1.570796326795,0.));
#9005 = VECTOR('',#9006,1.);
#9006 = DIRECTION('',(0.,-1.));
#9007 = ( GEOMETRIC_REPRESENTATION_CONTEXT(2) 
PARAMETRIC_REPRESENTATION_CONTEXT() REPRESENTATION_CONTEXT('2D SPACE',''
  ) );
#9008 = PCURVE('',#2962,#9009);
#9009 = DEFINITIONAL_REPRESENTATION('',(#9010),#9014);
#9010 = LINE('',#9011,#9012);
#9011 = CARTESIAN_POINT('',(0.,0.));
#9012 = VECTOR('',#9013,1.);
#9013 = DIRECTION('',(0.,-1.));
#9014 = ( GEOMETRIC_REPRESENTATION_CONTEXT(2) 
PARAMETRIC_REPRESENTATION_CONTEXT() REPRESENTATION_CONTEXT('2D SPACE',''
  ) );
#9015 = ORIENTED_EDGE('',*,*,#9016,.T.);
#9016 = EDGE_CURVE('',#8994,#8948,#9017,.T.);
#9017 = SURFACE_CURVE('',#9018,(#9023,#9030),.PCURVE_S1.);
#9018 = CIRCLE('',#9019,0.6);
#9019 = AXIS2_PLACEMENT_3D('',#9020,#9021,#9022);
#9020 = CARTESIAN_POINT('',(1.376489687768E-16,119.65415428035,7.));
#9021 = DIRECTION('',(0.,0.,-1.));
#9022 = DIRECTION('',(1.110223024625E-16,1.,0.));
#9023 = PCURVE('',#2992,#9024);
#9024 = DEFINITIONAL_REPRESENTATION('',(#9025),#9029);
#9025 = LINE('',#9026,#9027);
#9026 = CARTESIAN_POINT('',(0.,-3.));
#9027 = VECTOR('',#9028,1.);
#9028 = DIRECTION('',(1.,0.));
#9029 = ( GEOMETRIC_REPRESENTATION_CONTEXT(2) 
PARAMETRIC_REPRESENTATION_CONTEXT() REPRESENTATION_CONTEXT('2D SPACE',''
  ) );
#9030 = PCURVE('',#5635,#9031);
#9031 = DEFINITIONAL_REPRESENTATION('',(#9032),#9040);
#9032 = ( BOUNDED_CURVE() B_SPLINE_CURVE(2,(#9033,#9034,#9035,#9036,
#9037,#9038,#9039),.UNSPECIFIED.,.T.,.F.) B_SPLINE_CURVE_WITH_KNOTS((1,2
    ,2,2,2,1),(-2.094395102393,0.,2.094395102393,4.188790204786,
6.28318530718,8.377580409573),.UNSPECIFIED.) CURVE() 
GEOMETRIC_REPRESENTATION_ITEM() RATIONAL_B_SPLINE_CURVE((1.,0.5,1.,0.5,
1.,0.5,1.)) REPRESENTATION_ITEM('') );
#9033 = CARTESIAN_POINT('',(1.386913275694E-15,5.45));
#9034 = CARTESIAN_POINT('',(1.039230484541,5.45));
#9035 = CARTESIAN_POINT('',(0.519615242271,4.55));
#9036 = CARTESIAN_POINT('',(1.334030747159E-15,3.65));
#9037 = CARTESIAN_POINT('',(-0.519615242271,4.55));
#9038 = CARTESIAN_POINT('',(-1.039230484541,5.45));
#9039 = CARTESIAN_POINT('',(1.386913275694E-15,5.45));
#9040 = ( GEOMETRIC_REPRESENTATION_CONTEXT(2) 
PARAMETRIC_REPRESENTATION_CONTEXT() REPRESENTATION_CONTEXT('2D SPACE',''
  ) );
#9041 = ORIENTED_EDGE('',*,*,#8968,.F.);
#9042 = ADVANCED_FACE('',(#9043),#2962,.T.);
#9043 = FACE_BOUND('',#9044,.T.);
#9044 = EDGE_LOOP('',(#9045,#9046,#9047,#9068));
#9045 = ORIENTED_EDGE('',*,*,#2947,.T.);
#9046 = ORIENTED_EDGE('',*,*,#8993,.T.);
#9047 = ORIENTED_EDGE('',*,*,#9048,.F.);
#9048 = EDGE_CURVE('',#9049,#8994,#9051,.T.);
#9049 = VERTEX_POINT('',#9050);
#9050 = CARTESIAN_POINT('',(0.6,126.05415428035,7.));
#9051 = SURFACE_CURVE('',#9052,(#9056,#9062),.PCURVE_S1.);
#9052 = LINE('',#9053,#9054);
#9053 = CARTESIAN_POINT('',(0.6,117.22915428035,7.));
#9054 = VECTOR('',#9055,1.);
#9055 = DIRECTION('',(-1.040834085586E-16,-1.,0.));
#9056 = PCURVE('',#2962,#9057);
#9057 = DEFINITIONAL_REPRESENTATION('',(#9058),#9061);
#9058 = B_SPLINE_CURVE_WITH_KNOTS('',1,(#9059,#9060),.UNSPECIFIED.,.F.,
  .F.,(2,2),(-8.825,-2.425),.PIECEWISE_BEZIER_KNOTS.);
#9059 = CARTESIAN_POINT('',(6.4,-3.));
#9060 = CARTESIAN_POINT('',(0.,-3.));
#9061 = ( GEOMETRIC_REPRESENTATION_CONTEXT(2) 
PARAMETRIC_REPRESENTATION_CONTEXT() REPRESENTATION_CONTEXT('2D SPACE',''
  ) );
#9062 = PCURVE('',#5635,#9063);
#9063 = DEFINITIONAL_REPRESENTATION('',(#9064),#9067);
#9064 = B_SPLINE_CURVE_WITH_KNOTS('',1,(#9065,#9066),.UNSPECIFIED.,.F.,
  .F.,(2,2),(-8.825,-2.425),.PIECEWISE_BEZIER_KNOTS.);
#9065 = CARTESIAN_POINT('',(0.6,11.25));
#9066 = CARTESIAN_POINT('',(0.6,4.85));
#9067 = ( GEOMETRIC_REPRESENTATION_CONTEXT(2) 
PARAMETRIC_REPRESENTATION_CONTEXT() REPRESENTATION_CONTEXT('2D SPACE',''
  ) );
#9068 = ORIENTED_EDGE('',*,*,#9069,.F.);
#9069 = EDGE_CURVE('',#2915,#9049,#9070,.T.);
#9070 = SURFACE_CURVE('',#9071,(#9075,#9082),.PCURVE_S1.);
#9071 = LINE('',#9072,#9073);
#9072 = CARTESIAN_POINT('',(0.6,126.05415428035,4.));
#9073 = VECTOR('',#9074,1.);
#9074 = DIRECTION('',(0.,0.,1.));
#9075 = PCURVE('',#2962,#9076);
#9076 = DEFINITIONAL_REPRESENTATION('',(#9077),#9081);
#9077 = LINE('',#9078,#9079);
#9078 = CARTESIAN_POINT('',(6.4,0.));
#9079 = VECTOR('',#9080,1.);
#9080 = DIRECTION('',(0.,-1.));
#9081 = ( GEOMETRIC_REPRESENTATION_CONTEXT(2) 
PARAMETRIC_REPRESENTATION_CONTEXT() REPRESENTATION_CONTEXT('2D SPACE',''
  ) );
#9082 = PCURVE('',#2935,#9083);
#9083 = DEFINITIONAL_REPRESENTATION('',(#9084),#9088);
#9084 = LINE('',#9085,#9086);
#9085 = CARTESIAN_POINT('',(4.712388980385,0.));
#9086 = VECTOR('',#9087,1.);
#9087 = DIRECTION('',(0.,-1.));
#9088 = ( GEOMETRIC_REPRESENTATION_CONTEXT(2) 
PARAMETRIC_REPRESENTATION_CONTEXT() REPRESENTATION_CONTEXT('2D SPACE',''
  ) );
#9089 = ADVANCED_FACE('',(#9090),#2935,.F.);
#9090 = FACE_BOUND('',#9091,.F.);
#9091 = EDGE_LOOP('',(#9092,#9093,#9094,#9120));
#9092 = ORIENTED_EDGE('',*,*,#2914,.F.);
#9093 = ORIENTED_EDGE('',*,*,#8924,.T.);
#9094 = ORIENTED_EDGE('',*,*,#9095,.T.);
#9095 = EDGE_CURVE('',#8925,#9049,#9096,.T.);
#9096 = SURFACE_CURVE('',#9097,(#9102,#9109),.PCURVE_S1.);
#9097 = CIRCLE('',#9098,0.6);
#9098 = AXIS2_PLACEMENT_3D('',#9099,#9100,#9101);
#9099 = CARTESIAN_POINT('',(8.481917045369E-16,126.05415428035,7.));
#9100 = DIRECTION('',(-0.,0.,-1.));
#9101 = DIRECTION('',(-1.110223024625E-16,-1.,0.));
#9102 = PCURVE('',#2935,#9103);
#9103 = DEFINITIONAL_REPRESENTATION('',(#9104),#9108);
#9104 = LINE('',#9105,#9106);
#9105 = CARTESIAN_POINT('',(0.,-3.));
#9106 = VECTOR('',#9107,1.);
#9107 = DIRECTION('',(1.,0.));
#9108 = ( GEOMETRIC_REPRESENTATION_CONTEXT(2) 
PARAMETRIC_REPRESENTATION_CONTEXT() REPRESENTATION_CONTEXT('2D SPACE',''
  ) );
#9109 = PCURVE('',#5635,#9110);
#9110 = DEFINITIONAL_REPRESENTATION('',(#9111),#9119);
#9111 = ( BOUNDED_CURVE() B_SPLINE_CURVE(2,(#9112,#9113,#9114,#9115,
#9116,#9117,#9118),.UNSPECIFIED.,.T.,.F.) B_SPLINE_CURVE_WITH_KNOTS((1,2
    ,2,2,2,1),(-2.094395102393,0.,2.094395102393,4.188790204786,
6.28318530718,8.377580409573),.UNSPECIFIED.) CURVE() 
GEOMETRIC_REPRESENTATION_ITEM() RATIONAL_B_SPLINE_CURVE((1.,0.5,1.,0.5,
1.,0.5,1.)) REPRESENTATION_ITEM('') );
#9112 = CARTESIAN_POINT('',(1.964229248499E-15,10.65));
#9113 = CARTESIAN_POINT('',(-1.039230484541,10.65));
#9114 = CARTESIAN_POINT('',(-0.519615242271,11.55));
#9115 = CARTESIAN_POINT('',(2.017111777034E-15,12.45));
#9116 = CARTESIAN_POINT('',(0.519615242271,11.55));
#9117 = CARTESIAN_POINT('',(1.039230484541,10.65));
#9118 = CARTESIAN_POINT('',(1.964229248499E-15,10.65));
#9119 = ( GEOMETRIC_REPRESENTATION_CONTEXT(2) 
PARAMETRIC_REPRESENTATION_CONTEXT() REPRESENTATION_CONTEXT('2D SPACE',''
  ) );
#9120 = ORIENTED_EDGE('',*,*,#9069,.F.);
#9121 = ADVANCED_FACE('',(#9122),#3029,.F.);
#9122 = FACE_BOUND('',#9123,.T.);
#9123 = EDGE_LOOP('',(#9124,#9125,#9148,#9176));
#9124 = ORIENTED_EDGE('',*,*,#3006,.T.);
#9125 = ORIENTED_EDGE('',*,*,#9126,.T.);
#9126 = EDGE_CURVE('',#3009,#9127,#9129,.T.);
#9127 = VERTEX_POINT('',#9128);
#9128 = CARTESIAN_POINT('',(11.548494156391,119.58769718492,7.));
#9129 = SURFACE_CURVE('',#9130,(#9134,#9141),.PCURVE_S1.);
#9130 = LINE('',#9131,#9132);
#9131 = CARTESIAN_POINT('',(11.548494156391,119.58769718492,4.));
#9132 = VECTOR('',#9133,1.);
#9133 = DIRECTION('',(0.,0.,1.));
#9134 = PCURVE('',#3029,#9135);
#9135 = DEFINITIONAL_REPRESENTATION('',(#9136),#9140);
#9136 = LINE('',#9137,#9138);
#9137 = CARTESIAN_POINT('',(-4.018708909508,0.));
#9138 = VECTOR('',#9139,1.);
#9139 = DIRECTION('',(-0.,-1.));
#9140 = ( GEOMETRIC_REPRESENTATION_CONTEXT(2) 
PARAMETRIC_REPRESENTATION_CONTEXT() REPRESENTATION_CONTEXT('2D SPACE',''
  ) );
#9141 = PCURVE('',#3060,#9142);
#9142 = DEFINITIONAL_REPRESENTATION('',(#9143),#9147);
#9143 = LINE('',#9144,#9145);
#9144 = CARTESIAN_POINT('',(-3.049874561069,0.));
#9145 = VECTOR('',#9146,1.);
#9146 = DIRECTION('',(-0.,-1.));
#9147 = ( GEOMETRIC_REPRESENTATION_CONTEXT(2) 
PARAMETRIC_REPRESENTATION_CONTEXT() REPRESENTATION_CONTEXT('2D SPACE',''
  ) );
#9148 = ORIENTED_EDGE('',*,*,#9149,.F.);
#9149 = EDGE_CURVE('',#9150,#9127,#9152,.T.);
#9150 = VERTEX_POINT('',#9151);
#9151 = CARTESIAN_POINT('',(16.445055678701,121.61591937645,7.));
#9152 = SURFACE_CURVE('',#9153,(#9158,#9165),.PCURVE_S1.);
#9153 = CIRCLE('',#9154,2.99453125);
#9154 = AXIS2_PLACEMENT_3D('',#9155,#9156,#9157);
#9155 = CARTESIAN_POINT('',(13.463110912256,121.89018716001,7.));
#9156 = DIRECTION('',(0.,0.,-1.));
#9157 = DIRECTION('',(1.,0.,0.));
#9158 = PCURVE('',#3029,#9159);
#9159 = DEFINITIONAL_REPRESENTATION('',(#9160),#9164);
#9160 = LINE('',#9161,#9162);
#9161 = CARTESIAN_POINT('',(-6.28318530718,-3.));
#9162 = VECTOR('',#9163,1.);
#9163 = DIRECTION('',(1.,-0.));
#9164 = ( GEOMETRIC_REPRESENTATION_CONTEXT(2) 
PARAMETRIC_REPRESENTATION_CONTEXT() REPRESENTATION_CONTEXT('2D SPACE',''
  ) );
#9165 = PCURVE('',#5635,#9166);
#9166 = DEFINITIONAL_REPRESENTATION('',(#9167),#9175);
#9167 = ( BOUNDED_CURVE() B_SPLINE_CURVE(2,(#9168,#9169,#9170,#9171,
#9172,#9173,#9174),.UNSPECIFIED.,.T.,.F.) B_SPLINE_CURVE_WITH_KNOTS((1,2
    ,2,2,2,1),(-2.094395102393,0.,2.094395102393,4.188790204786,
6.28318530718,8.377580409573),.UNSPECIFIED.) CURVE() 
GEOMETRIC_REPRESENTATION_ITEM() RATIONAL_B_SPLINE_CURVE((1.,0.5,1.,0.5,
1.,0.5,1.)) REPRESENTATION_ITEM('') );
#9168 = CARTESIAN_POINT('',(16.457642162256,7.086032879653));
#9169 = CARTESIAN_POINT('',(16.457642162256,1.899352609801));
#9170 = CARTESIAN_POINT('',(11.965845287256,4.492692744727));
#9171 = CARTESIAN_POINT('',(7.474048412256,7.086032879653));
#9172 = CARTESIAN_POINT('',(11.965845287256,9.67937301458));
#9173 = CARTESIAN_POINT('',(16.457642162256,12.272713149506));
#9174 = CARTESIAN_POINT('',(16.457642162256,7.086032879653));
#9175 = ( GEOMETRIC_REPRESENTATION_CONTEXT(2) 
PARAMETRIC_REPRESENTATION_CONTEXT() REPRESENTATION_CONTEXT('2D SPACE',''
  ) );
#9176 = ORIENTED_EDGE('',*,*,#9177,.F.);
#9177 = EDGE_CURVE('',#3007,#9150,#9178,.T.);
#9178 = SURFACE_CURVE('',#9179,(#9183,#9190),.PCURVE_S1.);
#9179 = LINE('',#9180,#9181);
#9180 = CARTESIAN_POINT('',(16.445055678701,121.61591937645,4.));
#9181 = VECTOR('',#9182,1.);
#9182 = DIRECTION('',(0.,0.,1.));
#9183 = PCURVE('',#3029,#9184);
#9184 = DEFINITIONAL_REPRESENTATION('',(#9185),#9189);
#9185 = LINE('',#9186,#9187);
#9186 = CARTESIAN_POINT('',(-6.191467214659,0.));
#9187 = VECTOR('',#9188,1.);
#9188 = DIRECTION('',(-0.,-1.));
#9189 = ( GEOMETRIC_REPRESENTATION_CONTEXT(2) 
PARAMETRIC_REPRESENTATION_CONTEXT() REPRESENTATION_CONTEXT('2D SPACE',''
  ) );
#9190 = PCURVE('',#3060,#9191);
#9191 = DEFINITIONAL_REPRESENTATION('',(#9192),#9196);
#9192 = LINE('',#9193,#9194);
#9193 = CARTESIAN_POINT('',(-0.877116255918,0.));
#9194 = VECTOR('',#9195,1.);
#9195 = DIRECTION('',(-0.,-1.));
#9196 = ( GEOMETRIC_REPRESENTATION_CONTEXT(2) 
PARAMETRIC_REPRESENTATION_CONTEXT() REPRESENTATION_CONTEXT('2D SPACE',''
  ) );
#9197 = ADVANCED_FACE('',(#9198),#3060,.F.);
#9198 = FACE_BOUND('',#9199,.T.);
#9199 = EDGE_LOOP('',(#9200,#9201,#9202,#9228));
#9200 = ORIENTED_EDGE('',*,*,#3041,.T.);
#9201 = ORIENTED_EDGE('',*,*,#9177,.T.);
#9202 = ORIENTED_EDGE('',*,*,#9203,.F.);
#9203 = EDGE_CURVE('',#9127,#9150,#9204,.T.);
#9204 = SURFACE_CURVE('',#9205,(#9210,#9217),.PCURVE_S1.);
#9205 = CIRCLE('',#9206,2.99453125);
#9206 = AXIS2_PLACEMENT_3D('',#9207,#9208,#9209);
#9207 = CARTESIAN_POINT('',(14.530438922836,119.31342940136,7.));
#9208 = DIRECTION('',(0.,0.,-1.));
#9209 = DIRECTION('',(1.,0.,0.));
#9210 = PCURVE('',#3060,#9211);
#9211 = DEFINITIONAL_REPRESENTATION('',(#9212),#9216);
#9212 = LINE('',#9213,#9214);
#9213 = CARTESIAN_POINT('',(-6.28318530718,-3.));
#9214 = VECTOR('',#9215,1.);
#9215 = DIRECTION('',(1.,-0.));
#9216 = ( GEOMETRIC_REPRESENTATION_CONTEXT(2) 
PARAMETRIC_REPRESENTATION_CONTEXT() REPRESENTATION_CONTEXT('2D SPACE',''
  ) );
#9217 = PCURVE('',#5635,#9218);
#9218 = DEFINITIONAL_REPRESENTATION('',(#9219),#9227);
#9219 = ( BOUNDED_CURVE() B_SPLINE_CURVE(2,(#9220,#9221,#9222,#9223,
#9224,#9225,#9226),.UNSPECIFIED.,.T.,.F.) B_SPLINE_CURVE_WITH_KNOTS((1,2
    ,2,2,2,1),(-2.094395102393,0.,2.094395102393,4.188790204786,
6.28318530718,8.377580409573),.UNSPECIFIED.) CURVE() 
GEOMETRIC_REPRESENTATION_ITEM() RATIONAL_B_SPLINE_CURVE((1.,0.5,1.,0.5,
1.,0.5,1.)) REPRESENTATION_ITEM('') );
#9220 = CARTESIAN_POINT('',(17.524970172836,4.509275121009));
#9221 = CARTESIAN_POINT('',(17.524970172836,-0.677405148844));
#9222 = CARTESIAN_POINT('',(13.033173297836,1.915934986082));
#9223 = CARTESIAN_POINT('',(8.541376422836,4.509275121009));
#9224 = CARTESIAN_POINT('',(13.033173297836,7.102615255935));
#9225 = CARTESIAN_POINT('',(17.524970172836,9.695955390861));
#9226 = CARTESIAN_POINT('',(17.524970172836,4.509275121009));
#9227 = ( GEOMETRIC_REPRESENTATION_CONTEXT(2) 
PARAMETRIC_REPRESENTATION_CONTEXT() REPRESENTATION_CONTEXT('2D SPACE',''
  ) );
#9228 = ORIENTED_EDGE('',*,*,#9126,.F.);
#9229 = ADVANCED_FACE('',(#9230),#3097,.F.);
#9230 = FACE_BOUND('',#9231,.T.);
#9231 = EDGE_LOOP('',(#9232,#9233,#9256,#9284));
#9232 = ORIENTED_EDGE('',*,*,#3074,.T.);
#9233 = ORIENTED_EDGE('',*,*,#9234,.T.);
#9234 = EDGE_CURVE('',#3077,#9235,#9237,.T.);
#9235 = VERTEX_POINT('',#9236);
#9236 = CARTESIAN_POINT('',(6.811765096099,131.24920995906,7.));
#9237 = SURFACE_CURVE('',#9238,(#9242,#9249),.PCURVE_S1.);
#9238 = LINE('',#9239,#9240);
#9239 = CARTESIAN_POINT('',(6.811765096099,131.24920995906,4.));
#9240 = VECTOR('',#9241,1.);
#9241 = DIRECTION('',(0.,0.,1.));
#9242 = PCURVE('',#3097,#9243);
#9243 = DEFINITIONAL_REPRESENTATION('',(#9244),#9248);
#9244 = LINE('',#9245,#9246);
#9245 = CARTESIAN_POINT('',(-1.662514419315,0.));
#9246 = VECTOR('',#9247,1.);
#9247 = DIRECTION('',(-0.,-1.));
#9248 = ( GEOMETRIC_REPRESENTATION_CONTEXT(2) 
PARAMETRIC_REPRESENTATION_CONTEXT() REPRESENTATION_CONTEXT('2D SPACE',''
  ) );
#9249 = PCURVE('',#3128,#9250);
#9250 = DEFINITIONAL_REPRESENTATION('',(#9251),#9255);
#9251 = LINE('',#9252,#9253);
#9252 = CARTESIAN_POINT('',(-2.172758305151,0.));
#9253 = VECTOR('',#9254,1.);
#9254 = DIRECTION('',(-0.,-1.));
#9255 = ( GEOMETRIC_REPRESENTATION_CONTEXT(2) 
PARAMETRIC_REPRESENTATION_CONTEXT() REPRESENTATION_CONTEXT('2D SPACE',''
  ) );
#9256 = ORIENTED_EDGE('',*,*,#9257,.F.);
#9257 = EDGE_CURVE('',#9258,#9235,#9260,.T.);
#9258 = VERTEX_POINT('',#9259);
#9259 = CARTESIAN_POINT('',(4.783542904564,126.35264843675,7.));
#9260 = SURFACE_CURVE('',#9261,(#9266,#9273),.PCURVE_S1.);
#9261 = CIRCLE('',#9262,2.99453125);
#9262 = AXIS2_PLACEMENT_3D('',#9263,#9264,#9265);
#9263 = CARTESIAN_POINT('',(7.086032879653,128.26726519261,7.));
#9264 = DIRECTION('',(0.,0.,-1.));
#9265 = DIRECTION('',(1.,0.,0.));
#9266 = PCURVE('',#3097,#9267);
#9267 = DEFINITIONAL_REPRESENTATION('',(#9268),#9272);
#9268 = LINE('',#9269,#9270);
#9269 = CARTESIAN_POINT('',(-6.28318530718,-3.));
#9270 = VECTOR('',#9271,1.);
#9271 = DIRECTION('',(1.,-0.));
#9272 = ( GEOMETRIC_REPRESENTATION_CONTEXT(2) 
PARAMETRIC_REPRESENTATION_CONTEXT() REPRESENTATION_CONTEXT('2D SPACE',''
  ) );
#9273 = PCURVE('',#5635,#9274);
#9274 = DEFINITIONAL_REPRESENTATION('',(#9275),#9283);
#9275 = ( BOUNDED_CURVE() B_SPLINE_CURVE(2,(#9276,#9277,#9278,#9279,
#9280,#9281,#9282),.UNSPECIFIED.,.T.,.F.) B_SPLINE_CURVE_WITH_KNOTS((1,2
    ,2,2,2,1),(-2.094395102393,0.,2.094395102393,4.188790204786,
6.28318530718,8.377580409573),.UNSPECIFIED.) CURVE() 
GEOMETRIC_REPRESENTATION_ITEM() RATIONAL_B_SPLINE_CURVE((1.,0.5,1.,0.5,
1.,0.5,1.)) REPRESENTATION_ITEM('') );
#9276 = CARTESIAN_POINT('',(10.080564129653,13.463110912256));
#9277 = CARTESIAN_POINT('',(10.080564129653,8.276430642403));
#9278 = CARTESIAN_POINT('',(5.588767254653,10.869770777329));
#9279 = CARTESIAN_POINT('',(1.096970379654,13.463110912256));
#9280 = CARTESIAN_POINT('',(5.588767254653,16.056451047182));
#9281 = CARTESIAN_POINT('',(10.080564129653,18.649791182108));
#9282 = CARTESIAN_POINT('',(10.080564129653,13.463110912256));
#9283 = ( GEOMETRIC_REPRESENTATION_CONTEXT(2) 
PARAMETRIC_REPRESENTATION_CONTEXT() REPRESENTATION_CONTEXT('2D SPACE',''
  ) );
#9284 = ORIENTED_EDGE('',*,*,#9285,.F.);
#9285 = EDGE_CURVE('',#3075,#9258,#9286,.T.);
#9286 = SURFACE_CURVE('',#9287,(#9291,#9298),.PCURVE_S1.);
#9287 = LINE('',#9288,#9289);
#9288 = CARTESIAN_POINT('',(4.783542904564,126.35264843675,4.));
#9289 = VECTOR('',#9290,1.);
#9290 = DIRECTION('',(0.,0.,1.));
#9291 = PCURVE('',#3097,#9292);
#9292 = DEFINITIONAL_REPRESENTATION('',(#9293),#9297);
#9293 = LINE('',#9294,#9295);
#9294 = CARTESIAN_POINT('',(-3.835272724467,0.));
#9295 = VECTOR('',#9296,1.);
#9296 = DIRECTION('',(-0.,-1.));
#9297 = ( GEOMETRIC_REPRESENTATION_CONTEXT(2) 
PARAMETRIC_REPRESENTATION_CONTEXT() REPRESENTATION_CONTEXT('2D SPACE',''
  ) );
#9298 = PCURVE('',#3128,#9299);
#9299 = DEFINITIONAL_REPRESENTATION('',(#9300),#9304);
#9300 = LINE('',#9301,#9302);
#9301 = CARTESIAN_POINT('',(-0.,0.));
#9302 = VECTOR('',#9303,1.);
#9303 = DIRECTION('',(-0.,-1.));
#9304 = ( GEOMETRIC_REPRESENTATION_CONTEXT(2) 
PARAMETRIC_REPRESENTATION_CONTEXT() REPRESENTATION_CONTEXT('2D SPACE',''
  ) );
#9305 = ADVANCED_FACE('',(#9306),#3128,.F.);
#9306 = FACE_BOUND('',#9307,.T.);
#9307 = EDGE_LOOP('',(#9308,#9309,#9310,#9336));
#9308 = ORIENTED_EDGE('',*,*,#3109,.T.);
#9309 = ORIENTED_EDGE('',*,*,#9285,.T.);
#9310 = ORIENTED_EDGE('',*,*,#9311,.F.);
#9311 = EDGE_CURVE('',#9235,#9258,#9312,.T.);
#9312 = SURFACE_CURVE('',#9313,(#9318,#9325),.PCURVE_S1.);
#9313 = CIRCLE('',#9314,2.99453125);
#9314 = AXIS2_PLACEMENT_3D('',#9315,#9316,#9317);
#9315 = CARTESIAN_POINT('',(4.509275121009,129.33459320319,7.));
#9316 = DIRECTION('',(0.,-0.,-1.));
#9317 = DIRECTION('',(9.158955464394E-02,-0.995796843478,0.));
#9318 = PCURVE('',#3128,#9319);
#9319 = DEFINITIONAL_REPRESENTATION('',(#9320),#9324);
#9320 = LINE('',#9321,#9322);
#9321 = CARTESIAN_POINT('',(-6.28318530718,-3.));
#9322 = VECTOR('',#9323,1.);
#9323 = DIRECTION('',(1.,-0.));
#9324 = ( GEOMETRIC_REPRESENTATION_CONTEXT(2) 
PARAMETRIC_REPRESENTATION_CONTEXT() REPRESENTATION_CONTEXT('2D SPACE',''
  ) );
#9325 = PCURVE('',#5635,#9326);
#9326 = DEFINITIONAL_REPRESENTATION('',(#9327),#9335);
#9327 = ( BOUNDED_CURVE() B_SPLINE_CURVE(2,(#9328,#9329,#9330,#9331,
#9332,#9333,#9334),.UNSPECIFIED.,.T.,.F.) B_SPLINE_CURVE_WITH_KNOTS((1,2
    ,2,2,2,1),(-2.094395102393,0.,2.094395102393,4.188790204786,
6.28318530718,8.377580409573),.UNSPECIFIED.) CURVE() 
GEOMETRIC_REPRESENTATION_ITEM() RATIONAL_B_SPLINE_CURVE((1.,0.5,1.,0.5,
1.,0.5,1.)) REPRESENTATION_ITEM('') );
#9328 = CARTESIAN_POINT('',(4.783542904564,11.548494156391));
#9329 = CARTESIAN_POINT('',(-0.381336936284,11.073448420395));
#9330 = CARTESIAN_POINT('',(1.789701308808,15.783888438061));
#9331 = CARTESIAN_POINT('',(3.960739553899,20.494328455727));
#9332 = CARTESIAN_POINT('',(6.954581149655,16.258934174057));
#9333 = CARTESIAN_POINT('',(9.948422745411,12.023539892387));
#9334 = CARTESIAN_POINT('',(4.783542904564,11.548494156391));
#9335 = ( GEOMETRIC_REPRESENTATION_CONTEXT(2) 
PARAMETRIC_REPRESENTATION_CONTEXT() REPRESENTATION_CONTEXT('2D SPACE',''
  ) );
#9336 = ORIENTED_EDGE('',*,*,#9234,.F.);
#9337 = ADVANCED_FACE('',(#9338),#3161,.T.);
#9338 = FACE_BOUND('',#9339,.F.);
#9339 = EDGE_LOOP('',(#9340,#9363,#9387,#9408));
#9340 = ORIENTED_EDGE('',*,*,#9341,.T.);
#9341 = EDGE_CURVE('',#3143,#9342,#9344,.T.);
#9342 = VERTEX_POINT('',#9343);
#9343 = CARTESIAN_POINT('',(17.178012427029,125.04700003028,8.));
#9344 = SURFACE_CURVE('',#9345,(#9349,#9356),.PCURVE_S1.);
#9345 = LINE('',#9346,#9347);
#9346 = CARTESIAN_POINT('',(17.178012427029,125.04700003028,5.));
#9347 = VECTOR('',#9348,1.);
#9348 = DIRECTION('',(0.,0.,1.));
#9349 = PCURVE('',#3161,#9350);
#9350 = DEFINITIONAL_REPRESENTATION('',(#9351),#9355);
#9351 = LINE('',#9352,#9353);
#9352 = CARTESIAN_POINT('',(-5.213709248266,0.));
#9353 = VECTOR('',#9354,1.);
#9354 = DIRECTION('',(-0.,-1.));
#9355 = ( GEOMETRIC_REPRESENTATION_CONTEXT(2) 
PARAMETRIC_REPRESENTATION_CONTEXT() REPRESENTATION_CONTEXT('2D SPACE',''
  ) );
#9356 = PCURVE('',#3246,#9357);
#9357 = DEFINITIONAL_REPRESENTATION('',(#9358),#9362);
#9358 = LINE('',#9359,#9360);
#9359 = CARTESIAN_POINT('',(-0.5376771613,0.));
#9360 = VECTOR('',#9361,1.);
#9361 = DIRECTION('',(-0.,-1.));
#9362 = ( GEOMETRIC_REPRESENTATION_CONTEXT(2) 
PARAMETRIC_REPRESENTATION_CONTEXT() REPRESENTATION_CONTEXT('2D SPACE',''
  ) );
#9363 = ORIENTED_EDGE('',*,*,#9364,.T.);
#9364 = EDGE_CURVE('',#9342,#9365,#9367,.T.);
#9365 = VERTEX_POINT('',#9366);
#9366 = CARTESIAN_POINT('',(43.895126108195,143.60463871978,8.));
#9367 = SURFACE_CURVE('',#9368,(#9373,#9380),.PCURVE_S1.);
#9368 = CIRCLE('',#9369,154.0625);
#9369 = AXIS2_PLACEMENT_3D('',#9370,#9371,#9372);
#9370 = CARTESIAN_POINT('',(-56.86192379003,260.15192870138,8.));
#9371 = DIRECTION('',(0.,0.,1.));
#9372 = DIRECTION('',(1.,0.,0.));
#9373 = PCURVE('',#3161,#9374);
#9374 = DEFINITIONAL_REPRESENTATION('',(#9375),#9379);
#9375 = LINE('',#9376,#9377);
#9376 = CARTESIAN_POINT('',(-0.,-3.));
#9377 = VECTOR('',#9378,1.);
#9378 = DIRECTION('',(-1.,0.));
#9379 = ( GEOMETRIC_REPRESENTATION_CONTEXT(2) 
PARAMETRIC_REPRESENTATION_CONTEXT() REPRESENTATION_CONTEXT('2D SPACE',''
  ) );
#9380 = PCURVE('',#3870,#9381);
#9381 = DEFINITIONAL_REPRESENTATION('',(#9382),#9386);
#9382 = CIRCLE('',#9383,154.0625);
#9383 = AXIS2_PLACEMENT_2D('',#9384,#9385);
#9384 = CARTESIAN_POINT('',(-56.86192379003,145.34777442102));
#9385 = DIRECTION('',(1.,0.));
#9386 = ( GEOMETRIC_REPRESENTATION_CONTEXT(2) 
PARAMETRIC_REPRESENTATION_CONTEXT() REPRESENTATION_CONTEXT('2D SPACE',''
  ) );
#9387 = ORIENTED_EDGE('',*,*,#9388,.F.);
#9388 = EDGE_CURVE('',#3145,#9365,#9389,.T.);
#9389 = SURFACE_CURVE('',#9390,(#9394,#9401),.PCURVE_S1.);
#9390 = LINE('',#9391,#9392);
#9391 = CARTESIAN_POINT('',(43.895126108195,143.60463871978,5.));
#9392 = VECTOR('',#9393,1.);
#9393 = DIRECTION('',(0.,0.,1.));
#9394 = PCURVE('',#3161,#9395);
#9395 = DEFINITIONAL_REPRESENTATION('',(#9396),#9400);
#9396 = LINE('',#9397,#9398);
#9397 = CARTESIAN_POINT('',(-5.425250458361,0.));
#9398 = VECTOR('',#9399,1.);
#9399 = DIRECTION('',(-0.,-1.));
#9400 = ( GEOMETRIC_REPRESENTATION_CONTEXT(2) 
PARAMETRIC_REPRESENTATION_CONTEXT() REPRESENTATION_CONTEXT('2D SPACE',''
  ) );
#9401 = PCURVE('',#3190,#9402);
#9402 = DEFINITIONAL_REPRESENTATION('',(#9403),#9407);
#9403 = LINE('',#9404,#9405);
#9404 = CARTESIAN_POINT('',(-0.580665708949,0.));
#9405 = VECTOR('',#9406,1.);
#9406 = DIRECTION('',(-0.,-1.));
#9407 = ( GEOMETRIC_REPRESENTATION_CONTEXT(2) 
PARAMETRIC_REPRESENTATION_CONTEXT() REPRESENTATION_CONTEXT('2D SPACE',''
  ) );
#9408 = ORIENTED_EDGE('',*,*,#3142,.F.);
#9409 = ADVANCED_FACE('',(#9410),#3246,.T.);
#9410 = FACE_BOUND('',#9411,.F.);
#9411 = EDGE_LOOP('',(#9412,#9435,#9457,#9458));
#9412 = ORIENTED_EDGE('',*,*,#9413,.T.);
#9413 = EDGE_CURVE('',#3203,#9414,#9416,.T.);
#9414 = VERTEX_POINT('',#9415);
#9415 = CARTESIAN_POINT('',(18.647313072466,122.03448727251,8.));
#9416 = SURFACE_CURVE('',#9417,(#9421,#9428),.PCURVE_S1.);
#9417 = LINE('',#9418,#9419);
#9418 = CARTESIAN_POINT('',(18.647313072466,122.03448727251,5.));
#9419 = VECTOR('',#9420,1.);
#9420 = DIRECTION('',(0.,0.,1.));
#9421 = PCURVE('',#3246,#9422);
#9422 = DEFINITIONAL_REPRESENTATION('',(#9423),#9427);
#9423 = LINE('',#9424,#9425);
#9424 = CARTESIAN_POINT('',(-0.369894049737,0.));
#9425 = VECTOR('',#9426,1.);
#9426 = DIRECTION('',(-0.,-1.));
#9427 = ( GEOMETRIC_REPRESENTATION_CONTEXT(2) 
PARAMETRIC_REPRESENTATION_CONTEXT() REPRESENTATION_CONTEXT('2D SPACE',''
  ) );
#9428 = PCURVE('',#3219,#9429);
#9429 = DEFINITIONAL_REPRESENTATION('',(#9430),#9434);
#9430 = LINE('',#9431,#9432);
#9431 = CARTESIAN_POINT('',(-1.977047269951,0.));
#9432 = VECTOR('',#9433,1.);
#9433 = DIRECTION('',(-0.,-1.));
#9434 = ( GEOMETRIC_REPRESENTATION_CONTEXT(2) 
PARAMETRIC_REPRESENTATION_CONTEXT() REPRESENTATION_CONTEXT('2D SPACE',''
  ) );
#9435 = ORIENTED_EDGE('',*,*,#9436,.T.);
#9436 = EDGE_CURVE('',#9414,#9342,#9437,.T.);
#9437 = SURFACE_CURVE('',#9438,(#9443,#9450),.PCURVE_S1.);
#9438 = CIRCLE('',#9439,20.);
#9439 = AXIS2_PLACEMENT_3D('',#9440,#9441,#9442);
#9440 = CARTESIAN_POINT('',(0.,114.80415428035,8.));
#9441 = DIRECTION('',(0.,0.,1.));
#9442 = DIRECTION('',(1.,0.,0.));
#9443 = PCURVE('',#3246,#9444);
#9444 = DEFINITIONAL_REPRESENTATION('',(#9445),#9449);
#9445 = LINE('',#9446,#9447);
#9446 = CARTESIAN_POINT('',(-0.,-3.));
#9447 = VECTOR('',#9448,1.);
#9448 = DIRECTION('',(-1.,0.));
#9449 = ( GEOMETRIC_REPRESENTATION_CONTEXT(2) 
PARAMETRIC_REPRESENTATION_CONTEXT() REPRESENTATION_CONTEXT('2D SPACE',''
  ) );
#9450 = PCURVE('',#3870,#9451);
#9451 = DEFINITIONAL_REPRESENTATION('',(#9452),#9456);
#9452 = CIRCLE('',#9453,20.);
#9453 = AXIS2_PLACEMENT_2D('',#9454,#9455);
#9454 = CARTESIAN_POINT('',(1.093952106032E-15,0.));
#9455 = DIRECTION('',(1.,0.));
#9456 = ( GEOMETRIC_REPRESENTATION_CONTEXT(2) 
PARAMETRIC_REPRESENTATION_CONTEXT() REPRESENTATION_CONTEXT('2D SPACE',''
  ) );
#9457 = ORIENTED_EDGE('',*,*,#9341,.F.);
#9458 = ORIENTED_EDGE('',*,*,#3231,.F.);
#9459 = ADVANCED_FACE('',(#9460),#3190,.F.);
#9460 = FACE_BOUND('',#9461,.T.);
#9461 = EDGE_LOOP('',(#9462,#9485,#9507,#9508));
#9462 = ORIENTED_EDGE('',*,*,#9463,.T.);
#9463 = EDGE_CURVE('',#3174,#9464,#9466,.T.);
#9464 = VERTEX_POINT('',#9465);
#9465 = CARTESIAN_POINT('',(49.719629546728,131.66263694446,8.));
#9466 = SURFACE_CURVE('',#9467,(#9471,#9478),.PCURVE_S1.);
#9467 = LINE('',#9468,#9469);
#9468 = CARTESIAN_POINT('',(49.719629546728,131.66263694446,5.));
#9469 = VECTOR('',#9470,1.);
#9470 = DIRECTION('',(0.,0.,1.));
#9471 = PCURVE('',#3190,#9472);
#9472 = DEFINITIONAL_REPRESENTATION('',(#9473),#9477);
#9473 = LINE('',#9474,#9475);
#9474 = CARTESIAN_POINT('',(-0.326905502088,0.));
#9475 = VECTOR('',#9476,1.);
#9476 = DIRECTION('',(-0.,-1.));
#9477 = ( GEOMETRIC_REPRESENTATION_CONTEXT(2) 
PARAMETRIC_REPRESENTATION_CONTEXT() REPRESENTATION_CONTEXT('2D SPACE',''
  ) );
#9478 = PCURVE('',#3219,#9479);
#9479 = DEFINITIONAL_REPRESENTATION('',(#9480),#9484);
#9480 = LINE('',#9481,#9482);
#9481 = CARTESIAN_POINT('',(-1.765506059856,0.));
#9482 = VECTOR('',#9483,1.);
#9483 = DIRECTION('',(-0.,-1.));
#9484 = ( GEOMETRIC_REPRESENTATION_CONTEXT(2) 
PARAMETRIC_REPRESENTATION_CONTEXT() REPRESENTATION_CONTEXT('2D SPACE',''
  ) );
#9485 = ORIENTED_EDGE('',*,*,#9486,.T.);
#9486 = EDGE_CURVE('',#9464,#9365,#9487,.T.);
#9487 = SURFACE_CURVE('',#9488,(#9493,#9500),.PCURVE_S1.);
#9488 = CIRCLE('',#9489,52.5);
#9489 = AXIS2_PLACEMENT_3D('',#9490,#9491,#9492);
#9490 = CARTESIAN_POINT('',(0.,114.80415428035,8.));
#9491 = DIRECTION('',(0.,0.,1.));
#9492 = DIRECTION('',(1.,0.,0.));
#9493 = PCURVE('',#3190,#9494);
#9494 = DEFINITIONAL_REPRESENTATION('',(#9495),#9499);
#9495 = LINE('',#9496,#9497);
#9496 = CARTESIAN_POINT('',(-0.,-3.));
#9497 = VECTOR('',#9498,1.);
#9498 = DIRECTION('',(-1.,0.));
#9499 = ( GEOMETRIC_REPRESENTATION_CONTEXT(2) 
PARAMETRIC_REPRESENTATION_CONTEXT() REPRESENTATION_CONTEXT('2D SPACE',''
  ) );
#9500 = PCURVE('',#3870,#9501);
#9501 = DEFINITIONAL_REPRESENTATION('',(#9502),#9506);
#9502 = CIRCLE('',#9503,52.5);
#9503 = AXIS2_PLACEMENT_2D('',#9504,#9505);
#9504 = CARTESIAN_POINT('',(1.093952106032E-15,0.));
#9505 = DIRECTION('',(1.,0.));
#9506 = ( GEOMETRIC_REPRESENTATION_CONTEXT(2) 
PARAMETRIC_REPRESENTATION_CONTEXT() REPRESENTATION_CONTEXT('2D SPACE',''
  ) );
#9507 = ORIENTED_EDGE('',*,*,#9388,.F.);
#9508 = ORIENTED_EDGE('',*,*,#3173,.F.);
#9509 = ADVANCED_FACE('',(#9510),#3219,.T.);
#9510 = FACE_BOUND('',#9511,.F.);
#9511 = EDGE_LOOP('',(#9512,#9513,#9535,#9536));
#9512 = ORIENTED_EDGE('',*,*,#9463,.T.);
#9513 = ORIENTED_EDGE('',*,*,#9514,.T.);
#9514 = EDGE_CURVE('',#9464,#9414,#9515,.T.);
#9515 = SURFACE_CURVE('',#9516,(#9521,#9528),.PCURVE_S1.);
#9516 = CIRCLE('',#9517,154.0625);
#9517 = AXIS2_PLACEMENT_3D('',#9518,#9519,#9520);
#9518 = CARTESIAN_POINT('',(79.527913366147,-19.4886783723,8.));
#9519 = DIRECTION('',(0.,0.,1.));
#9520 = DIRECTION('',(1.,0.,0.));
#9521 = PCURVE('',#3219,#9522);
#9522 = DEFINITIONAL_REPRESENTATION('',(#9523),#9527);
#9523 = LINE('',#9524,#9525);
#9524 = CARTESIAN_POINT('',(-0.,-3.));
#9525 = VECTOR('',#9526,1.);
#9526 = DIRECTION('',(-1.,0.));
#9527 = ( GEOMETRIC_REPRESENTATION_CONTEXT(2) 
PARAMETRIC_REPRESENTATION_CONTEXT() REPRESENTATION_CONTEXT('2D SPACE',''
  ) );
#9528 = PCURVE('',#3870,#9529);
#9529 = DEFINITIONAL_REPRESENTATION('',(#9530),#9534);
#9530 = CIRCLE('',#9531,154.0625);
#9531 = AXIS2_PLACEMENT_2D('',#9532,#9533);
#9532 = CARTESIAN_POINT('',(79.527913366147,-134.2928326526));
#9533 = DIRECTION('',(1.,0.));
#9534 = ( GEOMETRIC_REPRESENTATION_CONTEXT(2) 
PARAMETRIC_REPRESENTATION_CONTEXT() REPRESENTATION_CONTEXT('2D SPACE',''
  ) );
#9535 = ORIENTED_EDGE('',*,*,#9413,.F.);
#9536 = ORIENTED_EDGE('',*,*,#3202,.F.);
#9537 = ADVANCED_FACE('',(#9538),#3279,.T.);
#9538 = FACE_BOUND('',#9539,.F.);
#9539 = EDGE_LOOP('',(#9540,#9563,#9587,#9608));
#9540 = ORIENTED_EDGE('',*,*,#9541,.T.);
#9541 = EDGE_CURVE('',#3261,#9542,#9544,.T.);
#9542 = VERTEX_POINT('',#9543);
#9543 = CARTESIAN_POINT('',(11.982325610174,130.81739483222,8.));
#9544 = SURFACE_CURVE('',#9545,(#9549,#9556),.PCURVE_S1.);
#9545 = LINE('',#9546,#9547);
#9546 = CARTESIAN_POINT('',(11.982325610174,130.81739483222,5.));
#9547 = VECTOR('',#9548,1.);
#9548 = DIRECTION('',(0.,0.,1.));
#9549 = PCURVE('',#3279,#9550);
#9550 = DEFINITIONAL_REPRESENTATION('',(#9551),#9555);
#9551 = LINE('',#9552,#9553);
#9552 = CARTESIAN_POINT('',(-0.928399410375,0.));
#9553 = VECTOR('',#9554,1.);
#9554 = DIRECTION('',(-0.,-1.));
#9555 = ( GEOMETRIC_REPRESENTATION_CONTEXT(2) 
PARAMETRIC_REPRESENTATION_CONTEXT() REPRESENTATION_CONTEXT('2D SPACE',''
  ) );
#9556 = PCURVE('',#3364,#9557);
#9557 = DEFINITIONAL_REPRESENTATION('',(#9558),#9562);
#9558 = LINE('',#9559,#9560);
#9559 = CARTESIAN_POINT('',(-2.535552630589,0.));
#9560 = VECTOR('',#9561,1.);
#9561 = DIRECTION('',(-0.,-1.));
#9562 = ( GEOMETRIC_REPRESENTATION_CONTEXT(2) 
PARAMETRIC_REPRESENTATION_CONTEXT() REPRESENTATION_CONTEXT('2D SPACE',''
  ) );
#9563 = ORIENTED_EDGE('',*,*,#9564,.T.);
#9564 = EDGE_CURVE('',#9542,#9565,#9567,.T.);
#9565 = VERTEX_POINT('',#9566);
#9566 = CARTESIAN_POINT('',(3.882416054116,134.42370691498,8.));
#9567 = SURFACE_CURVE('',#9568,(#9573,#9580),.PCURVE_S1.);
#9568 = CIRCLE('',#9569,20.);
#9569 = AXIS2_PLACEMENT_3D('',#9570,#9571,#9572);
#9570 = CARTESIAN_POINT('',(0.,114.80415428035,8.));
#9571 = DIRECTION('',(0.,0.,1.));
#9572 = DIRECTION('',(1.,0.,0.));
#9573 = PCURVE('',#3279,#9574);
#9574 = DEFINITIONAL_REPRESENTATION('',(#9575),#9579);
#9575 = LINE('',#9576,#9577);
#9576 = CARTESIAN_POINT('',(-0.,-3.));
#9577 = VECTOR('',#9578,1.);
#9578 = DIRECTION('',(-1.,0.));
#9579 = ( GEOMETRIC_REPRESENTATION_CONTEXT(2) 
PARAMETRIC_REPRESENTATION_CONTEXT() REPRESENTATION_CONTEXT('2D SPACE',''
  ) );
#9580 = PCURVE('',#3870,#9581);
#9581 = DEFINITIONAL_REPRESENTATION('',(#9582),#9586);
#9582 = CIRCLE('',#9583,20.);
#9583 = AXIS2_PLACEMENT_2D('',#9584,#9585);
#9584 = CARTESIAN_POINT('',(1.093952106032E-15,0.));
#9585 = DIRECTION('',(1.,0.));
#9586 = ( GEOMETRIC_REPRESENTATION_CONTEXT(2) 
PARAMETRIC_REPRESENTATION_CONTEXT() REPRESENTATION_CONTEXT('2D SPACE',''
  ) );
#9587 = ORIENTED_EDGE('',*,*,#9588,.F.);
#9588 = EDGE_CURVE('',#3263,#9565,#9589,.T.);
#9589 = SURFACE_CURVE('',#9590,(#9594,#9601),.PCURVE_S1.);
#9590 = LINE('',#9591,#9592);
#9591 = CARTESIAN_POINT('',(3.882416054116,134.42370691498,5.));
#9592 = VECTOR('',#9593,1.);
#9593 = DIRECTION('',(0.,0.,1.));
#9594 = PCURVE('',#3279,#9595);
#9595 = DEFINITIONAL_REPRESENTATION('',(#9596),#9600);
#9596 = LINE('',#9597,#9598);
#9597 = CARTESIAN_POINT('',(-1.375435202258,0.));
#9598 = VECTOR('',#9599,1.);
#9599 = DIRECTION('',(-0.,-1.));
#9600 = ( GEOMETRIC_REPRESENTATION_CONTEXT(2) 
PARAMETRIC_REPRESENTATION_CONTEXT() REPRESENTATION_CONTEXT('2D SPACE',''
  ) );
#9601 = PCURVE('',#3308,#9602);
#9602 = DEFINITIONAL_REPRESENTATION('',(#9603),#9607);
#9603 = LINE('',#9604,#9605);
#9604 = CARTESIAN_POINT('',(-9.195684452037E-02,0.));
#9605 = VECTOR('',#9606,1.);
#9606 = DIRECTION('',(-0.,-1.));
#9607 = ( GEOMETRIC_REPRESENTATION_CONTEXT(2) 
PARAMETRIC_REPRESENTATION_CONTEXT() REPRESENTATION_CONTEXT('2D SPACE',''
  ) );
#9608 = ORIENTED_EDGE('',*,*,#3260,.F.);
#9609 = ADVANCED_FACE('',(#9610),#3364,.T.);
#9610 = FACE_BOUND('',#9611,.F.);
#9611 = EDGE_LOOP('',(#9612,#9635,#9657,#9658));
#9612 = ORIENTED_EDGE('',*,*,#9613,.T.);
#9613 = EDGE_CURVE('',#3321,#9614,#9616,.T.);
#9614 = VERTEX_POINT('',#9615);
#9615 = CARTESIAN_POINT('',(33.231002449252,155.44834791509,8.));
#9616 = SURFACE_CURVE('',#9617,(#9621,#9628),.PCURVE_S1.);
#9617 = LINE('',#9618,#9619);
#9618 = CARTESIAN_POINT('',(33.231002449252,155.44834791509,5.));
#9619 = VECTOR('',#9620,1.);
#9620 = DIRECTION('',(0.,0.,1.));
#9621 = PCURVE('',#3364,#9622);
#9622 = DEFINITIONAL_REPRESENTATION('',(#9623),#9627);
#9623 = LINE('',#9624,#9625);
#9624 = CARTESIAN_POINT('',(-2.324011420494,0.));
#9625 = VECTOR('',#9626,1.);
#9626 = DIRECTION('',(-0.,-1.));
#9627 = ( GEOMETRIC_REPRESENTATION_CONTEXT(2) 
PARAMETRIC_REPRESENTATION_CONTEXT() REPRESENTATION_CONTEXT('2D SPACE',''
  ) );
#9628 = PCURVE('',#3337,#9629);
#9629 = DEFINITIONAL_REPRESENTATION('',(#9630),#9634);
#9630 = LINE('',#9631,#9632);
#9631 = CARTESIAN_POINT('',(-0.885410862726,0.));
#9632 = VECTOR('',#9633,1.);
#9633 = DIRECTION('',(-0.,-1.));
#9634 = ( GEOMETRIC_REPRESENTATION_CONTEXT(2) 
PARAMETRIC_REPRESENTATION_CONTEXT() REPRESENTATION_CONTEXT('2D SPACE',''
  ) );
#9635 = ORIENTED_EDGE('',*,*,#9636,.T.);
#9636 = EDGE_CURVE('',#9614,#9542,#9637,.T.);
#9637 = SURFACE_CURVE('',#9638,(#9643,#9650),.PCURVE_S1.);
#9638 = CIRCLE('',#9639,154.0625);
#9639 = AXIS2_PLACEMENT_3D('',#9640,#9641,#9642);
#9640 = CARTESIAN_POINT('',(138.60785459254,43.060746558804,8.));
#9641 = DIRECTION('',(0.,0.,1.));
#9642 = DIRECTION('',(1.,0.,0.));
#9643 = PCURVE('',#3364,#9644);
#9644 = DEFINITIONAL_REPRESENTATION('',(#9645),#9649);
#9645 = LINE('',#9646,#9647);
#9646 = CARTESIAN_POINT('',(-0.,-3.));
#9647 = VECTOR('',#9648,1.);
#9648 = DIRECTION('',(-1.,0.));
#9649 = ( GEOMETRIC_REPRESENTATION_CONTEXT(2) 
PARAMETRIC_REPRESENTATION_CONTEXT() REPRESENTATION_CONTEXT('2D SPACE',''
  ) );
#9650 = PCURVE('',#3870,#9651);
#9651 = DEFINITIONAL_REPRESENTATION('',(#9652),#9656);
#9652 = CIRCLE('',#9653,154.0625);
#9653 = AXIS2_PLACEMENT_2D('',#9654,#9655);
#9654 = CARTESIAN_POINT('',(138.60785459254,-71.74340772155));
#9655 = DIRECTION('',(1.,0.));
#9656 = ( GEOMETRIC_REPRESENTATION_CONTEXT(2) 
PARAMETRIC_REPRESENTATION_CONTEXT() REPRESENTATION_CONTEXT('2D SPACE',''
  ) );
#9657 = ORIENTED_EDGE('',*,*,#9541,.F.);
#9658 = ORIENTED_EDGE('',*,*,#3349,.F.);
#9659 = ADVANCED_FACE('',(#9660),#3308,.T.);
#9660 = FACE_BOUND('',#9661,.F.);
#9661 = EDGE_LOOP('',(#9662,#9663,#9687,#9708));
#9662 = ORIENTED_EDGE('',*,*,#9588,.T.);
#9663 = ORIENTED_EDGE('',*,*,#9664,.T.);
#9664 = EDGE_CURVE('',#9565,#9665,#9667,.T.);
#9665 = VERTEX_POINT('',#9666);
#9666 = CARTESIAN_POINT('',(7.968641366572,166.69587572772,8.));
#9667 = SURFACE_CURVE('',#9668,(#9673,#9680),.PCURVE_S1.);
#9668 = CIRCLE('',#9669,154.0625);
#9669 = AXIS2_PLACEMENT_3D('',#9670,#9671,#9672);
#9670 = CARTESIAN_POINT('',(-146.0625,169.80415428035,8.));
#9671 = DIRECTION('',(-0.,0.,1.));
#9672 = DIRECTION('',(0.948073022312,-0.318052738337,0.));
#9673 = PCURVE('',#3308,#9674);
#9674 = DEFINITIONAL_REPRESENTATION('',(#9675),#9679);
#9675 = LINE('',#9676,#9677);
#9676 = CARTESIAN_POINT('',(-0.,-3.));
#9677 = VECTOR('',#9678,1.);
#9678 = DIRECTION('',(-1.,0.));
#9679 = ( GEOMETRIC_REPRESENTATION_CONTEXT(2) 
PARAMETRIC_REPRESENTATION_CONTEXT() REPRESENTATION_CONTEXT('2D SPACE',''
  ) );
#9680 = PCURVE('',#3870,#9681);
#9681 = DEFINITIONAL_REPRESENTATION('',(#9682),#9686);
#9682 = CIRCLE('',#9683,154.0625);
#9683 = AXIS2_PLACEMENT_2D('',#9684,#9685);
#9684 = CARTESIAN_POINT('',(-146.0625,55.));
#9685 = DIRECTION('',(0.948073022312,-0.318052738337));
#9686 = ( GEOMETRIC_REPRESENTATION_CONTEXT(2) 
PARAMETRIC_REPRESENTATION_CONTEXT() REPRESENTATION_CONTEXT('2D SPACE',''
  ) );
#9687 = ORIENTED_EDGE('',*,*,#9688,.F.);
#9688 = EDGE_CURVE('',#3292,#9665,#9689,.T.);
#9689 = SURFACE_CURVE('',#9690,(#9694,#9701),.PCURVE_S1.);
#9690 = LINE('',#9691,#9692);
#9691 = CARTESIAN_POINT('',(7.968641366572,166.69587572772,5.));
#9692 = VECTOR('',#9693,1.);
#9693 = DIRECTION('',(0.,0.,1.));
#9694 = PCURVE('',#3308,#9695);
#9695 = DEFINITIONAL_REPRESENTATION('',(#9696),#9700);
#9696 = LINE('',#9697,#9698);
#9697 = CARTESIAN_POINT('',(-0.303498054615,0.));
#9698 = VECTOR('',#9699,1.);
#9699 = DIRECTION('',(-0.,-1.));
#9700 = ( GEOMETRIC_REPRESENTATION_CONTEXT(2) 
PARAMETRIC_REPRESENTATION_CONTEXT() REPRESENTATION_CONTEXT('2D SPACE',''
  ) );
#9701 = PCURVE('',#3337,#9702);
#9702 = DEFINITIONAL_REPRESENTATION('',(#9703),#9707);
#9703 = LINE('',#9704,#9705);
#9704 = CARTESIAN_POINT('',(-1.418423749907,0.));
#9705 = VECTOR('',#9706,1.);
#9706 = DIRECTION('',(-0.,-1.));
#9707 = ( GEOMETRIC_REPRESENTATION_CONTEXT(2) 
PARAMETRIC_REPRESENTATION_CONTEXT() REPRESENTATION_CONTEXT('2D SPACE',''
  ) );
#9708 = ORIENTED_EDGE('',*,*,#3291,.F.);
#9709 = ADVANCED_FACE('',(#9710),#3337,.F.);
#9710 = FACE_BOUND('',#9711,.T.);
#9711 = EDGE_LOOP('',(#9712,#9713,#9735,#9736));
#9712 = ORIENTED_EDGE('',*,*,#9613,.T.);
#9713 = ORIENTED_EDGE('',*,*,#9714,.T.);
#9714 = EDGE_CURVE('',#9614,#9665,#9715,.T.);
#9715 = SURFACE_CURVE('',#9716,(#9721,#9728),.PCURVE_S1.);
#9716 = CIRCLE('',#9717,52.5);
#9717 = AXIS2_PLACEMENT_3D('',#9718,#9719,#9720);
#9718 = CARTESIAN_POINT('',(0.,114.80415428035,8.));
#9719 = DIRECTION('',(0.,0.,1.));
#9720 = DIRECTION('',(1.,0.,0.));
#9721 = PCURVE('',#3337,#9722);
#9722 = DEFINITIONAL_REPRESENTATION('',(#9723),#9727);
#9723 = LINE('',#9724,#9725);
#9724 = CARTESIAN_POINT('',(-0.,-3.));
#9725 = VECTOR('',#9726,1.);
#9726 = DIRECTION('',(-1.,0.));
#9727 = ( GEOMETRIC_REPRESENTATION_CONTEXT(2) 
PARAMETRIC_REPRESENTATION_CONTEXT() REPRESENTATION_CONTEXT('2D SPACE',''
  ) );
#9728 = PCURVE('',#3870,#9729);
#9729 = DEFINITIONAL_REPRESENTATION('',(#9730),#9734);
#9730 = CIRCLE('',#9731,52.5);
#9731 = AXIS2_PLACEMENT_2D('',#9732,#9733);
#9732 = CARTESIAN_POINT('',(1.093952106032E-15,0.));
#9733 = DIRECTION('',(1.,0.));
#9734 = ( GEOMETRIC_REPRESENTATION_CONTEXT(2) 
PARAMETRIC_REPRESENTATION_CONTEXT() REPRESENTATION_CONTEXT('2D SPACE',''
  ) );
#9735 = ORIENTED_EDGE('',*,*,#9688,.F.);
#9736 = ORIENTED_EDGE('',*,*,#3320,.F.);
#9737 = ADVANCED_FACE('',(#9738),#3397,.T.);
#9738 = FACE_BOUND('',#9739,.F.);
#9739 = EDGE_LOOP('',(#9740,#9741,#9764,#9786));
#9740 = ORIENTED_EDGE('',*,*,#3378,.F.);
#9741 = ORIENTED_EDGE('',*,*,#9742,.T.);
#9742 = EDGE_CURVE('',#3379,#9743,#9745,.T.);
#9743 = VERTEX_POINT('',#9744);
#9744 = CARTESIAN_POINT('',(-54.69033482934,132.55851363951,8.));
#9745 = SURFACE_CURVE('',#9746,(#9750,#9757),.PCURVE_S1.);
#9746 = LINE('',#9747,#9748);
#9747 = CARTESIAN_POINT('',(-54.69033482934,132.55851363951,5.));
#9748 = VECTOR('',#9749,1.);
#9749 = DIRECTION('',(0.,0.,1.));
#9750 = PCURVE('',#3397,#9751);
#9751 = DEFINITIONAL_REPRESENTATION('',(#9752),#9756);
#9752 = LINE('',#9753,#9754);
#9753 = CARTESIAN_POINT('',(-1.408872111523,0.));
#9754 = VECTOR('',#9755,1.);
#9755 = DIRECTION('',(-0.,-1.));
#9756 = ( GEOMETRIC_REPRESENTATION_CONTEXT(2) 
PARAMETRIC_REPRESENTATION_CONTEXT() REPRESENTATION_CONTEXT('2D SPACE',''
  ) );
#9757 = PCURVE('',#3477,#9758);
#9758 = DEFINITIONAL_REPRESENTATION('',(#9759),#9763);
#9759 = LINE('',#9760,#9761);
#9760 = CARTESIAN_POINT('',(-2.827691540045,0.));
#9761 = VECTOR('',#9762,1.);
#9762 = DIRECTION('',(-0.,-1.));
#9763 = ( GEOMETRIC_REPRESENTATION_CONTEXT(2) 
PARAMETRIC_REPRESENTATION_CONTEXT() REPRESENTATION_CONTEXT('2D SPACE',''
  ) );
#9764 = ORIENTED_EDGE('',*,*,#9765,.T.);
#9765 = EDGE_CURVE('',#9743,#4249,#9766,.T.);
#9766 = SURFACE_CURVE('',#9767,(#9772,#9779),.PCURVE_S1.);
#9767 = CIRCLE('',#9768,154.0625);
#9768 = AXIS2_PLACEMENT_3D('',#9769,#9770,#9771);
#9769 = CARTESIAN_POINT('',(-79.52791336614,-19.4886783723,8.));
#9770 = DIRECTION('',(0.,0.,1.));
#9771 = DIRECTION('',(1.,0.,0.));
#9772 = PCURVE('',#3397,#9773);
#9773 = DEFINITIONAL_REPRESENTATION('',(#9774),#9778);
#9774 = LINE('',#9775,#9776);
#9775 = CARTESIAN_POINT('',(-0.,-3.));
#9776 = VECTOR('',#9777,1.);
#9777 = DIRECTION('',(-1.,0.));
#9778 = ( GEOMETRIC_REPRESENTATION_CONTEXT(2) 
PARAMETRIC_REPRESENTATION_CONTEXT() REPRESENTATION_CONTEXT('2D SPACE',''
  ) );
#9779 = PCURVE('',#3870,#9780);
#9780 = DEFINITIONAL_REPRESENTATION('',(#9781),#9785);
#9781 = CIRCLE('',#9782,154.0625);
#9782 = AXIS2_PLACEMENT_2D('',#9783,#9784);
#9783 = CARTESIAN_POINT('',(-79.52791336614,-134.2928326526));
#9784 = DIRECTION('',(1.,0.));
#9785 = ( GEOMETRIC_REPRESENTATION_CONTEXT(2) 
PARAMETRIC_REPRESENTATION_CONTEXT() REPRESENTATION_CONTEXT('2D SPACE',''
  ) );
#9786 = ORIENTED_EDGE('',*,*,#4276,.T.);
#9787 = ADVANCED_FACE('',(#9788),#3477,.T.);
#9788 = FACE_BOUND('',#9789,.F.);
#9789 = EDGE_LOOP('',(#9790,#9813,#9835,#9836));
#9790 = ORIENTED_EDGE('',*,*,#9791,.T.);
#9791 = EDGE_CURVE('',#3434,#9792,#9794,.T.);
#9792 = VERTEX_POINT('',#9793);
#9793 = CARTESIAN_POINT('',(-47.6613583255,146.97005116771,8.));
#9794 = SURFACE_CURVE('',#9795,(#9799,#9806),.PCURVE_S1.);
#9795 = LINE('',#9796,#9797);
#9796 = CARTESIAN_POINT('',(-47.6613583255,146.97005116771,5.));
#9797 = VECTOR('',#9798,1.);
#9798 = DIRECTION('',(0.,0.,1.));
#9799 = PCURVE('',#3477,#9800);
#9800 = DEFINITIONAL_REPRESENTATION('',(#9801),#9805);
#9801 = LINE('',#9802,#9803);
#9802 = CARTESIAN_POINT('',(-2.547922556097,0.));
#9803 = VECTOR('',#9804,1.);
#9804 = DIRECTION('',(-0.,-1.));
#9805 = ( GEOMETRIC_REPRESENTATION_CONTEXT(2) 
PARAMETRIC_REPRESENTATION_CONTEXT() REPRESENTATION_CONTEXT('2D SPACE',''
  ) );
#9806 = PCURVE('',#3450,#9807);
#9807 = DEFINITIONAL_REPRESENTATION('',(#9808),#9812);
#9808 = LINE('',#9809,#9810);
#9809 = CARTESIAN_POINT('',(-3.96674198462,0.));
#9810 = VECTOR('',#9811,1.);
#9811 = DIRECTION('',(-0.,-1.));
#9812 = ( GEOMETRIC_REPRESENTATION_CONTEXT(2) 
PARAMETRIC_REPRESENTATION_CONTEXT() REPRESENTATION_CONTEXT('2D SPACE',''
  ) );
#9813 = ORIENTED_EDGE('',*,*,#9814,.T.);
#9814 = EDGE_CURVE('',#9792,#9743,#9815,.T.);
#9815 = SURFACE_CURVE('',#9816,(#9821,#9828),.PCURVE_S1.);
#9816 = CIRCLE('',#9817,57.5);
#9817 = AXIS2_PLACEMENT_3D('',#9818,#9819,#9820);
#9818 = CARTESIAN_POINT('',(0.,114.80415428035,8.));
#9819 = DIRECTION('',(0.,0.,1.));
#9820 = DIRECTION('',(1.,0.,0.));
#9821 = PCURVE('',#3477,#9822);
#9822 = DEFINITIONAL_REPRESENTATION('',(#9823),#9827);
#9823 = LINE('',#9824,#9825);
#9824 = CARTESIAN_POINT('',(-0.,-3.));
#9825 = VECTOR('',#9826,1.);
#9826 = DIRECTION('',(-1.,0.));
#9827 = ( GEOMETRIC_REPRESENTATION_CONTEXT(2) 
PARAMETRIC_REPRESENTATION_CONTEXT() REPRESENTATION_CONTEXT('2D SPACE',''
  ) );
#9828 = PCURVE('',#3870,#9829);
#9829 = DEFINITIONAL_REPRESENTATION('',(#9830),#9834);
#9830 = CIRCLE('',#9831,57.5);
#9831 = AXIS2_PLACEMENT_2D('',#9832,#9833);
#9832 = CARTESIAN_POINT('',(1.093952106032E-15,0.));
#9833 = DIRECTION('',(1.,0.));
#9834 = ( GEOMETRIC_REPRESENTATION_CONTEXT(2) 
PARAMETRIC_REPRESENTATION_CONTEXT() REPRESENTATION_CONTEXT('2D SPACE',''
  ) );
#9835 = ORIENTED_EDGE('',*,*,#9742,.F.);
#9836 = ORIENTED_EDGE('',*,*,#3462,.F.);
#9837 = ADVANCED_FACE('',(#9838),#3450,.T.);
#9838 = FACE_BOUND('',#9839,.F.);
#9839 = EDGE_LOOP('',(#9840,#9841,#9842,#9864));
#9840 = ORIENTED_EDGE('',*,*,#3433,.F.);
#9841 = ORIENTED_EDGE('',*,*,#4296,.F.);
#9842 = ORIENTED_EDGE('',*,*,#9843,.T.);
#9843 = EDGE_CURVE('',#4297,#9792,#9844,.T.);
#9844 = SURFACE_CURVE('',#9845,(#9850,#9857),.PCURVE_S1.);
#9845 = CIRCLE('',#9846,154.0625);
#9846 = AXIS2_PLACEMENT_3D('',#9847,#9848,#9849);
#9847 = CARTESIAN_POINT('',(56.861923790034,260.15192870138,8.));
#9848 = DIRECTION('',(0.,0.,1.));
#9849 = DIRECTION('',(1.,0.,0.));
#9850 = PCURVE('',#3450,#9851);
#9851 = DEFINITIONAL_REPRESENTATION('',(#9852),#9856);
#9852 = LINE('',#9853,#9854);
#9853 = CARTESIAN_POINT('',(-0.,-3.));
#9854 = VECTOR('',#9855,1.);
#9855 = DIRECTION('',(-1.,0.));
#9856 = ( GEOMETRIC_REPRESENTATION_CONTEXT(2) 
PARAMETRIC_REPRESENTATION_CONTEXT() REPRESENTATION_CONTEXT('2D SPACE',''
  ) );
#9857 = PCURVE('',#3870,#9858);
#9858 = DEFINITIONAL_REPRESENTATION('',(#9859),#9863);
#9859 = CIRCLE('',#9860,154.0625);
#9860 = AXIS2_PLACEMENT_2D('',#9861,#9862);
#9861 = CARTESIAN_POINT('',(56.861923790034,145.34777442102));
#9862 = DIRECTION('',(1.,0.));
#9863 = ( GEOMETRIC_REPRESENTATION_CONTEXT(2) 
PARAMETRIC_REPRESENTATION_CONTEXT() REPRESENTATION_CONTEXT('2D SPACE',''
  ) );
#9864 = ORIENTED_EDGE('',*,*,#9791,.F.);
#9865 = ADVANCED_FACE('',(#9866),#3510,.T.);
#9866 = FACE_BOUND('',#9867,.F.);
#9867 = EDGE_LOOP('',(#9868,#9869,#9892,#9914));
#9868 = ORIENTED_EDGE('',*,*,#3491,.F.);
#9869 = ORIENTED_EDGE('',*,*,#9870,.T.);
#9870 = EDGE_CURVE('',#3492,#9871,#9873,.T.);
#9871 = VERTEX_POINT('',#9872);
#9872 = CARTESIAN_POINT('',(-36.97165728165,158.8421669268,8.));
#9873 = SURFACE_CURVE('',#9874,(#9878,#9885),.PCURVE_S1.);
#9874 = LINE('',#9875,#9876);
#9875 = CARTESIAN_POINT('',(-36.97165728165,158.8421669268,5.));
#9876 = VECTOR('',#9877,1.);
#9877 = DIRECTION('',(0.,0.,1.));
#9878 = PCURVE('',#3510,#9879);
#9879 = DEFINITIONAL_REPRESENTATION('',(#9880),#9884);
#9880 = LINE('',#9881,#9882);
#9881 = CARTESIAN_POINT('',(-0.850366750884,0.));
#9882 = VECTOR('',#9883,1.);
#9883 = DIRECTION('',(-0.,-1.));
#9884 = ( GEOMETRIC_REPRESENTATION_CONTEXT(2) 
PARAMETRIC_REPRESENTATION_CONTEXT() REPRESENTATION_CONTEXT('2D SPACE',''
  ) );
#9885 = PCURVE('',#3590,#9886);
#9886 = DEFINITIONAL_REPRESENTATION('',(#9887),#9891);
#9887 = LINE('',#9888,#9889);
#9888 = CARTESIAN_POINT('',(-2.269186179407,0.));
#9889 = VECTOR('',#9890,1.);
#9890 = DIRECTION('',(-0.,-1.));
#9891 = ( GEOMETRIC_REPRESENTATION_CONTEXT(2) 
PARAMETRIC_REPRESENTATION_CONTEXT() REPRESENTATION_CONTEXT('2D SPACE',''
  ) );
#9892 = ORIENTED_EDGE('',*,*,#9893,.T.);
#9893 = EDGE_CURVE('',#9871,#4318,#9894,.T.);
#9894 = SURFACE_CURVE('',#9895,(#9900,#9907),.PCURVE_S1.);
#9895 = CIRCLE('',#9896,154.0625);
#9896 = AXIS2_PLACEMENT_3D('',#9897,#9898,#9899);
#9897 = CARTESIAN_POINT('',(-138.6078545925,43.060746558804,8.));
#9898 = DIRECTION('',(0.,0.,1.));
#9899 = DIRECTION('',(1.,0.,0.));
#9900 = PCURVE('',#3510,#9901);
#9901 = DEFINITIONAL_REPRESENTATION('',(#9902),#9906);
#9902 = LINE('',#9903,#9904);
#9903 = CARTESIAN_POINT('',(-0.,-3.));
#9904 = VECTOR('',#9905,1.);
#9905 = DIRECTION('',(-1.,0.));
#9906 = ( GEOMETRIC_REPRESENTATION_CONTEXT(2) 
PARAMETRIC_REPRESENTATION_CONTEXT() REPRESENTATION_CONTEXT('2D SPACE',''
  ) );
#9907 = PCURVE('',#3870,#9908);
#9908 = DEFINITIONAL_REPRESENTATION('',(#9909),#9913);
#9909 = CIRCLE('',#9910,154.0625);
#9910 = AXIS2_PLACEMENT_2D('',#9911,#9912);
#9911 = CARTESIAN_POINT('',(-138.6078545925,-71.74340772155));
#9912 = DIRECTION('',(1.,0.));
#9913 = ( GEOMETRIC_REPRESENTATION_CONTEXT(2) 
PARAMETRIC_REPRESENTATION_CONTEXT() REPRESENTATION_CONTEXT('2D SPACE',''
  ) );
#9914 = ORIENTED_EDGE('',*,*,#4345,.T.);
#9915 = ADVANCED_FACE('',(#9916),#3590,.T.);
#9916 = FACE_BOUND('',#9917,.F.);
#9917 = EDGE_LOOP('',(#9918,#9941,#9963,#9964));
#9918 = ORIENTED_EDGE('',*,*,#9919,.T.);
#9919 = EDGE_CURVE('',#3547,#9920,#9922,.T.);
#9920 = VERTEX_POINT('',#9921);
#9921 = CARTESIAN_POINT('',(-7.987753767546,171.74663218349,8.));
#9922 = SURFACE_CURVE('',#9923,(#9927,#9934),.PCURVE_S1.);
#9923 = LINE('',#9924,#9925);
#9924 = CARTESIAN_POINT('',(-7.987753767546,171.74663218349,5.));
#9925 = VECTOR('',#9926,1.);
#9926 = DIRECTION('',(0.,0.,1.));
#9927 = PCURVE('',#3590,#9928);
#9928 = DEFINITIONAL_REPRESENTATION('',(#9929),#9933);
#9929 = LINE('',#9930,#9931);
#9930 = CARTESIAN_POINT('',(-1.71016451514,0.));
#9931 = VECTOR('',#9932,1.);
#9932 = DIRECTION('',(-0.,-1.));
#9933 = ( GEOMETRIC_REPRESENTATION_CONTEXT(2) 
PARAMETRIC_REPRESENTATION_CONTEXT() REPRESENTATION_CONTEXT('2D SPACE',''
  ) );
#9934 = PCURVE('',#3563,#9935);
#9935 = DEFINITIONAL_REPRESENTATION('',(#9936),#9940);
#9936 = LINE('',#9937,#9938);
#9937 = CARTESIAN_POINT('',(-3.128983943663,0.));
#9938 = VECTOR('',#9939,1.);
#9939 = DIRECTION('',(-0.,-1.));
#9940 = ( GEOMETRIC_REPRESENTATION_CONTEXT(2) 
PARAMETRIC_REPRESENTATION_CONTEXT() REPRESENTATION_CONTEXT('2D SPACE',''
  ) );
#9941 = ORIENTED_EDGE('',*,*,#9942,.T.);
#9942 = EDGE_CURVE('',#9920,#9871,#9943,.T.);
#9943 = SURFACE_CURVE('',#9944,(#9949,#9956),.PCURVE_S1.);
#9944 = CIRCLE('',#9945,57.5);
#9945 = AXIS2_PLACEMENT_3D('',#9946,#9947,#9948);
#9946 = CARTESIAN_POINT('',(0.,114.80415428035,8.));
#9947 = DIRECTION('',(0.,0.,1.));
#9948 = DIRECTION('',(1.,0.,0.));
#9949 = PCURVE('',#3590,#9950);
#9950 = DEFINITIONAL_REPRESENTATION('',(#9951),#9955);
#9951 = LINE('',#9952,#9953);
#9952 = CARTESIAN_POINT('',(-0.,-3.));
#9953 = VECTOR('',#9954,1.);
#9954 = DIRECTION('',(-1.,0.));
#9955 = ( GEOMETRIC_REPRESENTATION_CONTEXT(2) 
PARAMETRIC_REPRESENTATION_CONTEXT() REPRESENTATION_CONTEXT('2D SPACE',''
  ) );
#9956 = PCURVE('',#3870,#9957);
#9957 = DEFINITIONAL_REPRESENTATION('',(#9958),#9962);
#9958 = CIRCLE('',#9959,57.5);
#9959 = AXIS2_PLACEMENT_2D('',#9960,#9961);
#9960 = CARTESIAN_POINT('',(1.093952106032E-15,0.));
#9961 = DIRECTION('',(1.,0.));
#9962 = ( GEOMETRIC_REPRESENTATION_CONTEXT(2) 
PARAMETRIC_REPRESENTATION_CONTEXT() REPRESENTATION_CONTEXT('2D SPACE',''
  ) );
#9963 = ORIENTED_EDGE('',*,*,#9870,.F.);
#9964 = ORIENTED_EDGE('',*,*,#3575,.F.);
#9965 = ADVANCED_FACE('',(#9966),#3563,.T.);
#9966 = FACE_BOUND('',#9967,.F.);
#9967 = EDGE_LOOP('',(#9968,#9969,#9970,#9992));
#9968 = ORIENTED_EDGE('',*,*,#3546,.F.);
#9969 = ORIENTED_EDGE('',*,*,#4365,.F.);
#9970 = ORIENTED_EDGE('',*,*,#9971,.T.);
#9971 = EDGE_CURVE('',#4366,#9920,#9972,.T.);
#9972 = SURFACE_CURVE('',#9973,(#9978,#9985),.PCURVE_S1.);
#9973 = CIRCLE('',#9974,154.0625);
#9974 = AXIS2_PLACEMENT_3D('',#9975,#9976,#9977);
#9975 = CARTESIAN_POINT('',(146.0625,169.80415428035,8.));
#9976 = DIRECTION('',(0.,0.,1.));
#9977 = DIRECTION('',(1.,0.,0.));
#9978 = PCURVE('',#3563,#9979);
#9979 = DEFINITIONAL_REPRESENTATION('',(#9980),#9984);
#9980 = LINE('',#9981,#9982);
#9981 = CARTESIAN_POINT('',(-0.,-3.));
#9982 = VECTOR('',#9983,1.);
#9983 = DIRECTION('',(-1.,0.));
#9984 = ( GEOMETRIC_REPRESENTATION_CONTEXT(2) 
PARAMETRIC_REPRESENTATION_CONTEXT() REPRESENTATION_CONTEXT('2D SPACE',''
  ) );
#9985 = PCURVE('',#3870,#9986);
#9986 = DEFINITIONAL_REPRESENTATION('',(#9987),#9991);
#9987 = CIRCLE('',#9988,154.0625);
#9988 = AXIS2_PLACEMENT_2D('',#9989,#9990);
#9989 = CARTESIAN_POINT('',(146.0625,55.));
#9990 = DIRECTION('',(1.,0.));
#9991 = ( GEOMETRIC_REPRESENTATION_CONTEXT(2) 
PARAMETRIC_REPRESENTATION_CONTEXT() REPRESENTATION_CONTEXT('2D SPACE',''
  ) );
#9992 = ORIENTED_EDGE('',*,*,#9919,.F.);
#9993 = ADVANCED_FACE('',(#9994),#3623,.T.);
#9994 = FACE_BOUND('',#9995,.F.);
#9995 = EDGE_LOOP('',(#9996,#9997,#10020,#10042));
#9996 = ORIENTED_EDGE('',*,*,#3604,.F.);
#9997 = ORIENTED_EDGE('',*,*,#9998,.T.);
#9998 = EDGE_CURVE('',#3605,#9999,#10001,.T.);
#9999 = VERTEX_POINT('',#10000);
#10000 = CARTESIAN_POINT('',(47.6613583255,146.97005116771,8.));
#10001 = SURFACE_CURVE('',#10002,(#10006,#10013),.PCURVE_S1.);
#10002 = LINE('',#10003,#10004);
#10003 = CARTESIAN_POINT('',(47.6613583255,146.97005116771,5.));
#10004 = VECTOR('',#10005,1.);
#10005 = DIRECTION('',(0.,0.,1.));
#10006 = PCURVE('',#3623,#10007);
#10007 = DEFINITIONAL_REPRESENTATION('',(#10008),#10012);
#10008 = LINE('',#10009,#10010);
#10009 = CARTESIAN_POINT('',(-5.458035976149,0.));
#10010 = VECTOR('',#10011,1.);
#10011 = DIRECTION('',(-0.,-1.));
#10012 = ( GEOMETRIC_REPRESENTATION_CONTEXT(2) 
PARAMETRIC_REPRESENTATION_CONTEXT() REPRESENTATION_CONTEXT('2D SPACE',''
  ) );
#10013 = PCURVE('',#3703,#10014);
#10014 = DEFINITIONAL_REPRESENTATION('',(#10015),#10019);
#10015 = LINE('',#10016,#10017);
#10016 = CARTESIAN_POINT('',(-0.593670097492,0.));
#10017 = VECTOR('',#10018,1.);
#10018 = DIRECTION('',(-0.,-1.));
#10019 = ( GEOMETRIC_REPRESENTATION_CONTEXT(2) 
PARAMETRIC_REPRESENTATION_CONTEXT() REPRESENTATION_CONTEXT('2D SPACE',''
  ) );
#10020 = ORIENTED_EDGE('',*,*,#10021,.T.);
#10021 = EDGE_CURVE('',#9999,#4456,#10022,.T.);
#10022 = SURFACE_CURVE('',#10023,(#10028,#10035),.PCURVE_S1.);
#10023 = CIRCLE('',#10024,154.0625);
#10024 = AXIS2_PLACEMENT_3D('',#10025,#10026,#10027);
#10025 = CARTESIAN_POINT('',(-56.86192379003,260.15192870138,8.));
#10026 = DIRECTION('',(0.,0.,1.));
#10027 = DIRECTION('',(1.,0.,0.));
#10028 = PCURVE('',#3623,#10029);
#10029 = DEFINITIONAL_REPRESENTATION('',(#10030),#10034);
#10030 = LINE('',#10031,#10032);
#10031 = CARTESIAN_POINT('',(-0.,-3.));
#10032 = VECTOR('',#10033,1.);
#10033 = DIRECTION('',(-1.,0.));
#10034 = ( GEOMETRIC_REPRESENTATION_CONTEXT(2) 
PARAMETRIC_REPRESENTATION_CONTEXT() REPRESENTATION_CONTEXT('2D SPACE',''
  ) );
#10035 = PCURVE('',#3870,#10036);
#10036 = DEFINITIONAL_REPRESENTATION('',(#10037),#10041);
#10037 = CIRCLE('',#10038,154.0625);
#10038 = AXIS2_PLACEMENT_2D('',#10039,#10040);
#10039 = CARTESIAN_POINT('',(-56.86192379003,145.34777442102));
#10040 = DIRECTION('',(1.,0.));
#10041 = ( GEOMETRIC_REPRESENTATION_CONTEXT(2) 
PARAMETRIC_REPRESENTATION_CONTEXT() REPRESENTATION_CONTEXT('2D SPACE',''
  ) );
#10042 = ORIENTED_EDGE('',*,*,#4483,.T.);
#10043 = ADVANCED_FACE('',(#10044),#3703,.T.);
#10044 = FACE_BOUND('',#10045,.F.);
#10045 = EDGE_LOOP('',(#10046,#10069,#10091,#10092));
#10046 = ORIENTED_EDGE('',*,*,#10047,.T.);
#10047 = EDGE_CURVE('',#3660,#10048,#10050,.T.);
#10048 = VERTEX_POINT('',#10049);
#10049 = CARTESIAN_POINT('',(54.690334829347,132.55851363951,8.));
#10050 = SURFACE_CURVE('',#10051,(#10055,#10062),.PCURVE_S1.);
#10051 = LINE('',#10052,#10053);
#10052 = CARTESIAN_POINT('',(54.690334829347,132.55851363951,5.));
#10053 = VECTOR('',#10054,1.);
#10054 = DIRECTION('',(0.,0.,1.));
#10055 = PCURVE('',#3703,#10056);
#10056 = DEFINITIONAL_REPRESENTATION('',(#10057),#10061);
#10057 = LINE('',#10058,#10059);
#10058 = CARTESIAN_POINT('',(-0.313901113545,0.));
#10059 = VECTOR('',#10060,1.);
#10060 = DIRECTION('',(-0.,-1.));
#10061 = ( GEOMETRIC_REPRESENTATION_CONTEXT(2) 
PARAMETRIC_REPRESENTATION_CONTEXT() REPRESENTATION_CONTEXT('2D SPACE',''
  ) );
#10062 = PCURVE('',#3676,#10063);
#10063 = DEFINITIONAL_REPRESENTATION('',(#10064),#10068);
#10064 = LINE('',#10065,#10066);
#10065 = CARTESIAN_POINT('',(-1.732720542067,0.));
#10066 = VECTOR('',#10067,1.);
#10067 = DIRECTION('',(-0.,-1.));
#10068 = ( GEOMETRIC_REPRESENTATION_CONTEXT(2) 
PARAMETRIC_REPRESENTATION_CONTEXT() REPRESENTATION_CONTEXT('2D SPACE',''
  ) );
#10069 = ORIENTED_EDGE('',*,*,#10070,.T.);
#10070 = EDGE_CURVE('',#10048,#9999,#10071,.T.);
#10071 = SURFACE_CURVE('',#10072,(#10077,#10084),.PCURVE_S1.);
#10072 = CIRCLE('',#10073,57.5);
#10073 = AXIS2_PLACEMENT_3D('',#10074,#10075,#10076);
#10074 = CARTESIAN_POINT('',(0.,114.80415428035,8.));
#10075 = DIRECTION('',(0.,0.,1.));
#10076 = DIRECTION('',(1.,0.,0.));
#10077 = PCURVE('',#3703,#10078);
#10078 = DEFINITIONAL_REPRESENTATION('',(#10079),#10083);
#10079 = LINE('',#10080,#10081);
#10080 = CARTESIAN_POINT('',(-0.,-3.));
#10081 = VECTOR('',#10082,1.);
#10082 = DIRECTION('',(-1.,0.));
#10083 = ( GEOMETRIC_REPRESENTATION_CONTEXT(2) 
PARAMETRIC_REPRESENTATION_CONTEXT() REPRESENTATION_CONTEXT('2D SPACE',''
  ) );
#10084 = PCURVE('',#3870,#10085);
#10085 = DEFINITIONAL_REPRESENTATION('',(#10086),#10090);
#10086 = CIRCLE('',#10087,57.5);
#10087 = AXIS2_PLACEMENT_2D('',#10088,#10089);
#10088 = CARTESIAN_POINT('',(1.093952106032E-15,0.));
#10089 = DIRECTION('',(1.,0.));
#10090 = ( GEOMETRIC_REPRESENTATION_CONTEXT(2) 
PARAMETRIC_REPRESENTATION_CONTEXT() REPRESENTATION_CONTEXT('2D SPACE',''
  ) );
#10091 = ORIENTED_EDGE('',*,*,#9998,.F.);
#10092 = ORIENTED_EDGE('',*,*,#3688,.F.);
#10093 = ADVANCED_FACE('',(#10094),#3676,.T.);
#10094 = FACE_BOUND('',#10095,.F.);
#10095 = EDGE_LOOP('',(#10096,#10097,#10098,#10120));
#10096 = ORIENTED_EDGE('',*,*,#3659,.F.);
#10097 = ORIENTED_EDGE('',*,*,#4503,.F.);
#10098 = ORIENTED_EDGE('',*,*,#10099,.T.);
#10099 = EDGE_CURVE('',#4504,#10048,#10100,.T.);
#10100 = SURFACE_CURVE('',#10101,(#10106,#10113),.PCURVE_S1.);
#10101 = CIRCLE('',#10102,154.0625);
#10102 = AXIS2_PLACEMENT_3D('',#10103,#10104,#10105);
#10103 = CARTESIAN_POINT('',(79.527913366147,-19.4886783723,8.));
#10104 = DIRECTION('',(0.,0.,1.));
#10105 = DIRECTION('',(1.,0.,0.));
#10106 = PCURVE('',#3676,#10107);
#10107 = DEFINITIONAL_REPRESENTATION('',(#10108),#10112);
#10108 = LINE('',#10109,#10110);
#10109 = CARTESIAN_POINT('',(-0.,-3.));
#10110 = VECTOR('',#10111,1.);
#10111 = DIRECTION('',(-1.,0.));
#10112 = ( GEOMETRIC_REPRESENTATION_CONTEXT(2) 
PARAMETRIC_REPRESENTATION_CONTEXT() REPRESENTATION_CONTEXT('2D SPACE',''
  ) );
#10113 = PCURVE('',#3870,#10114);
#10114 = DEFINITIONAL_REPRESENTATION('',(#10115),#10119);
#10115 = CIRCLE('',#10116,154.0625);
#10116 = AXIS2_PLACEMENT_2D('',#10117,#10118);
#10117 = CARTESIAN_POINT('',(79.527913366147,-134.2928326526));
#10118 = DIRECTION('',(1.,0.));
#10119 = ( GEOMETRIC_REPRESENTATION_CONTEXT(2) 
PARAMETRIC_REPRESENTATION_CONTEXT() REPRESENTATION_CONTEXT('2D SPACE',''
  ) );
#10120 = ORIENTED_EDGE('',*,*,#10047,.F.);
#10121 = ADVANCED_FACE('',(#10122),#3736,.T.);
#10122 = FACE_BOUND('',#10123,.F.);
#10123 = EDGE_LOOP('',(#10124,#10125,#10148,#10170));
#10124 = ORIENTED_EDGE('',*,*,#3717,.F.);
#10125 = ORIENTED_EDGE('',*,*,#10126,.T.);
#10126 = EDGE_CURVE('',#3718,#10127,#10129,.T.);
#10127 = VERTEX_POINT('',#10128);
#10128 = CARTESIAN_POINT('',(7.987753767546,171.74663218349,8.));
#10129 = SURFACE_CURVE('',#10130,(#10134,#10141),.PCURVE_S1.);
#10130 = LINE('',#10131,#10132);
#10131 = CARTESIAN_POINT('',(7.987753767546,171.74663218349,5.));
#10132 = VECTOR('',#10133,1.);
#10133 = DIRECTION('',(0.,0.,1.));
#10134 = PCURVE('',#3736,#10135);
#10135 = DEFINITIONAL_REPRESENTATION('',(#10136),#10140);
#10136 = LINE('',#10137,#10138);
#10137 = CARTESIAN_POINT('',(-0.336283572404,0.));
#10138 = VECTOR('',#10139,1.);
#10139 = DIRECTION('',(-0.,-1.));
#10140 = ( GEOMETRIC_REPRESENTATION_CONTEXT(2) 
PARAMETRIC_REPRESENTATION_CONTEXT() REPRESENTATION_CONTEXT('2D SPACE',''
  ) );
#10141 = PCURVE('',#3816,#10142);
#10142 = DEFINITIONAL_REPRESENTATION('',(#10143),#10147);
#10143 = LINE('',#10144,#10145);
#10144 = CARTESIAN_POINT('',(-1.43142813845,0.));
#10145 = VECTOR('',#10146,1.);
#10146 = DIRECTION('',(-0.,-1.));
#10147 = ( GEOMETRIC_REPRESENTATION_CONTEXT(2) 
PARAMETRIC_REPRESENTATION_CONTEXT() REPRESENTATION_CONTEXT('2D SPACE',''
  ) );
#10148 = ORIENTED_EDGE('',*,*,#10149,.T.);
#10149 = EDGE_CURVE('',#10127,#4387,#10150,.T.);
#10150 = SURFACE_CURVE('',#10151,(#10156,#10163),.PCURVE_S1.);
#10151 = CIRCLE('',#10152,154.0625);
#10152 = AXIS2_PLACEMENT_3D('',#10153,#10154,#10155);
#10153 = CARTESIAN_POINT('',(-146.0625,169.80415428035,8.));
#10154 = DIRECTION('',(-0.,0.,1.));
#10155 = DIRECTION('',(0.948073022312,-0.318052738337,0.));
#10156 = PCURVE('',#3736,#10157);
#10157 = DEFINITIONAL_REPRESENTATION('',(#10158),#10162);
#10158 = LINE('',#10159,#10160);
#10159 = CARTESIAN_POINT('',(-0.,-3.));
#10160 = VECTOR('',#10161,1.);
#10161 = DIRECTION('',(-1.,0.));
#10162 = ( GEOMETRIC_REPRESENTATION_CONTEXT(2) 
PARAMETRIC_REPRESENTATION_CONTEXT() REPRESENTATION_CONTEXT('2D SPACE',''
  ) );
#10163 = PCURVE('',#3870,#10164);
#10164 = DEFINITIONAL_REPRESENTATION('',(#10165),#10169);
#10165 = CIRCLE('',#10166,154.0625);
#10166 = AXIS2_PLACEMENT_2D('',#10167,#10168);
#10167 = CARTESIAN_POINT('',(-146.0625,55.));
#10168 = DIRECTION('',(0.948073022312,-0.318052738337));
#10169 = ( GEOMETRIC_REPRESENTATION_CONTEXT(2) 
PARAMETRIC_REPRESENTATION_CONTEXT() REPRESENTATION_CONTEXT('2D SPACE',''
  ) );
#10170 = ORIENTED_EDGE('',*,*,#4414,.T.);
#10171 = ADVANCED_FACE('',(#10172),#3816,.T.);
#10172 = FACE_BOUND('',#10173,.F.);
#10173 = EDGE_LOOP('',(#10174,#10197,#10219,#10220));
#10174 = ORIENTED_EDGE('',*,*,#10175,.T.);
#10175 = EDGE_CURVE('',#3773,#10176,#10178,.T.);
#10176 = VERTEX_POINT('',#10177);
#10177 = CARTESIAN_POINT('',(36.971657281651,158.8421669268,8.));
#10178 = SURFACE_CURVE('',#10179,(#10183,#10190),.PCURVE_S1.);
#10179 = LINE('',#10180,#10181);
#10180 = CARTESIAN_POINT('',(36.971657281651,158.8421669268,5.));
#10181 = VECTOR('',#10182,1.);
#10182 = DIRECTION('',(0.,0.,1.));
#10183 = PCURVE('',#3816,#10184);
#10184 = DEFINITIONAL_REPRESENTATION('',(#10185),#10189);
#10185 = LINE('',#10186,#10187);
#10186 = CARTESIAN_POINT('',(-0.872406474183,0.));
#10187 = VECTOR('',#10188,1.);
#10188 = DIRECTION('',(-0.,-1.));
#10189 = ( GEOMETRIC_REPRESENTATION_CONTEXT(2) 
PARAMETRIC_REPRESENTATION_CONTEXT() REPRESENTATION_CONTEXT('2D SPACE',''
  ) );
#10190 = PCURVE('',#3789,#10191);
#10191 = DEFINITIONAL_REPRESENTATION('',(#10192),#10196);
#10192 = LINE('',#10193,#10194);
#10193 = CARTESIAN_POINT('',(-2.291225902705,0.));
#10194 = VECTOR('',#10195,1.);
#10195 = DIRECTION('',(-0.,-1.));
#10196 = ( GEOMETRIC_REPRESENTATION_CONTEXT(2) 
PARAMETRIC_REPRESENTATION_CONTEXT() REPRESENTATION_CONTEXT('2D SPACE',''
  ) );
#10197 = ORIENTED_EDGE('',*,*,#10198,.T.);
#10198 = EDGE_CURVE('',#10176,#10127,#10199,.T.);
#10199 = SURFACE_CURVE('',#10200,(#10205,#10212),.PCURVE_S1.);
#10200 = CIRCLE('',#10201,57.5);
#10201 = AXIS2_PLACEMENT_3D('',#10202,#10203,#10204);
#10202 = CARTESIAN_POINT('',(0.,114.80415428035,8.));
#10203 = DIRECTION('',(0.,0.,1.));
#10204 = DIRECTION('',(1.,0.,0.));
#10205 = PCURVE('',#3816,#10206);
#10206 = DEFINITIONAL_REPRESENTATION('',(#10207),#10211);
#10207 = LINE('',#10208,#10209);
#10208 = CARTESIAN_POINT('',(-0.,-3.));
#10209 = VECTOR('',#10210,1.);
#10210 = DIRECTION('',(-1.,0.));
#10211 = ( GEOMETRIC_REPRESENTATION_CONTEXT(2) 
PARAMETRIC_REPRESENTATION_CONTEXT() REPRESENTATION_CONTEXT('2D SPACE',''
  ) );
#10212 = PCURVE('',#3870,#10213);
#10213 = DEFINITIONAL_REPRESENTATION('',(#10214),#10218);
#10214 = CIRCLE('',#10215,57.5);
#10215 = AXIS2_PLACEMENT_2D('',#10216,#10217);
#10216 = CARTESIAN_POINT('',(1.093952106032E-15,0.));
#10217 = DIRECTION('',(1.,0.));
#10218 = ( GEOMETRIC_REPRESENTATION_CONTEXT(2) 
PARAMETRIC_REPRESENTATION_CONTEXT() REPRESENTATION_CONTEXT('2D SPACE',''
  ) );
#10219 = ORIENTED_EDGE('',*,*,#10126,.F.);
#10220 = ORIENTED_EDGE('',*,*,#3801,.F.);
#10221 = ADVANCED_FACE('',(#10222),#3789,.T.);
#10222 = FACE_BOUND('',#10223,.F.);
#10223 = EDGE_LOOP('',(#10224,#10225,#10226,#10248));
#10224 = ORIENTED_EDGE('',*,*,#3772,.F.);
#10225 = ORIENTED_EDGE('',*,*,#4434,.F.);
#10226 = ORIENTED_EDGE('',*,*,#10227,.T.);
#10227 = EDGE_CURVE('',#4435,#10176,#10228,.T.);
#10228 = SURFACE_CURVE('',#10229,(#10234,#10241),.PCURVE_S1.);
#10229 = CIRCLE('',#10230,154.0625);
#10230 = AXIS2_PLACEMENT_3D('',#10231,#10232,#10233);
#10231 = CARTESIAN_POINT('',(138.60785459254,43.060746558804,8.));
#10232 = DIRECTION('',(0.,0.,1.));
#10233 = DIRECTION('',(1.,0.,0.));
#10234 = PCURVE('',#3789,#10235);
#10235 = DEFINITIONAL_REPRESENTATION('',(#10236),#10240);
#10236 = LINE('',#10237,#10238);
#10237 = CARTESIAN_POINT('',(-0.,-3.));
#10238 = VECTOR('',#10239,1.);
#10239 = DIRECTION('',(-1.,0.));
#10240 = ( GEOMETRIC_REPRESENTATION_CONTEXT(2) 
PARAMETRIC_REPRESENTATION_CONTEXT() REPRESENTATION_CONTEXT('2D SPACE',''
  ) );
#10241 = PCURVE('',#3870,#10242);
#10242 = DEFINITIONAL_REPRESENTATION('',(#10243),#10247);
#10243 = CIRCLE('',#10244,154.0625);
#10244 = AXIS2_PLACEMENT_2D('',#10245,#10246);
#10245 = CARTESIAN_POINT('',(138.60785459254,-71.74340772155));
#10246 = DIRECTION('',(1.,0.));
#10247 = ( GEOMETRIC_REPRESENTATION_CONTEXT(2) 
PARAMETRIC_REPRESENTATION_CONTEXT() REPRESENTATION_CONTEXT('2D SPACE',''
  ) );
#10248 = ORIENTED_EDGE('',*,*,#10175,.F.);
#10249 = ADVANCED_FACE('',(#10250,#10294,#10325,#10331,#10337,#10343),
  #3870,.T.);
#10250 = FACE_BOUND('',#10251,.T.);
#10251 = EDGE_LOOP('',(#10252,#10253,#10254,#10255,#10256,#10257,#10258,
    #10259,#10260,#10261,#10262,#10263,#10264,#10265,#10266,#10267,
    #10268,#10269,#10270,#10271,#10272,#10273,#10274,#10275,#10276,
    #10277,#10278,#10279,#10280,#10281,#10282,#10283,#10284,#10285,
    #10286,#10287,#10288,#10289,#10290,#10291,#10292,#10293));
#10252 = ORIENTED_EDGE('',*,*,#3854,.T.);
#10253 = ORIENTED_EDGE('',*,*,#3957,.T.);
#10254 = ORIENTED_EDGE('',*,*,#4057,.T.);
#10255 = ORIENTED_EDGE('',*,*,#4524,.F.);
#10256 = ORIENTED_EDGE('',*,*,#10099,.T.);
#10257 = ORIENTED_EDGE('',*,*,#10070,.T.);
#10258 = ORIENTED_EDGE('',*,*,#10021,.T.);
#10259 = ORIENTED_EDGE('',*,*,#4455,.F.);
#10260 = ORIENTED_EDGE('',*,*,#10227,.T.);
#10261 = ORIENTED_EDGE('',*,*,#10198,.T.);
#10262 = ORIENTED_EDGE('',*,*,#10149,.T.);
#10263 = ORIENTED_EDGE('',*,*,#4386,.F.);
#10264 = ORIENTED_EDGE('',*,*,#9971,.T.);
#10265 = ORIENTED_EDGE('',*,*,#9942,.T.);
#10266 = ORIENTED_EDGE('',*,*,#9893,.T.);
#10267 = ORIENTED_EDGE('',*,*,#4317,.F.);
#10268 = ORIENTED_EDGE('',*,*,#9843,.T.);
#10269 = ORIENTED_EDGE('',*,*,#9814,.T.);
#10270 = ORIENTED_EDGE('',*,*,#9765,.T.);
#10271 = ORIENTED_EDGE('',*,*,#4248,.F.);
#10272 = ORIENTED_EDGE('',*,*,#4927,.T.);
#10273 = ORIENTED_EDGE('',*,*,#5026,.T.);
#10274 = ORIENTED_EDGE('',*,*,#5148,.F.);
#10275 = ORIENTED_EDGE('',*,*,#5225,.T.);
#10276 = ORIENTED_EDGE('',*,*,#5345,.F.);
#10277 = ORIENTED_EDGE('',*,*,#5443,.F.);
#10278 = ORIENTED_EDGE('',*,*,#5541,.F.);
#10279 = ORIENTED_EDGE('',*,*,#5568,.T.);
#10280 = ORIENTED_EDGE('',*,*,#5470,.F.);
#10281 = ORIENTED_EDGE('',*,*,#5372,.F.);
#10282 = ORIENTED_EDGE('',*,*,#5274,.F.);
#10283 = ORIENTED_EDGE('',*,*,#5197,.T.);
#10284 = ORIENTED_EDGE('',*,*,#5098,.T.);
#10285 = ORIENTED_EDGE('',*,*,#4998,.T.);
#10286 = ORIENTED_EDGE('',*,*,#4899,.T.);
#10287 = ORIENTED_EDGE('',*,*,#4828,.F.);
#10288 = ORIENTED_EDGE('',*,*,#4774,.T.);
#10289 = ORIENTED_EDGE('',*,*,#4675,.T.);
#10290 = ORIENTED_EDGE('',*,*,#4577,.T.);
#10291 = ORIENTED_EDGE('',*,*,#4104,.F.);
#10292 = ORIENTED_EDGE('',*,*,#4029,.T.);
#10293 = ORIENTED_EDGE('',*,*,#3930,.T.);
#10294 = FACE_BOUND('',#10295,.T.);
#10295 = EDGE_LOOP('',(#10296));
#10296 = ORIENTED_EDGE('',*,*,#10297,.F.);
#10297 = EDGE_CURVE('',#10298,#10298,#10300,.T.);
#10298 = VERTEX_POINT('',#10299);
#10299 = CARTESIAN_POINT('',(18.5,114.80415428035,8.));
#10300 = SURFACE_CURVE('',#10301,(#10306,#10313),.PCURVE_S1.);
#10301 = CIRCLE('',#10302,18.5);
#10302 = AXIS2_PLACEMENT_3D('',#10303,#10304,#10305);
#10303 = CARTESIAN_POINT('',(0.,114.80415428035,8.));
#10304 = DIRECTION('',(0.,0.,1.));
#10305 = DIRECTION('',(1.,0.,0.));
#10306 = PCURVE('',#3870,#10307);
#10307 = DEFINITIONAL_REPRESENTATION('',(#10308),#10312);
#10308 = CIRCLE('',#10309,18.5);
#10309 = AXIS2_PLACEMENT_2D('',#10310,#10311);
#10310 = CARTESIAN_POINT('',(1.093952106032E-15,0.));
#10311 = DIRECTION('',(1.,0.));
#10312 = ( GEOMETRIC_REPRESENTATION_CONTEXT(2) 
PARAMETRIC_REPRESENTATION_CONTEXT() REPRESENTATION_CONTEXT('2D SPACE',''
  ) );
#10313 = PCURVE('',#10314,#10319);
#10314 = CYLINDRICAL_SURFACE('',#10315,18.5);
#10315 = AXIS2_PLACEMENT_3D('',#10316,#10317,#10318);
#10316 = CARTESIAN_POINT('',(0.,114.80415428035,5.));
#10317 = DIRECTION('',(-0.,-0.,-1.));
#10318 = DIRECTION('',(1.,0.,0.));
#10319 = DEFINITIONAL_REPRESENTATION('',(#10320),#10324);
#10320 = LINE('',#10321,#10322);
#10321 = CARTESIAN_POINT('',(-0.,-3.));
#10322 = VECTOR('',#10323,1.);
#10323 = DIRECTION('',(-1.,0.));
#10324 = ( GEOMETRIC_REPRESENTATION_CONTEXT(2) 
PARAMETRIC_REPRESENTATION_CONTEXT() REPRESENTATION_CONTEXT('2D SPACE',''
  ) );
#10325 = FACE_BOUND('',#10326,.T.);
#10326 = EDGE_LOOP('',(#10327,#10328,#10329,#10330));
#10327 = ORIENTED_EDGE('',*,*,#6956,.T.);
#10328 = ORIENTED_EDGE('',*,*,#7056,.T.);
#10329 = ORIENTED_EDGE('',*,*,#7106,.F.);
#10330 = ORIENTED_EDGE('',*,*,#7028,.T.);
#10331 = FACE_BOUND('',#10332,.T.);
#10332 = EDGE_LOOP('',(#10333,#10334,#10335,#10336));
#10333 = ORIENTED_EDGE('',*,*,#7264,.T.);
#10334 = ORIENTED_EDGE('',*,*,#7364,.T.);
#10335 = ORIENTED_EDGE('',*,*,#7414,.F.);
#10336 = ORIENTED_EDGE('',*,*,#7336,.T.);
#10337 = FACE_BOUND('',#10338,.T.);
#10338 = EDGE_LOOP('',(#10339,#10340,#10341,#10342));
#10339 = ORIENTED_EDGE('',*,*,#9564,.T.);
#10340 = ORIENTED_EDGE('',*,*,#9664,.T.);
#10341 = ORIENTED_EDGE('',*,*,#9714,.F.);
#10342 = ORIENTED_EDGE('',*,*,#9636,.T.);
#10343 = FACE_BOUND('',#10344,.T.);
#10344 = EDGE_LOOP('',(#10345,#10346,#10347,#10348));
#10345 = ORIENTED_EDGE('',*,*,#9514,.T.);
#10346 = ORIENTED_EDGE('',*,*,#9436,.T.);
#10347 = ORIENTED_EDGE('',*,*,#9364,.T.);
#10348 = ORIENTED_EDGE('',*,*,#9486,.F.);
#10349 = ADVANCED_FACE('',(#10350,#10356,#10387,#10418,#10449,#10480,
    #10511,#10542,#10573,#10604,#10635,#10666,#10697,#10728,#10783,
    #10814,#10845,#10876,#10907,#10938,#10969,#11000,#11031,#11062,
    #11093,#11124,#11155,#11186,#11217,#11248,#11279,#11310,#11341,
    #11372,#11403,#11434,#11465,#11496,#11527,#11558,#11589,#11620,
    #11651,#11706,#11737,#11792,#11823,#11854,#11885,#11916,#11971,
    #12002,#12033,#12064,#12095,#12126,#12157,#12188,#12219),#4193,.T.);
#10350 = FACE_BOUND('',#10351,.T.);
#10351 = EDGE_LOOP('',(#10352,#10353,#10354,#10355));
#10352 = ORIENTED_EDGE('',*,*,#4626,.F.);
#10353 = ORIENTED_EDGE('',*,*,#4702,.T.);
#10354 = ORIENTED_EDGE('',*,*,#4801,.F.);
#10355 = ORIENTED_EDGE('',*,*,#4176,.F.);
#10356 = FACE_BOUND('',#10357,.T.);
#10357 = EDGE_LOOP('',(#10358));
#10358 = ORIENTED_EDGE('',*,*,#10359,.F.);
#10359 = EDGE_CURVE('',#10360,#10360,#10362,.T.);
#10360 = VERTEX_POINT('',#10361);
#10361 = CARTESIAN_POINT('',(-93.6670902878,125.77496092265,14.));
#10362 = SURFACE_CURVE('',#10363,(#10368,#10375),.PCURVE_S1.);
#10363 = CIRCLE('',#10364,1.1);
#10364 = AXIS2_PLACEMENT_3D('',#10365,#10366,#10367);
#10365 = CARTESIAN_POINT('',(-94.7670902878,125.77496092265,14.));
#10366 = DIRECTION('',(0.,0.,1.));
#10367 = DIRECTION('',(1.,0.,-0.));
#10368 = PCURVE('',#4193,#10369);
#10369 = DEFINITIONAL_REPRESENTATION('',(#10370),#10374);
#10370 = CIRCLE('',#10371,1.1);
#10371 = AXIS2_PLACEMENT_2D('',#10372,#10373);
#10372 = CARTESIAN_POINT('',(-94.7670902878,10.970806642299));
#10373 = DIRECTION('',(1.,0.));
#10374 = ( GEOMETRIC_REPRESENTATION_CONTEXT(2) 
PARAMETRIC_REPRESENTATION_CONTEXT() REPRESENTATION_CONTEXT('2D SPACE',''
  ) );
#10375 = PCURVE('',#10376,#10381);
#10376 = SPHERICAL_SURFACE('',#10377,1.569444444444);
#10377 = AXIS2_PLACEMENT_3D('',#10378,#10379,#10380);
#10378 = CARTESIAN_POINT('',(-94.7670902878,125.77496092265,
    15.119444444444));
#10379 = DIRECTION('',(0.,0.,1.));
#10380 = DIRECTION('',(1.,0.,-0.));
#10381 = DEFINITIONAL_REPRESENTATION('',(#10382),#10386);
#10382 = LINE('',#10383,#10384);
#10383 = CARTESIAN_POINT('',(0.,-0.79415889045));
#10384 = VECTOR('',#10385,1.);
#10385 = DIRECTION('',(1.,0.));
#10386 = ( GEOMETRIC_REPRESENTATION_CONTEXT(2) 
PARAMETRIC_REPRESENTATION_CONTEXT() REPRESENTATION_CONTEXT('2D SPACE',''
  ) );
#10387 = FACE_BOUND('',#10388,.T.);
#10388 = EDGE_LOOP('',(#10389));
#10389 = ORIENTED_EDGE('',*,*,#10390,.F.);
#10390 = EDGE_CURVE('',#10391,#10391,#10393,.T.);
#10391 = VERTEX_POINT('',#10392);
#10392 = CARTESIAN_POINT('',(-93.12394425607,129.7376176706,14.));
#10393 = SURFACE_CURVE('',#10394,(#10399,#10406),.PCURVE_S1.);
#10394 = CIRCLE('',#10395,1.1);
#10395 = AXIS2_PLACEMENT_3D('',#10396,#10397,#10398);
#10396 = CARTESIAN_POINT('',(-94.22394425607,129.7376176706,14.));
#10397 = DIRECTION('',(0.,0.,1.));
#10398 = DIRECTION('',(1.,0.,-0.));
#10399 = PCURVE('',#4193,#10400);
#10400 = DEFINITIONAL_REPRESENTATION('',(#10401),#10405);
#10401 = CIRCLE('',#10402,1.1);
#10402 = AXIS2_PLACEMENT_2D('',#10403,#10404);
#10403 = CARTESIAN_POINT('',(-94.22394425607,14.933463390243));
#10404 = DIRECTION('',(1.,0.));
#10405 = ( GEOMETRIC_REPRESENTATION_CONTEXT(2) 
PARAMETRIC_REPRESENTATION_CONTEXT() REPRESENTATION_CONTEXT('2D SPACE',''
  ) );
#10406 = PCURVE('',#10407,#10412);
#10407 = SPHERICAL_SURFACE('',#10408,1.569444444444);
#10408 = AXIS2_PLACEMENT_3D('',#10409,#10410,#10411);
#10409 = CARTESIAN_POINT('',(-94.22394425607,129.7376176706,
    15.119444444444));
#10410 = DIRECTION('',(0.,0.,1.));
#10411 = DIRECTION('',(1.,0.,-0.));
#10412 = DEFINITIONAL_REPRESENTATION('',(#10413),#10417);
#10413 = LINE('',#10414,#10415);
#10414 = CARTESIAN_POINT('',(0.,-0.79415889045));
#10415 = VECTOR('',#10416,1.);
#10416 = DIRECTION('',(1.,0.));
#10417 = ( GEOMETRIC_REPRESENTATION_CONTEXT(2) 
PARAMETRIC_REPRESENTATION_CONTEXT() REPRESENTATION_CONTEXT('2D SPACE',''
  ) );
#10418 = FACE_BOUND('',#10419,.T.);
#10419 = EDGE_LOOP('',(#10420));
#10420 = ORIENTED_EDGE('',*,*,#10421,.F.);
#10421 = EDGE_CURVE('',#10422,#10422,#10424,.T.);
#10422 = VERTEX_POINT('',#10423);
#10423 = CARTESIAN_POINT('',(-92.41517513257,133.67402497211,14.));
#10424 = SURFACE_CURVE('',#10425,(#10430,#10437),.PCURVE_S1.);
#10425 = CIRCLE('',#10426,1.1);
#10426 = AXIS2_PLACEMENT_3D('',#10427,#10428,#10429);
#10427 = CARTESIAN_POINT('',(-93.51517513257,133.67402497211,14.));
#10428 = DIRECTION('',(0.,0.,1.));
#10429 = DIRECTION('',(1.,0.,-0.));
#10430 = PCURVE('',#4193,#10431);
#10431 = DEFINITIONAL_REPRESENTATION('',(#10432),#10436);
#10432 = CIRCLE('',#10433,1.1);
#10433 = AXIS2_PLACEMENT_2D('',#10434,#10435);
#10434 = CARTESIAN_POINT('',(-93.51517513257,18.869870691753));
#10435 = DIRECTION('',(1.,0.));
#10436 = ( GEOMETRIC_REPRESENTATION_CONTEXT(2) 
PARAMETRIC_REPRESENTATION_CONTEXT() REPRESENTATION_CONTEXT('2D SPACE',''
  ) );
#10437 = PCURVE('',#10438,#10443);
#10438 = SPHERICAL_SURFACE('',#10439,1.569444444444);
#10439 = AXIS2_PLACEMENT_3D('',#10440,#10441,#10442);
#10440 = CARTESIAN_POINT('',(-93.51517513257,133.67402497211,
    15.119444444444));
#10441 = DIRECTION('',(0.,0.,1.));
#10442 = DIRECTION('',(1.,0.,-0.));
#10443 = DEFINITIONAL_REPRESENTATION('',(#10444),#10448);
#10444 = LINE('',#10445,#10446);
#10445 = CARTESIAN_POINT('',(0.,-0.79415889045));
#10446 = VECTOR('',#10447,1.);
#10447 = DIRECTION('',(1.,0.));
#10448 = ( GEOMETRIC_REPRESENTATION_CONTEXT(2) 
PARAMETRIC_REPRESENTATION_CONTEXT() REPRESENTATION_CONTEXT('2D SPACE',''
  ) );
#10449 = FACE_BOUND('',#10450,.T.);
#10450 = EDGE_LOOP('',(#10451));
#10451 = ORIENTED_EDGE('',*,*,#10452,.F.);
#10452 = EDGE_CURVE('',#10453,#10453,#10455,.T.);
#10453 = VERTEX_POINT('',#10454);
#10454 = CARTESIAN_POINT('',(-91.5420287634,137.5772635674,14.));
#10455 = SURFACE_CURVE('',#10456,(#10461,#10468),.PCURVE_S1.);
#10456 = CIRCLE('',#10457,1.1);
#10457 = AXIS2_PLACEMENT_3D('',#10458,#10459,#10460);
#10458 = CARTESIAN_POINT('',(-92.6420287634,137.5772635674,14.));
#10459 = DIRECTION('',(0.,0.,1.));
#10460 = DIRECTION('',(1.,0.,-0.));
#10461 = PCURVE('',#4193,#10462);
#10462 = DEFINITIONAL_REPRESENTATION('',(#10463),#10467);
#10463 = CIRCLE('',#10464,1.1);
#10464 = AXIS2_PLACEMENT_2D('',#10465,#10466);
#10465 = CARTESIAN_POINT('',(-92.6420287634,22.773109287051));
#10466 = DIRECTION('',(1.,0.));
#10467 = ( GEOMETRIC_REPRESENTATION_CONTEXT(2) 
PARAMETRIC_REPRESENTATION_CONTEXT() REPRESENTATION_CONTEXT('2D SPACE',''
  ) );
#10468 = PCURVE('',#10469,#10474);
#10469 = SPHERICAL_SURFACE('',#10470,1.569444444444);
#10470 = AXIS2_PLACEMENT_3D('',#10471,#10472,#10473);
#10471 = CARTESIAN_POINT('',(-92.6420287634,137.5772635674,
    15.119444444444));
#10472 = DIRECTION('',(0.,0.,1.));
#10473 = DIRECTION('',(1.,0.,-0.));
#10474 = DEFINITIONAL_REPRESENTATION('',(#10475),#10479);
#10475 = LINE('',#10476,#10477);
#10476 = CARTESIAN_POINT('',(0.,-0.79415889045));
#10477 = VECTOR('',#10478,1.);
#10478 = DIRECTION('',(1.,0.));
#10479 = ( GEOMETRIC_REPRESENTATION_CONTEXT(2) 
PARAMETRIC_REPRESENTATION_CONTEXT() REPRESENTATION_CONTEXT('2D SPACE',''
  ) );
#10480 = FACE_BOUND('',#10481,.T.);
#10481 = EDGE_LOOP('',(#10482));
#10482 = ORIENTED_EDGE('',*,*,#10483,.F.);
#10483 = EDGE_CURVE('',#10484,#10484,#10486,.T.);
#10484 = VERTEX_POINT('',#10485);
#10485 = CARTESIAN_POINT('',(-90.50603993043,141.44047249934,14.));
#10486 = SURFACE_CURVE('',#10487,(#10492,#10499),.PCURVE_S1.);
#10487 = CIRCLE('',#10488,1.1);
#10488 = AXIS2_PLACEMENT_3D('',#10489,#10490,#10491);
#10489 = CARTESIAN_POINT('',(-91.60603993043,141.44047249934,14.));
#10490 = DIRECTION('',(0.,0.,1.));
#10491 = DIRECTION('',(1.,0.,-0.));
#10492 = PCURVE('',#4193,#10493);
#10493 = DEFINITIONAL_REPRESENTATION('',(#10494),#10498);
#10494 = CIRCLE('',#10495,1.1);
#10495 = AXIS2_PLACEMENT_2D('',#10496,#10497);
#10496 = CARTESIAN_POINT('',(-91.60603993043,26.636318218985));
#10497 = DIRECTION('',(1.,0.));
#10498 = ( GEOMETRIC_REPRESENTATION_CONTEXT(2) 
PARAMETRIC_REPRESENTATION_CONTEXT() REPRESENTATION_CONTEXT('2D SPACE',''
  ) );
#10499 = PCURVE('',#10500,#10505);
#10500 = SPHERICAL_SURFACE('',#10501,1.569444444444);
#10501 = AXIS2_PLACEMENT_3D('',#10502,#10503,#10504);
#10502 = CARTESIAN_POINT('',(-91.60603993043,141.44047249934,
    15.119444444444));
#10503 = DIRECTION('',(0.,0.,1.));
#10504 = DIRECTION('',(1.,0.,-0.));
#10505 = DEFINITIONAL_REPRESENTATION('',(#10506),#10510);
#10506 = LINE('',#10507,#10508);
#10507 = CARTESIAN_POINT('',(0.,-0.79415889045));
#10508 = VECTOR('',#10509,1.);
#10509 = DIRECTION('',(1.,0.));
#10510 = ( GEOMETRIC_REPRESENTATION_CONTEXT(2) 
PARAMETRIC_REPRESENTATION_CONTEXT() REPRESENTATION_CONTEXT('2D SPACE',''
  ) );
#10511 = FACE_BOUND('',#10512,.T.);
#10512 = EDGE_LOOP('',(#10513));
#10513 = ORIENTED_EDGE('',*,*,#10514,.F.);
#10514 = EDGE_CURVE('',#10515,#10515,#10517,.T.);
#10515 = VERTEX_POINT('',#10516);
#10516 = CARTESIAN_POINT('',(-89.30902965352,145.2568611733,14.));
#10517 = SURFACE_CURVE('',#10518,(#10523,#10530),.PCURVE_S1.);
#10518 = CIRCLE('',#10519,1.1);
#10519 = AXIS2_PLACEMENT_3D('',#10520,#10521,#10522);
#10520 = CARTESIAN_POINT('',(-90.40902965352,145.2568611733,14.));
#10521 = DIRECTION('',(0.,0.,1.));
#10522 = DIRECTION('',(1.,0.,-0.));
#10523 = PCURVE('',#4193,#10524);
#10524 = DEFINITIONAL_REPRESENTATION('',(#10525),#10529);
#10525 = CIRCLE('',#10526,1.1);
#10526 = AXIS2_PLACEMENT_2D('',#10527,#10528);
#10527 = CARTESIAN_POINT('',(-90.40902965352,30.452706892951));
#10528 = DIRECTION('',(1.,0.));
#10529 = ( GEOMETRIC_REPRESENTATION_CONTEXT(2) 
PARAMETRIC_REPRESENTATION_CONTEXT() REPRESENTATION_CONTEXT('2D SPACE',''
  ) );
#10530 = PCURVE('',#10531,#10536);
#10531 = SPHERICAL_SURFACE('',#10532,1.569444444444);
#10532 = AXIS2_PLACEMENT_3D('',#10533,#10534,#10535);
#10533 = CARTESIAN_POINT('',(-90.40902965352,145.2568611733,
    15.119444444444));
#10534 = DIRECTION('',(0.,0.,1.));
#10535 = DIRECTION('',(1.,0.,-0.));
#10536 = DEFINITIONAL_REPRESENTATION('',(#10537),#10541);
#10537 = LINE('',#10538,#10539);
#10538 = CARTESIAN_POINT('',(0.,-0.79415889045));
#10539 = VECTOR('',#10540,1.);
#10540 = DIRECTION('',(1.,0.));
#10541 = ( GEOMETRIC_REPRESENTATION_CONTEXT(2) 
PARAMETRIC_REPRESENTATION_CONTEXT() REPRESENTATION_CONTEXT('2D SPACE',''
  ) );
#10542 = FACE_BOUND('',#10543,.T.);
#10543 = EDGE_LOOP('',(#10544));
#10544 = ORIENTED_EDGE('',*,*,#10545,.F.);
#10545 = EDGE_CURVE('',#10546,#10546,#10548,.T.);
#10546 = VERTEX_POINT('',#10547);
#10547 = CARTESIAN_POINT('',(-87.9531019896,149.01972129348,14.));
#10548 = SURFACE_CURVE('',#10549,(#10554,#10561),.PCURVE_S1.);
#10549 = CIRCLE('',#10550,1.1);
#10550 = AXIS2_PLACEMENT_3D('',#10551,#10552,#10553);
#10551 = CARTESIAN_POINT('',(-89.0531019896,149.01972129348,14.));
#10552 = DIRECTION('',(0.,0.,1.));
#10553 = DIRECTION('',(1.,0.,-0.));
#10554 = PCURVE('',#4193,#10555);
#10555 = DEFINITIONAL_REPRESENTATION('',(#10556),#10560);
#10556 = CIRCLE('',#10557,1.1);
#10557 = AXIS2_PLACEMENT_2D('',#10558,#10559);
#10558 = CARTESIAN_POINT('',(-89.0531019896,34.215567013127));
#10559 = DIRECTION('',(1.,0.));
#10560 = ( GEOMETRIC_REPRESENTATION_CONTEXT(2) 
PARAMETRIC_REPRESENTATION_CONTEXT() REPRESENTATION_CONTEXT('2D SPACE',''
  ) );
#10561 = PCURVE('',#10562,#10567);
#10562 = SPHERICAL_SURFACE('',#10563,1.569444444444);
#10563 = AXIS2_PLACEMENT_3D('',#10564,#10565,#10566);
#10564 = CARTESIAN_POINT('',(-89.0531019896,149.01972129348,
    15.119444444444));
#10565 = DIRECTION('',(0.,0.,1.));
#10566 = DIRECTION('',(1.,0.,-0.));
#10567 = DEFINITIONAL_REPRESENTATION('',(#10568),#10572);
#10568 = LINE('',#10569,#10570);
#10569 = CARTESIAN_POINT('',(0.,-0.79415889045));
#10570 = VECTOR('',#10571,1.);
#10571 = DIRECTION('',(1.,0.));
#10572 = ( GEOMETRIC_REPRESENTATION_CONTEXT(2) 
PARAMETRIC_REPRESENTATION_CONTEXT() REPRESENTATION_CONTEXT('2D SPACE',''
  ) );
#10573 = FACE_BOUND('',#10574,.T.);
#10574 = EDGE_LOOP('',(#10575));
#10575 = ORIENTED_EDGE('',*,*,#10576,.F.);
#10576 = EDGE_CURVE('',#10577,#10577,#10579,.T.);
#10577 = VERTEX_POINT('',#10578);
#10578 = CARTESIAN_POINT('',(-86.44064033424,152.7224386544,14.));
#10579 = SURFACE_CURVE('',#10580,(#10585,#10592),.PCURVE_S1.);
#10580 = CIRCLE('',#10581,1.1);
#10581 = AXIS2_PLACEMENT_3D('',#10582,#10583,#10584);
#10582 = CARTESIAN_POINT('',(-87.54064033424,152.7224386544,14.));
#10583 = DIRECTION('',(0.,0.,1.));
#10584 = DIRECTION('',(1.,0.,-0.));
#10585 = PCURVE('',#4193,#10586);
#10586 = DEFINITIONAL_REPRESENTATION('',(#10587),#10591);
#10587 = CIRCLE('',#10588,1.1);
#10588 = AXIS2_PLACEMENT_2D('',#10589,#10590);
#10589 = CARTESIAN_POINT('',(-87.54064033424,37.918284374049));
#10590 = DIRECTION('',(1.,0.));
#10591 = ( GEOMETRIC_REPRESENTATION_CONTEXT(2) 
PARAMETRIC_REPRESENTATION_CONTEXT() REPRESENTATION_CONTEXT('2D SPACE',''
  ) );
#10592 = PCURVE('',#10593,#10598);
#10593 = SPHERICAL_SURFACE('',#10594,1.569444444444);
#10594 = AXIS2_PLACEMENT_3D('',#10595,#10596,#10597);
#10595 = CARTESIAN_POINT('',(-87.54064033424,152.7224386544,
    15.119444444444));
#10596 = DIRECTION('',(0.,0.,1.));
#10597 = DIRECTION('',(1.,0.,-0.));
#10598 = DEFINITIONAL_REPRESENTATION('',(#10599),#10603);
#10599 = LINE('',#10600,#10601);
#10600 = CARTESIAN_POINT('',(0.,-0.79415889045));
#10601 = VECTOR('',#10602,1.);
#10602 = DIRECTION('',(1.,0.));
#10603 = ( GEOMETRIC_REPRESENTATION_CONTEXT(2) 
PARAMETRIC_REPRESENTATION_CONTEXT() REPRESENTATION_CONTEXT('2D SPACE',''
  ) );
#10604 = FACE_BOUND('',#10605,.T.);
#10605 = EDGE_LOOP('',(#10606));
#10606 = ORIENTED_EDGE('',*,*,#10607,.F.);
#10607 = EDGE_CURVE('',#10608,#10608,#10610,.T.);
#10608 = VERTEX_POINT('',#10609);
#10609 = CARTESIAN_POINT('',(-84.77430323222,156.35850476715,14.));
#10610 = SURFACE_CURVE('',#10611,(#10616,#10623),.PCURVE_S1.);
#10611 = CIRCLE('',#10612,1.1);
#10612 = AXIS2_PLACEMENT_3D('',#10613,#10614,#10615);
#10613 = CARTESIAN_POINT('',(-85.87430323222,156.35850476715,14.));
#10614 = DIRECTION('',(0.,0.,1.));
#10615 = DIRECTION('',(1.,0.,-0.));
#10616 = PCURVE('',#4193,#10617);
#10617 = DEFINITIONAL_REPRESENTATION('',(#10618),#10622);
#10618 = CIRCLE('',#10619,1.1);
#10619 = AXIS2_PLACEMENT_2D('',#10620,#10621);
#10620 = CARTESIAN_POINT('',(-85.87430323222,41.554350486796));
#10621 = DIRECTION('',(1.,0.));
#10622 = ( GEOMETRIC_REPRESENTATION_CONTEXT(2) 
PARAMETRIC_REPRESENTATION_CONTEXT() REPRESENTATION_CONTEXT('2D SPACE',''
  ) );
#10623 = PCURVE('',#10624,#10629);
#10624 = SPHERICAL_SURFACE('',#10625,1.569444444444);
#10625 = AXIS2_PLACEMENT_3D('',#10626,#10627,#10628);
#10626 = CARTESIAN_POINT('',(-85.87430323222,156.35850476715,
    15.119444444444));
#10627 = DIRECTION('',(0.,0.,1.));
#10628 = DIRECTION('',(1.,0.,-0.));
#10629 = DEFINITIONAL_REPRESENTATION('',(#10630),#10634);
#10630 = LINE('',#10631,#10632);
#10631 = CARTESIAN_POINT('',(0.,-0.79415889045));
#10632 = VECTOR('',#10633,1.);
#10633 = DIRECTION('',(1.,0.));
#10634 = ( GEOMETRIC_REPRESENTATION_CONTEXT(2) 
PARAMETRIC_REPRESENTATION_CONTEXT() REPRESENTATION_CONTEXT('2D SPACE',''
  ) );
#10635 = FACE_BOUND('',#10636,.T.);
#10636 = EDGE_LOOP('',(#10637));
#10637 = ORIENTED_EDGE('',*,*,#10638,.F.);
#10638 = EDGE_CURVE('',#10639,#10639,#10641,.T.);
#10639 = VERTEX_POINT('',#10640);
#10640 = CARTESIAN_POINT('',(-82.95701970447,159.92152829971,14.));
#10641 = SURFACE_CURVE('',#10642,(#10647,#10654),.PCURVE_S1.);
#10642 = CIRCLE('',#10643,1.1);
#10643 = AXIS2_PLACEMENT_3D('',#10644,#10645,#10646);
#10644 = CARTESIAN_POINT('',(-84.05701970447,159.92152829971,14.));
#10645 = DIRECTION('',(0.,0.,1.));
#10646 = DIRECTION('',(1.,0.,-0.));
#10647 = PCURVE('',#4193,#10648);
#10648 = DEFINITIONAL_REPRESENTATION('',(#10649),#10653);
#10649 = CIRCLE('',#10650,1.1);
#10650 = AXIS2_PLACEMENT_2D('',#10651,#10652);
#10651 = CARTESIAN_POINT('',(-84.05701970447,45.117374019353));
#10652 = DIRECTION('',(1.,0.));
#10653 = ( GEOMETRIC_REPRESENTATION_CONTEXT(2) 
PARAMETRIC_REPRESENTATION_CONTEXT() REPRESENTATION_CONTEXT('2D SPACE',''
  ) );
#10654 = PCURVE('',#10655,#10660);
#10655 = SPHERICAL_SURFACE('',#10656,1.569444444444);
#10656 = AXIS2_PLACEMENT_3D('',#10657,#10658,#10659);
#10657 = CARTESIAN_POINT('',(-84.05701970447,159.92152829971,
    15.119444444444));
#10658 = DIRECTION('',(0.,0.,1.));
#10659 = DIRECTION('',(1.,0.,-0.));
#10660 = DEFINITIONAL_REPRESENTATION('',(#10661),#10665);
#10661 = LINE('',#10662,#10663);
#10662 = CARTESIAN_POINT('',(0.,-0.79415889045));
#10663 = VECTOR('',#10664,1.);
#10664 = DIRECTION('',(1.,0.));
#10665 = ( GEOMETRIC_REPRESENTATION_CONTEXT(2) 
PARAMETRIC_REPRESENTATION_CONTEXT() REPRESENTATION_CONTEXT('2D SPACE',''
  ) );
#10666 = FACE_BOUND('',#10667,.T.);
#10667 = EDGE_LOOP('',(#10668));
#10668 = ORIENTED_EDGE('',*,*,#10669,.F.);
#10669 = EDGE_CURVE('',#10670,#10670,#10672,.T.);
#10670 = VERTEX_POINT('',#10671);
#10671 = CARTESIAN_POINT('',(-80.99198409948,163.40524631139,14.));
#10672 = SURFACE_CURVE('',#10673,(#10678,#10685),.PCURVE_S1.);
#10673 = CIRCLE('',#10674,1.1);
#10674 = AXIS2_PLACEMENT_3D('',#10675,#10676,#10677);
#10675 = CARTESIAN_POINT('',(-82.09198409948,163.40524631139,14.));
#10676 = DIRECTION('',(0.,0.,1.));
#10677 = DIRECTION('',(1.,0.,-0.));
#10678 = PCURVE('',#4193,#10679);
#10679 = DEFINITIONAL_REPRESENTATION('',(#10680),#10684);
#10680 = CIRCLE('',#10681,1.1);
#10681 = AXIS2_PLACEMENT_2D('',#10682,#10683);
#10682 = CARTESIAN_POINT('',(-82.09198409948,48.601092031041));
#10683 = DIRECTION('',(1.,0.));
#10684 = ( GEOMETRIC_REPRESENTATION_CONTEXT(2) 
PARAMETRIC_REPRESENTATION_CONTEXT() REPRESENTATION_CONTEXT('2D SPACE',''
  ) );
#10685 = PCURVE('',#10686,#10691);
#10686 = SPHERICAL_SURFACE('',#10687,1.569444444444);
#10687 = AXIS2_PLACEMENT_3D('',#10688,#10689,#10690);
#10688 = CARTESIAN_POINT('',(-82.09198409948,163.40524631139,
    15.119444444444));
#10689 = DIRECTION('',(0.,0.,1.));
#10690 = DIRECTION('',(1.,0.,-0.));
#10691 = DEFINITIONAL_REPRESENTATION('',(#10692),#10696);
#10692 = LINE('',#10693,#10694);
#10693 = CARTESIAN_POINT('',(0.,-0.79415889045));
#10694 = VECTOR('',#10695,1.);
#10695 = DIRECTION('',(1.,0.));
#10696 = ( GEOMETRIC_REPRESENTATION_CONTEXT(2) 
PARAMETRIC_REPRESENTATION_CONTEXT() REPRESENTATION_CONTEXT('2D SPACE',''
  ) );
#10697 = FACE_BOUND('',#10698,.T.);
#10698 = EDGE_LOOP('',(#10699));
#10699 = ORIENTED_EDGE('',*,*,#10700,.F.);
#10700 = EDGE_CURVE('',#10701,#10701,#10703,.T.);
#10701 = VERTEX_POINT('',#10702);
#10702 = CARTESIAN_POINT('',(-78.88265047849,166.80353526161,14.));
#10703 = SURFACE_CURVE('',#10704,(#10709,#10716),.PCURVE_S1.);
#10704 = CIRCLE('',#10705,1.1);
#10705 = AXIS2_PLACEMENT_3D('',#10706,#10707,#10708);
#10706 = CARTESIAN_POINT('',(-79.98265047849,166.80353526161,14.));
#10707 = DIRECTION('',(0.,0.,1.));
#10708 = DIRECTION('',(1.,0.,-0.));
#10709 = PCURVE('',#4193,#10710);
#10710 = DEFINITIONAL_REPRESENTATION('',(#10711),#10715);
#10711 = CIRCLE('',#10712,1.1);
#10712 = AXIS2_PLACEMENT_2D('',#10713,#10714);
#10713 = CARTESIAN_POINT('',(-79.98265047849,51.99938098126));
#10714 = DIRECTION('',(1.,0.));
#10715 = ( GEOMETRIC_REPRESENTATION_CONTEXT(2) 
PARAMETRIC_REPRESENTATION_CONTEXT() REPRESENTATION_CONTEXT('2D SPACE',''
  ) );
#10716 = PCURVE('',#10717,#10722);
#10717 = SPHERICAL_SURFACE('',#10718,1.569444444444);
#10718 = AXIS2_PLACEMENT_3D('',#10719,#10720,#10721);
#10719 = CARTESIAN_POINT('',(-79.98265047849,166.80353526161,
    15.119444444444));
#10720 = DIRECTION('',(0.,0.,1.));
#10721 = DIRECTION('',(1.,0.,-0.));
#10722 = DEFINITIONAL_REPRESENTATION('',(#10723),#10727);
#10723 = LINE('',#10724,#10725);
#10724 = CARTESIAN_POINT('',(0.,-0.79415889045));
#10725 = VECTOR('',#10726,1.);
#10726 = DIRECTION('',(1.,0.));
#10727 = ( GEOMETRIC_REPRESENTATION_CONTEXT(2) 
PARAMETRIC_REPRESENTATION_CONTEXT() REPRESENTATION_CONTEXT('2D SPACE',''
  ) );
#10728 = FACE_BOUND('',#10729,.T.);
#10729 = EDGE_LOOP('',(#10730));
#10730 = ORIENTED_EDGE('',*,*,#10731,.F.);
#10731 = EDGE_CURVE('',#10732,#10732,#10734,.T.);
#10732 = VERTEX_POINT('',#10733);
#10733 = CARTESIAN_POINT('',(96.425467692776,129.72800224519,14.));
#10734 = SURFACE_CURVE('',#10735,(#10740,#10747),.PCURVE_S1.);
#10735 = CIRCLE('',#10736,2.2);
#10736 = AXIS2_PLACEMENT_3D('',#10737,#10738,#10739);
#10737 = CARTESIAN_POINT('',(94.225467692776,129.72800224519,14.));
#10738 = DIRECTION('',(0.,0.,1.));
#10739 = DIRECTION('',(1.,0.,-0.));
#10740 = PCURVE('',#4193,#10741);
#10741 = DEFINITIONAL_REPRESENTATION('',(#10742),#10746);
#10742 = CIRCLE('',#10743,2.2);
#10743 = AXIS2_PLACEMENT_2D('',#10744,#10745);
#10744 = CARTESIAN_POINT('',(94.225467692776,14.923847964838));
#10745 = DIRECTION('',(1.,0.));
#10746 = ( GEOMETRIC_REPRESENTATION_CONTEXT(2) 
PARAMETRIC_REPRESENTATION_CONTEXT() REPRESENTATION_CONTEXT('2D SPACE',''
  ) );
#10747 = PCURVE('',#10748,#10777);
#10748 = B_SPLINE_SURFACE_WITH_KNOTS('',13,1,(
    (#10749,#10750)
    ,(#10751,#10752)
    ,(#10753,#10754)
    ,(#10755,#10756)
    ,(#10757,#10758)
    ,(#10759,#10760)
    ,(#10761,#10762)
    ,(#10763,#10764)
    ,(#10765,#10766)
    ,(#10767,#10768)
    ,(#10769,#10770)
    ,(#10771,#10772)
    ,(#10773,#10774)
    ,(#10775,#10776
    )),.UNSPECIFIED.,.T.,.F.,.F.,(14,14),(2,2),(0.,6.28318530718),(0.,1.
    ),.PIECEWISE_BEZIER_KNOTS.);
#10749 = CARTESIAN_POINT('',(96.425467692776,129.72800224519,14.));
#10750 = CARTESIAN_POINT('',(95.508372066099,130.24001988096,15.944));
#10751 = CARTESIAN_POINT('',(96.425467692773,130.79131052794,
    13.999999999999));
#10752 = CARTESIAN_POINT('',(95.508372066098,130.89927101626,
    15.943999999999));
#10753 = CARTESIAN_POINT('',(95.868717722825,131.85461923594,
    14.000000000004));
#10754 = CARTESIAN_POINT('',(95.163187084726,131.5585224152,
    15.944000000004));
#10755 = CARTESIAN_POINT('',(94.75525092879,132.59990996348,
    13.999999999989));
#10756 = CARTESIAN_POINT('',(94.472837672439,132.02060266634,
    15.943999999991));
#10757 = CARTESIAN_POINT('',(93.284701096882,132.70920375319,
    14.000000000021));
#10758 = CARTESIAN_POINT('',(93.561096776619,132.08836481581,
    15.944000000018));
#10759 = CARTESIAN_POINT('',(91.85734095904,132.00383333157,
    13.999999999971));
#10760 = CARTESIAN_POINT('',(92.676133491227,131.6510351547,
    15.943999999977));
#10761 = CARTESIAN_POINT('',(90.961327737658,130.5847871248,
    14.000000000031));
#10762 = CARTESIAN_POINT('',(92.120605293861,130.77122650605,
    15.944000000022));
#10763 = CARTESIAN_POINT('',(90.961327737641,128.87121736564,
    13.999999999975));
#10764 = CARTESIAN_POINT('',(92.120605293991,129.70881325593,
    15.943999999986));
#10765 = CARTESIAN_POINT('',(91.85734095904,127.45217115867,
    14.000000000016));
#10766 = CARTESIAN_POINT('',(92.676133491114,128.82900460706,
    15.944000000005));
#10767 = CARTESIAN_POINT('',(93.2847010969,126.74680073733,
    13.999999999992));
#10768 = CARTESIAN_POINT('',(93.561096776704,128.39167494626,
    15.944000000001));
#10769 = CARTESIAN_POINT('',(94.755250928769,126.85609452682,
    14.000000000003));
#10770 = CARTESIAN_POINT('',(94.472837672389,128.45943709547,
    15.943999999998));
#10771 = CARTESIAN_POINT('',(95.868717722836,127.60138525448,
    13.999999999999));
#10772 = CARTESIAN_POINT('',(95.163187084747,128.92151734675,
    15.944000000001));
#10773 = CARTESIAN_POINT('',(96.42546769277,128.66469396244,14.));
#10774 = CARTESIAN_POINT('',(95.508372066093,129.58076874564,15.944));
#10775 = CARTESIAN_POINT('',(96.425467692776,129.72800224519,14.));
#10776 = CARTESIAN_POINT('',(95.508372066099,130.24001988096,15.944));
#10777 = DEFINITIONAL_REPRESENTATION('',(#10778),#10782);
#10778 = LINE('',#10779,#10780);
#10779 = CARTESIAN_POINT('',(0.,0.));
#10780 = VECTOR('',#10781,1.);
#10781 = DIRECTION('',(1.,0.));
#10782 = ( GEOMETRIC_REPRESENTATION_CONTEXT(2) 
PARAMETRIC_REPRESENTATION_CONTEXT() REPRESENTATION_CONTEXT('2D SPACE',''
  ) );
#10783 = FACE_BOUND('',#10784,.T.);
#10784 = EDGE_LOOP('',(#10785));
#10785 = ORIENTED_EDGE('',*,*,#10786,.F.);
#10786 = EDGE_CURVE('',#10787,#10787,#10789,.T.);
#10787 = VERTEX_POINT('',#10788);
#10788 = CARTESIAN_POINT('',(93.317005779103,139.24149957678,14.));
#10789 = SURFACE_CURVE('',#10790,(#10795,#10802),.PCURVE_S1.);
#10790 = CIRCLE('',#10791,1.1);
#10791 = AXIS2_PLACEMENT_3D('',#10792,#10793,#10794);
#10792 = CARTESIAN_POINT('',(92.217005779103,139.24149957678,14.));
#10793 = DIRECTION('',(0.,0.,1.));
#10794 = DIRECTION('',(1.,0.,-0.));
#10795 = PCURVE('',#4193,#10796);
#10796 = DEFINITIONAL_REPRESENTATION('',(#10797),#10801);
#10797 = CIRCLE('',#10798,1.1);
#10798 = AXIS2_PLACEMENT_2D('',#10799,#10800);
#10799 = CARTESIAN_POINT('',(92.217005779103,24.437345296428));
#10800 = DIRECTION('',(1.,0.));
#10801 = ( GEOMETRIC_REPRESENTATION_CONTEXT(2) 
PARAMETRIC_REPRESENTATION_CONTEXT() REPRESENTATION_CONTEXT('2D SPACE',''
  ) );
#10802 = PCURVE('',#10803,#10808);
#10803 = SPHERICAL_SURFACE('',#10804,1.569444444444);
#10804 = AXIS2_PLACEMENT_3D('',#10805,#10806,#10807);
#10805 = CARTESIAN_POINT('',(92.217005779103,139.24149957678,
    15.119444444444));
#10806 = DIRECTION('',(0.,0.,1.));
#10807 = DIRECTION('',(1.,0.,-0.));
#10808 = DEFINITIONAL_REPRESENTATION('',(#10809),#10813);
#10809 = LINE('',#10810,#10811);
#10810 = CARTESIAN_POINT('',(0.,-0.79415889045));
#10811 = VECTOR('',#10812,1.);
#10812 = DIRECTION('',(1.,0.));
#10813 = ( GEOMETRIC_REPRESENTATION_CONTEXT(2) 
PARAMETRIC_REPRESENTATION_CONTEXT() REPRESENTATION_CONTEXT('2D SPACE',''
  ) );
#10814 = FACE_BOUND('',#10815,.T.);
#10815 = EDGE_LOOP('',(#10816));
#10816 = ORIENTED_EDGE('',*,*,#10817,.F.);
#10817 = EDGE_CURVE('',#10818,#10818,#10820,.T.);
#10818 = VERTEX_POINT('',#10819);
#10819 = CARTESIAN_POINT('',(92.211631646495,143.08543039572,14.));
#10820 = SURFACE_CURVE('',#10821,(#10826,#10833),.PCURVE_S1.);
#10821 = CIRCLE('',#10822,1.1);
#10822 = AXIS2_PLACEMENT_3D('',#10823,#10824,#10825);
#10823 = CARTESIAN_POINT('',(91.111631646495,143.08543039572,14.));
#10824 = DIRECTION('',(0.,0.,1.));
#10825 = DIRECTION('',(1.,0.,-0.));
#10826 = PCURVE('',#4193,#10827);
#10827 = DEFINITIONAL_REPRESENTATION('',(#10828),#10832);
#10828 = CIRCLE('',#10829,1.1);
#10829 = AXIS2_PLACEMENT_2D('',#10830,#10831);
#10830 = CARTESIAN_POINT('',(91.111631646495,28.281276115364));
#10831 = DIRECTION('',(1.,0.));
#10832 = ( GEOMETRIC_REPRESENTATION_CONTEXT(2) 
PARAMETRIC_REPRESENTATION_CONTEXT() REPRESENTATION_CONTEXT('2D SPACE',''
  ) );
#10833 = PCURVE('',#10834,#10839);
#10834 = SPHERICAL_SURFACE('',#10835,1.569444444444);
#10835 = AXIS2_PLACEMENT_3D('',#10836,#10837,#10838);
#10836 = CARTESIAN_POINT('',(91.111631646495,143.08543039572,
    15.119444444444));
#10837 = DIRECTION('',(0.,0.,1.));
#10838 = DIRECTION('',(1.,0.,-0.));
#10839 = DEFINITIONAL_REPRESENTATION('',(#10840),#10844);
#10840 = LINE('',#10841,#10842);
#10841 = CARTESIAN_POINT('',(0.,-0.79415889045));
#10842 = VECTOR('',#10843,1.);
#10843 = DIRECTION('',(1.,0.));
#10844 = ( GEOMETRIC_REPRESENTATION_CONTEXT(2) 
PARAMETRIC_REPRESENTATION_CONTEXT() REPRESENTATION_CONTEXT('2D SPACE',''
  ) );
#10845 = FACE_BOUND('',#10846,.T.);
#10846 = EDGE_LOOP('',(#10847));
#10847 = ORIENTED_EDGE('',*,*,#10848,.F.);
#10848 = EDGE_CURVE('',#10849,#10849,#10851,.T.);
#10849 = VERTEX_POINT('',#10850);
#10850 = CARTESIAN_POINT('',(90.946105121109,146.87964951529,14.));
#10851 = SURFACE_CURVE('',#10852,(#10857,#10864),.PCURVE_S1.);
#10852 = CIRCLE('',#10853,1.1);
#10853 = AXIS2_PLACEMENT_3D('',#10854,#10855,#10856);
#10854 = CARTESIAN_POINT('',(89.846105121109,146.87964951529,14.));
#10855 = DIRECTION('',(0.,0.,1.));
#10856 = DIRECTION('',(1.,0.,-0.));
#10857 = PCURVE('',#4193,#10858);
#10858 = DEFINITIONAL_REPRESENTATION('',(#10859),#10863);
#10859 = CIRCLE('',#10860,1.1);
#10860 = AXIS2_PLACEMENT_2D('',#10861,#10862);
#10861 = CARTESIAN_POINT('',(89.846105121109,32.07549523494));
#10862 = DIRECTION('',(1.,0.));
#10863 = ( GEOMETRIC_REPRESENTATION_CONTEXT(2) 
PARAMETRIC_REPRESENTATION_CONTEXT() REPRESENTATION_CONTEXT('2D SPACE',''
  ) );
#10864 = PCURVE('',#10865,#10870);
#10865 = SPHERICAL_SURFACE('',#10866,1.569444444444);
#10866 = AXIS2_PLACEMENT_3D('',#10867,#10868,#10869);
#10867 = CARTESIAN_POINT('',(89.846105121109,146.87964951529,
    15.119444444444));
#10868 = DIRECTION('',(0.,0.,1.));
#10869 = DIRECTION('',(1.,0.,-0.));
#10870 = DEFINITIONAL_REPRESENTATION('',(#10871),#10875);
#10871 = LINE('',#10872,#10873);
#10872 = CARTESIAN_POINT('',(0.,-0.79415889045));
#10873 = VECTOR('',#10874,1.);
#10874 = DIRECTION('',(1.,0.));
#10875 = ( GEOMETRIC_REPRESENTATION_CONTEXT(2) 
PARAMETRIC_REPRESENTATION_CONTEXT() REPRESENTATION_CONTEXT('2D SPACE',''
  ) );
#10876 = FACE_BOUND('',#10877,.T.);
#10877 = EDGE_LOOP('',(#10878));
#10878 = ORIENTED_EDGE('',*,*,#10879,.F.);
#10879 = EDGE_CURVE('',#10880,#10880,#10882,.T.);
#10880 = VERTEX_POINT('',#10881);
#10881 = CARTESIAN_POINT('',(89.522650695005,150.61748760845,14.));
#10882 = SURFACE_CURVE('',#10883,(#10888,#10895),.PCURVE_S1.);
#10883 = CIRCLE('',#10884,1.1);
#10884 = AXIS2_PLACEMENT_3D('',#10885,#10886,#10887);
#10885 = CARTESIAN_POINT('',(88.422650695005,150.61748760845,14.));
#10886 = DIRECTION('',(0.,0.,1.));
#10887 = DIRECTION('',(1.,0.,-0.));
#10888 = PCURVE('',#4193,#10889);
#10889 = DEFINITIONAL_REPRESENTATION('',(#10890),#10894);
#10890 = CIRCLE('',#10891,1.1);
#10891 = AXIS2_PLACEMENT_2D('',#10892,#10893);
#10892 = CARTESIAN_POINT('',(88.422650695005,35.813333328092));
#10893 = DIRECTION('',(1.,0.));
#10894 = ( GEOMETRIC_REPRESENTATION_CONTEXT(2) 
PARAMETRIC_REPRESENTATION_CONTEXT() REPRESENTATION_CONTEXT('2D SPACE',''
  ) );
#10895 = PCURVE('',#10896,#10901);
#10896 = SPHERICAL_SURFACE('',#10897,1.569444444444);
#10897 = AXIS2_PLACEMENT_3D('',#10898,#10899,#10900);
#10898 = CARTESIAN_POINT('',(88.422650695005,150.61748760845,
    15.119444444444));
#10899 = DIRECTION('',(0.,0.,1.));
#10900 = DIRECTION('',(1.,0.,-0.));
#10901 = DEFINITIONAL_REPRESENTATION('',(#10902),#10906);
#10902 = LINE('',#10903,#10904);
#10903 = CARTESIAN_POINT('',(0.,-0.79415889045));
#10904 = VECTOR('',#10905,1.);
#10905 = DIRECTION('',(1.,0.));
#10906 = ( GEOMETRIC_REPRESENTATION_CONTEXT(2) 
PARAMETRIC_REPRESENTATION_CONTEXT() REPRESENTATION_CONTEXT('2D SPACE',''
  ) );
#10907 = FACE_BOUND('',#10908,.T.);
#10908 = EDGE_LOOP('',(#10909));
#10909 = ORIENTED_EDGE('',*,*,#10910,.F.);
#10910 = EDGE_CURVE('',#10911,#10911,#10913,.T.);
#10911 = VERTEX_POINT('',#10912);
#10912 = CARTESIAN_POINT('',(87.943770459611,154.29237445243,14.));
#10913 = SURFACE_CURVE('',#10914,(#10919,#10926),.PCURVE_S1.);
#10914 = CIRCLE('',#10915,1.1);
#10915 = AXIS2_PLACEMENT_3D('',#10916,#10917,#10918);
#10916 = CARTESIAN_POINT('',(86.843770459611,154.29237445243,14.));
#10917 = DIRECTION('',(0.,0.,1.));
#10918 = DIRECTION('',(1.,0.,-0.));
#10919 = PCURVE('',#4193,#10920);
#10920 = DEFINITIONAL_REPRESENTATION('',(#10921),#10925);
#10921 = CIRCLE('',#10922,1.1);
#10922 = AXIS2_PLACEMENT_2D('',#10923,#10924);
#10923 = CARTESIAN_POINT('',(86.843770459611,39.488220172077));
#10924 = DIRECTION('',(1.,0.));
#10925 = ( GEOMETRIC_REPRESENTATION_CONTEXT(2) 
PARAMETRIC_REPRESENTATION_CONTEXT() REPRESENTATION_CONTEXT('2D SPACE',''
  ) );
#10926 = PCURVE('',#10927,#10932);
#10927 = SPHERICAL_SURFACE('',#10928,1.569444444444);
#10928 = AXIS2_PLACEMENT_3D('',#10929,#10930,#10931);
#10929 = CARTESIAN_POINT('',(86.843770459611,154.29237445243,
    15.119444444444));
#10930 = DIRECTION('',(0.,0.,1.));
#10931 = DIRECTION('',(1.,0.,-0.));
#10932 = DEFINITIONAL_REPRESENTATION('',(#10933),#10937);
#10933 = LINE('',#10934,#10935);
#10934 = CARTESIAN_POINT('',(0.,-0.79415889045));
#10935 = VECTOR('',#10936,1.);
#10936 = DIRECTION('',(1.,0.));
#10937 = ( GEOMETRIC_REPRESENTATION_CONTEXT(2) 
PARAMETRIC_REPRESENTATION_CONTEXT() REPRESENTATION_CONTEXT('2D SPACE',''
  ) );
#10938 = FACE_BOUND('',#10939,.T.);
#10939 = EDGE_LOOP('',(#10940));
#10940 = ORIENTED_EDGE('',*,*,#10941,.F.);
#10941 = EDGE_CURVE('',#10942,#10942,#10944,.T.);
#10942 = VERTEX_POINT('',#10943);
#10943 = CARTESIAN_POINT('',(84.3311020548,161.42757812228,14.));
#10944 = SURFACE_CURVE('',#10945,(#10950,#10957),.PCURVE_S1.);
#10945 = CIRCLE('',#10946,1.1);
#10946 = AXIS2_PLACEMENT_3D('',#10947,#10948,#10949);
#10947 = CARTESIAN_POINT('',(83.2311020548,161.42757812228,14.));
#10948 = DIRECTION('',(0.,0.,1.));
#10949 = DIRECTION('',(1.,0.,-0.));
#10950 = PCURVE('',#4193,#10951);
#10951 = DEFINITIONAL_REPRESENTATION('',(#10952),#10956);
#10952 = CIRCLE('',#10953,1.1);
#10953 = AXIS2_PLACEMENT_2D('',#10954,#10955);
#10954 = CARTESIAN_POINT('',(83.2311020548,46.623423841921));
#10955 = DIRECTION('',(1.,0.));
#10956 = ( GEOMETRIC_REPRESENTATION_CONTEXT(2) 
PARAMETRIC_REPRESENTATION_CONTEXT() REPRESENTATION_CONTEXT('2D SPACE',''
  ) );
#10957 = PCURVE('',#10958,#10963);
#10958 = SPHERICAL_SURFACE('',#10959,1.569444444444);
#10959 = AXIS2_PLACEMENT_3D('',#10960,#10961,#10962);
#10960 = CARTESIAN_POINT('',(83.2311020548,161.42757812228,
    15.119444444444));
#10961 = DIRECTION('',(0.,0.,1.));
#10962 = DIRECTION('',(1.,0.,-0.));
#10963 = DEFINITIONAL_REPRESENTATION('',(#10964),#10968);
#10964 = LINE('',#10965,#10966);
#10965 = CARTESIAN_POINT('',(0.,-0.79415889045));
#10966 = VECTOR('',#10967,1.);
#10967 = DIRECTION('',(1.,0.));
#10968 = ( GEOMETRIC_REPRESENTATION_CONTEXT(2) 
PARAMETRIC_REPRESENTATION_CONTEXT() REPRESENTATION_CONTEXT('2D SPACE',''
  ) );
#10969 = FACE_BOUND('',#10970,.T.);
#10970 = EDGE_LOOP('',(#10971));
#10971 = ORIENTED_EDGE('',*,*,#10972,.F.);
#10972 = EDGE_CURVE('',#10973,#10973,#10975,.T.);
#10973 = VERTEX_POINT('',#10974);
#10974 = CARTESIAN_POINT('',(86.21223970764,157.8978504777,14.));
#10975 = SURFACE_CURVE('',#10976,(#10981,#10988),.PCURVE_S1.);
#10976 = CIRCLE('',#10977,1.1);
#10977 = AXIS2_PLACEMENT_3D('',#10978,#10979,#10980);
#10978 = CARTESIAN_POINT('',(85.11223970764,157.8978504777,14.));
#10979 = DIRECTION('',(0.,0.,1.));
#10980 = DIRECTION('',(1.,0.,-0.));
#10981 = PCURVE('',#4193,#10982);
#10982 = DEFINITIONAL_REPRESENTATION('',(#10983),#10987);
#10983 = CIRCLE('',#10984,1.1);
#10984 = AXIS2_PLACEMENT_2D('',#10985,#10986);
#10985 = CARTESIAN_POINT('',(85.11223970764,43.093696197346));
#10986 = DIRECTION('',(1.,0.));
#10987 = ( GEOMETRIC_REPRESENTATION_CONTEXT(2) 
PARAMETRIC_REPRESENTATION_CONTEXT() REPRESENTATION_CONTEXT('2D SPACE',''
  ) );
#10988 = PCURVE('',#10989,#10994);
#10989 = SPHERICAL_SURFACE('',#10990,1.569444444444);
#10990 = AXIS2_PLACEMENT_3D('',#10991,#10992,#10993);
#10991 = CARTESIAN_POINT('',(85.11223970764,157.8978504777,
    15.119444444444));
#10992 = DIRECTION('',(0.,0.,1.));
#10993 = DIRECTION('',(1.,0.,-0.));
#10994 = DEFINITIONAL_REPRESENTATION('',(#10995),#10999);
#10995 = LINE('',#10996,#10997);
#10996 = CARTESIAN_POINT('',(0.,-0.79415889045));
#10997 = VECTOR('',#10998,1.);
#10998 = DIRECTION('',(1.,0.));
#10999 = ( GEOMETRIC_REPRESENTATION_CONTEXT(2) 
PARAMETRIC_REPRESENTATION_CONTEXT() REPRESENTATION_CONTEXT('2D SPACE',''
  ) );
#11000 = FACE_BOUND('',#11001,.T.);
#11001 = EDGE_LOOP('',(#11002));
#11002 = ORIENTED_EDGE('',*,*,#11003,.F.);
#11003 = EDGE_CURVE('',#11004,#11004,#11006,.T.);
#11004 = VERTEX_POINT('',#11005);
#11005 = CARTESIAN_POINT('',(-76.63272654403,170.11042177357,14.));
#11006 = SURFACE_CURVE('',#11007,(#11012,#11019),.PCURVE_S1.);
#11007 = CIRCLE('',#11008,1.1);
#11008 = AXIS2_PLACEMENT_3D('',#11009,#11010,#11011);
#11009 = CARTESIAN_POINT('',(-77.73272654403,170.11042177357,14.));
#11010 = DIRECTION('',(0.,0.,1.));
#11011 = DIRECTION('',(1.,0.,-0.));
#11012 = PCURVE('',#4193,#11013);
#11013 = DEFINITIONAL_REPRESENTATION('',(#11014),#11018);
#11014 = CIRCLE('',#11015,1.1);
#11015 = AXIS2_PLACEMENT_2D('',#11016,#11017);
#11016 = CARTESIAN_POINT('',(-77.73272654403,55.306267493212));
#11017 = DIRECTION('',(1.,0.));
#11018 = ( GEOMETRIC_REPRESENTATION_CONTEXT(2) 
PARAMETRIC_REPRESENTATION_CONTEXT() REPRESENTATION_CONTEXT('2D SPACE',''
  ) );
#11019 = PCURVE('',#11020,#11025);
#11020 = SPHERICAL_SURFACE('',#11021,1.569444444444);
#11021 = AXIS2_PLACEMENT_3D('',#11022,#11023,#11024);
#11022 = CARTESIAN_POINT('',(-77.73272654403,170.11042177357,
    15.119444444444));
#11023 = DIRECTION('',(0.,0.,1.));
#11024 = DIRECTION('',(1.,0.,-0.));
#11025 = DEFINITIONAL_REPRESENTATION('',(#11026),#11030);
#11026 = LINE('',#11027,#11028);
#11027 = CARTESIAN_POINT('',(0.,-0.79415889045));
#11028 = VECTOR('',#11029,1.);
#11029 = DIRECTION('',(1.,0.));
#11030 = ( GEOMETRIC_REPRESENTATION_CONTEXT(2) 
PARAMETRIC_REPRESENTATION_CONTEXT() REPRESENTATION_CONTEXT('2D SPACE',''
  ) );
#11031 = FACE_BOUND('',#11032,.T.);
#11032 = EDGE_LOOP('',(#11033));
#11033 = ORIENTED_EDGE('',*,*,#11034,.F.);
#11034 = EDGE_CURVE('',#11035,#11035,#11037,.T.);
#11035 = VERTEX_POINT('',#11036);
#11036 = CARTESIAN_POINT('',(-74.24616712265,173.32009313401,14.));
#11037 = SURFACE_CURVE('',#11038,(#11043,#11050),.PCURVE_S1.);
#11038 = CIRCLE('',#11039,1.1);
#11039 = AXIS2_PLACEMENT_3D('',#11040,#11041,#11042);
#11040 = CARTESIAN_POINT('',(-75.34616712265,173.32009313401,14.));
#11041 = DIRECTION('',(0.,0.,1.));
#11042 = DIRECTION('',(1.,0.,-0.));
#11043 = PCURVE('',#4193,#11044);
#11044 = DEFINITIONAL_REPRESENTATION('',(#11045),#11049);
#11045 = CIRCLE('',#11046,1.1);
#11046 = AXIS2_PLACEMENT_2D('',#11047,#11048);
#11047 = CARTESIAN_POINT('',(-75.34616712265,58.515938853655));
#11048 = DIRECTION('',(1.,0.));
#11049 = ( GEOMETRIC_REPRESENTATION_CONTEXT(2) 
PARAMETRIC_REPRESENTATION_CONTEXT() REPRESENTATION_CONTEXT('2D SPACE',''
  ) );
#11050 = PCURVE('',#11051,#11056);
#11051 = SPHERICAL_SURFACE('',#11052,1.569444444444);
#11052 = AXIS2_PLACEMENT_3D('',#11053,#11054,#11055);
#11053 = CARTESIAN_POINT('',(-75.34616712265,173.32009313401,
    15.119444444444));
#11054 = DIRECTION('',(0.,0.,1.));
#11055 = DIRECTION('',(1.,0.,-0.));
#11056 = DEFINITIONAL_REPRESENTATION('',(#11057),#11061);
#11057 = LINE('',#11058,#11059);
#11058 = CARTESIAN_POINT('',(0.,-0.79415889045));
#11059 = VECTOR('',#11060,1.);
#11060 = DIRECTION('',(1.,0.));
#11061 = ( GEOMETRIC_REPRESENTATION_CONTEXT(2) 
PARAMETRIC_REPRESENTATION_CONTEXT() REPRESENTATION_CONTEXT('2D SPACE',''
  ) );
#11062 = FACE_BOUND('',#11063,.T.);
#11063 = EDGE_LOOP('',(#11064));
#11064 = ORIENTED_EDGE('',*,*,#11065,.F.);
#11065 = EDGE_CURVE('',#11066,#11066,#11068,.T.);
#11066 = VERTEX_POINT('',#11067);
#11067 = CARTESIAN_POINT('',(-71.72716721335,176.42690751062,14.));
#11068 = SURFACE_CURVE('',#11069,(#11074,#11081),.PCURVE_S1.);
#11069 = CIRCLE('',#11070,1.1);
#11070 = AXIS2_PLACEMENT_3D('',#11071,#11072,#11073);
#11071 = CARTESIAN_POINT('',(-72.82716721335,176.42690751062,14.));
#11072 = DIRECTION('',(0.,0.,1.));
#11073 = DIRECTION('',(1.,0.,-0.));
#11074 = PCURVE('',#4193,#11075);
#11075 = DEFINITIONAL_REPRESENTATION('',(#11076),#11080);
#11076 = CIRCLE('',#11077,1.1);
#11077 = AXIS2_PLACEMENT_2D('',#11078,#11079);
#11078 = CARTESIAN_POINT('',(-72.82716721335,61.622753230269));
#11079 = DIRECTION('',(1.,0.));
#11080 = ( GEOMETRIC_REPRESENTATION_CONTEXT(2) 
PARAMETRIC_REPRESENTATION_CONTEXT() REPRESENTATION_CONTEXT('2D SPACE',''
  ) );
#11081 = PCURVE('',#11082,#11087);
#11082 = SPHERICAL_SURFACE('',#11083,1.569444444444);
#11083 = AXIS2_PLACEMENT_3D('',#11084,#11085,#11086);
#11084 = CARTESIAN_POINT('',(-72.82716721335,176.42690751062,
    15.119444444444));
#11085 = DIRECTION('',(0.,0.,1.));
#11086 = DIRECTION('',(1.,0.,-0.));
#11087 = DEFINITIONAL_REPRESENTATION('',(#11088),#11092);
#11088 = LINE('',#11089,#11090);
#11089 = CARTESIAN_POINT('',(0.,-0.79415889045));
#11090 = VECTOR('',#11091,1.);
#11091 = DIRECTION('',(1.,0.));
#11092 = ( GEOMETRIC_REPRESENTATION_CONTEXT(2) 
PARAMETRIC_REPRESENTATION_CONTEXT() REPRESENTATION_CONTEXT('2D SPACE',''
  ) );
#11093 = FACE_BOUND('',#11094,.T.);
#11094 = EDGE_LOOP('',(#11095));
#11095 = ORIENTED_EDGE('',*,*,#11096,.F.);
#11096 = EDGE_CURVE('',#11097,#11097,#11099,.T.);
#11097 = VERTEX_POINT('',#11098);
#11098 = CARTESIAN_POINT('',(-69.0801546137,179.42540386899,14.));
#11099 = SURFACE_CURVE('',#11100,(#11105,#11112),.PCURVE_S1.);
#11100 = CIRCLE('',#11101,1.1);
#11101 = AXIS2_PLACEMENT_3D('',#11102,#11103,#11104);
#11102 = CARTESIAN_POINT('',(-70.1801546137,179.42540386899,14.));
#11103 = DIRECTION('',(0.,0.,1.));
#11104 = DIRECTION('',(1.,0.,-0.));
#11105 = PCURVE('',#4193,#11106);
#11106 = DEFINITIONAL_REPRESENTATION('',(#11107),#11111);
#11107 = CIRCLE('',#11108,1.1);
#11108 = AXIS2_PLACEMENT_2D('',#11109,#11110);
#11109 = CARTESIAN_POINT('',(-70.1801546137,64.621249588633));
#11110 = DIRECTION('',(1.,0.));
#11111 = ( GEOMETRIC_REPRESENTATION_CONTEXT(2) 
PARAMETRIC_REPRESENTATION_CONTEXT() REPRESENTATION_CONTEXT('2D SPACE',''
  ) );
#11112 = PCURVE('',#11113,#11118);
#11113 = SPHERICAL_SURFACE('',#11114,1.569444444444);
#11114 = AXIS2_PLACEMENT_3D('',#11115,#11116,#11117);
#11115 = CARTESIAN_POINT('',(-70.1801546137,179.42540386899,
    15.119444444444));
#11116 = DIRECTION('',(0.,0.,1.));
#11117 = DIRECTION('',(1.,0.,-0.));
#11118 = DEFINITIONAL_REPRESENTATION('',(#11119),#11123);
#11119 = LINE('',#11120,#11121);
#11120 = CARTESIAN_POINT('',(0.,-0.79415889045));
#11121 = VECTOR('',#11122,1.);
#11122 = DIRECTION('',(1.,0.));
#11123 = ( GEOMETRIC_REPRESENTATION_CONTEXT(2) 
PARAMETRIC_REPRESENTATION_CONTEXT() REPRESENTATION_CONTEXT('2D SPACE',''
  ) );
#11124 = FACE_BOUND('',#11125,.T.);
#11125 = EDGE_LOOP('',(#11126));
#11126 = ORIENTED_EDGE('',*,*,#11127,.F.);
#11127 = EDGE_CURVE('',#11128,#11128,#11130,.T.);
#11128 = VERTEX_POINT('',#11129);
#11129 = CARTESIAN_POINT('',(-66.3097821369,182.31031157178,14.));
#11130 = SURFACE_CURVE('',#11131,(#11136,#11143),.PCURVE_S1.);
#11131 = CIRCLE('',#11132,1.1);
#11132 = AXIS2_PLACEMENT_3D('',#11133,#11134,#11135);
#11133 = CARTESIAN_POINT('',(-67.4097821369,182.31031157178,14.));
#11134 = DIRECTION('',(0.,0.,1.));
#11135 = DIRECTION('',(1.,0.,-0.));
#11136 = PCURVE('',#4193,#11137);
#11137 = DEFINITIONAL_REPRESENTATION('',(#11138),#11142);
#11138 = CIRCLE('',#11139,1.1);
#11139 = AXIS2_PLACEMENT_2D('',#11140,#11141);
#11140 = CARTESIAN_POINT('',(-67.4097821369,67.506157291424));
#11141 = DIRECTION('',(1.,0.));
#11142 = ( GEOMETRIC_REPRESENTATION_CONTEXT(2) 
PARAMETRIC_REPRESENTATION_CONTEXT() REPRESENTATION_CONTEXT('2D SPACE',''
  ) );
#11143 = PCURVE('',#11144,#11149);
#11144 = SPHERICAL_SURFACE('',#11145,1.569444444444);
#11145 = AXIS2_PLACEMENT_3D('',#11146,#11147,#11148);
#11146 = CARTESIAN_POINT('',(-67.4097821369,182.31031157178,
    15.119444444444));
#11147 = DIRECTION('',(0.,0.,1.));
#11148 = DIRECTION('',(1.,0.,-0.));
#11149 = DEFINITIONAL_REPRESENTATION('',(#11150),#11154);
#11150 = LINE('',#11151,#11152);
#11151 = CARTESIAN_POINT('',(0.,-0.79415889045));
#11152 = VECTOR('',#11153,1.);
#11153 = DIRECTION('',(1.,0.));
#11154 = ( GEOMETRIC_REPRESENTATION_CONTEXT(2) 
PARAMETRIC_REPRESENTATION_CONTEXT() REPRESENTATION_CONTEXT('2D SPACE',''
  ) );
#11155 = FACE_BOUND('',#11156,.T.);
#11156 = EDGE_LOOP('',(#11157));
#11157 = ORIENTED_EDGE('',*,*,#11158,.F.);
#11158 = EDGE_CURVE('',#11159,#11159,#11161,.T.);
#11159 = VERTEX_POINT('',#11160);
#11160 = CARTESIAN_POINT('',(-63.42091943322,185.07655964328,14.));
#11161 = SURFACE_CURVE('',#11162,(#11167,#11174),.PCURVE_S1.);
#11162 = CIRCLE('',#11163,1.1);
#11163 = AXIS2_PLACEMENT_3D('',#11164,#11165,#11166);
#11164 = CARTESIAN_POINT('',(-64.52091943322,185.07655964328,14.));
#11165 = DIRECTION('',(0.,0.,1.));
#11166 = DIRECTION('',(1.,0.,-0.));
#11167 = PCURVE('',#4193,#11168);
#11168 = DEFINITIONAL_REPRESENTATION('',(#11169),#11173);
#11169 = CIRCLE('',#11170,1.1);
#11170 = AXIS2_PLACEMENT_2D('',#11171,#11172);
#11171 = CARTESIAN_POINT('',(-64.52091943322,70.272405362925));
#11172 = DIRECTION('',(1.,0.));
#11173 = ( GEOMETRIC_REPRESENTATION_CONTEXT(2) 
PARAMETRIC_REPRESENTATION_CONTEXT() REPRESENTATION_CONTEXT('2D SPACE',''
  ) );
#11174 = PCURVE('',#11175,#11180);
#11175 = SPHERICAL_SURFACE('',#11176,1.569444444444);
#11176 = AXIS2_PLACEMENT_3D('',#11177,#11178,#11179);
#11177 = CARTESIAN_POINT('',(-64.52091943322,185.07655964328,
    15.119444444444));
#11178 = DIRECTION('',(0.,0.,1.));
#11179 = DIRECTION('',(1.,0.,-0.));
#11180 = DEFINITIONAL_REPRESENTATION('',(#11181),#11185);
#11181 = LINE('',#11182,#11183);
#11182 = CARTESIAN_POINT('',(0.,-0.79415889045));
#11183 = VECTOR('',#11184,1.);
#11184 = DIRECTION('',(1.,0.));
#11185 = ( GEOMETRIC_REPRESENTATION_CONTEXT(2) 
PARAMETRIC_REPRESENTATION_CONTEXT() REPRESENTATION_CONTEXT('2D SPACE',''
  ) );
#11186 = FACE_BOUND('',#11187,.T.);
#11187 = EDGE_LOOP('',(#11188));
#11188 = ORIENTED_EDGE('',*,*,#11189,.F.);
#11189 = EDGE_CURVE('',#11190,#11190,#11192,.T.);
#11190 = VERTEX_POINT('',#11191);
#11191 = CARTESIAN_POINT('',(-60.41864443031,187.71928568294,14.));
#11192 = SURFACE_CURVE('',#11193,(#11198,#11205),.PCURVE_S1.);
#11193 = CIRCLE('',#11194,1.1);
#11194 = AXIS2_PLACEMENT_3D('',#11195,#11196,#11197);
#11195 = CARTESIAN_POINT('',(-61.51864443031,187.71928568294,14.));
#11196 = DIRECTION('',(0.,0.,1.));
#11197 = DIRECTION('',(1.,0.,-0.));
#11198 = PCURVE('',#4193,#11199);
#11199 = DEFINITIONAL_REPRESENTATION('',(#11200),#11204);
#11200 = CIRCLE('',#11201,1.1);
#11201 = AXIS2_PLACEMENT_2D('',#11202,#11203);
#11202 = CARTESIAN_POINT('',(-61.51864443031,72.915131402587));
#11203 = DIRECTION('',(1.,0.));
#11204 = ( GEOMETRIC_REPRESENTATION_CONTEXT(2) 
PARAMETRIC_REPRESENTATION_CONTEXT() REPRESENTATION_CONTEXT('2D SPACE',''
  ) );
#11205 = PCURVE('',#11206,#11211);
#11206 = SPHERICAL_SURFACE('',#11207,1.569444444444);
#11207 = AXIS2_PLACEMENT_3D('',#11208,#11209,#11210);
#11208 = CARTESIAN_POINT('',(-61.51864443031,187.71928568294,
    15.119444444444));
#11209 = DIRECTION('',(0.,0.,1.));
#11210 = DIRECTION('',(1.,0.,-0.));
#11211 = DEFINITIONAL_REPRESENTATION('',(#11212),#11216);
#11212 = LINE('',#11213,#11214);
#11213 = CARTESIAN_POINT('',(0.,-0.79415889045));
#11214 = VECTOR('',#11215,1.);
#11215 = DIRECTION('',(1.,0.));
#11216 = ( GEOMETRIC_REPRESENTATION_CONTEXT(2) 
PARAMETRIC_REPRESENTATION_CONTEXT() REPRESENTATION_CONTEXT('2D SPACE',''
  ) );
#11217 = FACE_BOUND('',#11218,.T.);
#11218 = EDGE_LOOP('',(#11219));
#11219 = ORIENTED_EDGE('',*,*,#11220,.F.);
#11220 = EDGE_CURVE('',#11221,#11221,#11223,.T.);
#11221 = VERTEX_POINT('',#11222);
#11222 = CARTESIAN_POINT('',(-57.30823440745,190.23384441232,14.));
#11223 = SURFACE_CURVE('',#11224,(#11229,#11236),.PCURVE_S1.);
#11224 = CIRCLE('',#11225,1.1);
#11225 = AXIS2_PLACEMENT_3D('',#11226,#11227,#11228);
#11226 = CARTESIAN_POINT('',(-58.40823440745,190.23384441232,14.));
#11227 = DIRECTION('',(0.,0.,1.));
#11228 = DIRECTION('',(1.,0.,-0.));
#11229 = PCURVE('',#4193,#11230);
#11230 = DEFINITIONAL_REPRESENTATION('',(#11231),#11235);
#11231 = CIRCLE('',#11232,1.1);
#11232 = AXIS2_PLACEMENT_2D('',#11233,#11234);
#11233 = CARTESIAN_POINT('',(-58.40823440745,75.429690131964));
#11234 = DIRECTION('',(1.,0.));
#11235 = ( GEOMETRIC_REPRESENTATION_CONTEXT(2) 
PARAMETRIC_REPRESENTATION_CONTEXT() REPRESENTATION_CONTEXT('2D SPACE',''
  ) );
#11236 = PCURVE('',#11237,#11242);
#11237 = SPHERICAL_SURFACE('',#11238,1.569444444444);
#11238 = AXIS2_PLACEMENT_3D('',#11239,#11240,#11241);
#11239 = CARTESIAN_POINT('',(-58.40823440745,190.23384441232,
    15.119444444444));
#11240 = DIRECTION('',(0.,0.,1.));
#11241 = DIRECTION('',(1.,0.,-0.));
#11242 = DEFINITIONAL_REPRESENTATION('',(#11243),#11247);
#11243 = LINE('',#11244,#11245);
#11244 = CARTESIAN_POINT('',(0.,-0.79415889045));
#11245 = VECTOR('',#11246,1.);
#11246 = DIRECTION('',(1.,0.));
#11247 = ( GEOMETRIC_REPRESENTATION_CONTEXT(2) 
PARAMETRIC_REPRESENTATION_CONTEXT() REPRESENTATION_CONTEXT('2D SPACE',''
  ) );
#11248 = FACE_BOUND('',#11249,.T.);
#11249 = EDGE_LOOP('',(#11250));
#11250 = ORIENTED_EDGE('',*,*,#11251,.F.);
#11251 = EDGE_CURVE('',#11252,#11252,#11254,.T.);
#11252 = VERTEX_POINT('',#11253);
#11253 = CARTESIAN_POINT('',(-54.09515671934,192.61581584035,14.));
#11254 = SURFACE_CURVE('',#11255,(#11260,#11267),.PCURVE_S1.);
#11255 = CIRCLE('',#11256,1.1);
#11256 = AXIS2_PLACEMENT_3D('',#11257,#11258,#11259);
#11257 = CARTESIAN_POINT('',(-55.19515671934,192.61581584035,14.));
#11258 = DIRECTION('',(0.,0.,1.));
#11259 = DIRECTION('',(1.,0.,-0.));
#11260 = PCURVE('',#4193,#11261);
#11261 = DEFINITIONAL_REPRESENTATION('',(#11262),#11266);
#11262 = CIRCLE('',#11263,1.1);
#11263 = AXIS2_PLACEMENT_2D('',#11264,#11265);
#11264 = CARTESIAN_POINT('',(-55.19515671934,77.811661559997));
#11265 = DIRECTION('',(1.,0.));
#11266 = ( GEOMETRIC_REPRESENTATION_CONTEXT(2) 
PARAMETRIC_REPRESENTATION_CONTEXT() REPRESENTATION_CONTEXT('2D SPACE',''
  ) );
#11267 = PCURVE('',#11268,#11273);
#11268 = SPHERICAL_SURFACE('',#11269,1.569444444444);
#11269 = AXIS2_PLACEMENT_3D('',#11270,#11271,#11272);
#11270 = CARTESIAN_POINT('',(-55.19515671934,192.61581584035,
    15.119444444444));
#11271 = DIRECTION('',(0.,0.,1.));
#11272 = DIRECTION('',(1.,0.,-0.));
#11273 = DEFINITIONAL_REPRESENTATION('',(#11274),#11278);
#11274 = LINE('',#11275,#11276);
#11275 = CARTESIAN_POINT('',(0.,-0.79415889045));
#11276 = VECTOR('',#11277,1.);
#11277 = DIRECTION('',(1.,0.));
#11278 = ( GEOMETRIC_REPRESENTATION_CONTEXT(2) 
PARAMETRIC_REPRESENTATION_CONTEXT() REPRESENTATION_CONTEXT('2D SPACE',''
  ) );
#11279 = FACE_BOUND('',#11280,.T.);
#11280 = EDGE_LOOP('',(#11281));
#11281 = ORIENTED_EDGE('',*,*,#11282,.F.);
#11282 = EDGE_CURVE('',#11283,#11283,#11285,.T.);
#11283 = VERTEX_POINT('',#11284);
#11284 = CARTESIAN_POINT('',(-50.7850591858,194.86101303265,14.));
#11285 = SURFACE_CURVE('',#11286,(#11291,#11298),.PCURVE_S1.);
#11286 = CIRCLE('',#11287,1.1);
#11287 = AXIS2_PLACEMENT_3D('',#11288,#11289,#11290);
#11288 = CARTESIAN_POINT('',(-51.8850591858,194.86101303265,14.));
#11289 = DIRECTION('',(0.,0.,1.));
#11290 = DIRECTION('',(1.,0.,-0.));
#11291 = PCURVE('',#4193,#11292);
#11292 = DEFINITIONAL_REPRESENTATION('',(#11293),#11297);
#11293 = CIRCLE('',#11294,1.1);
#11294 = AXIS2_PLACEMENT_2D('',#11295,#11296);
#11295 = CARTESIAN_POINT('',(-51.8850591858,80.056858752297));
#11296 = DIRECTION('',(1.,0.));
#11297 = ( GEOMETRIC_REPRESENTATION_CONTEXT(2) 
PARAMETRIC_REPRESENTATION_CONTEXT() REPRESENTATION_CONTEXT('2D SPACE',''
  ) );
#11298 = PCURVE('',#11299,#11304);
#11299 = SPHERICAL_SURFACE('',#11300,1.569444444444);
#11300 = AXIS2_PLACEMENT_3D('',#11301,#11302,#11303);
#11301 = CARTESIAN_POINT('',(-51.8850591858,194.86101303265,
    15.119444444444));
#11302 = DIRECTION('',(0.,0.,1.));
#11303 = DIRECTION('',(1.,0.,-0.));
#11304 = DEFINITIONAL_REPRESENTATION('',(#11305),#11309);
#11305 = LINE('',#11306,#11307);
#11306 = CARTESIAN_POINT('',(0.,-0.79415889045));
#11307 = VECTOR('',#11308,1.);
#11308 = DIRECTION('',(1.,0.));
#11309 = ( GEOMETRIC_REPRESENTATION_CONTEXT(2) 
PARAMETRIC_REPRESENTATION_CONTEXT() REPRESENTATION_CONTEXT('2D SPACE',''
  ) );
#11310 = FACE_BOUND('',#11311,.T.);
#11311 = EDGE_LOOP('',(#11312));
#11312 = ORIENTED_EDGE('',*,*,#11313,.F.);
#11313 = EDGE_CURVE('',#11314,#11314,#11316,.T.);
#11314 = VERTEX_POINT('',#11315);
#11315 = CARTESIAN_POINT('',(-47.3837601643,196.96548947113,14.));
#11316 = SURFACE_CURVE('',#11317,(#11322,#11329),.PCURVE_S1.);
#11317 = CIRCLE('',#11318,1.1);
#11318 = AXIS2_PLACEMENT_3D('',#11319,#11320,#11321);
#11319 = CARTESIAN_POINT('',(-48.4837601643,196.96548947113,14.));
#11320 = DIRECTION('',(0.,0.,1.));
#11321 = DIRECTION('',(1.,0.,-0.));
#11322 = PCURVE('',#4193,#11323);
#11323 = DEFINITIONAL_REPRESENTATION('',(#11324),#11328);
#11324 = CIRCLE('',#11325,1.1);
#11325 = AXIS2_PLACEMENT_2D('',#11326,#11327);
#11326 = CARTESIAN_POINT('',(-48.4837601643,82.161335190774));
#11327 = DIRECTION('',(1.,0.));
#11328 = ( GEOMETRIC_REPRESENTATION_CONTEXT(2) 
PARAMETRIC_REPRESENTATION_CONTEXT() REPRESENTATION_CONTEXT('2D SPACE',''
  ) );
#11329 = PCURVE('',#11330,#11335);
#11330 = SPHERICAL_SURFACE('',#11331,1.569444444444);
#11331 = AXIS2_PLACEMENT_3D('',#11332,#11333,#11334);
#11332 = CARTESIAN_POINT('',(-48.4837601643,196.96548947113,
    15.119444444444));
#11333 = DIRECTION('',(0.,0.,1.));
#11334 = DIRECTION('',(1.,0.,-0.));
#11335 = DEFINITIONAL_REPRESENTATION('',(#11336),#11340);
#11336 = LINE('',#11337,#11338);
#11337 = CARTESIAN_POINT('',(0.,-0.79415889045));
#11338 = VECTOR('',#11339,1.);
#11339 = DIRECTION('',(1.,0.));
#11340 = ( GEOMETRIC_REPRESENTATION_CONTEXT(2) 
PARAMETRIC_REPRESENTATION_CONTEXT() REPRESENTATION_CONTEXT('2D SPACE',''
  ) );
#11341 = FACE_BOUND('',#11342,.T.);
#11342 = EDGE_LOOP('',(#11343));
#11343 = ORIENTED_EDGE('',*,*,#11344,.F.);
#11344 = EDGE_CURVE('',#11345,#11345,#11347,.T.);
#11345 = VERTEX_POINT('',#11346);
#11346 = CARTESIAN_POINT('',(-43.8972383226,198.92554599102,14.));
#11347 = SURFACE_CURVE('',#11348,(#11353,#11360),.PCURVE_S1.);
#11348 = CIRCLE('',#11349,1.1);
#11349 = AXIS2_PLACEMENT_3D('',#11350,#11351,#11352);
#11350 = CARTESIAN_POINT('',(-44.9972383226,198.92554599102,14.));
#11351 = DIRECTION('',(0.,0.,1.));
#11352 = DIRECTION('',(1.,0.,-0.));
#11353 = PCURVE('',#4193,#11354);
#11354 = DEFINITIONAL_REPRESENTATION('',(#11355),#11359);
#11355 = CIRCLE('',#11356,1.1);
#11356 = AXIS2_PLACEMENT_2D('',#11357,#11358);
#11357 = CARTESIAN_POINT('',(-44.9972383226,84.121391710664));
#11358 = DIRECTION('',(1.,0.));
#11359 = ( GEOMETRIC_REPRESENTATION_CONTEXT(2) 
PARAMETRIC_REPRESENTATION_CONTEXT() REPRESENTATION_CONTEXT('2D SPACE',''
  ) );
#11360 = PCURVE('',#11361,#11366);
#11361 = SPHERICAL_SURFACE('',#11362,1.569444444444);
#11362 = AXIS2_PLACEMENT_3D('',#11363,#11364,#11365);
#11363 = CARTESIAN_POINT('',(-44.9972383226,198.92554599102,
    15.119444444444));
#11364 = DIRECTION('',(0.,0.,1.));
#11365 = DIRECTION('',(1.,0.,-0.));
#11366 = DEFINITIONAL_REPRESENTATION('',(#11367),#11371);
#11367 = LINE('',#11368,#11369);
#11368 = CARTESIAN_POINT('',(0.,-0.79415889045));
#11369 = VECTOR('',#11370,1.);
#11370 = DIRECTION('',(1.,0.));
#11371 = ( GEOMETRIC_REPRESENTATION_CONTEXT(2) 
PARAMETRIC_REPRESENTATION_CONTEXT() REPRESENTATION_CONTEXT('2D SPACE',''
  ) );
#11372 = FACE_BOUND('',#11373,.T.);
#11373 = EDGE_LOOP('',(#11374));
#11374 = ORIENTED_EDGE('',*,*,#11375,.F.);
#11375 = EDGE_CURVE('',#11376,#11376,#11378,.T.);
#11376 = VERTEX_POINT('',#11377);
#11377 = CARTESIAN_POINT('',(-40.33162212976,200.73773728314,14.));
#11378 = SURFACE_CURVE('',#11379,(#11384,#11391),.PCURVE_S1.);
#11379 = CIRCLE('',#11380,1.1);
#11380 = AXIS2_PLACEMENT_3D('',#11381,#11382,#11383);
#11381 = CARTESIAN_POINT('',(-41.43162212976,200.73773728314,14.));
#11382 = DIRECTION('',(0.,0.,1.));
#11383 = DIRECTION('',(1.,0.,-0.));
#11384 = PCURVE('',#4193,#11385);
#11385 = DEFINITIONAL_REPRESENTATION('',(#11386),#11390);
#11386 = CIRCLE('',#11387,1.1);
#11387 = AXIS2_PLACEMENT_2D('',#11388,#11389);
#11388 = CARTESIAN_POINT('',(-41.43162212976,85.933583002782));
#11389 = DIRECTION('',(1.,0.));
#11390 = ( GEOMETRIC_REPRESENTATION_CONTEXT(2) 
PARAMETRIC_REPRESENTATION_CONTEXT() REPRESENTATION_CONTEXT('2D SPACE',''
  ) );
#11391 = PCURVE('',#11392,#11397);
#11392 = SPHERICAL_SURFACE('',#11393,1.569444444444);
#11393 = AXIS2_PLACEMENT_3D('',#11394,#11395,#11396);
#11394 = CARTESIAN_POINT('',(-41.43162212976,200.73773728314,
    15.119444444444));
#11395 = DIRECTION('',(0.,0.,1.));
#11396 = DIRECTION('',(1.,0.,-0.));
#11397 = DEFINITIONAL_REPRESENTATION('',(#11398),#11402);
#11398 = LINE('',#11399,#11400);
#11399 = CARTESIAN_POINT('',(0.,-0.79415889045));
#11400 = VECTOR('',#11401,1.);
#11401 = DIRECTION('',(1.,0.));
#11402 = ( GEOMETRIC_REPRESENTATION_CONTEXT(2) 
PARAMETRIC_REPRESENTATION_CONTEXT() REPRESENTATION_CONTEXT('2D SPACE',''
  ) );
#11403 = FACE_BOUND('',#11404,.T.);
#11404 = EDGE_LOOP('',(#11405));
#11405 = ORIENTED_EDGE('',*,*,#11406,.F.);
#11406 = EDGE_CURVE('',#11407,#11407,#11409,.T.);
#11407 = VERTEX_POINT('',#11408);
#11408 = CARTESIAN_POINT('',(-36.69317908375,202.39887794989,14.));
#11409 = SURFACE_CURVE('',#11410,(#11415,#11422),.PCURVE_S1.);
#11410 = CIRCLE('',#11411,1.1);
#11411 = AXIS2_PLACEMENT_3D('',#11412,#11413,#11414);
#11412 = CARTESIAN_POINT('',(-37.79317908375,202.39887794989,14.));
#11413 = DIRECTION('',(0.,0.,1.));
#11414 = DIRECTION('',(1.,0.,-0.));
#11415 = PCURVE('',#4193,#11416);
#11416 = DEFINITIONAL_REPRESENTATION('',(#11417),#11421);
#11417 = CIRCLE('',#11418,1.1);
#11418 = AXIS2_PLACEMENT_2D('',#11419,#11420);
#11419 = CARTESIAN_POINT('',(-37.79317908375,87.594723669539));
#11420 = DIRECTION('',(1.,0.));
#11421 = ( GEOMETRIC_REPRESENTATION_CONTEXT(2) 
PARAMETRIC_REPRESENTATION_CONTEXT() REPRESENTATION_CONTEXT('2D SPACE',''
  ) );
#11422 = PCURVE('',#11423,#11428);
#11423 = SPHERICAL_SURFACE('',#11424,1.569444444444);
#11424 = AXIS2_PLACEMENT_3D('',#11425,#11426,#11427);
#11425 = CARTESIAN_POINT('',(-37.79317908375,202.39887794989,
    15.119444444444));
#11426 = DIRECTION('',(0.,0.,1.));
#11427 = DIRECTION('',(1.,0.,-0.));
#11428 = DEFINITIONAL_REPRESENTATION('',(#11429),#11433);
#11429 = LINE('',#11430,#11431);
#11430 = CARTESIAN_POINT('',(0.,-0.79415889045));
#11431 = VECTOR('',#11432,1.);
#11432 = DIRECTION('',(1.,0.));
#11433 = ( GEOMETRIC_REPRESENTATION_CONTEXT(2) 
PARAMETRIC_REPRESENTATION_CONTEXT() REPRESENTATION_CONTEXT('2D SPACE',''
  ) );
#11434 = FACE_BOUND('',#11435,.T.);
#11435 = EDGE_LOOP('',(#11436));
#11436 = ORIENTED_EDGE('',*,*,#11437,.F.);
#11437 = EDGE_CURVE('',#11438,#11438,#11440,.T.);
#11438 = VERTEX_POINT('',#11439);
#11439 = CARTESIAN_POINT('',(-32.98830469466,203.90604810447,14.));
#11440 = SURFACE_CURVE('',#11441,(#11446,#11453),.PCURVE_S1.);
#11441 = CIRCLE('',#11442,1.1);
#11442 = AXIS2_PLACEMENT_3D('',#11443,#11444,#11445);
#11443 = CARTESIAN_POINT('',(-34.08830469466,203.90604810447,14.));
#11444 = DIRECTION('',(0.,0.,1.));
#11445 = DIRECTION('',(1.,0.,-0.));
#11446 = PCURVE('',#4193,#11447);
#11447 = DEFINITIONAL_REPRESENTATION('',(#11448),#11452);
#11448 = CIRCLE('',#11449,1.1);
#11449 = AXIS2_PLACEMENT_2D('',#11450,#11451);
#11450 = CARTESIAN_POINT('',(-34.08830469466,89.101893824114));
#11451 = DIRECTION('',(1.,0.));
#11452 = ( GEOMETRIC_REPRESENTATION_CONTEXT(2) 
PARAMETRIC_REPRESENTATION_CONTEXT() REPRESENTATION_CONTEXT('2D SPACE',''
  ) );
#11453 = PCURVE('',#11454,#11459);
#11454 = SPHERICAL_SURFACE('',#11455,1.569444444444);
#11455 = AXIS2_PLACEMENT_3D('',#11456,#11457,#11458);
#11456 = CARTESIAN_POINT('',(-34.08830469466,203.90604810447,
    15.119444444444));
#11457 = DIRECTION('',(0.,0.,1.));
#11458 = DIRECTION('',(1.,0.,-0.));
#11459 = DEFINITIONAL_REPRESENTATION('',(#11460),#11464);
#11460 = LINE('',#11461,#11462);
#11461 = CARTESIAN_POINT('',(0.,-0.79415889045));
#11462 = VECTOR('',#11463,1.);
#11463 = DIRECTION('',(1.,0.));
#11464 = ( GEOMETRIC_REPRESENTATION_CONTEXT(2) 
PARAMETRIC_REPRESENTATION_CONTEXT() REPRESENTATION_CONTEXT('2D SPACE',''
  ) );
#11465 = FACE_BOUND('',#11466,.T.);
#11466 = EDGE_LOOP('',(#11467));
#11467 = ORIENTED_EDGE('',*,*,#11468,.F.);
#11468 = EDGE_CURVE('',#11469,#11469,#11471,.T.);
#11469 = VERTEX_POINT('',#11470);
#11470 = CARTESIAN_POINT('',(-29.22351124294,205.25659850327,14.));
#11471 = SURFACE_CURVE('',#11472,(#11477,#11484),.PCURVE_S1.);
#11472 = CIRCLE('',#11473,1.1);
#11473 = AXIS2_PLACEMENT_3D('',#11474,#11475,#11476);
#11474 = CARTESIAN_POINT('',(-30.32351124294,205.25659850327,14.));
#11475 = DIRECTION('',(0.,0.,1.));
#11476 = DIRECTION('',(1.,0.,-0.));
#11477 = PCURVE('',#4193,#11478);
#11478 = DEFINITIONAL_REPRESENTATION('',(#11479),#11483);
#11479 = CIRCLE('',#11480,1.1);
#11480 = AXIS2_PLACEMENT_2D('',#11481,#11482);
#11481 = CARTESIAN_POINT('',(-30.32351124294,90.452444222912));
#11482 = DIRECTION('',(1.,0.));
#11483 = ( GEOMETRIC_REPRESENTATION_CONTEXT(2) 
PARAMETRIC_REPRESENTATION_CONTEXT() REPRESENTATION_CONTEXT('2D SPACE',''
  ) );
#11484 = PCURVE('',#11485,#11490);
#11485 = SPHERICAL_SURFACE('',#11486,1.569444444444);
#11486 = AXIS2_PLACEMENT_3D('',#11487,#11488,#11489);
#11487 = CARTESIAN_POINT('',(-30.32351124294,205.25659850327,
    15.119444444444));
#11488 = DIRECTION('',(0.,0.,1.));
#11489 = DIRECTION('',(1.,0.,-0.));
#11490 = DEFINITIONAL_REPRESENTATION('',(#11491),#11495);
#11491 = LINE('',#11492,#11493);
#11492 = CARTESIAN_POINT('',(0.,-0.79415889045));
#11493 = VECTOR('',#11494,1.);
#11494 = DIRECTION('',(1.,0.));
#11495 = ( GEOMETRIC_REPRESENTATION_CONTEXT(2) 
PARAMETRIC_REPRESENTATION_CONTEXT() REPRESENTATION_CONTEXT('2D SPACE',''
  ) );
#11496 = FACE_BOUND('',#11497,.T.);
#11497 = EDGE_LOOP('',(#11498));
#11498 = ORIENTED_EDGE('',*,*,#11499,.F.);
#11499 = EDGE_CURVE('',#11500,#11500,#11502,.T.);
#11500 = VERTEX_POINT('',#11501);
#11501 = CARTESIAN_POINT('',(-25.40541633239,206.44815520265,14.));
#11502 = SURFACE_CURVE('',#11503,(#11508,#11515),.PCURVE_S1.);
#11503 = CIRCLE('',#11504,1.1);
#11504 = AXIS2_PLACEMENT_3D('',#11505,#11506,#11507);
#11505 = CARTESIAN_POINT('',(-26.50541633239,206.44815520265,14.));
#11506 = DIRECTION('',(0.,0.,1.));
#11507 = DIRECTION('',(1.,0.,-0.));
#11508 = PCURVE('',#4193,#11509);
#11509 = DEFINITIONAL_REPRESENTATION('',(#11510),#11514);
#11510 = CIRCLE('',#11511,1.1);
#11511 = AXIS2_PLACEMENT_2D('',#11512,#11513);
#11512 = CARTESIAN_POINT('',(-26.50541633239,91.644000922299));
#11513 = DIRECTION('',(1.,0.));
#11514 = ( GEOMETRIC_REPRESENTATION_CONTEXT(2) 
PARAMETRIC_REPRESENTATION_CONTEXT() REPRESENTATION_CONTEXT('2D SPACE',''
  ) );
#11515 = PCURVE('',#11516,#11521);
#11516 = SPHERICAL_SURFACE('',#11517,1.569444444444);
#11517 = AXIS2_PLACEMENT_3D('',#11518,#11519,#11520);
#11518 = CARTESIAN_POINT('',(-26.50541633239,206.44815520265,
    15.119444444444));
#11519 = DIRECTION('',(0.,0.,1.));
#11520 = DIRECTION('',(1.,0.,-0.));
#11521 = DEFINITIONAL_REPRESENTATION('',(#11522),#11526);
#11522 = LINE('',#11523,#11524);
#11523 = CARTESIAN_POINT('',(0.,-0.79415889045));
#11524 = VECTOR('',#11525,1.);
#11525 = DIRECTION('',(1.,0.));
#11526 = ( GEOMETRIC_REPRESENTATION_CONTEXT(2) 
PARAMETRIC_REPRESENTATION_CONTEXT() REPRESENTATION_CONTEXT('2D SPACE',''
  ) );
#11527 = FACE_BOUND('',#11528,.T.);
#11528 = EDGE_LOOP('',(#11529));
#11529 = ORIENTED_EDGE('',*,*,#11530,.F.);
#11530 = EDGE_CURVE('',#11531,#11531,#11533,.T.);
#11531 = VERTEX_POINT('',#11532);
#11532 = CARTESIAN_POINT('',(-21.54073125799,207.47862373178,14.));
#11533 = SURFACE_CURVE('',#11534,(#11539,#11546),.PCURVE_S1.);
#11534 = CIRCLE('',#11535,1.1);
#11535 = AXIS2_PLACEMENT_3D('',#11536,#11537,#11538);
#11536 = CARTESIAN_POINT('',(-22.64073125799,207.47862373178,14.));
#11537 = DIRECTION('',(0.,0.,1.));
#11538 = DIRECTION('',(1.,0.,-0.));
#11539 = PCURVE('',#4193,#11540);
#11540 = DEFINITIONAL_REPRESENTATION('',(#11541),#11545);
#11541 = CIRCLE('',#11542,1.1);
#11542 = AXIS2_PLACEMENT_2D('',#11543,#11544);
#11543 = CARTESIAN_POINT('',(-22.64073125799,92.674469451426));
#11544 = DIRECTION('',(1.,0.));
#11545 = ( GEOMETRIC_REPRESENTATION_CONTEXT(2) 
PARAMETRIC_REPRESENTATION_CONTEXT() REPRESENTATION_CONTEXT('2D SPACE',''
  ) );
#11546 = PCURVE('',#11547,#11552);
#11547 = SPHERICAL_SURFACE('',#11548,1.569444444444);
#11548 = AXIS2_PLACEMENT_3D('',#11549,#11550,#11551);
#11549 = CARTESIAN_POINT('',(-22.64073125799,207.47862373178,
    15.119444444444));
#11550 = DIRECTION('',(0.,0.,1.));
#11551 = DIRECTION('',(1.,0.,-0.));
#11552 = DEFINITIONAL_REPRESENTATION('',(#11553),#11557);
#11553 = LINE('',#11554,#11555);
#11554 = CARTESIAN_POINT('',(0.,-0.79415889045));
#11555 = VECTOR('',#11556,1.);
#11556 = DIRECTION('',(1.,0.));
#11557 = ( GEOMETRIC_REPRESENTATION_CONTEXT(2) 
PARAMETRIC_REPRESENTATION_CONTEXT() REPRESENTATION_CONTEXT('2D SPACE',''
  ) );
#11558 = FACE_BOUND('',#11559,.T.);
#11559 = EDGE_LOOP('',(#11560));
#11560 = ORIENTED_EDGE('',*,*,#11561,.F.);
#11561 = EDGE_CURVE('',#11562,#11562,#11564,.T.);
#11562 = VERTEX_POINT('',#11563);
#11563 = CARTESIAN_POINT('',(-17.63624920905,208.34619277416,14.));
#11564 = SURFACE_CURVE('',#11565,(#11570,#11577),.PCURVE_S1.);
#11565 = CIRCLE('',#11566,1.1);
#11566 = AXIS2_PLACEMENT_3D('',#11567,#11568,#11569);
#11567 = CARTESIAN_POINT('',(-18.73624920905,208.34619277416,14.));
#11568 = DIRECTION('',(0.,0.,1.));
#11569 = DIRECTION('',(1.,0.,-0.));
#11570 = PCURVE('',#4193,#11571);
#11571 = DEFINITIONAL_REPRESENTATION('',(#11572),#11576);
#11572 = CIRCLE('',#11573,1.1);
#11573 = AXIS2_PLACEMENT_2D('',#11574,#11575);
#11574 = CARTESIAN_POINT('',(-18.73624920905,93.542038493804));
#11575 = DIRECTION('',(1.,0.));
#11576 = ( GEOMETRIC_REPRESENTATION_CONTEXT(2) 
PARAMETRIC_REPRESENTATION_CONTEXT() REPRESENTATION_CONTEXT('2D SPACE',''
  ) );
#11577 = PCURVE('',#11578,#11583);
#11578 = SPHERICAL_SURFACE('',#11579,1.569444444444);
#11579 = AXIS2_PLACEMENT_3D('',#11580,#11581,#11582);
#11580 = CARTESIAN_POINT('',(-18.73624920905,208.34619277416,
    15.119444444444));
#11581 = DIRECTION('',(0.,0.,1.));
#11582 = DIRECTION('',(1.,0.,-0.));
#11583 = DEFINITIONAL_REPRESENTATION('',(#11584),#11588);
#11584 = LINE('',#11585,#11586);
#11585 = CARTESIAN_POINT('',(0.,-0.79415889045));
#11586 = VECTOR('',#11587,1.);
#11587 = DIRECTION('',(1.,0.));
#11588 = ( GEOMETRIC_REPRESENTATION_CONTEXT(2) 
PARAMETRIC_REPRESENTATION_CONTEXT() REPRESENTATION_CONTEXT('2D SPACE',''
  ) );
#11589 = FACE_BOUND('',#11590,.T.);
#11590 = EDGE_LOOP('',(#11591));
#11591 = ORIENTED_EDGE('',*,*,#11592,.F.);
#11592 = EDGE_CURVE('',#11593,#11593,#11595,.T.);
#11593 = VERTEX_POINT('',#11594);
#11594 = CARTESIAN_POINT('',(-13.69883332841,209.04933735152,14.));
#11595 = SURFACE_CURVE('',#11596,(#11601,#11608),.PCURVE_S1.);
#11596 = CIRCLE('',#11597,1.1);
#11597 = AXIS2_PLACEMENT_3D('',#11598,#11599,#11600);
#11598 = CARTESIAN_POINT('',(-14.79883332841,209.04933735152,14.));
#11599 = DIRECTION('',(0.,0.,1.));
#11600 = DIRECTION('',(1.,0.,-0.));
#11601 = PCURVE('',#4193,#11602);
#11602 = DEFINITIONAL_REPRESENTATION('',(#11603),#11607);
#11603 = CIRCLE('',#11604,1.1);
#11604 = AXIS2_PLACEMENT_2D('',#11605,#11606);
#11605 = CARTESIAN_POINT('',(-14.79883332841,94.245183071168));
#11606 = DIRECTION('',(1.,0.));
#11607 = ( GEOMETRIC_REPRESENTATION_CONTEXT(2) 
PARAMETRIC_REPRESENTATION_CONTEXT() REPRESENTATION_CONTEXT('2D SPACE',''
  ) );
#11608 = PCURVE('',#11609,#11614);
#11609 = SPHERICAL_SURFACE('',#11610,1.569444444444);
#11610 = AXIS2_PLACEMENT_3D('',#11611,#11612,#11613);
#11611 = CARTESIAN_POINT('',(-14.79883332841,209.04933735152,
    15.119444444444));
#11612 = DIRECTION('',(0.,0.,1.));
#11613 = DIRECTION('',(1.,0.,-0.));
#11614 = DEFINITIONAL_REPRESENTATION('',(#11615),#11619);
#11615 = LINE('',#11616,#11617);
#11616 = CARTESIAN_POINT('',(0.,-0.79415889045));
#11617 = VECTOR('',#11618,1.);
#11618 = DIRECTION('',(1.,0.));
#11619 = ( GEOMETRIC_REPRESENTATION_CONTEXT(2) 
PARAMETRIC_REPRESENTATION_CONTEXT() REPRESENTATION_CONTEXT('2D SPACE',''
  ) );
#11620 = FACE_BOUND('',#11621,.T.);
#11621 = EDGE_LOOP('',(#11622));
#11622 = ORIENTED_EDGE('',*,*,#11623,.F.);
#11623 = EDGE_CURVE('',#11624,#11624,#11626,.T.);
#11624 = VERTEX_POINT('',#11625);
#11625 = CARTESIAN_POINT('',(-9.735404648688,209.58682150437,14.));
#11626 = SURFACE_CURVE('',#11627,(#11632,#11639),.PCURVE_S1.);
#11627 = CIRCLE('',#11628,1.1);
#11628 = AXIS2_PLACEMENT_3D('',#11629,#11630,#11631);
#11629 = CARTESIAN_POINT('',(-10.83540464868,209.58682150437,14.));
#11630 = DIRECTION('',(0.,0.,1.));
#11631 = DIRECTION('',(1.,0.,-0.));
#11632 = PCURVE('',#4193,#11633);
#11633 = DEFINITIONAL_REPRESENTATION('',(#11634),#11638);
#11634 = CIRCLE('',#11635,1.1);
#11635 = AXIS2_PLACEMENT_2D('',#11636,#11637);
#11636 = CARTESIAN_POINT('',(-10.83540464868,94.782667224019));
#11637 = DIRECTION('',(1.,0.));
#11638 = ( GEOMETRIC_REPRESENTATION_CONTEXT(2) 
PARAMETRIC_REPRESENTATION_CONTEXT() REPRESENTATION_CONTEXT('2D SPACE',''
  ) );
#11639 = PCURVE('',#11640,#11645);
#11640 = SPHERICAL_SURFACE('',#11641,1.569444444444);
#11641 = AXIS2_PLACEMENT_3D('',#11642,#11643,#11644);
#11642 = CARTESIAN_POINT('',(-10.83540464868,209.58682150437,
    15.119444444444));
#11643 = DIRECTION('',(0.,0.,1.));
#11644 = DIRECTION('',(1.,0.,-0.));
#11645 = DEFINITIONAL_REPRESENTATION('',(#11646),#11650);
#11646 = LINE('',#11647,#11648);
#11647 = CARTESIAN_POINT('',(0.,-0.79415889045));
#11648 = VECTOR('',#11649,1.);
#11649 = DIRECTION('',(1.,0.));
#11650 = ( GEOMETRIC_REPRESENTATION_CONTEXT(2) 
PARAMETRIC_REPRESENTATION_CONTEXT() REPRESENTATION_CONTEXT('2D SPACE',''
  ) );
#11651 = FACE_BOUND('',#11652,.T.);
#11652 = EDGE_LOOP('',(#11653));
#11653 = ORIENTED_EDGE('',*,*,#11654,.F.);
#11654 = EDGE_CURVE('',#11655,#11655,#11657,.T.);
#11655 = VERTEX_POINT('',#11656);
#11656 = CARTESIAN_POINT('',(2.2,210.20415428035,14.));
#11657 = SURFACE_CURVE('',#11658,(#11663,#11670),.PCURVE_S1.);
#11658 = CIRCLE('',#11659,2.2);
#11659 = AXIS2_PLACEMENT_3D('',#11660,#11661,#11662);
#11660 = CARTESIAN_POINT('',(0.,210.20415428035,14.));
#11661 = DIRECTION('',(0.,0.,1.));
#11662 = DIRECTION('',(1.,0.,-0.));
#11663 = PCURVE('',#4193,#11664);
#11664 = DEFINITIONAL_REPRESENTATION('',(#11665),#11669);
#11665 = CIRCLE('',#11666,2.2);
#11666 = AXIS2_PLACEMENT_2D('',#11667,#11668);
#11667 = CARTESIAN_POINT('',(3.575737220941E-15,95.4));
#11668 = DIRECTION('',(1.,0.));
#11669 = ( GEOMETRIC_REPRESENTATION_CONTEXT(2) 
PARAMETRIC_REPRESENTATION_CONTEXT() REPRESENTATION_CONTEXT('2D SPACE',''
  ) );
#11670 = PCURVE('',#11671,#11700);
#11671 = B_SPLINE_SURFACE_WITH_KNOTS('',13,1,(
    (#11672,#11673)
    ,(#11674,#11675)
    ,(#11676,#11677)
    ,(#11678,#11679)
    ,(#11680,#11681)
    ,(#11682,#11683)
    ,(#11684,#11685)
    ,(#11686,#11687)
    ,(#11688,#11689)
    ,(#11690,#11691)
    ,(#11692,#11693)
    ,(#11694,#11695)
    ,(#11696,#11697)
    ,(#11698,#11699
    )),.UNSPECIFIED.,.T.,.F.,.F.,(14,14),(2,2),(0.,6.28318530718),(0.,1.
    ),.PIECEWISE_BEZIER_KNOTS.);
#11672 = CARTESIAN_POINT('',(2.2,210.20415428035,14.));
#11673 = CARTESIAN_POINT('',(0.284,210.20415428035,18.05));
#11674 = CARTESIAN_POINT('',(2.2,211.2674625631,13.999999999999));
#11675 = CARTESIAN_POINT('',(0.284,210.86340541566,18.049999999999));
#11676 = CARTESIAN_POINT('',(1.643250030034,212.33077127111,
    14.000000000004));
#11677 = CARTESIAN_POINT('',(-6.118498137873E-02,211.52265681458,
    18.050000000005));
#11678 = CARTESIAN_POINT('',(0.529783236054,213.0760619986,
    13.999999999989));
#11679 = CARTESIAN_POINT('',(-0.751534393648,211.98473706578,
    18.049999999988));
#11680 = CARTESIAN_POINT('',(-0.940766595968,213.18535578845,
    14.000000000021));
#11681 = CARTESIAN_POINT('',(-1.663275289498,212.05249921513,
    18.050000000025));
#11682 = CARTESIAN_POINT('',(-2.368126733649,212.47998536657,
    13.999999999971));
#11683 = CARTESIAN_POINT('',(-2.548238574866,211.61516955421,
    18.049999999964));
#11684 = CARTESIAN_POINT('',(-3.264139955172,211.06093916017,
    14.000000000031));
#11685 = CARTESIAN_POINT('',(-3.103766772203,210.73536090528,
    18.050000000038));
#11686 = CARTESIAN_POINT('',(-3.264139955149,209.3473694006,
    13.999999999975));
#11687 = CARTESIAN_POINT('',(-3.103766772196,209.67294765552,
    18.049999999969));
#11688 = CARTESIAN_POINT('',(-2.368126733668,207.928323194,
    14.000000000016));
#11689 = CARTESIAN_POINT('',(-2.548238574871,208.79313900627,
    18.050000000019));
#11690 = CARTESIAN_POINT('',(-0.940766595956,207.22295277239,
    13.999999999992));
#11691 = CARTESIAN_POINT('',(-1.663275289494,208.3558093458,
    18.049999999991));
#11692 = CARTESIAN_POINT('',(0.529783236048,207.33224656204,
    14.000000000003));
#11693 = CARTESIAN_POINT('',(-0.751534393649,208.42357149479,
    18.050000000003));
#11694 = CARTESIAN_POINT('',(1.643250030036,208.07753728962,
    13.999999999999));
#11695 = CARTESIAN_POINT('',(-6.118498137815E-02,208.88565174618,
    18.049999999999));
#11696 = CARTESIAN_POINT('',(2.2,209.1408459976,14.));
#11697 = CARTESIAN_POINT('',(0.284,209.54490314503,18.05));
#11698 = CARTESIAN_POINT('',(2.2,210.20415428035,14.));
#11699 = CARTESIAN_POINT('',(0.284,210.20415428035,18.05));
#11700 = DEFINITIONAL_REPRESENTATION('',(#11701),#11705);
#11701 = LINE('',#11702,#11703);
#11702 = CARTESIAN_POINT('',(0.,0.));
#11703 = VECTOR('',#11704,1.);
#11704 = DIRECTION('',(1.,0.));
#11705 = ( GEOMETRIC_REPRESENTATION_CONTEXT(2) 
PARAMETRIC_REPRESENTATION_CONTEXT() REPRESENTATION_CONTEXT('2D SPACE',''
  ) );
#11706 = FACE_BOUND('',#11707,.T.);
#11707 = EDGE_LOOP('',(#11708));
#11708 = ORIENTED_EDGE('',*,*,#11709,.F.);
#11709 = EDGE_CURVE('',#11710,#11710,#11712,.T.);
#11710 = VERTEX_POINT('',#11711);
#11711 = CARTESIAN_POINT('',(72.805906889848,177.7280997789,14.));
#11712 = SURFACE_CURVE('',#11713,(#11718,#11725),.PCURVE_S1.);
#11713 = CIRCLE('',#11714,1.1);
#11714 = AXIS2_PLACEMENT_3D('',#11715,#11716,#11717);
#11715 = CARTESIAN_POINT('',(71.705906889848,177.7280997789,14.));
#11716 = DIRECTION('',(0.,0.,1.));
#11717 = DIRECTION('',(1.,0.,-0.));
#11718 = PCURVE('',#4193,#11719);
#11719 = DEFINITIONAL_REPRESENTATION('',(#11720),#11724);
#11720 = CIRCLE('',#11721,1.1);
#11721 = AXIS2_PLACEMENT_2D('',#11722,#11723);
#11722 = CARTESIAN_POINT('',(71.705906889848,62.923945498549));
#11723 = DIRECTION('',(1.,0.));
#11724 = ( GEOMETRIC_REPRESENTATION_CONTEXT(2) 
PARAMETRIC_REPRESENTATION_CONTEXT() REPRESENTATION_CONTEXT('2D SPACE',''
  ) );
#11725 = PCURVE('',#11726,#11731);
#11726 = SPHERICAL_SURFACE('',#11727,1.569444444444);
#11727 = AXIS2_PLACEMENT_3D('',#11728,#11729,#11730);
#11728 = CARTESIAN_POINT('',(71.705906889848,177.7280997789,
    15.119444444444));
#11729 = DIRECTION('',(0.,0.,1.));
#11730 = DIRECTION('',(1.,0.,-0.));
#11731 = DEFINITIONAL_REPRESENTATION('',(#11732),#11736);
#11732 = LINE('',#11733,#11734);
#11733 = CARTESIAN_POINT('',(0.,-0.79415889045));
#11734 = VECTOR('',#11735,1.);
#11735 = DIRECTION('',(1.,0.));
#11736 = ( GEOMETRIC_REPRESENTATION_CONTEXT(2) 
PARAMETRIC_REPRESENTATION_CONTEXT() REPRESENTATION_CONTEXT('2D SPACE',''
  ) );
#11737 = FACE_BOUND('',#11738,.T.);
#11738 = EDGE_LOOP('',(#11739));
#11739 = ORIENTED_EDGE('',*,*,#11740,.F.);
#11740 = EDGE_CURVE('',#11741,#11741,#11743,.T.);
#11741 = VERTEX_POINT('',#11742);
#11742 = CARTESIAN_POINT('',(79.38022126337,170.87886734906,14.));
#11743 = SURFACE_CURVE('',#11744,(#11749,#11756),.PCURVE_S1.);
#11744 = CIRCLE('',#11745,2.2);
#11745 = AXIS2_PLACEMENT_3D('',#11746,#11747,#11748);
#11746 = CARTESIAN_POINT('',(77.18022126337,170.87886734906,14.));
#11747 = DIRECTION('',(0.,0.,1.));
#11748 = DIRECTION('',(1.,0.,-0.));
#11749 = PCURVE('',#4193,#11750);
#11750 = DEFINITIONAL_REPRESENTATION('',(#11751),#11755);
#11751 = CIRCLE('',#11752,2.2);
#11752 = AXIS2_PLACEMENT_2D('',#11753,#11754);
#11753 = CARTESIAN_POINT('',(77.18022126337,56.074713068702));
#11754 = DIRECTION('',(1.,0.));
#11755 = ( GEOMETRIC_REPRESENTATION_CONTEXT(2) 
PARAMETRIC_REPRESENTATION_CONTEXT() REPRESENTATION_CONTEXT('2D SPACE',''
  ) );
#11756 = PCURVE('',#11757,#11786);
#11757 = B_SPLINE_SURFACE_WITH_KNOTS('',13,1,(
    (#11758,#11759)
    ,(#11760,#11761)
    ,(#11762,#11763)
    ,(#11764,#11765)
    ,(#11766,#11767)
    ,(#11768,#11769)
    ,(#11770,#11771)
    ,(#11772,#11773)
    ,(#11774,#11775)
    ,(#11776,#11777)
    ,(#11778,#11779)
    ,(#11780,#11781)
    ,(#11782,#11783)
    ,(#11784,#11785
    )),.UNSPECIFIED.,.T.,.F.,.F.,(14,14),(2,2),(0.,6.28318530718),(0.,1.
    ),.PIECEWISE_BEZIER_KNOTS.);
#11758 = CARTESIAN_POINT('',(79.38022126337,170.87886734906,14.));
#11759 = CARTESIAN_POINT('',(78.15698833916,171.41184774495,16.4705));
#11760 = CARTESIAN_POINT('',(79.380221263369,171.9421756318,
    13.999999999999));
#11761 = CARTESIAN_POINT('',(78.156988339152,172.07109888024,
    16.470499999998));
#11762 = CARTESIAN_POINT('',(78.823471293409,173.0054843398,
    14.000000000004));
#11763 = CARTESIAN_POINT('',(77.811803357817,172.73035027928,
    16.470500000009));
#11764 = CARTESIAN_POINT('',(77.71000449941,173.75077506735,
    13.999999999989));
#11765 = CARTESIAN_POINT('',(77.121453945414,173.19243053011,
    16.470499999975));
#11766 = CARTESIAN_POINT('',(76.23945466743,173.86006885706,
    14.000000000021));
#11767 = CARTESIAN_POINT('',(76.209713049853,173.26019268026,
    16.470500000048));
#11768 = CARTESIAN_POINT('',(74.812094529687,173.15469843542,
    13.999999999971));
#11769 = CARTESIAN_POINT('',(75.324749764014,172.82286301797,
    16.470499999932));
#11770 = CARTESIAN_POINT('',(73.916081308216,171.73565222868,
    14.000000000031));
#11771 = CARTESIAN_POINT('',(74.76922156727,171.94305437093,
    16.470500000073));
#11772 = CARTESIAN_POINT('',(73.916081308231,170.0220824695,
    13.999999999975));
#11773 = CARTESIAN_POINT('',(74.76922156669,170.88064111905,
    16.470499999938));
#11774 = CARTESIAN_POINT('',(74.812094529672,168.60303626253,
    14.000000000016));
#11775 = CARTESIAN_POINT('',(75.32474976448,170.00083247174,
    16.470500000042));
#11776 = CARTESIAN_POINT('',(76.239454667445,167.89766584121,
    13.999999999992));
#11777 = CARTESIAN_POINT('',(76.209713049558,169.56350280982,
    16.470499999977));
#11778 = CARTESIAN_POINT('',(77.710004499398,168.00695963067,
    14.000000000003));
#11779 = CARTESIAN_POINT('',(77.121453945558,169.63126495968,
    16.47050000001));
#11780 = CARTESIAN_POINT('',(78.823471293415,168.75225035835,
    13.999999999999));
#11781 = CARTESIAN_POINT('',(77.811803357765,170.09334521067,
    16.470499999997));
#11782 = CARTESIAN_POINT('',(79.380221263368,169.8155590663,14.));
#11783 = CARTESIAN_POINT('',(78.156988339163,170.75259660965,
    16.470500000001));
#11784 = CARTESIAN_POINT('',(79.38022126337,170.87886734906,14.));
#11785 = CARTESIAN_POINT('',(78.15698833916,171.41184774495,16.4705));
#11786 = DEFINITIONAL_REPRESENTATION('',(#11787),#11791);
#11787 = LINE('',#11788,#11789);
#11788 = CARTESIAN_POINT('',(0.,0.));
#11789 = VECTOR('',#11790,1.);
#11790 = DIRECTION('',(1.,0.));
#11791 = ( GEOMETRIC_REPRESENTATION_CONTEXT(2) 
PARAMETRIC_REPRESENTATION_CONTEXT() REPRESENTATION_CONTEXT('2D SPACE',''
  ) );
#11792 = FACE_BOUND('',#11793,.T.);
#11793 = EDGE_LOOP('',(#11794));
#11794 = ORIENTED_EDGE('',*,*,#11795,.F.);
#11795 = EDGE_CURVE('',#11796,#11796,#11798,.T.);
#11796 = VERTEX_POINT('',#11797);
#11797 = CARTESIAN_POINT('',(70.105338399786,180.6784533076,14.));
#11798 = SURFACE_CURVE('',#11799,(#11804,#11811),.PCURVE_S1.);
#11799 = CIRCLE('',#11800,1.1);
#11800 = AXIS2_PLACEMENT_3D('',#11801,#11802,#11803);
#11801 = CARTESIAN_POINT('',(69.005338399786,180.6784533076,14.));
#11802 = DIRECTION('',(0.,0.,1.));
#11803 = DIRECTION('',(1.,0.,-0.));
#11804 = PCURVE('',#4193,#11805);
#11805 = DEFINITIONAL_REPRESENTATION('',(#11806),#11810);
#11806 = CIRCLE('',#11807,1.1);
#11807 = AXIS2_PLACEMENT_2D('',#11808,#11809);
#11808 = CARTESIAN_POINT('',(69.005338399786,65.874299027246));
#11809 = DIRECTION('',(1.,0.));
#11810 = ( GEOMETRIC_REPRESENTATION_CONTEXT(2) 
PARAMETRIC_REPRESENTATION_CONTEXT() REPRESENTATION_CONTEXT('2D SPACE',''
  ) );
#11811 = PCURVE('',#11812,#11817);
#11812 = SPHERICAL_SURFACE('',#11813,1.569444444444);
#11813 = AXIS2_PLACEMENT_3D('',#11814,#11815,#11816);
#11814 = CARTESIAN_POINT('',(69.005338399786,180.6784533076,
    15.119444444444));
#11815 = DIRECTION('',(0.,0.,1.));
#11816 = DIRECTION('',(1.,0.,-0.));
#11817 = DEFINITIONAL_REPRESENTATION('',(#11818),#11822);
#11818 = LINE('',#11819,#11820);
#11819 = CARTESIAN_POINT('',(0.,-0.79415889045));
#11820 = VECTOR('',#11821,1.);
#11821 = DIRECTION('',(1.,0.));
#11822 = ( GEOMETRIC_REPRESENTATION_CONTEXT(2) 
PARAMETRIC_REPRESENTATION_CONTEXT() REPRESENTATION_CONTEXT('2D SPACE',''
  ) );
#11823 = FACE_BOUND('',#11824,.T.);
#11824 = EDGE_LOOP('',(#11825));
#11825 = ORIENTED_EDGE('',*,*,#11826,.F.);
#11826 = EDGE_CURVE('',#11827,#11827,#11829,.T.);
#11827 = VERTEX_POINT('',#11828);
#11828 = CARTESIAN_POINT('',(67.283475077665,183.51301562039,14.));
#11829 = SURFACE_CURVE('',#11830,(#11835,#11842),.PCURVE_S1.);
#11830 = CIRCLE('',#11831,1.1);
#11831 = AXIS2_PLACEMENT_3D('',#11832,#11833,#11834);
#11832 = CARTESIAN_POINT('',(66.183475077665,183.51301562039,14.));
#11833 = DIRECTION('',(0.,0.,1.));
#11834 = DIRECTION('',(1.,0.,-0.));
#11835 = PCURVE('',#4193,#11836);
#11836 = DEFINITIONAL_REPRESENTATION('',(#11837),#11841);
#11837 = CIRCLE('',#11838,1.1);
#11838 = AXIS2_PLACEMENT_2D('',#11839,#11840);
#11839 = CARTESIAN_POINT('',(66.183475077665,68.708861340034));
#11840 = DIRECTION('',(1.,0.));
#11841 = ( GEOMETRIC_REPRESENTATION_CONTEXT(2) 
PARAMETRIC_REPRESENTATION_CONTEXT() REPRESENTATION_CONTEXT('2D SPACE',''
  ) );
#11842 = PCURVE('',#11843,#11848);
#11843 = SPHERICAL_SURFACE('',#11844,1.569444444444);
#11844 = AXIS2_PLACEMENT_3D('',#11845,#11846,#11847);
#11845 = CARTESIAN_POINT('',(66.183475077665,183.51301562039,
    15.119444444444));
#11846 = DIRECTION('',(0.,0.,1.));
#11847 = DIRECTION('',(1.,0.,-0.));
#11848 = DEFINITIONAL_REPRESENTATION('',(#11849),#11853);
#11849 = LINE('',#11850,#11851);
#11850 = CARTESIAN_POINT('',(0.,-0.79415889045));
#11851 = VECTOR('',#11852,1.);
#11852 = DIRECTION('',(1.,0.));
#11853 = ( GEOMETRIC_REPRESENTATION_CONTEXT(2) 
PARAMETRIC_REPRESENTATION_CONTEXT() REPRESENTATION_CONTEXT('2D SPACE',''
  ) );
#11854 = FACE_BOUND('',#11855,.T.);
#11855 = EDGE_LOOP('',(#11856));
#11856 = ORIENTED_EDGE('',*,*,#11857,.F.);
#11857 = EDGE_CURVE('',#11858,#11858,#11860,.T.);
#11858 = VERTEX_POINT('',#11859);
#11859 = CARTESIAN_POINT('',(61.29590906097,188.81504896704,14.));
#11860 = SURFACE_CURVE('',#11861,(#11866,#11873),.PCURVE_S1.);
#11861 = CIRCLE('',#11862,1.1);
#11862 = AXIS2_PLACEMENT_3D('',#11863,#11864,#11865);
#11863 = CARTESIAN_POINT('',(60.19590906097,188.81504896704,14.));
#11864 = DIRECTION('',(0.,0.,1.));
#11865 = DIRECTION('',(1.,0.,-0.));
#11866 = PCURVE('',#4193,#11867);
#11867 = DEFINITIONAL_REPRESENTATION('',(#11868),#11872);
#11868 = CIRCLE('',#11869,1.1);
#11869 = AXIS2_PLACEMENT_2D('',#11870,#11871);
#11870 = CARTESIAN_POINT('',(60.19590906097,74.010894686684));
#11871 = DIRECTION('',(1.,0.));
#11872 = ( GEOMETRIC_REPRESENTATION_CONTEXT(2) 
PARAMETRIC_REPRESENTATION_CONTEXT() REPRESENTATION_CONTEXT('2D SPACE',''
  ) );
#11873 = PCURVE('',#11874,#11879);
#11874 = SPHERICAL_SURFACE('',#11875,1.569444444444);
#11875 = AXIS2_PLACEMENT_3D('',#11876,#11877,#11878);
#11876 = CARTESIAN_POINT('',(60.19590906097,188.81504896704,
    15.119444444444));
#11877 = DIRECTION('',(0.,0.,1.));
#11878 = DIRECTION('',(1.,0.,-0.));
#11879 = DEFINITIONAL_REPRESENTATION('',(#11880),#11884);
#11880 = LINE('',#11881,#11882);
#11881 = CARTESIAN_POINT('',(0.,-0.79415889045));
#11882 = VECTOR('',#11883,1.);
#11883 = DIRECTION('',(1.,0.));
#11884 = ( GEOMETRIC_REPRESENTATION_CONTEXT(2) 
PARAMETRIC_REPRESENTATION_CONTEXT() REPRESENTATION_CONTEXT('2D SPACE',''
  ) );
#11885 = FACE_BOUND('',#11886,.T.);
#11886 = EDGE_LOOP('',(#11887));
#11887 = ORIENTED_EDGE('',*,*,#11888,.F.);
#11888 = EDGE_CURVE('',#11889,#11889,#11891,.T.);
#11889 = VERTEX_POINT('',#11890);
#11890 = CARTESIAN_POINT('',(64.345277082304,186.22680423667,14.));
#11891 = SURFACE_CURVE('',#11892,(#11897,#11904),.PCURVE_S1.);
#11892 = CIRCLE('',#11893,1.1);
#11893 = AXIS2_PLACEMENT_3D('',#11894,#11895,#11896);
#11894 = CARTESIAN_POINT('',(63.245277082304,186.22680423667,14.));
#11895 = DIRECTION('',(0.,0.,1.));
#11896 = DIRECTION('',(1.,0.,-0.));
#11897 = PCURVE('',#4193,#11898);
#11898 = DEFINITIONAL_REPRESENTATION('',(#11899),#11903);
#11899 = CIRCLE('',#11900,1.1);
#11900 = AXIS2_PLACEMENT_2D('',#11901,#11902);
#11901 = CARTESIAN_POINT('',(63.245277082304,71.422649956317));
#11902 = DIRECTION('',(1.,0.));
#11903 = ( GEOMETRIC_REPRESENTATION_CONTEXT(2) 
PARAMETRIC_REPRESENTATION_CONTEXT() REPRESENTATION_CONTEXT('2D SPACE',''
  ) );
#11904 = PCURVE('',#11905,#11910);
#11905 = SPHERICAL_SURFACE('',#11906,1.569444444444);
#11906 = AXIS2_PLACEMENT_3D('',#11907,#11908,#11909);
#11907 = CARTESIAN_POINT('',(63.245277082304,186.22680423667,
    15.119444444444));
#11908 = DIRECTION('',(0.,0.,1.));
#11909 = DIRECTION('',(1.,0.,-0.));
#11910 = DEFINITIONAL_REPRESENTATION('',(#11911),#11915);
#11911 = LINE('',#11912,#11913);
#11912 = CARTESIAN_POINT('',(0.,-0.79415889045));
#11913 = VECTOR('',#11914,1.);
#11914 = DIRECTION('',(1.,0.));
#11915 = ( GEOMETRIC_REPRESENTATION_CONTEXT(2) 
PARAMETRIC_REPRESENTATION_CONTEXT() REPRESENTATION_CONTEXT('2D SPACE',''
  ) );
#11916 = FACE_BOUND('',#11917,.T.);
#11917 = EDGE_LOOP('',(#11918));
#11918 = ORIENTED_EDGE('',*,*,#11919,.F.);
#11919 = EDGE_CURVE('',#11920,#11920,#11922,.T.);
#11920 = VERTEX_POINT('',#11921);
#11921 = CARTESIAN_POINT('',(45.510693675153,199.80617668792,14.));
#11922 = SURFACE_CURVE('',#11923,(#11928,#11935),.PCURVE_S1.);
#11923 = CIRCLE('',#11924,2.2);
#11924 = AXIS2_PLACEMENT_3D('',#11925,#11926,#11927);
#11925 = CARTESIAN_POINT('',(43.310693675153,199.80617668792,14.));
#11926 = DIRECTION('',(0.,0.,1.));
#11927 = DIRECTION('',(1.,0.,-0.));
#11928 = PCURVE('',#4193,#11929);
#11929 = DEFINITIONAL_REPRESENTATION('',(#11930),#11934);
#11930 = CIRCLE('',#11931,2.2);
#11931 = AXIS2_PLACEMENT_2D('',#11932,#11933);
#11932 = CARTESIAN_POINT('',(43.310693675153,85.00202240757));
#11933 = DIRECTION('',(1.,0.));
#11934 = ( GEOMETRIC_REPRESENTATION_CONTEXT(2) 
PARAMETRIC_REPRESENTATION_CONTEXT() REPRESENTATION_CONTEXT('2D SPACE',''
  ) );
#11935 = PCURVE('',#11936,#11965);
#11936 = B_SPLINE_SURFACE_WITH_KNOTS('',13,1,(
    (#11937,#11938)
    ,(#11939,#11940)
    ,(#11941,#11942)
    ,(#11943,#11944)
    ,(#11945,#11946)
    ,(#11947,#11948)
    ,(#11949,#11950)
    ,(#11951,#11952)
    ,(#11953,#11954)
    ,(#11955,#11956)
    ,(#11957,#11958)
    ,(#11959,#11960)
    ,(#11961,#11962)
    ,(#11963,#11964
    )),.UNSPECIFIED.,.T.,.F.,.F.,(14,14),(2,2),(0.,6.28318530718),(0.,1.
    ),.PIECEWISE_BEZIER_KNOTS.);
#11937 = CARTESIAN_POINT('',(45.510693675153,199.80617668792,14.));
#11938 = CARTESIAN_POINT('',(43.924109779176,200.18861828491,17.159));
#11939 = CARTESIAN_POINT('',(45.510693675152,200.86948497066,
    13.999999999999));
#11940 = CARTESIAN_POINT('',(43.924109779171,200.8478694202,
    17.158999999997));
#11941 = CARTESIAN_POINT('',(44.953943705192,201.9327936787,
    14.000000000004));
#11942 = CARTESIAN_POINT('',(43.578924797824,201.50712081921,
    17.159000000011));
#11943 = CARTESIAN_POINT('',(43.84047691119,202.67808440614,
    13.999999999989));
#11944 = CARTESIAN_POINT('',(42.888575385457,201.96920107012,
    17.158999999969));
#11945 = CARTESIAN_POINT('',(42.369927079218,202.78737819606,
    14.000000000021));
#11946 = CARTESIAN_POINT('',(41.976834489822,202.03696322008,
    17.15900000006));
#11947 = CARTESIAN_POINT('',(40.942566941457,202.0820077741,
    13.999999999971));
#11948 = CARTESIAN_POINT('',(41.091871204092,201.59963355817,
    17.15899999991));
#11949 = CARTESIAN_POINT('',(40.046553720025,200.66296156775,
    14.000000000031));
#11950 = CARTESIAN_POINT('',(40.536343007235,200.71982491053,
    17.159000000106));
#11951 = CARTESIAN_POINT('',(40.046553719977,198.94939180819,
    13.999999999975));
#11952 = CARTESIAN_POINT('',(40.536343006732,199.65741165941,
    17.158999999902));
#11953 = CARTESIAN_POINT('',(40.942566941494,197.53034560154,
    14.000000000016));
#11954 = CARTESIAN_POINT('',(41.091871204495,198.77760301133,
    17.159000000073));
#11955 = CARTESIAN_POINT('',(42.369927079198,196.82497517999,
    13.999999999992));
#11956 = CARTESIAN_POINT('',(41.976834489566,198.34027335003,
    17.158999999956));
#11957 = CARTESIAN_POINT('',(43.840476911197,196.93426896958,
    14.000000000003));
#11958 = CARTESIAN_POINT('',(42.888575385583,198.4080354995,
    17.159000000021));
#11959 = CARTESIAN_POINT('',(44.953943705191,197.6795596972,
    13.999999999999));
#11960 = CARTESIAN_POINT('',(43.578924797778,198.87011575067,
    17.158999999992));
#11961 = CARTESIAN_POINT('',(45.510693675152,198.74286840517,14.));
#11962 = CARTESIAN_POINT('',(43.924109779181,199.52936714959,
    17.159000000002));
#11963 = CARTESIAN_POINT('',(45.510693675153,199.80617668792,14.));
#11964 = CARTESIAN_POINT('',(43.924109779176,200.18861828491,17.159));
#11965 = DEFINITIONAL_REPRESENTATION('',(#11966),#11970);
#11966 = LINE('',#11967,#11968);
#11967 = CARTESIAN_POINT('',(0.,0.));
#11968 = VECTOR('',#11969,1.);
#11969 = DIRECTION('',(1.,0.));
#11970 = ( GEOMETRIC_REPRESENTATION_CONTEXT(2) 
PARAMETRIC_REPRESENTATION_CONTEXT() REPRESENTATION_CONTEXT('2D SPACE',''
  ) );
#11971 = FACE_BOUND('',#11972,.T.);
#11972 = EDGE_LOOP('',(#11973));
#11973 = ORIENTED_EDGE('',*,*,#11974,.F.);
#11974 = EDGE_CURVE('',#11975,#11975,#11977,.T.);
#11975 = VERTEX_POINT('',#11976);
#11976 = CARTESIAN_POINT('',(10.22718114049,209.76653927793,14.));
#11977 = SURFACE_CURVE('',#11978,(#11983,#11990),.PCURVE_S1.);
#11978 = CIRCLE('',#11979,1.1);
#11979 = AXIS2_PLACEMENT_3D('',#11980,#11981,#11982);
#11980 = CARTESIAN_POINT('',(9.12718114049,209.76653927793,14.));
#11981 = DIRECTION('',(0.,0.,1.));
#11982 = DIRECTION('',(1.,0.,-0.));
#11983 = PCURVE('',#4193,#11984);
#11984 = DEFINITIONAL_REPRESENTATION('',(#11985),#11989);
#11985 = CIRCLE('',#11986,1.1);
#11986 = AXIS2_PLACEMENT_2D('',#11987,#11988);
#11987 = CARTESIAN_POINT('',(9.12718114049,94.96238499758));
#11988 = DIRECTION('',(1.,0.));
#11989 = ( GEOMETRIC_REPRESENTATION_CONTEXT(2) 
PARAMETRIC_REPRESENTATION_CONTEXT() REPRESENTATION_CONTEXT('2D SPACE',''
  ) );
#11990 = PCURVE('',#11991,#11996);
#11991 = SPHERICAL_SURFACE('',#11992,1.569444444444);
#11992 = AXIS2_PLACEMENT_3D('',#11993,#11994,#11995);
#11993 = CARTESIAN_POINT('',(9.12718114049,209.76653927793,
    15.119444444444));
#11994 = DIRECTION('',(0.,0.,1.));
#11995 = DIRECTION('',(1.,0.,-0.));
#11996 = DEFINITIONAL_REPRESENTATION('',(#11997),#12001);
#11997 = LINE('',#11998,#11999);
#11998 = CARTESIAN_POINT('',(0.,-0.79415889045));
#11999 = VECTOR('',#12000,1.);
#12000 = DIRECTION('',(1.,0.));
#12001 = ( GEOMETRIC_REPRESENTATION_CONTEXT(2) 
PARAMETRIC_REPRESENTATION_CONTEXT() REPRESENTATION_CONTEXT('2D SPACE',''
  ) );
#12002 = FACE_BOUND('',#12003,.T.);
#12003 = EDGE_LOOP('',(#12004));
#12004 = ORIENTED_EDGE('',*,*,#12005,.F.);
#12005 = EDGE_CURVE('',#12006,#12006,#12008,.T.);
#12006 = VERTEX_POINT('',#12007);
#12007 = CARTESIAN_POINT('',(14.199644272529,209.3004998178,14.));
#12008 = SURFACE_CURVE('',#12009,(#12014,#12021),.PCURVE_S1.);
#12009 = CIRCLE('',#12010,1.1);
#12010 = AXIS2_PLACEMENT_3D('',#12011,#12012,#12013);
#12011 = CARTESIAN_POINT('',(13.099644272529,209.3004998178,14.));
#12012 = DIRECTION('',(0.,0.,1.));
#12013 = DIRECTION('',(1.,0.,-0.));
#12014 = PCURVE('',#4193,#12015);
#12015 = DEFINITIONAL_REPRESENTATION('',(#12016),#12020);
#12016 = CIRCLE('',#12017,1.1);
#12017 = AXIS2_PLACEMENT_2D('',#12018,#12019);
#12018 = CARTESIAN_POINT('',(13.099644272529,94.49634553745));
#12019 = DIRECTION('',(1.,0.));
#12020 = ( GEOMETRIC_REPRESENTATION_CONTEXT(2) 
PARAMETRIC_REPRESENTATION_CONTEXT() REPRESENTATION_CONTEXT('2D SPACE',''
  ) );
#12021 = PCURVE('',#12022,#12027);
#12022 = SPHERICAL_SURFACE('',#12023,1.569444444444);
#12023 = AXIS2_PLACEMENT_3D('',#12024,#12025,#12026);
#12024 = CARTESIAN_POINT('',(13.099644272529,209.3004998178,
    15.119444444444));
#12025 = DIRECTION('',(0.,0.,1.));
#12026 = DIRECTION('',(1.,0.,-0.));
#12027 = DEFINITIONAL_REPRESENTATION('',(#12028),#12032);
#12028 = LINE('',#12029,#12030);
#12029 = CARTESIAN_POINT('',(0.,-0.79415889045));
#12030 = VECTOR('',#12031,1.);
#12031 = DIRECTION('',(1.,0.));
#12032 = ( GEOMETRIC_REPRESENTATION_CONTEXT(2) 
PARAMETRIC_REPRESENTATION_CONTEXT() REPRESENTATION_CONTEXT('2D SPACE',''
  ) );
#12033 = FACE_BOUND('',#12034,.T.);
#12034 = EDGE_LOOP('',(#12035));
#12035 = ORIENTED_EDGE('',*,*,#12036,.F.);
#12036 = EDGE_CURVE('',#12037,#12037,#12039,.T.);
#12037 = VERTEX_POINT('',#12038);
#12038 = CARTESIAN_POINT('',(18.149081372251,208.66835844979,14.));
#12039 = SURFACE_CURVE('',#12040,(#12045,#12052),.PCURVE_S1.);
#12040 = CIRCLE('',#12041,1.1);
#12041 = AXIS2_PLACEMENT_3D('',#12042,#12043,#12044);
#12042 = CARTESIAN_POINT('',(17.049081372251,208.66835844979,14.));
#12043 = DIRECTION('',(0.,0.,1.));
#12044 = DIRECTION('',(1.,0.,-0.));
#12045 = PCURVE('',#4193,#12046);
#12046 = DEFINITIONAL_REPRESENTATION('',(#12047),#12051);
#12047 = CIRCLE('',#12048,1.1);
#12048 = AXIS2_PLACEMENT_2D('',#12049,#12050);
#12049 = CARTESIAN_POINT('',(17.049081372251,93.86420416944));
#12050 = DIRECTION('',(1.,0.));
#12051 = ( GEOMETRIC_REPRESENTATION_CONTEXT(2) 
PARAMETRIC_REPRESENTATION_CONTEXT() REPRESENTATION_CONTEXT('2D SPACE',''
  ) );
#12052 = PCURVE('',#12053,#12058);
#12053 = SPHERICAL_SURFACE('',#12054,1.569444444444);
#12054 = AXIS2_PLACEMENT_3D('',#12055,#12056,#12057);
#12055 = CARTESIAN_POINT('',(17.049081372251,208.66835844979,
    15.119444444444));
#12056 = DIRECTION('',(0.,0.,1.));
#12057 = DIRECTION('',(1.,0.,-0.));
#12058 = DEFINITIONAL_REPRESENTATION('',(#12059),#12063);
#12059 = LINE('',#12060,#12061);
#12060 = CARTESIAN_POINT('',(0.,-0.79415889045));
#12061 = VECTOR('',#12062,1.);
#12062 = DIRECTION('',(1.,0.));
#12063 = ( GEOMETRIC_REPRESENTATION_CONTEXT(2) 
PARAMETRIC_REPRESENTATION_CONTEXT() REPRESENTATION_CONTEXT('2D SPACE',''
  ) );
#12064 = FACE_BOUND('',#12065,.T.);
#12065 = EDGE_LOOP('',(#12066));
#12066 = ORIENTED_EDGE('',*,*,#12067,.F.);
#12067 = EDGE_CURVE('',#12068,#12068,#12070,.T.);
#12068 = VERTEX_POINT('',#12069);
#12069 = CARTESIAN_POINT('',(22.068550276617,207.87122632679,14.));
#12070 = SURFACE_CURVE('',#12071,(#12076,#12083),.PCURVE_S1.);
#12071 = CIRCLE('',#12072,1.1);
#12072 = AXIS2_PLACEMENT_3D('',#12073,#12074,#12075);
#12073 = CARTESIAN_POINT('',(20.968550276617,207.87122632679,14.));
#12074 = DIRECTION('',(0.,0.,1.));
#12075 = DIRECTION('',(1.,0.,-0.));
#12076 = PCURVE('',#4193,#12077);
#12077 = DEFINITIONAL_REPRESENTATION('',(#12078),#12082);
#12078 = CIRCLE('',#12079,1.1);
#12079 = AXIS2_PLACEMENT_2D('',#12080,#12081);
#12080 = CARTESIAN_POINT('',(20.968550276617,93.067072046438));
#12081 = DIRECTION('',(1.,0.));
#12082 = ( GEOMETRIC_REPRESENTATION_CONTEXT(2) 
PARAMETRIC_REPRESENTATION_CONTEXT() REPRESENTATION_CONTEXT('2D SPACE',''
  ) );
#12083 = PCURVE('',#12084,#12089);
#12084 = SPHERICAL_SURFACE('',#12085,1.569444444444);
#12085 = AXIS2_PLACEMENT_3D('',#12086,#12087,#12088);
#12086 = CARTESIAN_POINT('',(20.968550276617,207.87122632679,
    15.119444444444));
#12087 = DIRECTION('',(0.,0.,1.));
#12088 = DIRECTION('',(1.,0.,-0.));
#12089 = DEFINITIONAL_REPRESENTATION('',(#12090),#12094);
#12090 = LINE('',#12091,#12092);
#12091 = CARTESIAN_POINT('',(0.,-0.79415889045));
#12092 = VECTOR('',#12093,1.);
#12093 = DIRECTION('',(1.,0.));
#12094 = ( GEOMETRIC_REPRESENTATION_CONTEXT(2) 
PARAMETRIC_REPRESENTATION_CONTEXT() REPRESENTATION_CONTEXT('2D SPACE',''
  ) );
#12095 = FACE_BOUND('',#12096,.T.);
#12096 = EDGE_LOOP('',(#12097));
#12097 = ORIENTED_EDGE('',*,*,#12098,.F.);
#12098 = EDGE_CURVE('',#12099,#12099,#12101,.T.);
#12099 = VERTEX_POINT('',#12100);
#12100 = CARTESIAN_POINT('',(25.951161499486,206.91050461586,14.));
#12101 = SURFACE_CURVE('',#12102,(#12107,#12114),.PCURVE_S1.);
#12102 = CIRCLE('',#12103,1.1);
#12103 = AXIS2_PLACEMENT_3D('',#12104,#12105,#12106);
#12104 = CARTESIAN_POINT('',(24.851161499486,206.91050461586,14.));
#12105 = DIRECTION('',(0.,0.,1.));
#12106 = DIRECTION('',(1.,0.,-0.));
#12107 = PCURVE('',#4193,#12108);
#12108 = DEFINITIONAL_REPRESENTATION('',(#12109),#12113);
#12109 = CIRCLE('',#12110,1.1);
#12110 = AXIS2_PLACEMENT_2D('',#12111,#12112);
#12111 = CARTESIAN_POINT('',(24.851161499486,92.106350335503));
#12112 = DIRECTION('',(1.,0.));
#12113 = ( GEOMETRIC_REPRESENTATION_CONTEXT(2) 
PARAMETRIC_REPRESENTATION_CONTEXT() REPRESENTATION_CONTEXT('2D SPACE',''
  ) );
#12114 = PCURVE('',#12115,#12120);
#12115 = SPHERICAL_SURFACE('',#12116,1.569444444444);
#12116 = AXIS2_PLACEMENT_3D('',#12117,#12118,#12119);
#12117 = CARTESIAN_POINT('',(24.851161499486,206.91050461586,
    15.119444444444));
#12118 = DIRECTION('',(0.,0.,1.));
#12119 = DIRECTION('',(1.,0.,-0.));
#12120 = DEFINITIONAL_REPRESENTATION('',(#12121),#12125);
#12121 = LINE('',#12122,#12123);
#12122 = CARTESIAN_POINT('',(0.,-0.79415889045));
#12123 = VECTOR('',#12124,1.);
#12124 = DIRECTION('',(1.,0.));
#12125 = ( GEOMETRIC_REPRESENTATION_CONTEXT(2) 
PARAMETRIC_REPRESENTATION_CONTEXT() REPRESENTATION_CONTEXT('2D SPACE',''
  ) );
#12126 = FACE_BOUND('',#12127,.T.);
#12127 = EDGE_LOOP('',(#12128));
#12128 = ORIENTED_EDGE('',*,*,#12129,.F.);
#12129 = EDGE_CURVE('',#12130,#12130,#12132,.T.);
#12130 = VERTEX_POINT('',#12131);
#12131 = CARTESIAN_POINT('',(29.790090341681,205.7878820353,14.));
#12132 = SURFACE_CURVE('',#12133,(#12138,#12145),.PCURVE_S1.);
#12133 = CIRCLE('',#12134,1.1);
#12134 = AXIS2_PLACEMENT_3D('',#12135,#12136,#12137);
#12135 = CARTESIAN_POINT('',(28.690090341681,205.7878820353,14.));
#12136 = DIRECTION('',(0.,0.,1.));
#12137 = DIRECTION('',(1.,0.,-0.));
#12138 = PCURVE('',#4193,#12139);
#12139 = DEFINITIONAL_REPRESENTATION('',(#12140),#12144);
#12140 = CIRCLE('',#12141,1.1);
#12141 = AXIS2_PLACEMENT_2D('',#12142,#12143);
#12142 = CARTESIAN_POINT('',(28.690090341681,90.983727754946));
#12143 = DIRECTION('',(1.,0.));
#12144 = ( GEOMETRIC_REPRESENTATION_CONTEXT(2) 
PARAMETRIC_REPRESENTATION_CONTEXT() REPRESENTATION_CONTEXT('2D SPACE',''
  ) );
#12145 = PCURVE('',#12146,#12151);
#12146 = SPHERICAL_SURFACE('',#12147,1.569444444444);
#12147 = AXIS2_PLACEMENT_3D('',#12148,#12149,#12150);
#12148 = CARTESIAN_POINT('',(28.690090341681,205.7878820353,
    15.119444444444));
#12149 = DIRECTION('',(0.,0.,1.));
#12150 = DIRECTION('',(1.,0.,-0.));
#12151 = DEFINITIONAL_REPRESENTATION('',(#12152),#12156);
#12152 = LINE('',#12153,#12154);
#12153 = CARTESIAN_POINT('',(0.,-0.79415889045));
#12154 = VECTOR('',#12155,1.);
#12155 = DIRECTION('',(1.,0.));
#12156 = ( GEOMETRIC_REPRESENTATION_CONTEXT(2) 
PARAMETRIC_REPRESENTATION_CONTEXT() REPRESENTATION_CONTEXT('2D SPACE',''
  ) );
#12157 = FACE_BOUND('',#12158,.T.);
#12158 = EDGE_LOOP('',(#12159));
#12159 = ORIENTED_EDGE('',*,*,#12160,.F.);
#12160 = EDGE_CURVE('',#12161,#12161,#12163,.T.);
#12161 = VERTEX_POINT('',#12162);
#12162 = CARTESIAN_POINT('',(33.578588887171,204.50533188633,14.));
#12163 = SURFACE_CURVE('',#12164,(#12169,#12176),.PCURVE_S1.);
#12164 = CIRCLE('',#12165,1.1);
#12165 = AXIS2_PLACEMENT_3D('',#12166,#12167,#12168);
#12166 = CARTESIAN_POINT('',(32.478588887171,204.50533188633,14.));
#12167 = DIRECTION('',(0.,0.,1.));
#12168 = DIRECTION('',(1.,0.,-0.));
#12169 = PCURVE('',#4193,#12170);
#12170 = DEFINITIONAL_REPRESENTATION('',(#12171),#12175);
#12171 = CIRCLE('',#12172,1.1);
#12172 = AXIS2_PLACEMENT_2D('',#12173,#12174);
#12173 = CARTESIAN_POINT('',(32.478588887171,89.701177605972));
#12174 = DIRECTION('',(1.,0.));
#12175 = ( GEOMETRIC_REPRESENTATION_CONTEXT(2) 
PARAMETRIC_REPRESENTATION_CONTEXT() REPRESENTATION_CONTEXT('2D SPACE',''
  ) );
#12176 = PCURVE('',#12177,#12182);
#12177 = SPHERICAL_SURFACE('',#12178,1.569444444444);
#12178 = AXIS2_PLACEMENT_3D('',#12179,#12180,#12181);
#12179 = CARTESIAN_POINT('',(32.478588887171,204.50533188633,
    15.119444444444));
#12180 = DIRECTION('',(0.,0.,1.));
#12181 = DIRECTION('',(1.,0.,-0.));
#12182 = DEFINITIONAL_REPRESENTATION('',(#12183),#12187);
#12183 = LINE('',#12184,#12185);
#12184 = CARTESIAN_POINT('',(0.,-0.79415889045));
#12185 = VECTOR('',#12186,1.);
#12186 = DIRECTION('',(1.,0.));
#12187 = ( GEOMETRIC_REPRESENTATION_CONTEXT(2) 
PARAMETRIC_REPRESENTATION_CONTEXT() REPRESENTATION_CONTEXT('2D SPACE',''
  ) );
#12188 = FACE_BOUND('',#12189,.T.);
#12189 = EDGE_LOOP('',(#12190));
#12190 = ORIENTED_EDGE('',*,*,#12191,.F.);
#12191 = EDGE_CURVE('',#12192,#12192,#12194,.T.);
#12192 = VERTEX_POINT('',#12193);
#12193 = CARTESIAN_POINT('',(58.140731071168,191.27320029812,14.));
#12194 = SURFACE_CURVE('',#12195,(#12200,#12207),.PCURVE_S1.);
#12195 = CIRCLE('',#12196,1.1);
#12196 = AXIS2_PLACEMENT_3D('',#12197,#12198,#12199);
#12197 = CARTESIAN_POINT('',(57.040731071168,191.27320029812,14.));
#12198 = DIRECTION('',(0.,0.,1.));
#12199 = DIRECTION('',(1.,0.,-0.));
#12200 = PCURVE('',#4193,#12201);
#12201 = DEFINITIONAL_REPRESENTATION('',(#12202),#12206);
#12202 = CIRCLE('',#12203,1.1);
#12203 = AXIS2_PLACEMENT_2D('',#12204,#12205);
#12204 = CARTESIAN_POINT('',(57.040731071168,76.469046017763));
#12205 = DIRECTION('',(1.,0.));
#12206 = ( GEOMETRIC_REPRESENTATION_CONTEXT(2) 
PARAMETRIC_REPRESENTATION_CONTEXT() REPRESENTATION_CONTEXT('2D SPACE',''
  ) );
#12207 = PCURVE('',#12208,#12213);
#12208 = SPHERICAL_SURFACE('',#12209,1.569444444444);
#12209 = AXIS2_PLACEMENT_3D('',#12210,#12211,#12212);
#12210 = CARTESIAN_POINT('',(57.040731071168,191.27320029812,
    15.119444444444));
#12211 = DIRECTION('',(0.,0.,1.));
#12212 = DIRECTION('',(1.,0.,-0.));
#12213 = DEFINITIONAL_REPRESENTATION('',(#12214),#12218);
#12214 = LINE('',#12215,#12216);
#12215 = CARTESIAN_POINT('',(0.,-0.79415889045));
#12216 = VECTOR('',#12217,1.);
#12217 = DIRECTION('',(1.,0.));
#12218 = ( GEOMETRIC_REPRESENTATION_CONTEXT(2) 
PARAMETRIC_REPRESENTATION_CONTEXT() REPRESENTATION_CONTEXT('2D SPACE',''
  ) );
#12219 = FACE_BOUND('',#12220,.T.);
#12220 = EDGE_LOOP('',(#12221));
#12221 = ORIENTED_EDGE('',*,*,#12222,.F.);
#12222 = EDGE_CURVE('',#12223,#12223,#12225,.T.);
#12223 = VERTEX_POINT('',#12224);
#12224 = CARTESIAN_POINT('',(54.885289158948,193.59693738952,14.));
#12225 = SURFACE_CURVE('',#12226,(#12231,#12238),.PCURVE_S1.);
#12226 = CIRCLE('',#12227,1.1);
#12227 = AXIS2_PLACEMENT_3D('',#12228,#12229,#12230);
#12228 = CARTESIAN_POINT('',(53.785289158948,193.59693738952,14.));
#12229 = DIRECTION('',(0.,0.,1.));
#12230 = DIRECTION('',(1.,0.,-0.));
#12231 = PCURVE('',#4193,#12232);
#12232 = DEFINITIONAL_REPRESENTATION('',(#12233),#12237);
#12233 = CIRCLE('',#12234,1.1);
#12234 = AXIS2_PLACEMENT_2D('',#12235,#12236);
#12235 = CARTESIAN_POINT('',(53.785289158948,78.792783109168));
#12236 = DIRECTION('',(1.,0.));
#12237 = ( GEOMETRIC_REPRESENTATION_CONTEXT(2) 
PARAMETRIC_REPRESENTATION_CONTEXT() REPRESENTATION_CONTEXT('2D SPACE',''
  ) );
#12238 = PCURVE('',#12239,#12244);
#12239 = SPHERICAL_SURFACE('',#12240,1.569444444444);
#12240 = AXIS2_PLACEMENT_3D('',#12241,#12242,#12243);
#12241 = CARTESIAN_POINT('',(53.785289158948,193.59693738952,
    15.119444444444));
#12242 = DIRECTION('',(0.,0.,1.));
#12243 = DIRECTION('',(1.,0.,-0.));
#12244 = DEFINITIONAL_REPRESENTATION('',(#12245),#12249);
#12245 = LINE('',#12246,#12247);
#12246 = CARTESIAN_POINT('',(0.,-0.79415889045));
#12247 = VECTOR('',#12248,1.);
#12248 = DIRECTION('',(1.,0.));
#12249 = ( GEOMETRIC_REPRESENTATION_CONTEXT(2) 
PARAMETRIC_REPRESENTATION_CONTEXT() REPRESENTATION_CONTEXT('2D SPACE',''
  ) );
#12250 = ADVANCED_FACE('',(#12251,#12277,#12281,#12285,#12295,#12301,
    #12305,#12315,#12319,#12323,#12329,#12332,#12342,#12348,#12352,
    #12358,#12368,#12372),#5635,.T.);
#12251 = FACE_BOUND('',#12252,.T.);
#12252 = EDGE_LOOP('',(#12253));
#12253 = ORIENTED_EDGE('',*,*,#12254,.T.);
#12254 = EDGE_CURVE('',#12255,#12255,#12257,.T.);
#12255 = VERTEX_POINT('',#12256);
#12256 = CARTESIAN_POINT('',(18.5,114.80415428035,7.));
#12257 = SURFACE_CURVE('',#12258,(#12263,#12270),.PCURVE_S1.);
#12258 = CIRCLE('',#12259,18.5);
#12259 = AXIS2_PLACEMENT_3D('',#12260,#12261,#12262);
#12260 = CARTESIAN_POINT('',(0.,114.80415428035,7.));
#12261 = DIRECTION('',(0.,0.,1.));
#12262 = DIRECTION('',(1.,0.,0.));
#12263 = PCURVE('',#5635,#12264);
#12264 = DEFINITIONAL_REPRESENTATION('',(#12265),#12269);
#12265 = CIRCLE('',#12266,18.5);
#12266 = AXIS2_PLACEMENT_2D('',#12267,#12268);
#12267 = CARTESIAN_POINT('',(1.18265092544E-15,-1.610102991405E-15));
#12268 = DIRECTION('',(1.,0.));
#12269 = ( GEOMETRIC_REPRESENTATION_CONTEXT(2) 
PARAMETRIC_REPRESENTATION_CONTEXT() REPRESENTATION_CONTEXT('2D SPACE',''
  ) );
#12270 = PCURVE('',#10314,#12271);
#12271 = DEFINITIONAL_REPRESENTATION('',(#12272),#12276);
#12272 = LINE('',#12273,#12274);
#12273 = CARTESIAN_POINT('',(-0.,-2.));
#12274 = VECTOR('',#12275,1.);
#12275 = DIRECTION('',(-1.,0.));
#12276 = ( GEOMETRIC_REPRESENTATION_CONTEXT(2) 
PARAMETRIC_REPRESENTATION_CONTEXT() REPRESENTATION_CONTEXT('2D SPACE',''
  ) );
#12277 = FACE_BOUND('',#12278,.T.);
#12278 = EDGE_LOOP('',(#12279,#12280));
#12279 = ORIENTED_EDGE('',*,*,#5618,.T.);
#12280 = ORIENTED_EDGE('',*,*,#5677,.T.);
#12281 = FACE_BOUND('',#12282,.T.);
#12282 = EDGE_LOOP('',(#12283,#12284));
#12283 = ORIENTED_EDGE('',*,*,#5731,.T.);
#12284 = ORIENTED_EDGE('',*,*,#5785,.T.);
#12285 = FACE_BOUND('',#12286,.T.);
#12286 = EDGE_LOOP('',(#12287,#12288,#12289,#12290,#12291,#12292,#12293,
    #12294));
#12287 = ORIENTED_EDGE('',*,*,#5839,.T.);
#12288 = ORIENTED_EDGE('',*,*,#6189,.T.);
#12289 = ORIENTED_EDGE('',*,*,#6142,.T.);
#12290 = ORIENTED_EDGE('',*,*,#6110,.T.);
#12291 = ORIENTED_EDGE('',*,*,#6041,.T.);
#12292 = ORIENTED_EDGE('',*,*,#5987,.T.);
#12293 = ORIENTED_EDGE('',*,*,#5940,.T.);
#12294 = ORIENTED_EDGE('',*,*,#5908,.T.);
#12295 = FACE_BOUND('',#12296,.T.);
#12296 = EDGE_LOOP('',(#12297,#12298,#12299,#12300));
#12297 = ORIENTED_EDGE('',*,*,#7573,.T.);
#12298 = ORIENTED_EDGE('',*,*,#7721,.T.);
#12299 = ORIENTED_EDGE('',*,*,#7674,.T.);
#12300 = ORIENTED_EDGE('',*,*,#7642,.T.);
#12301 = FACE_BOUND('',#12302,.T.);
#12302 = EDGE_LOOP('',(#12303,#12304));
#12303 = ORIENTED_EDGE('',*,*,#7465,.T.);
#12304 = ORIENTED_EDGE('',*,*,#7519,.T.);
#12305 = FACE_BOUND('',#12306,.T.);
#12306 = EDGE_LOOP('',(#12307,#12308,#12309,#12310,#12311,#12312,#12313,
    #12314));
#12307 = ORIENTED_EDGE('',*,*,#7775,.T.);
#12308 = ORIENTED_EDGE('',*,*,#8125,.T.);
#12309 = ORIENTED_EDGE('',*,*,#8078,.T.);
#12310 = ORIENTED_EDGE('',*,*,#8046,.T.);
#12311 = ORIENTED_EDGE('',*,*,#7977,.T.);
#12312 = ORIENTED_EDGE('',*,*,#7923,.T.);
#12313 = ORIENTED_EDGE('',*,*,#7876,.T.);
#12314 = ORIENTED_EDGE('',*,*,#7844,.T.);
#12315 = FACE_BOUND('',#12316,.T.);
#12316 = EDGE_LOOP('',(#12317,#12318));
#12317 = ORIENTED_EDGE('',*,*,#8179,.T.);
#12318 = ORIENTED_EDGE('',*,*,#8233,.T.);
#12319 = FACE_BOUND('',#12320,.T.);
#12320 = EDGE_LOOP('',(#12321,#12322));
#12321 = ORIENTED_EDGE('',*,*,#6445,.T.);
#12322 = ORIENTED_EDGE('',*,*,#6499,.T.);
#12323 = FACE_BOUND('',#12324,.T.);
#12324 = EDGE_LOOP('',(#12325,#12326,#12327,#12328));
#12325 = ORIENTED_EDGE('',*,*,#6243,.T.);
#12326 = ORIENTED_EDGE('',*,*,#6391,.T.);
#12327 = ORIENTED_EDGE('',*,*,#6344,.T.);
#12328 = ORIENTED_EDGE('',*,*,#6312,.T.);
#12329 = FACE_BOUND('',#12330,.T.);
#12330 = EDGE_LOOP('',(#12331));
#12331 = ORIENTED_EDGE('',*,*,#8287,.T.);
#12332 = FACE_BOUND('',#12333,.T.);
#12333 = EDGE_LOOP('',(#12334,#12335,#12336,#12337,#12338,#12339,#12340,
    #12341));
#12334 = ORIENTED_EDGE('',*,*,#6553,.T.);
#12335 = ORIENTED_EDGE('',*,*,#6903,.T.);
#12336 = ORIENTED_EDGE('',*,*,#6856,.T.);
#12337 = ORIENTED_EDGE('',*,*,#6824,.T.);
#12338 = ORIENTED_EDGE('',*,*,#6755,.T.);
#12339 = ORIENTED_EDGE('',*,*,#6701,.T.);
#12340 = ORIENTED_EDGE('',*,*,#6654,.T.);
#12341 = ORIENTED_EDGE('',*,*,#6622,.T.);
#12342 = FACE_BOUND('',#12343,.T.);
#12343 = EDGE_LOOP('',(#12344,#12345,#12346,#12347));
#12344 = ORIENTED_EDGE('',*,*,#8947,.T.);
#12345 = ORIENTED_EDGE('',*,*,#9095,.T.);
#12346 = ORIENTED_EDGE('',*,*,#9048,.T.);
#12347 = ORIENTED_EDGE('',*,*,#9016,.T.);
#12348 = FACE_BOUND('',#12349,.T.);
#12349 = EDGE_LOOP('',(#12350,#12351));
#12350 = ORIENTED_EDGE('',*,*,#7157,.T.);
#12351 = ORIENTED_EDGE('',*,*,#7211,.T.);
#12352 = FACE_BOUND('',#12353,.T.);
#12353 = EDGE_LOOP('',(#12354,#12355,#12356,#12357));
#12354 = ORIENTED_EDGE('',*,*,#8341,.T.);
#12355 = ORIENTED_EDGE('',*,*,#8489,.T.);
#12356 = ORIENTED_EDGE('',*,*,#8442,.T.);
#12357 = ORIENTED_EDGE('',*,*,#8410,.T.);
#12358 = FACE_BOUND('',#12359,.T.);
#12359 = EDGE_LOOP('',(#12360,#12361,#12362,#12363,#12364,#12365,#12366,
    #12367));
#12360 = ORIENTED_EDGE('',*,*,#8543,.T.);
#12361 = ORIENTED_EDGE('',*,*,#8893,.T.);
#12362 = ORIENTED_EDGE('',*,*,#8846,.T.);
#12363 = ORIENTED_EDGE('',*,*,#8814,.T.);
#12364 = ORIENTED_EDGE('',*,*,#8745,.T.);
#12365 = ORIENTED_EDGE('',*,*,#8691,.T.);
#12366 = ORIENTED_EDGE('',*,*,#8644,.T.);
#12367 = ORIENTED_EDGE('',*,*,#8612,.T.);
#12368 = FACE_BOUND('',#12369,.T.);
#12369 = EDGE_LOOP('',(#12370,#12371));
#12370 = ORIENTED_EDGE('',*,*,#9149,.T.);
#12371 = ORIENTED_EDGE('',*,*,#9203,.T.);
#12372 = FACE_BOUND('',#12373,.T.);
#12373 = EDGE_LOOP('',(#12374,#12375));
#12374 = ORIENTED_EDGE('',*,*,#9257,.T.);
#12375 = ORIENTED_EDGE('',*,*,#9311,.T.);
#12376 = ADVANCED_FACE('',(#12377),#10314,.F.);
#12377 = FACE_BOUND('',#12378,.T.);
#12378 = EDGE_LOOP('',(#12379,#12380,#12401,#12402));
#12379 = ORIENTED_EDGE('',*,*,#12254,.F.);
#12380 = ORIENTED_EDGE('',*,*,#12381,.T.);
#12381 = EDGE_CURVE('',#12255,#10298,#12382,.T.);
#12382 = SEAM_CURVE('',#12383,(#12387,#12394),.PCURVE_S1.);
#12383 = LINE('',#12384,#12385);
#12384 = CARTESIAN_POINT('',(18.5,114.80415428035,5.));
#12385 = VECTOR('',#12386,1.);
#12386 = DIRECTION('',(0.,0.,1.));
#12387 = PCURVE('',#10314,#12388);
#12388 = DEFINITIONAL_REPRESENTATION('',(#12389),#12393);
#12389 = LINE('',#12390,#12391);
#12390 = CARTESIAN_POINT('',(-6.28318530718,0.));
#12391 = VECTOR('',#12392,1.);
#12392 = DIRECTION('',(-0.,-1.));
#12393 = ( GEOMETRIC_REPRESENTATION_CONTEXT(2) 
PARAMETRIC_REPRESENTATION_CONTEXT() REPRESENTATION_CONTEXT('2D SPACE',''
  ) );
#12394 = PCURVE('',#10314,#12395);
#12395 = DEFINITIONAL_REPRESENTATION('',(#12396),#12400);
#12396 = LINE('',#12397,#12398);
#12397 = CARTESIAN_POINT('',(-0.,0.));
#12398 = VECTOR('',#12399,1.);
#12399 = DIRECTION('',(-0.,-1.));
#12400 = ( GEOMETRIC_REPRESENTATION_CONTEXT(2) 
PARAMETRIC_REPRESENTATION_CONTEXT() REPRESENTATION_CONTEXT('2D SPACE',''
  ) );
#12401 = ORIENTED_EDGE('',*,*,#10297,.T.);
#12402 = ORIENTED_EDGE('',*,*,#12381,.F.);
#12403 = ADVANCED_FACE('',(#12404),#10376,.F.);
#12404 = FACE_BOUND('',#12405,.F.);
#12405 = EDGE_LOOP('',(#12406,#12407,#12431));
#12406 = ORIENTED_EDGE('',*,*,#10359,.F.);
#12407 = ORIENTED_EDGE('',*,*,#12408,.F.);
#12408 = EDGE_CURVE('',#12409,#10360,#12411,.T.);
#12409 = VERTEX_POINT('',#12410);
#12410 = CARTESIAN_POINT('',(-94.7670902878,125.77496092265,13.55));
#12411 = SEAM_CURVE('',#12412,(#12417,#12424),.PCURVE_S1.);
#12412 = CIRCLE('',#12413,1.569444444444);
#12413 = AXIS2_PLACEMENT_3D('',#12414,#12415,#12416);
#12414 = CARTESIAN_POINT('',(-94.7670902878,125.77496092265,
    15.119444444444));
#12415 = DIRECTION('',(-2.449293598295E-16,-1.,0.));
#12416 = DIRECTION('',(1.,-2.449293598295E-16,0.));
#12417 = PCURVE('',#10376,#12418);
#12418 = DEFINITIONAL_REPRESENTATION('',(#12419),#12423);
#12419 = LINE('',#12420,#12421);
#12420 = CARTESIAN_POINT('',(6.28318530718,-6.28318530718));
#12421 = VECTOR('',#12422,1.);
#12422 = DIRECTION('',(0.,1.));
#12423 = ( GEOMETRIC_REPRESENTATION_CONTEXT(2) 
PARAMETRIC_REPRESENTATION_CONTEXT() REPRESENTATION_CONTEXT('2D SPACE',''
  ) );
#12424 = PCURVE('',#10376,#12425);
#12425 = DEFINITIONAL_REPRESENTATION('',(#12426),#12430);
#12426 = LINE('',#12427,#12428);
#12427 = CARTESIAN_POINT('',(0.,-6.28318530718));
#12428 = VECTOR('',#12429,1.);
#12429 = DIRECTION('',(0.,1.));
#12430 = ( GEOMETRIC_REPRESENTATION_CONTEXT(2) 
PARAMETRIC_REPRESENTATION_CONTEXT() REPRESENTATION_CONTEXT('2D SPACE',''
  ) );
#12431 = ORIENTED_EDGE('',*,*,#12408,.T.);
#12432 = ADVANCED_FACE('',(#12433),#10407,.F.);
#12433 = FACE_BOUND('',#12434,.F.);
#12434 = EDGE_LOOP('',(#12435,#12436,#12460));
#12435 = ORIENTED_EDGE('',*,*,#10390,.F.);
#12436 = ORIENTED_EDGE('',*,*,#12437,.F.);
#12437 = EDGE_CURVE('',#12438,#10391,#12440,.T.);
#12438 = VERTEX_POINT('',#12439);
#12439 = CARTESIAN_POINT('',(-94.22394425607,129.7376176706,13.55));
#12440 = SEAM_CURVE('',#12441,(#12446,#12453),.PCURVE_S1.);
#12441 = CIRCLE('',#12442,1.569444444444);
#12442 = AXIS2_PLACEMENT_3D('',#12443,#12444,#12445);
#12443 = CARTESIAN_POINT('',(-94.22394425607,129.7376176706,
    15.119444444444));
#12444 = DIRECTION('',(-2.449293598295E-16,-1.,0.));
#12445 = DIRECTION('',(1.,-2.449293598295E-16,0.));
#12446 = PCURVE('',#10407,#12447);
#12447 = DEFINITIONAL_REPRESENTATION('',(#12448),#12452);
#12448 = LINE('',#12449,#12450);
#12449 = CARTESIAN_POINT('',(6.28318530718,-6.28318530718));
#12450 = VECTOR('',#12451,1.);
#12451 = DIRECTION('',(0.,1.));
#12452 = ( GEOMETRIC_REPRESENTATION_CONTEXT(2) 
PARAMETRIC_REPRESENTATION_CONTEXT() REPRESENTATION_CONTEXT('2D SPACE',''
  ) );
#12453 = PCURVE('',#10407,#12454);
#12454 = DEFINITIONAL_REPRESENTATION('',(#12455),#12459);
#12455 = LINE('',#12456,#12457);
#12456 = CARTESIAN_POINT('',(0.,-6.28318530718));
#12457 = VECTOR('',#12458,1.);
#12458 = DIRECTION('',(0.,1.));
#12459 = ( GEOMETRIC_REPRESENTATION_CONTEXT(2) 
PARAMETRIC_REPRESENTATION_CONTEXT() REPRESENTATION_CONTEXT('2D SPACE',''
  ) );
#12460 = ORIENTED_EDGE('',*,*,#12437,.T.);
#12461 = ADVANCED_FACE('',(#12462),#10438,.F.);
#12462 = FACE_BOUND('',#12463,.F.);
#12463 = EDGE_LOOP('',(#12464,#12465,#12489));
#12464 = ORIENTED_EDGE('',*,*,#10421,.F.);
#12465 = ORIENTED_EDGE('',*,*,#12466,.F.);
#12466 = EDGE_CURVE('',#12467,#10422,#12469,.T.);
#12467 = VERTEX_POINT('',#12468);
#12468 = CARTESIAN_POINT('',(-93.51517513257,133.67402497211,13.55));
#12469 = SEAM_CURVE('',#12470,(#12475,#12482),.PCURVE_S1.);
#12470 = CIRCLE('',#12471,1.569444444444);
#12471 = AXIS2_PLACEMENT_3D('',#12472,#12473,#12474);
#12472 = CARTESIAN_POINT('',(-93.51517513257,133.67402497211,
    15.119444444444));
#12473 = DIRECTION('',(-2.449293598295E-16,-1.,0.));
#12474 = DIRECTION('',(1.,-2.449293598295E-16,0.));
#12475 = PCURVE('',#10438,#12476);
#12476 = DEFINITIONAL_REPRESENTATION('',(#12477),#12481);
#12477 = LINE('',#12478,#12479);
#12478 = CARTESIAN_POINT('',(6.28318530718,-6.28318530718));
#12479 = VECTOR('',#12480,1.);
#12480 = DIRECTION('',(0.,1.));
#12481 = ( GEOMETRIC_REPRESENTATION_CONTEXT(2) 
PARAMETRIC_REPRESENTATION_CONTEXT() REPRESENTATION_CONTEXT('2D SPACE',''
  ) );
#12482 = PCURVE('',#10438,#12483);
#12483 = DEFINITIONAL_REPRESENTATION('',(#12484),#12488);
#12484 = LINE('',#12485,#12486);
#12485 = CARTESIAN_POINT('',(0.,-6.28318530718));
#12486 = VECTOR('',#12487,1.);
#12487 = DIRECTION('',(0.,1.));
#12488 = ( GEOMETRIC_REPRESENTATION_CONTEXT(2) 
PARAMETRIC_REPRESENTATION_CONTEXT() REPRESENTATION_CONTEXT('2D SPACE',''
  ) );
#12489 = ORIENTED_EDGE('',*,*,#12466,.T.);
#12490 = ADVANCED_FACE('',(#12491),#10469,.F.);
#12491 = FACE_BOUND('',#12492,.F.);
#12492 = EDGE_LOOP('',(#12493,#12494,#12518));
#12493 = ORIENTED_EDGE('',*,*,#10452,.F.);
#12494 = ORIENTED_EDGE('',*,*,#12495,.F.);
#12495 = EDGE_CURVE('',#12496,#10453,#12498,.T.);
#12496 = VERTEX_POINT('',#12497);
#12497 = CARTESIAN_POINT('',(-92.6420287634,137.5772635674,13.55));
#12498 = SEAM_CURVE('',#12499,(#12504,#12511),.PCURVE_S1.);
#12499 = CIRCLE('',#12500,1.569444444444);
#12500 = AXIS2_PLACEMENT_3D('',#12501,#12502,#12503);
#12501 = CARTESIAN_POINT('',(-92.6420287634,137.5772635674,
    15.119444444444));
#12502 = DIRECTION('',(-2.449293598295E-16,-1.,0.));
#12503 = DIRECTION('',(1.,-2.449293598295E-16,0.));
#12504 = PCURVE('',#10469,#12505);
#12505 = DEFINITIONAL_REPRESENTATION('',(#12506),#12510);
#12506 = LINE('',#12507,#12508);
#12507 = CARTESIAN_POINT('',(6.28318530718,-6.28318530718));
#12508 = VECTOR('',#12509,1.);
#12509 = DIRECTION('',(0.,1.));
#12510 = ( GEOMETRIC_REPRESENTATION_CONTEXT(2) 
PARAMETRIC_REPRESENTATION_CONTEXT() REPRESENTATION_CONTEXT('2D SPACE',''
  ) );
#12511 = PCURVE('',#10469,#12512);
#12512 = DEFINITIONAL_REPRESENTATION('',(#12513),#12517);
#12513 = LINE('',#12514,#12515);
#12514 = CARTESIAN_POINT('',(0.,-6.28318530718));
#12515 = VECTOR('',#12516,1.);
#12516 = DIRECTION('',(0.,1.));
#12517 = ( GEOMETRIC_REPRESENTATION_CONTEXT(2) 
PARAMETRIC_REPRESENTATION_CONTEXT() REPRESENTATION_CONTEXT('2D SPACE',''
  ) );
#12518 = ORIENTED_EDGE('',*,*,#12495,.T.);
#12519 = ADVANCED_FACE('',(#12520),#10500,.F.);
#12520 = FACE_BOUND('',#12521,.F.);
#12521 = EDGE_LOOP('',(#12522,#12523,#12547));
#12522 = ORIENTED_EDGE('',*,*,#10483,.F.);
#12523 = ORIENTED_EDGE('',*,*,#12524,.F.);
#12524 = EDGE_CURVE('',#12525,#10484,#12527,.T.);
#12525 = VERTEX_POINT('',#12526);
#12526 = CARTESIAN_POINT('',(-91.60603993043,141.44047249934,13.55));
#12527 = SEAM_CURVE('',#12528,(#12533,#12540),.PCURVE_S1.);
#12528 = CIRCLE('',#12529,1.569444444444);
#12529 = AXIS2_PLACEMENT_3D('',#12530,#12531,#12532);
#12530 = CARTESIAN_POINT('',(-91.60603993043,141.44047249934,
    15.119444444444));
#12531 = DIRECTION('',(-2.449293598295E-16,-1.,0.));
#12532 = DIRECTION('',(1.,-2.449293598295E-16,0.));
#12533 = PCURVE('',#10500,#12534);
#12534 = DEFINITIONAL_REPRESENTATION('',(#12535),#12539);
#12535 = LINE('',#12536,#12537);
#12536 = CARTESIAN_POINT('',(6.28318530718,-6.28318530718));
#12537 = VECTOR('',#12538,1.);
#12538 = DIRECTION('',(0.,1.));
#12539 = ( GEOMETRIC_REPRESENTATION_CONTEXT(2) 
PARAMETRIC_REPRESENTATION_CONTEXT() REPRESENTATION_CONTEXT('2D SPACE',''
  ) );
#12540 = PCURVE('',#10500,#12541);
#12541 = DEFINITIONAL_REPRESENTATION('',(#12542),#12546);
#12542 = LINE('',#12543,#12544);
#12543 = CARTESIAN_POINT('',(0.,-6.28318530718));
#12544 = VECTOR('',#12545,1.);
#12545 = DIRECTION('',(0.,1.));
#12546 = ( GEOMETRIC_REPRESENTATION_CONTEXT(2) 
PARAMETRIC_REPRESENTATION_CONTEXT() REPRESENTATION_CONTEXT('2D SPACE',''
  ) );
#12547 = ORIENTED_EDGE('',*,*,#12524,.T.);
#12548 = ADVANCED_FACE('',(#12549),#10531,.F.);
#12549 = FACE_BOUND('',#12550,.F.);
#12550 = EDGE_LOOP('',(#12551,#12552,#12576));
#12551 = ORIENTED_EDGE('',*,*,#10514,.F.);
#12552 = ORIENTED_EDGE('',*,*,#12553,.F.);
#12553 = EDGE_CURVE('',#12554,#10515,#12556,.T.);
#12554 = VERTEX_POINT('',#12555);
#12555 = CARTESIAN_POINT('',(-90.40902965352,145.2568611733,13.55));
#12556 = SEAM_CURVE('',#12557,(#12562,#12569),.PCURVE_S1.);
#12557 = CIRCLE('',#12558,1.569444444444);
#12558 = AXIS2_PLACEMENT_3D('',#12559,#12560,#12561);
#12559 = CARTESIAN_POINT('',(-90.40902965352,145.2568611733,
    15.119444444444));
#12560 = DIRECTION('',(-2.449293598295E-16,-1.,0.));
#12561 = DIRECTION('',(1.,-2.449293598295E-16,0.));
#12562 = PCURVE('',#10531,#12563);
#12563 = DEFINITIONAL_REPRESENTATION('',(#12564),#12568);
#12564 = LINE('',#12565,#12566);
#12565 = CARTESIAN_POINT('',(6.28318530718,-6.28318530718));
#12566 = VECTOR('',#12567,1.);
#12567 = DIRECTION('',(0.,1.));
#12568 = ( GEOMETRIC_REPRESENTATION_CONTEXT(2) 
PARAMETRIC_REPRESENTATION_CONTEXT() REPRESENTATION_CONTEXT('2D SPACE',''
  ) );
#12569 = PCURVE('',#10531,#12570);
#12570 = DEFINITIONAL_REPRESENTATION('',(#12571),#12575);
#12571 = LINE('',#12572,#12573);
#12572 = CARTESIAN_POINT('',(0.,-6.28318530718));
#12573 = VECTOR('',#12574,1.);
#12574 = DIRECTION('',(0.,1.));
#12575 = ( GEOMETRIC_REPRESENTATION_CONTEXT(2) 
PARAMETRIC_REPRESENTATION_CONTEXT() REPRESENTATION_CONTEXT('2D SPACE',''
  ) );
#12576 = ORIENTED_EDGE('',*,*,#12553,.T.);
#12577 = ADVANCED_FACE('',(#12578),#10562,.F.);
#12578 = FACE_BOUND('',#12579,.F.);
#12579 = EDGE_LOOP('',(#12580,#12581,#12605));
#12580 = ORIENTED_EDGE('',*,*,#10545,.F.);
#12581 = ORIENTED_EDGE('',*,*,#12582,.F.);
#12582 = EDGE_CURVE('',#12583,#10546,#12585,.T.);
#12583 = VERTEX_POINT('',#12584);
#12584 = CARTESIAN_POINT('',(-89.0531019896,149.01972129348,13.55));
#12585 = SEAM_CURVE('',#12586,(#12591,#12598),.PCURVE_S1.);
#12586 = CIRCLE('',#12587,1.569444444444);
#12587 = AXIS2_PLACEMENT_3D('',#12588,#12589,#12590);
#12588 = CARTESIAN_POINT('',(-89.0531019896,149.01972129348,
    15.119444444444));
#12589 = DIRECTION('',(-2.449293598295E-16,-1.,0.));
#12590 = DIRECTION('',(1.,-2.449293598295E-16,0.));
#12591 = PCURVE('',#10562,#12592);
#12592 = DEFINITIONAL_REPRESENTATION('',(#12593),#12597);
#12593 = LINE('',#12594,#12595);
#12594 = CARTESIAN_POINT('',(6.28318530718,-6.28318530718));
#12595 = VECTOR('',#12596,1.);
#12596 = DIRECTION('',(0.,1.));
#12597 = ( GEOMETRIC_REPRESENTATION_CONTEXT(2) 
PARAMETRIC_REPRESENTATION_CONTEXT() REPRESENTATION_CONTEXT('2D SPACE',''
  ) );
#12598 = PCURVE('',#10562,#12599);
#12599 = DEFINITIONAL_REPRESENTATION('',(#12600),#12604);
#12600 = LINE('',#12601,#12602);
#12601 = CARTESIAN_POINT('',(0.,-6.28318530718));
#12602 = VECTOR('',#12603,1.);
#12603 = DIRECTION('',(0.,1.));
#12604 = ( GEOMETRIC_REPRESENTATION_CONTEXT(2) 
PARAMETRIC_REPRESENTATION_CONTEXT() REPRESENTATION_CONTEXT('2D SPACE',''
  ) );
#12605 = ORIENTED_EDGE('',*,*,#12582,.T.);
#12606 = ADVANCED_FACE('',(#12607),#10593,.F.);
#12607 = FACE_BOUND('',#12608,.F.);
#12608 = EDGE_LOOP('',(#12609,#12610,#12634));
#12609 = ORIENTED_EDGE('',*,*,#10576,.F.);
#12610 = ORIENTED_EDGE('',*,*,#12611,.F.);
#12611 = EDGE_CURVE('',#12612,#10577,#12614,.T.);
#12612 = VERTEX_POINT('',#12613);
#12613 = CARTESIAN_POINT('',(-87.54064033424,152.7224386544,13.55));
#12614 = SEAM_CURVE('',#12615,(#12620,#12627),.PCURVE_S1.);
#12615 = CIRCLE('',#12616,1.569444444444);
#12616 = AXIS2_PLACEMENT_3D('',#12617,#12618,#12619);
#12617 = CARTESIAN_POINT('',(-87.54064033424,152.7224386544,
    15.119444444444));
#12618 = DIRECTION('',(-2.449293598295E-16,-1.,0.));
#12619 = DIRECTION('',(1.,-2.449293598295E-16,0.));
#12620 = PCURVE('',#10593,#12621);
#12621 = DEFINITIONAL_REPRESENTATION('',(#12622),#12626);
#12622 = LINE('',#12623,#12624);
#12623 = CARTESIAN_POINT('',(6.28318530718,-6.28318530718));
#12624 = VECTOR('',#12625,1.);
#12625 = DIRECTION('',(0.,1.));
#12626 = ( GEOMETRIC_REPRESENTATION_CONTEXT(2) 
PARAMETRIC_REPRESENTATION_CONTEXT() REPRESENTATION_CONTEXT('2D SPACE',''
  ) );
#12627 = PCURVE('',#10593,#12628);
#12628 = DEFINITIONAL_REPRESENTATION('',(#12629),#12633);
#12629 = LINE('',#12630,#12631);
#12630 = CARTESIAN_POINT('',(0.,-6.28318530718));
#12631 = VECTOR('',#12632,1.);
#12632 = DIRECTION('',(0.,1.));
#12633 = ( GEOMETRIC_REPRESENTATION_CONTEXT(2) 
PARAMETRIC_REPRESENTATION_CONTEXT() REPRESENTATION_CONTEXT('2D SPACE',''
  ) );
#12634 = ORIENTED_EDGE('',*,*,#12611,.T.);
#12635 = ADVANCED_FACE('',(#12636),#10624,.F.);
#12636 = FACE_BOUND('',#12637,.F.);
#12637 = EDGE_LOOP('',(#12638,#12639,#12663));
#12638 = ORIENTED_EDGE('',*,*,#10607,.F.);
#12639 = ORIENTED_EDGE('',*,*,#12640,.F.);
#12640 = EDGE_CURVE('',#12641,#10608,#12643,.T.);
#12641 = VERTEX_POINT('',#12642);
#12642 = CARTESIAN_POINT('',(-85.87430323222,156.35850476715,13.55));
#12643 = SEAM_CURVE('',#12644,(#12649,#12656),.PCURVE_S1.);
#12644 = CIRCLE('',#12645,1.569444444444);
#12645 = AXIS2_PLACEMENT_3D('',#12646,#12647,#12648);
#12646 = CARTESIAN_POINT('',(-85.87430323222,156.35850476715,
    15.119444444444));
#12647 = DIRECTION('',(-2.449293598295E-16,-1.,0.));
#12648 = DIRECTION('',(1.,-2.449293598295E-16,0.));
#12649 = PCURVE('',#10624,#12650);
#12650 = DEFINITIONAL_REPRESENTATION('',(#12651),#12655);
#12651 = LINE('',#12652,#12653);
#12652 = CARTESIAN_POINT('',(6.28318530718,-6.28318530718));
#12653 = VECTOR('',#12654,1.);
#12654 = DIRECTION('',(0.,1.));
#12655 = ( GEOMETRIC_REPRESENTATION_CONTEXT(2) 
PARAMETRIC_REPRESENTATION_CONTEXT() REPRESENTATION_CONTEXT('2D SPACE',''
  ) );
#12656 = PCURVE('',#10624,#12657);
#12657 = DEFINITIONAL_REPRESENTATION('',(#12658),#12662);
#12658 = LINE('',#12659,#12660);
#12659 = CARTESIAN_POINT('',(0.,-6.28318530718));
#12660 = VECTOR('',#12661,1.);
#12661 = DIRECTION('',(0.,1.));
#12662 = ( GEOMETRIC_REPRESENTATION_CONTEXT(2) 
PARAMETRIC_REPRESENTATION_CONTEXT() REPRESENTATION_CONTEXT('2D SPACE',''
  ) );
#12663 = ORIENTED_EDGE('',*,*,#12640,.T.);
#12664 = ADVANCED_FACE('',(#12665),#10655,.F.);
#12665 = FACE_BOUND('',#12666,.F.);
#12666 = EDGE_LOOP('',(#12667,#12668,#12692));
#12667 = ORIENTED_EDGE('',*,*,#10638,.F.);
#12668 = ORIENTED_EDGE('',*,*,#12669,.F.);
#12669 = EDGE_CURVE('',#12670,#10639,#12672,.T.);
#12670 = VERTEX_POINT('',#12671);
#12671 = CARTESIAN_POINT('',(-84.05701970447,159.92152829971,13.55));
#12672 = SEAM_CURVE('',#12673,(#12678,#12685),.PCURVE_S1.);
#12673 = CIRCLE('',#12674,1.569444444444);
#12674 = AXIS2_PLACEMENT_3D('',#12675,#12676,#12677);
#12675 = CARTESIAN_POINT('',(-84.05701970447,159.92152829971,
    15.119444444444));
#12676 = DIRECTION('',(-2.449293598295E-16,-1.,0.));
#12677 = DIRECTION('',(1.,-2.449293598295E-16,0.));
#12678 = PCURVE('',#10655,#12679);
#12679 = DEFINITIONAL_REPRESENTATION('',(#12680),#12684);
#12680 = LINE('',#12681,#12682);
#12681 = CARTESIAN_POINT('',(6.28318530718,-6.28318530718));
#12682 = VECTOR('',#12683,1.);
#12683 = DIRECTION('',(0.,1.));
#12684 = ( GEOMETRIC_REPRESENTATION_CONTEXT(2) 
PARAMETRIC_REPRESENTATION_CONTEXT() REPRESENTATION_CONTEXT('2D SPACE',''
  ) );
#12685 = PCURVE('',#10655,#12686);
#12686 = DEFINITIONAL_REPRESENTATION('',(#12687),#12691);
#12687 = LINE('',#12688,#12689);
#12688 = CARTESIAN_POINT('',(0.,-6.28318530718));
#12689 = VECTOR('',#12690,1.);
#12690 = DIRECTION('',(0.,1.));
#12691 = ( GEOMETRIC_REPRESENTATION_CONTEXT(2) 
PARAMETRIC_REPRESENTATION_CONTEXT() REPRESENTATION_CONTEXT('2D SPACE',''
  ) );
#12692 = ORIENTED_EDGE('',*,*,#12669,.T.);
#12693 = ADVANCED_FACE('',(#12694),#10686,.F.);
#12694 = FACE_BOUND('',#12695,.F.);
#12695 = EDGE_LOOP('',(#12696,#12697,#12721));
#12696 = ORIENTED_EDGE('',*,*,#10669,.F.);
#12697 = ORIENTED_EDGE('',*,*,#12698,.F.);
#12698 = EDGE_CURVE('',#12699,#10670,#12701,.T.);
#12699 = VERTEX_POINT('',#12700);
#12700 = CARTESIAN_POINT('',(-82.09198409948,163.40524631139,13.55));
#12701 = SEAM_CURVE('',#12702,(#12707,#12714),.PCURVE_S1.);
#12702 = CIRCLE('',#12703,1.569444444444);
#12703 = AXIS2_PLACEMENT_3D('',#12704,#12705,#12706);
#12704 = CARTESIAN_POINT('',(-82.09198409948,163.40524631139,
    15.119444444444));
#12705 = DIRECTION('',(-2.449293598295E-16,-1.,0.));
#12706 = DIRECTION('',(1.,-2.449293598295E-16,0.));
#12707 = PCURVE('',#10686,#12708);
#12708 = DEFINITIONAL_REPRESENTATION('',(#12709),#12713);
#12709 = LINE('',#12710,#12711);
#12710 = CARTESIAN_POINT('',(6.28318530718,-6.28318530718));
#12711 = VECTOR('',#12712,1.);
#12712 = DIRECTION('',(0.,1.));
#12713 = ( GEOMETRIC_REPRESENTATION_CONTEXT(2) 
PARAMETRIC_REPRESENTATION_CONTEXT() REPRESENTATION_CONTEXT('2D SPACE',''
  ) );
#12714 = PCURVE('',#10686,#12715);
#12715 = DEFINITIONAL_REPRESENTATION('',(#12716),#12720);
#12716 = LINE('',#12717,#12718);
#12717 = CARTESIAN_POINT('',(0.,-6.28318530718));
#12718 = VECTOR('',#12719,1.);
#12719 = DIRECTION('',(0.,1.));
#12720 = ( GEOMETRIC_REPRESENTATION_CONTEXT(2) 
PARAMETRIC_REPRESENTATION_CONTEXT() REPRESENTATION_CONTEXT('2D SPACE',''
  ) );
#12721 = ORIENTED_EDGE('',*,*,#12698,.T.);
#12722 = ADVANCED_FACE('',(#12723),#10717,.F.);
#12723 = FACE_BOUND('',#12724,.F.);
#12724 = EDGE_LOOP('',(#12725,#12726,#12750));
#12725 = ORIENTED_EDGE('',*,*,#10700,.F.);
#12726 = ORIENTED_EDGE('',*,*,#12727,.F.);
#12727 = EDGE_CURVE('',#12728,#10701,#12730,.T.);
#12728 = VERTEX_POINT('',#12729);
#12729 = CARTESIAN_POINT('',(-79.98265047849,166.80353526161,13.55));
#12730 = SEAM_CURVE('',#12731,(#12736,#12743),.PCURVE_S1.);
#12731 = CIRCLE('',#12732,1.569444444444);
#12732 = AXIS2_PLACEMENT_3D('',#12733,#12734,#12735);
#12733 = CARTESIAN_POINT('',(-79.98265047849,166.80353526161,
    15.119444444444));
#12734 = DIRECTION('',(-2.449293598295E-16,-1.,0.));
#12735 = DIRECTION('',(1.,-2.449293598295E-16,0.));
#12736 = PCURVE('',#10717,#12737);
#12737 = DEFINITIONAL_REPRESENTATION('',(#12738),#12742);
#12738 = LINE('',#12739,#12740);
#12739 = CARTESIAN_POINT('',(6.28318530718,-6.28318530718));
#12740 = VECTOR('',#12741,1.);
#12741 = DIRECTION('',(0.,1.));
#12742 = ( GEOMETRIC_REPRESENTATION_CONTEXT(2) 
PARAMETRIC_REPRESENTATION_CONTEXT() REPRESENTATION_CONTEXT('2D SPACE',''
  ) );
#12743 = PCURVE('',#10717,#12744);
#12744 = DEFINITIONAL_REPRESENTATION('',(#12745),#12749);
#12745 = LINE('',#12746,#12747);
#12746 = CARTESIAN_POINT('',(0.,-6.28318530718));
#12747 = VECTOR('',#12748,1.);
#12748 = DIRECTION('',(0.,1.));
#12749 = ( GEOMETRIC_REPRESENTATION_CONTEXT(2) 
PARAMETRIC_REPRESENTATION_CONTEXT() REPRESENTATION_CONTEXT('2D SPACE',''
  ) );
#12750 = ORIENTED_EDGE('',*,*,#12727,.T.);
#12751 = ADVANCED_FACE('',(#12752),#10748,.T.);
#12752 = FACE_BOUND('',#12753,.T.);
#12753 = EDGE_LOOP('',(#12754,#12755,#12777,#12828));
#12754 = ORIENTED_EDGE('',*,*,#10731,.T.);
#12755 = ORIENTED_EDGE('',*,*,#12756,.T.);
#12756 = EDGE_CURVE('',#10732,#12757,#12759,.T.);
#12757 = VERTEX_POINT('',#12758);
#12758 = CARTESIAN_POINT('',(95.508372066099,130.24001988096,15.944));
#12759 = SEAM_CURVE('',#12760,(#12763,#12770),.PCURVE_S1.);
#12760 = B_SPLINE_CURVE_WITH_KNOTS('',1,(#12761,#12762),.UNSPECIFIED.,
  .F.,.F.,(2,2),(0.,1.),.PIECEWISE_BEZIER_KNOTS.);
#12761 = CARTESIAN_POINT('',(96.425467692776,129.72800224519,14.));
#12762 = CARTESIAN_POINT('',(95.508372066099,130.24001988096,15.944));
#12763 = PCURVE('',#10748,#12764);
#12764 = DEFINITIONAL_REPRESENTATION('',(#12765),#12769);
#12765 = LINE('',#12766,#12767);
#12766 = CARTESIAN_POINT('',(6.28318530718,0.));
#12767 = VECTOR('',#12768,1.);
#12768 = DIRECTION('',(0.,1.));
#12769 = ( GEOMETRIC_REPRESENTATION_CONTEXT(2) 
PARAMETRIC_REPRESENTATION_CONTEXT() REPRESENTATION_CONTEXT('2D SPACE',''
  ) );
#12770 = PCURVE('',#10748,#12771);
#12771 = DEFINITIONAL_REPRESENTATION('',(#12772),#12776);
#12772 = LINE('',#12773,#12774);
#12773 = CARTESIAN_POINT('',(0.,0.));
#12774 = VECTOR('',#12775,1.);
#12775 = DIRECTION('',(0.,1.));
#12776 = ( GEOMETRIC_REPRESENTATION_CONTEXT(2) 
PARAMETRIC_REPRESENTATION_CONTEXT() REPRESENTATION_CONTEXT('2D SPACE',''
  ) );
#12777 = ORIENTED_EDGE('',*,*,#12778,.F.);
#12778 = EDGE_CURVE('',#12757,#12757,#12779,.T.);
#12779 = SURFACE_CURVE('',#12780,(#12785,#12792),.PCURVE_S1.);
#12780 = CIRCLE('',#12781,1.364);
#12781 = AXIS2_PLACEMENT_3D('',#12782,#12783,#12784);
#12782 = CARTESIAN_POINT('',(94.144372066099,130.24001988096,15.944));
#12783 = DIRECTION('',(0.,0.,1.));
#12784 = DIRECTION('',(1.,0.,-0.));
#12785 = PCURVE('',#10748,#12786);
#12786 = DEFINITIONAL_REPRESENTATION('',(#12787),#12791);
#12787 = LINE('',#12788,#12789);
#12788 = CARTESIAN_POINT('',(0.,1.));
#12789 = VECTOR('',#12790,1.);
#12790 = DIRECTION('',(1.,0.));
#12791 = ( GEOMETRIC_REPRESENTATION_CONTEXT(2) 
PARAMETRIC_REPRESENTATION_CONTEXT() REPRESENTATION_CONTEXT('2D SPACE',''
  ) );
#12792 = PCURVE('',#12793,#12822);
#12793 = B_SPLINE_SURFACE_WITH_KNOTS('',13,1,(
    (#12794,#12795)
    ,(#12796,#12797)
    ,(#12798,#12799)
    ,(#12800,#12801)
    ,(#12802,#12803)
    ,(#12804,#12805)
    ,(#12806,#12807)
    ,(#12808,#12809)
    ,(#12810,#12811)
    ,(#12812,#12813)
    ,(#12814,#12815)
    ,(#12816,#12817)
    ,(#12818,#12819)
    ,(#12820,#12821
    )),.UNSPECIFIED.,.T.,.F.,.F.,(14,14),(2,2),(0.,6.28318530718),(0.,1.
    ),.PIECEWISE_BEZIER_KNOTS.);
#12794 = CARTESIAN_POINT('',(95.508372066099,130.24001988096,15.944));
#12795 = CARTESIAN_POINT('',(94.702728626084,131.0080463346,17.47));
#12796 = CARTESIAN_POINT('',(95.508372066098,130.89927101626,
    15.943999999999));
#12797 = CARTESIAN_POINT('',(94.702728626069,131.33670525836,
    17.469999999999));
#12798 = CARTESIAN_POINT('',(95.163187084726,131.5585224152,
    15.944000000004));
#12799 = CARTESIAN_POINT('',(94.530642271799,131.66536431359,
    17.470000000004));
#12800 = CARTESIAN_POINT('',(94.472837672439,132.02060266634,
    15.943999999991));
#12801 = CARTESIAN_POINT('',(94.186479807952,131.895726902,
    17.46999999999));
#12802 = CARTESIAN_POINT('',(93.561096776619,132.08836481581,
    15.944000000018));
#12803 = CARTESIAN_POINT('',(93.731946224055,131.92950861905,
    17.470000000016));
#12804 = CARTESIAN_POINT('',(92.676133491227,131.6510351547,
    15.943999999977));
#12805 = CARTESIAN_POINT('',(93.290762180604,131.71148503379,
    17.469999999982));
#12806 = CARTESIAN_POINT('',(92.120605293861,130.77122650605,
    15.944000000022));
#12807 = CARTESIAN_POINT('',(93.013812640554,131.2728707522,
    17.470000000009));
#12808 = CARTESIAN_POINT('',(92.120605293991,129.70881325593,
    15.943999999986));
#12809 = CARTESIAN_POINT('',(93.013812639388,130.74322191708,
    17.470000000005));
#12810 = CARTESIAN_POINT('',(92.676133491114,128.82900460706,
    15.944000000005));
#12811 = CARTESIAN_POINT('',(93.29076218154,130.30460763525,
    17.469999999984));
#12812 = CARTESIAN_POINT('',(93.561096776704,128.39167494626,
    15.944000000001));
#12813 = CARTESIAN_POINT('',(93.731946223459,130.08658405031,
    17.470000000017));
#12814 = CARTESIAN_POINT('',(94.472837672389,128.45943709547,
    15.943999999998));
#12815 = CARTESIAN_POINT('',(94.186479808245,130.12036576711,
    17.469999999988));
#12816 = CARTESIAN_POINT('',(95.163187084747,128.92151734675,
    15.944000000001));
#12817 = CARTESIAN_POINT('',(94.530642271694,130.35072835566,
    17.470000000005));
#12818 = CARTESIAN_POINT('',(95.508372066093,129.58076874564,15.944));
#12819 = CARTESIAN_POINT('',(94.702728626092,130.67938741084,
    17.469999999999));
#12820 = CARTESIAN_POINT('',(95.508372066099,130.24001988096,15.944));
#12821 = CARTESIAN_POINT('',(94.702728626084,131.0080463346,17.47));
#12822 = DEFINITIONAL_REPRESENTATION('',(#12823),#12827);
#12823 = LINE('',#12824,#12825);
#12824 = CARTESIAN_POINT('',(0.,0.));
#12825 = VECTOR('',#12826,1.);
#12826 = DIRECTION('',(1.,0.));
#12827 = ( GEOMETRIC_REPRESENTATION_CONTEXT(2) 
PARAMETRIC_REPRESENTATION_CONTEXT() REPRESENTATION_CONTEXT('2D SPACE',''
  ) );
#12828 = ORIENTED_EDGE('',*,*,#12756,.F.);
#12829 = ADVANCED_FACE('',(#12830),#10803,.F.);
#12830 = FACE_BOUND('',#12831,.F.);
#12831 = EDGE_LOOP('',(#12832,#12833,#12857));
#12832 = ORIENTED_EDGE('',*,*,#10786,.F.);
#12833 = ORIENTED_EDGE('',*,*,#12834,.F.);
#12834 = EDGE_CURVE('',#12835,#10787,#12837,.T.);
#12835 = VERTEX_POINT('',#12836);
#12836 = CARTESIAN_POINT('',(92.217005779103,139.24149957678,13.55));
#12837 = SEAM_CURVE('',#12838,(#12843,#12850),.PCURVE_S1.);
#12838 = CIRCLE('',#12839,1.569444444444);
#12839 = AXIS2_PLACEMENT_3D('',#12840,#12841,#12842);
#12840 = CARTESIAN_POINT('',(92.217005779103,139.24149957678,
    15.119444444444));
#12841 = DIRECTION('',(-2.449293598295E-16,-1.,0.));
#12842 = DIRECTION('',(1.,-2.449293598295E-16,0.));
#12843 = PCURVE('',#10803,#12844);
#12844 = DEFINITIONAL_REPRESENTATION('',(#12845),#12849);
#12845 = LINE('',#12846,#12847);
#12846 = CARTESIAN_POINT('',(6.28318530718,-6.28318530718));
#12847 = VECTOR('',#12848,1.);
#12848 = DIRECTION('',(0.,1.));
#12849 = ( GEOMETRIC_REPRESENTATION_CONTEXT(2) 
PARAMETRIC_REPRESENTATION_CONTEXT() REPRESENTATION_CONTEXT('2D SPACE',''
  ) );
#12850 = PCURVE('',#10803,#12851);
#12851 = DEFINITIONAL_REPRESENTATION('',(#12852),#12856);
#12852 = LINE('',#12853,#12854);
#12853 = CARTESIAN_POINT('',(0.,-6.28318530718));
#12854 = VECTOR('',#12855,1.);
#12855 = DIRECTION('',(0.,1.));
#12856 = ( GEOMETRIC_REPRESENTATION_CONTEXT(2) 
PARAMETRIC_REPRESENTATION_CONTEXT() REPRESENTATION_CONTEXT('2D SPACE',''
  ) );
#12857 = ORIENTED_EDGE('',*,*,#12834,.T.);
#12858 = ADVANCED_FACE('',(#12859),#10834,.F.);
#12859 = FACE_BOUND('',#12860,.F.);
#12860 = EDGE_LOOP('',(#12861,#12862,#12886));
#12861 = ORIENTED_EDGE('',*,*,#10817,.F.);
#12862 = ORIENTED_EDGE('',*,*,#12863,.F.);
#12863 = EDGE_CURVE('',#12864,#10818,#12866,.T.);
#12864 = VERTEX_POINT('',#12865);
#12865 = CARTESIAN_POINT('',(91.111631646495,143.08543039572,13.55));
#12866 = SEAM_CURVE('',#12867,(#12872,#12879),.PCURVE_S1.);
#12867 = CIRCLE('',#12868,1.569444444444);
#12868 = AXIS2_PLACEMENT_3D('',#12869,#12870,#12871);
#12869 = CARTESIAN_POINT('',(91.111631646495,143.08543039572,
    15.119444444444));
#12870 = DIRECTION('',(-2.449293598295E-16,-1.,0.));
#12871 = DIRECTION('',(1.,-2.449293598295E-16,0.));
#12872 = PCURVE('',#10834,#12873);
#12873 = DEFINITIONAL_REPRESENTATION('',(#12874),#12878);
#12874 = LINE('',#12875,#12876);
#12875 = CARTESIAN_POINT('',(6.28318530718,-6.28318530718));
#12876 = VECTOR('',#12877,1.);
#12877 = DIRECTION('',(0.,1.));
#12878 = ( GEOMETRIC_REPRESENTATION_CONTEXT(2) 
PARAMETRIC_REPRESENTATION_CONTEXT() REPRESENTATION_CONTEXT('2D SPACE',''
  ) );
#12879 = PCURVE('',#10834,#12880);
#12880 = DEFINITIONAL_REPRESENTATION('',(#12881),#12885);
#12881 = LINE('',#12882,#12883);
#12882 = CARTESIAN_POINT('',(0.,-6.28318530718));
#12883 = VECTOR('',#12884,1.);
#12884 = DIRECTION('',(0.,1.));
#12885 = ( GEOMETRIC_REPRESENTATION_CONTEXT(2) 
PARAMETRIC_REPRESENTATION_CONTEXT() REPRESENTATION_CONTEXT('2D SPACE',''
  ) );
#12886 = ORIENTED_EDGE('',*,*,#12863,.T.);
#12887 = ADVANCED_FACE('',(#12888),#10865,.F.);
#12888 = FACE_BOUND('',#12889,.F.);
#12889 = EDGE_LOOP('',(#12890,#12891,#12915));
#12890 = ORIENTED_EDGE('',*,*,#10848,.F.);
#12891 = ORIENTED_EDGE('',*,*,#12892,.F.);
#12892 = EDGE_CURVE('',#12893,#10849,#12895,.T.);
#12893 = VERTEX_POINT('',#12894);
#12894 = CARTESIAN_POINT('',(89.846105121109,146.87964951529,13.55));
#12895 = SEAM_CURVE('',#12896,(#12901,#12908),.PCURVE_S1.);
#12896 = CIRCLE('',#12897,1.569444444444);
#12897 = AXIS2_PLACEMENT_3D('',#12898,#12899,#12900);
#12898 = CARTESIAN_POINT('',(89.846105121109,146.87964951529,
    15.119444444444));
#12899 = DIRECTION('',(-2.449293598295E-16,-1.,0.));
#12900 = DIRECTION('',(1.,-2.449293598295E-16,0.));
#12901 = PCURVE('',#10865,#12902);
#12902 = DEFINITIONAL_REPRESENTATION('',(#12903),#12907);
#12903 = LINE('',#12904,#12905);
#12904 = CARTESIAN_POINT('',(6.28318530718,-6.28318530718));
#12905 = VECTOR('',#12906,1.);
#12906 = DIRECTION('',(0.,1.));
#12907 = ( GEOMETRIC_REPRESENTATION_CONTEXT(2) 
PARAMETRIC_REPRESENTATION_CONTEXT() REPRESENTATION_CONTEXT('2D SPACE',''
  ) );
#12908 = PCURVE('',#10865,#12909);
#12909 = DEFINITIONAL_REPRESENTATION('',(#12910),#12914);
#12910 = LINE('',#12911,#12912);
#12911 = CARTESIAN_POINT('',(0.,-6.28318530718));
#12912 = VECTOR('',#12913,1.);
#12913 = DIRECTION('',(0.,1.));
#12914 = ( GEOMETRIC_REPRESENTATION_CONTEXT(2) 
PARAMETRIC_REPRESENTATION_CONTEXT() REPRESENTATION_CONTEXT('2D SPACE',''
  ) );
#12915 = ORIENTED_EDGE('',*,*,#12892,.T.);
#12916 = ADVANCED_FACE('',(#12917),#10896,.F.);
#12917 = FACE_BOUND('',#12918,.F.);
#12918 = EDGE_LOOP('',(#12919,#12920,#12944));
#12919 = ORIENTED_EDGE('',*,*,#10879,.F.);
#12920 = ORIENTED_EDGE('',*,*,#12921,.F.);
#12921 = EDGE_CURVE('',#12922,#10880,#12924,.T.);
#12922 = VERTEX_POINT('',#12923);
#12923 = CARTESIAN_POINT('',(88.422650695005,150.61748760845,13.55));
#12924 = SEAM_CURVE('',#12925,(#12930,#12937),.PCURVE_S1.);
#12925 = CIRCLE('',#12926,1.569444444444);
#12926 = AXIS2_PLACEMENT_3D('',#12927,#12928,#12929);
#12927 = CARTESIAN_POINT('',(88.422650695005,150.61748760845,
    15.119444444444));
#12928 = DIRECTION('',(-2.449293598295E-16,-1.,0.));
#12929 = DIRECTION('',(1.,-2.449293598295E-16,0.));
#12930 = PCURVE('',#10896,#12931);
#12931 = DEFINITIONAL_REPRESENTATION('',(#12932),#12936);
#12932 = LINE('',#12933,#12934);
#12933 = CARTESIAN_POINT('',(6.28318530718,-6.28318530718));
#12934 = VECTOR('',#12935,1.);
#12935 = DIRECTION('',(0.,1.));
#12936 = ( GEOMETRIC_REPRESENTATION_CONTEXT(2) 
PARAMETRIC_REPRESENTATION_CONTEXT() REPRESENTATION_CONTEXT('2D SPACE',''
  ) );
#12937 = PCURVE('',#10896,#12938);
#12938 = DEFINITIONAL_REPRESENTATION('',(#12939),#12943);
#12939 = LINE('',#12940,#12941);
#12940 = CARTESIAN_POINT('',(0.,-6.28318530718));
#12941 = VECTOR('',#12942,1.);
#12942 = DIRECTION('',(0.,1.));
#12943 = ( GEOMETRIC_REPRESENTATION_CONTEXT(2) 
PARAMETRIC_REPRESENTATION_CONTEXT() REPRESENTATION_CONTEXT('2D SPACE',''
  ) );
#12944 = ORIENTED_EDGE('',*,*,#12921,.T.);
#12945 = ADVANCED_FACE('',(#12946),#10927,.F.);
#12946 = FACE_BOUND('',#12947,.F.);
#12947 = EDGE_LOOP('',(#12948,#12949,#12973));
#12948 = ORIENTED_EDGE('',*,*,#10910,.F.);
#12949 = ORIENTED_EDGE('',*,*,#12950,.F.);
#12950 = EDGE_CURVE('',#12951,#10911,#12953,.T.);
#12951 = VERTEX_POINT('',#12952);
#12952 = CARTESIAN_POINT('',(86.843770459611,154.29237445243,13.55));
#12953 = SEAM_CURVE('',#12954,(#12959,#12966),.PCURVE_S1.);
#12954 = CIRCLE('',#12955,1.569444444444);
#12955 = AXIS2_PLACEMENT_3D('',#12956,#12957,#12958);
#12956 = CARTESIAN_POINT('',(86.843770459611,154.29237445243,
    15.119444444444));
#12957 = DIRECTION('',(-2.449293598295E-16,-1.,0.));
#12958 = DIRECTION('',(1.,-2.449293598295E-16,0.));
#12959 = PCURVE('',#10927,#12960);
#12960 = DEFINITIONAL_REPRESENTATION('',(#12961),#12965);
#12961 = LINE('',#12962,#12963);
#12962 = CARTESIAN_POINT('',(6.28318530718,-6.28318530718));
#12963 = VECTOR('',#12964,1.);
#12964 = DIRECTION('',(0.,1.));
#12965 = ( GEOMETRIC_REPRESENTATION_CONTEXT(2) 
PARAMETRIC_REPRESENTATION_CONTEXT() REPRESENTATION_CONTEXT('2D SPACE',''
  ) );
#12966 = PCURVE('',#10927,#12967);
#12967 = DEFINITIONAL_REPRESENTATION('',(#12968),#12972);
#12968 = LINE('',#12969,#12970);
#12969 = CARTESIAN_POINT('',(0.,-6.28318530718));
#12970 = VECTOR('',#12971,1.);
#12971 = DIRECTION('',(0.,1.));
#12972 = ( GEOMETRIC_REPRESENTATION_CONTEXT(2) 
PARAMETRIC_REPRESENTATION_CONTEXT() REPRESENTATION_CONTEXT('2D SPACE',''
  ) );
#12973 = ORIENTED_EDGE('',*,*,#12950,.T.);
#12974 = ADVANCED_FACE('',(#12975),#10958,.F.);
#12975 = FACE_BOUND('',#12976,.F.);
#12976 = EDGE_LOOP('',(#12977,#12978,#13002));
#12977 = ORIENTED_EDGE('',*,*,#10941,.F.);
#12978 = ORIENTED_EDGE('',*,*,#12979,.F.);
#12979 = EDGE_CURVE('',#12980,#10942,#12982,.T.);
#12980 = VERTEX_POINT('',#12981);
#12981 = CARTESIAN_POINT('',(83.2311020548,161.42757812228,13.55));
#12982 = SEAM_CURVE('',#12983,(#12988,#12995),.PCURVE_S1.);
#12983 = CIRCLE('',#12984,1.569444444444);
#12984 = AXIS2_PLACEMENT_3D('',#12985,#12986,#12987);
#12985 = CARTESIAN_POINT('',(83.2311020548,161.42757812228,
    15.119444444444));
#12986 = DIRECTION('',(-2.449293598295E-16,-1.,0.));
#12987 = DIRECTION('',(1.,-2.449293598295E-16,0.));
#12988 = PCURVE('',#10958,#12989);
#12989 = DEFINITIONAL_REPRESENTATION('',(#12990),#12994);
#12990 = LINE('',#12991,#12992);
#12991 = CARTESIAN_POINT('',(6.28318530718,-6.28318530718));
#12992 = VECTOR('',#12993,1.);
#12993 = DIRECTION('',(0.,1.));
#12994 = ( GEOMETRIC_REPRESENTATION_CONTEXT(2) 
PARAMETRIC_REPRESENTATION_CONTEXT() REPRESENTATION_CONTEXT('2D SPACE',''
  ) );
#12995 = PCURVE('',#10958,#12996);
#12996 = DEFINITIONAL_REPRESENTATION('',(#12997),#13001);
#12997 = LINE('',#12998,#12999);
#12998 = CARTESIAN_POINT('',(0.,-6.28318530718));
#12999 = VECTOR('',#13000,1.);
#13000 = DIRECTION('',(0.,1.));
#13001 = ( GEOMETRIC_REPRESENTATION_CONTEXT(2) 
PARAMETRIC_REPRESENTATION_CONTEXT() REPRESENTATION_CONTEXT('2D SPACE',''
  ) );
#13002 = ORIENTED_EDGE('',*,*,#12979,.T.);
#13003 = ADVANCED_FACE('',(#13004),#10989,.F.);
#13004 = FACE_BOUND('',#13005,.F.);
#13005 = EDGE_LOOP('',(#13006,#13007,#13031));
#13006 = ORIENTED_EDGE('',*,*,#10972,.F.);
#13007 = ORIENTED_EDGE('',*,*,#13008,.F.);
#13008 = EDGE_CURVE('',#13009,#10973,#13011,.T.);
#13009 = VERTEX_POINT('',#13010);
#13010 = CARTESIAN_POINT('',(85.11223970764,157.8978504777,13.55));
#13011 = SEAM_CURVE('',#13012,(#13017,#13024),.PCURVE_S1.);
#13012 = CIRCLE('',#13013,1.569444444444);
#13013 = AXIS2_PLACEMENT_3D('',#13014,#13015,#13016);
#13014 = CARTESIAN_POINT('',(85.11223970764,157.8978504777,
    15.119444444444));
#13015 = DIRECTION('',(-2.449293598295E-16,-1.,0.));
#13016 = DIRECTION('',(1.,-2.449293598295E-16,0.));
#13017 = PCURVE('',#10989,#13018);
#13018 = DEFINITIONAL_REPRESENTATION('',(#13019),#13023);
#13019 = LINE('',#13020,#13021);
#13020 = CARTESIAN_POINT('',(6.28318530718,-6.28318530718));
#13021 = VECTOR('',#13022,1.);
#13022 = DIRECTION('',(0.,1.));
#13023 = ( GEOMETRIC_REPRESENTATION_CONTEXT(2) 
PARAMETRIC_REPRESENTATION_CONTEXT() REPRESENTATION_CONTEXT('2D SPACE',''
  ) );
#13024 = PCURVE('',#10989,#13025);
#13025 = DEFINITIONAL_REPRESENTATION('',(#13026),#13030);
#13026 = LINE('',#13027,#13028);
#13027 = CARTESIAN_POINT('',(0.,-6.28318530718));
#13028 = VECTOR('',#13029,1.);
#13029 = DIRECTION('',(0.,1.));
#13030 = ( GEOMETRIC_REPRESENTATION_CONTEXT(2) 
PARAMETRIC_REPRESENTATION_CONTEXT() REPRESENTATION_CONTEXT('2D SPACE',''
  ) );
#13031 = ORIENTED_EDGE('',*,*,#13008,.T.);
#13032 = ADVANCED_FACE('',(#13033),#11020,.F.);
#13033 = FACE_BOUND('',#13034,.F.);
#13034 = EDGE_LOOP('',(#13035,#13036,#13060));
#13035 = ORIENTED_EDGE('',*,*,#11003,.F.);
#13036 = ORIENTED_EDGE('',*,*,#13037,.F.);
#13037 = EDGE_CURVE('',#13038,#11004,#13040,.T.);
#13038 = VERTEX_POINT('',#13039);
#13039 = CARTESIAN_POINT('',(-77.73272654403,170.11042177357,13.55));
#13040 = SEAM_CURVE('',#13041,(#13046,#13053),.PCURVE_S1.);
#13041 = CIRCLE('',#13042,1.569444444444);
#13042 = AXIS2_PLACEMENT_3D('',#13043,#13044,#13045);
#13043 = CARTESIAN_POINT('',(-77.73272654403,170.11042177357,
    15.119444444444));
#13044 = DIRECTION('',(-2.449293598295E-16,-1.,0.));
#13045 = DIRECTION('',(1.,-2.449293598295E-16,0.));
#13046 = PCURVE('',#11020,#13047);
#13047 = DEFINITIONAL_REPRESENTATION('',(#13048),#13052);
#13048 = LINE('',#13049,#13050);
#13049 = CARTESIAN_POINT('',(6.28318530718,-6.28318530718));
#13050 = VECTOR('',#13051,1.);
#13051 = DIRECTION('',(0.,1.));
#13052 = ( GEOMETRIC_REPRESENTATION_CONTEXT(2) 
PARAMETRIC_REPRESENTATION_CONTEXT() REPRESENTATION_CONTEXT('2D SPACE',''
  ) );
#13053 = PCURVE('',#11020,#13054);
#13054 = DEFINITIONAL_REPRESENTATION('',(#13055),#13059);
#13055 = LINE('',#13056,#13057);
#13056 = CARTESIAN_POINT('',(0.,-6.28318530718));
#13057 = VECTOR('',#13058,1.);
#13058 = DIRECTION('',(0.,1.));
#13059 = ( GEOMETRIC_REPRESENTATION_CONTEXT(2) 
PARAMETRIC_REPRESENTATION_CONTEXT() REPRESENTATION_CONTEXT('2D SPACE',''
  ) );
#13060 = ORIENTED_EDGE('',*,*,#13037,.T.);
#13061 = ADVANCED_FACE('',(#13062),#11051,.F.);
#13062 = FACE_BOUND('',#13063,.F.);
#13063 = EDGE_LOOP('',(#13064,#13065,#13089));
#13064 = ORIENTED_EDGE('',*,*,#11034,.F.);
#13065 = ORIENTED_EDGE('',*,*,#13066,.F.);
#13066 = EDGE_CURVE('',#13067,#11035,#13069,.T.);
#13067 = VERTEX_POINT('',#13068);
#13068 = CARTESIAN_POINT('',(-75.34616712265,173.32009313401,13.55));
#13069 = SEAM_CURVE('',#13070,(#13075,#13082),.PCURVE_S1.);
#13070 = CIRCLE('',#13071,1.569444444444);
#13071 = AXIS2_PLACEMENT_3D('',#13072,#13073,#13074);
#13072 = CARTESIAN_POINT('',(-75.34616712265,173.32009313401,
    15.119444444444));
#13073 = DIRECTION('',(-2.449293598295E-16,-1.,0.));
#13074 = DIRECTION('',(1.,-2.449293598295E-16,0.));
#13075 = PCURVE('',#11051,#13076);
#13076 = DEFINITIONAL_REPRESENTATION('',(#13077),#13081);
#13077 = LINE('',#13078,#13079);
#13078 = CARTESIAN_POINT('',(6.28318530718,-6.28318530718));
#13079 = VECTOR('',#13080,1.);
#13080 = DIRECTION('',(0.,1.));
#13081 = ( GEOMETRIC_REPRESENTATION_CONTEXT(2) 
PARAMETRIC_REPRESENTATION_CONTEXT() REPRESENTATION_CONTEXT('2D SPACE',''
  ) );
#13082 = PCURVE('',#11051,#13083);
#13083 = DEFINITIONAL_REPRESENTATION('',(#13084),#13088);
#13084 = LINE('',#13085,#13086);
#13085 = CARTESIAN_POINT('',(0.,-6.28318530718));
#13086 = VECTOR('',#13087,1.);
#13087 = DIRECTION('',(0.,1.));
#13088 = ( GEOMETRIC_REPRESENTATION_CONTEXT(2) 
PARAMETRIC_REPRESENTATION_CONTEXT() REPRESENTATION_CONTEXT('2D SPACE',''
  ) );
#13089 = ORIENTED_EDGE('',*,*,#13066,.T.);
#13090 = ADVANCED_FACE('',(#13091),#11082,.F.);
#13091 = FACE_BOUND('',#13092,.F.);
#13092 = EDGE_LOOP('',(#13093,#13094,#13118));
#13093 = ORIENTED_EDGE('',*,*,#11065,.F.);
#13094 = ORIENTED_EDGE('',*,*,#13095,.F.);
#13095 = EDGE_CURVE('',#13096,#11066,#13098,.T.);
#13096 = VERTEX_POINT('',#13097);
#13097 = CARTESIAN_POINT('',(-72.82716721335,176.42690751062,13.55));
#13098 = SEAM_CURVE('',#13099,(#13104,#13111),.PCURVE_S1.);
#13099 = CIRCLE('',#13100,1.569444444444);
#13100 = AXIS2_PLACEMENT_3D('',#13101,#13102,#13103);
#13101 = CARTESIAN_POINT('',(-72.82716721335,176.42690751062,
    15.119444444444));
#13102 = DIRECTION('',(-2.449293598295E-16,-1.,0.));
#13103 = DIRECTION('',(1.,-2.449293598295E-16,0.));
#13104 = PCURVE('',#11082,#13105);
#13105 = DEFINITIONAL_REPRESENTATION('',(#13106),#13110);
#13106 = LINE('',#13107,#13108);
#13107 = CARTESIAN_POINT('',(6.28318530718,-6.28318530718));
#13108 = VECTOR('',#13109,1.);
#13109 = DIRECTION('',(0.,1.));
#13110 = ( GEOMETRIC_REPRESENTATION_CONTEXT(2) 
PARAMETRIC_REPRESENTATION_CONTEXT() REPRESENTATION_CONTEXT('2D SPACE',''
  ) );
#13111 = PCURVE('',#11082,#13112);
#13112 = DEFINITIONAL_REPRESENTATION('',(#13113),#13117);
#13113 = LINE('',#13114,#13115);
#13114 = CARTESIAN_POINT('',(0.,-6.28318530718));
#13115 = VECTOR('',#13116,1.);
#13116 = DIRECTION('',(0.,1.));
#13117 = ( GEOMETRIC_REPRESENTATION_CONTEXT(2) 
PARAMETRIC_REPRESENTATION_CONTEXT() REPRESENTATION_CONTEXT('2D SPACE',''
  ) );
#13118 = ORIENTED_EDGE('',*,*,#13095,.T.);
#13119 = ADVANCED_FACE('',(#13120),#11113,.F.);
#13120 = FACE_BOUND('',#13121,.F.);
#13121 = EDGE_LOOP('',(#13122,#13123,#13147));
#13122 = ORIENTED_EDGE('',*,*,#11096,.F.);
#13123 = ORIENTED_EDGE('',*,*,#13124,.F.);
#13124 = EDGE_CURVE('',#13125,#11097,#13127,.T.);
#13125 = VERTEX_POINT('',#13126);
#13126 = CARTESIAN_POINT('',(-70.1801546137,179.42540386899,13.55));
#13127 = SEAM_CURVE('',#13128,(#13133,#13140),.PCURVE_S1.);
#13128 = CIRCLE('',#13129,1.569444444444);
#13129 = AXIS2_PLACEMENT_3D('',#13130,#13131,#13132);
#13130 = CARTESIAN_POINT('',(-70.1801546137,179.42540386899,
    15.119444444444));
#13131 = DIRECTION('',(-2.449293598295E-16,-1.,0.));
#13132 = DIRECTION('',(1.,-2.449293598295E-16,0.));
#13133 = PCURVE('',#11113,#13134);
#13134 = DEFINITIONAL_REPRESENTATION('',(#13135),#13139);
#13135 = LINE('',#13136,#13137);
#13136 = CARTESIAN_POINT('',(6.28318530718,-6.28318530718));
#13137 = VECTOR('',#13138,1.);
#13138 = DIRECTION('',(0.,1.));
#13139 = ( GEOMETRIC_REPRESENTATION_CONTEXT(2) 
PARAMETRIC_REPRESENTATION_CONTEXT() REPRESENTATION_CONTEXT('2D SPACE',''
  ) );
#13140 = PCURVE('',#11113,#13141);
#13141 = DEFINITIONAL_REPRESENTATION('',(#13142),#13146);
#13142 = LINE('',#13143,#13144);
#13143 = CARTESIAN_POINT('',(0.,-6.28318530718));
#13144 = VECTOR('',#13145,1.);
#13145 = DIRECTION('',(0.,1.));
#13146 = ( GEOMETRIC_REPRESENTATION_CONTEXT(2) 
PARAMETRIC_REPRESENTATION_CONTEXT() REPRESENTATION_CONTEXT('2D SPACE',''
  ) );
#13147 = ORIENTED_EDGE('',*,*,#13124,.T.);
#13148 = ADVANCED_FACE('',(#13149),#11144,.F.);
#13149 = FACE_BOUND('',#13150,.F.);
#13150 = EDGE_LOOP('',(#13151,#13152,#13176));
#13151 = ORIENTED_EDGE('',*,*,#11127,.F.);
#13152 = ORIENTED_EDGE('',*,*,#13153,.F.);
#13153 = EDGE_CURVE('',#13154,#11128,#13156,.T.);
#13154 = VERTEX_POINT('',#13155);
#13155 = CARTESIAN_POINT('',(-67.4097821369,182.31031157178,13.55));
#13156 = SEAM_CURVE('',#13157,(#13162,#13169),.PCURVE_S1.);
#13157 = CIRCLE('',#13158,1.569444444444);
#13158 = AXIS2_PLACEMENT_3D('',#13159,#13160,#13161);
#13159 = CARTESIAN_POINT('',(-67.4097821369,182.31031157178,
    15.119444444444));
#13160 = DIRECTION('',(-2.449293598295E-16,-1.,0.));
#13161 = DIRECTION('',(1.,-2.449293598295E-16,0.));
#13162 = PCURVE('',#11144,#13163);
#13163 = DEFINITIONAL_REPRESENTATION('',(#13164),#13168);
#13164 = LINE('',#13165,#13166);
#13165 = CARTESIAN_POINT('',(6.28318530718,-6.28318530718));
#13166 = VECTOR('',#13167,1.);
#13167 = DIRECTION('',(0.,1.));
#13168 = ( GEOMETRIC_REPRESENTATION_CONTEXT(2) 
PARAMETRIC_REPRESENTATION_CONTEXT() REPRESENTATION_CONTEXT('2D SPACE',''
  ) );
#13169 = PCURVE('',#11144,#13170);
#13170 = DEFINITIONAL_REPRESENTATION('',(#13171),#13175);
#13171 = LINE('',#13172,#13173);
#13172 = CARTESIAN_POINT('',(0.,-6.28318530718));
#13173 = VECTOR('',#13174,1.);
#13174 = DIRECTION('',(0.,1.));
#13175 = ( GEOMETRIC_REPRESENTATION_CONTEXT(2) 
PARAMETRIC_REPRESENTATION_CONTEXT() REPRESENTATION_CONTEXT('2D SPACE',''
  ) );
#13176 = ORIENTED_EDGE('',*,*,#13153,.T.);
#13177 = ADVANCED_FACE('',(#13178),#11175,.F.);
#13178 = FACE_BOUND('',#13179,.F.);
#13179 = EDGE_LOOP('',(#13180,#13181,#13205));
#13180 = ORIENTED_EDGE('',*,*,#11158,.F.);
#13181 = ORIENTED_EDGE('',*,*,#13182,.F.);
#13182 = EDGE_CURVE('',#13183,#11159,#13185,.T.);
#13183 = VERTEX_POINT('',#13184);
#13184 = CARTESIAN_POINT('',(-64.52091943322,185.07655964328,13.55));
#13185 = SEAM_CURVE('',#13186,(#13191,#13198),.PCURVE_S1.);
#13186 = CIRCLE('',#13187,1.569444444444);
#13187 = AXIS2_PLACEMENT_3D('',#13188,#13189,#13190);
#13188 = CARTESIAN_POINT('',(-64.52091943322,185.07655964328,
    15.119444444444));
#13189 = DIRECTION('',(-2.449293598295E-16,-1.,0.));
#13190 = DIRECTION('',(1.,-2.449293598295E-16,0.));
#13191 = PCURVE('',#11175,#13192);
#13192 = DEFINITIONAL_REPRESENTATION('',(#13193),#13197);
#13193 = LINE('',#13194,#13195);
#13194 = CARTESIAN_POINT('',(6.28318530718,-6.28318530718));
#13195 = VECTOR('',#13196,1.);
#13196 = DIRECTION('',(0.,1.));
#13197 = ( GEOMETRIC_REPRESENTATION_CONTEXT(2) 
PARAMETRIC_REPRESENTATION_CONTEXT() REPRESENTATION_CONTEXT('2D SPACE',''
  ) );
#13198 = PCURVE('',#11175,#13199);
#13199 = DEFINITIONAL_REPRESENTATION('',(#13200),#13204);
#13200 = LINE('',#13201,#13202);
#13201 = CARTESIAN_POINT('',(0.,-6.28318530718));
#13202 = VECTOR('',#13203,1.);
#13203 = DIRECTION('',(0.,1.));
#13204 = ( GEOMETRIC_REPRESENTATION_CONTEXT(2) 
PARAMETRIC_REPRESENTATION_CONTEXT() REPRESENTATION_CONTEXT('2D SPACE',''
  ) );
#13205 = ORIENTED_EDGE('',*,*,#13182,.T.);
#13206 = ADVANCED_FACE('',(#13207),#11206,.F.);
#13207 = FACE_BOUND('',#13208,.F.);
#13208 = EDGE_LOOP('',(#13209,#13210,#13234));
#13209 = ORIENTED_EDGE('',*,*,#11189,.F.);
#13210 = ORIENTED_EDGE('',*,*,#13211,.F.);
#13211 = EDGE_CURVE('',#13212,#11190,#13214,.T.);
#13212 = VERTEX_POINT('',#13213);
#13213 = CARTESIAN_POINT('',(-61.51864443031,187.71928568294,13.55));
#13214 = SEAM_CURVE('',#13215,(#13220,#13227),.PCURVE_S1.);
#13215 = CIRCLE('',#13216,1.569444444444);
#13216 = AXIS2_PLACEMENT_3D('',#13217,#13218,#13219);
#13217 = CARTESIAN_POINT('',(-61.51864443031,187.71928568294,
    15.119444444444));
#13218 = DIRECTION('',(-2.449293598295E-16,-1.,0.));
#13219 = DIRECTION('',(1.,-2.449293598295E-16,0.));
#13220 = PCURVE('',#11206,#13221);
#13221 = DEFINITIONAL_REPRESENTATION('',(#13222),#13226);
#13222 = LINE('',#13223,#13224);
#13223 = CARTESIAN_POINT('',(6.28318530718,-6.28318530718));
#13224 = VECTOR('',#13225,1.);
#13225 = DIRECTION('',(0.,1.));
#13226 = ( GEOMETRIC_REPRESENTATION_CONTEXT(2) 
PARAMETRIC_REPRESENTATION_CONTEXT() REPRESENTATION_CONTEXT('2D SPACE',''
  ) );
#13227 = PCURVE('',#11206,#13228);
#13228 = DEFINITIONAL_REPRESENTATION('',(#13229),#13233);
#13229 = LINE('',#13230,#13231);
#13230 = CARTESIAN_POINT('',(0.,-6.28318530718));
#13231 = VECTOR('',#13232,1.);
#13232 = DIRECTION('',(0.,1.));
#13233 = ( GEOMETRIC_REPRESENTATION_CONTEXT(2) 
PARAMETRIC_REPRESENTATION_CONTEXT() REPRESENTATION_CONTEXT('2D SPACE',''
  ) );
#13234 = ORIENTED_EDGE('',*,*,#13211,.T.);
#13235 = ADVANCED_FACE('',(#13236),#11237,.F.);
#13236 = FACE_BOUND('',#13237,.F.);
#13237 = EDGE_LOOP('',(#13238,#13239,#13263));
#13238 = ORIENTED_EDGE('',*,*,#11220,.F.);
#13239 = ORIENTED_EDGE('',*,*,#13240,.F.);
#13240 = EDGE_CURVE('',#13241,#11221,#13243,.T.);
#13241 = VERTEX_POINT('',#13242);
#13242 = CARTESIAN_POINT('',(-58.40823440745,190.23384441232,13.55));
#13243 = SEAM_CURVE('',#13244,(#13249,#13256),.PCURVE_S1.);
#13244 = CIRCLE('',#13245,1.569444444444);
#13245 = AXIS2_PLACEMENT_3D('',#13246,#13247,#13248);
#13246 = CARTESIAN_POINT('',(-58.40823440745,190.23384441232,
    15.119444444444));
#13247 = DIRECTION('',(-2.449293598295E-16,-1.,0.));
#13248 = DIRECTION('',(1.,-2.449293598295E-16,0.));
#13249 = PCURVE('',#11237,#13250);
#13250 = DEFINITIONAL_REPRESENTATION('',(#13251),#13255);
#13251 = LINE('',#13252,#13253);
#13252 = CARTESIAN_POINT('',(6.28318530718,-6.28318530718));
#13253 = VECTOR('',#13254,1.);
#13254 = DIRECTION('',(0.,1.));
#13255 = ( GEOMETRIC_REPRESENTATION_CONTEXT(2) 
PARAMETRIC_REPRESENTATION_CONTEXT() REPRESENTATION_CONTEXT('2D SPACE',''
  ) );
#13256 = PCURVE('',#11237,#13257);
#13257 = DEFINITIONAL_REPRESENTATION('',(#13258),#13262);
#13258 = LINE('',#13259,#13260);
#13259 = CARTESIAN_POINT('',(0.,-6.28318530718));
#13260 = VECTOR('',#13261,1.);
#13261 = DIRECTION('',(0.,1.));
#13262 = ( GEOMETRIC_REPRESENTATION_CONTEXT(2) 
PARAMETRIC_REPRESENTATION_CONTEXT() REPRESENTATION_CONTEXT('2D SPACE',''
  ) );
#13263 = ORIENTED_EDGE('',*,*,#13240,.T.);
#13264 = ADVANCED_FACE('',(#13265),#11268,.F.);
#13265 = FACE_BOUND('',#13266,.F.);
#13266 = EDGE_LOOP('',(#13267,#13268,#13292));
#13267 = ORIENTED_EDGE('',*,*,#11251,.F.);
#13268 = ORIENTED_EDGE('',*,*,#13269,.F.);
#13269 = EDGE_CURVE('',#13270,#11252,#13272,.T.);
#13270 = VERTEX_POINT('',#13271);
#13271 = CARTESIAN_POINT('',(-55.19515671934,192.61581584035,13.55));
#13272 = SEAM_CURVE('',#13273,(#13278,#13285),.PCURVE_S1.);
#13273 = CIRCLE('',#13274,1.569444444444);
#13274 = AXIS2_PLACEMENT_3D('',#13275,#13276,#13277);
#13275 = CARTESIAN_POINT('',(-55.19515671934,192.61581584035,
    15.119444444444));
#13276 = DIRECTION('',(-2.449293598295E-16,-1.,0.));
#13277 = DIRECTION('',(1.,-2.449293598295E-16,0.));
#13278 = PCURVE('',#11268,#13279);
#13279 = DEFINITIONAL_REPRESENTATION('',(#13280),#13284);
#13280 = LINE('',#13281,#13282);
#13281 = CARTESIAN_POINT('',(6.28318530718,-6.28318530718));
#13282 = VECTOR('',#13283,1.);
#13283 = DIRECTION('',(0.,1.));
#13284 = ( GEOMETRIC_REPRESENTATION_CONTEXT(2) 
PARAMETRIC_REPRESENTATION_CONTEXT() REPRESENTATION_CONTEXT('2D SPACE',''
  ) );
#13285 = PCURVE('',#11268,#13286);
#13286 = DEFINITIONAL_REPRESENTATION('',(#13287),#13291);
#13287 = LINE('',#13288,#13289);
#13288 = CARTESIAN_POINT('',(0.,-6.28318530718));
#13289 = VECTOR('',#13290,1.);
#13290 = DIRECTION('',(0.,1.));
#13291 = ( GEOMETRIC_REPRESENTATION_CONTEXT(2) 
PARAMETRIC_REPRESENTATION_CONTEXT() REPRESENTATION_CONTEXT('2D SPACE',''
  ) );
#13292 = ORIENTED_EDGE('',*,*,#13269,.T.);
#13293 = ADVANCED_FACE('',(#13294),#11299,.F.);
#13294 = FACE_BOUND('',#13295,.F.);
#13295 = EDGE_LOOP('',(#13296,#13297,#13321));
#13296 = ORIENTED_EDGE('',*,*,#11282,.F.);
#13297 = ORIENTED_EDGE('',*,*,#13298,.F.);
#13298 = EDGE_CURVE('',#13299,#11283,#13301,.T.);
#13299 = VERTEX_POINT('',#13300);
#13300 = CARTESIAN_POINT('',(-51.8850591858,194.86101303265,13.55));
#13301 = SEAM_CURVE('',#13302,(#13307,#13314),.PCURVE_S1.);
#13302 = CIRCLE('',#13303,1.569444444444);
#13303 = AXIS2_PLACEMENT_3D('',#13304,#13305,#13306);
#13304 = CARTESIAN_POINT('',(-51.8850591858,194.86101303265,
    15.119444444444));
#13305 = DIRECTION('',(-2.449293598295E-16,-1.,0.));
#13306 = DIRECTION('',(1.,-2.449293598295E-16,0.));
#13307 = PCURVE('',#11299,#13308);
#13308 = DEFINITIONAL_REPRESENTATION('',(#13309),#13313);
#13309 = LINE('',#13310,#13311);
#13310 = CARTESIAN_POINT('',(6.28318530718,-6.28318530718));
#13311 = VECTOR('',#13312,1.);
#13312 = DIRECTION('',(0.,1.));
#13313 = ( GEOMETRIC_REPRESENTATION_CONTEXT(2) 
PARAMETRIC_REPRESENTATION_CONTEXT() REPRESENTATION_CONTEXT('2D SPACE',''
  ) );
#13314 = PCURVE('',#11299,#13315);
#13315 = DEFINITIONAL_REPRESENTATION('',(#13316),#13320);
#13316 = LINE('',#13317,#13318);
#13317 = CARTESIAN_POINT('',(0.,-6.28318530718));
#13318 = VECTOR('',#13319,1.);
#13319 = DIRECTION('',(0.,1.));
#13320 = ( GEOMETRIC_REPRESENTATION_CONTEXT(2) 
PARAMETRIC_REPRESENTATION_CONTEXT() REPRESENTATION_CONTEXT('2D SPACE',''
  ) );
#13321 = ORIENTED_EDGE('',*,*,#13298,.T.);
#13322 = ADVANCED_FACE('',(#13323),#11330,.F.);
#13323 = FACE_BOUND('',#13324,.F.);
#13324 = EDGE_LOOP('',(#13325,#13326,#13350));
#13325 = ORIENTED_EDGE('',*,*,#11313,.F.);
#13326 = ORIENTED_EDGE('',*,*,#13327,.F.);
#13327 = EDGE_CURVE('',#13328,#11314,#13330,.T.);
#13328 = VERTEX_POINT('',#13329);
#13329 = CARTESIAN_POINT('',(-48.4837601643,196.96548947113,13.55));
#13330 = SEAM_CURVE('',#13331,(#13336,#13343),.PCURVE_S1.);
#13331 = CIRCLE('',#13332,1.569444444444);
#13332 = AXIS2_PLACEMENT_3D('',#13333,#13334,#13335);
#13333 = CARTESIAN_POINT('',(-48.4837601643,196.96548947113,
    15.119444444444));
#13334 = DIRECTION('',(-2.449293598295E-16,-1.,0.));
#13335 = DIRECTION('',(1.,-2.449293598295E-16,0.));
#13336 = PCURVE('',#11330,#13337);
#13337 = DEFINITIONAL_REPRESENTATION('',(#13338),#13342);
#13338 = LINE('',#13339,#13340);
#13339 = CARTESIAN_POINT('',(6.28318530718,-6.28318530718));
#13340 = VECTOR('',#13341,1.);
#13341 = DIRECTION('',(0.,1.));
#13342 = ( GEOMETRIC_REPRESENTATION_CONTEXT(2) 
PARAMETRIC_REPRESENTATION_CONTEXT() REPRESENTATION_CONTEXT('2D SPACE',''
  ) );
#13343 = PCURVE('',#11330,#13344);
#13344 = DEFINITIONAL_REPRESENTATION('',(#13345),#13349);
#13345 = LINE('',#13346,#13347);
#13346 = CARTESIAN_POINT('',(0.,-6.28318530718));
#13347 = VECTOR('',#13348,1.);
#13348 = DIRECTION('',(0.,1.));
#13349 = ( GEOMETRIC_REPRESENTATION_CONTEXT(2) 
PARAMETRIC_REPRESENTATION_CONTEXT() REPRESENTATION_CONTEXT('2D SPACE',''
  ) );
#13350 = ORIENTED_EDGE('',*,*,#13327,.T.);
#13351 = ADVANCED_FACE('',(#13352),#11361,.F.);
#13352 = FACE_BOUND('',#13353,.F.);
#13353 = EDGE_LOOP('',(#13354,#13355,#13379));
#13354 = ORIENTED_EDGE('',*,*,#11344,.F.);
#13355 = ORIENTED_EDGE('',*,*,#13356,.F.);
#13356 = EDGE_CURVE('',#13357,#11345,#13359,.T.);
#13357 = VERTEX_POINT('',#13358);
#13358 = CARTESIAN_POINT('',(-44.9972383226,198.92554599102,13.55));
#13359 = SEAM_CURVE('',#13360,(#13365,#13372),.PCURVE_S1.);
#13360 = CIRCLE('',#13361,1.569444444444);
#13361 = AXIS2_PLACEMENT_3D('',#13362,#13363,#13364);
#13362 = CARTESIAN_POINT('',(-44.9972383226,198.92554599102,
    15.119444444444));
#13363 = DIRECTION('',(-2.449293598295E-16,-1.,0.));
#13364 = DIRECTION('',(1.,-2.449293598295E-16,0.));
#13365 = PCURVE('',#11361,#13366);
#13366 = DEFINITIONAL_REPRESENTATION('',(#13367),#13371);
#13367 = LINE('',#13368,#13369);
#13368 = CARTESIAN_POINT('',(6.28318530718,-6.28318530718));
#13369 = VECTOR('',#13370,1.);
#13370 = DIRECTION('',(0.,1.));
#13371 = ( GEOMETRIC_REPRESENTATION_CONTEXT(2) 
PARAMETRIC_REPRESENTATION_CONTEXT() REPRESENTATION_CONTEXT('2D SPACE',''
  ) );
#13372 = PCURVE('',#11361,#13373);
#13373 = DEFINITIONAL_REPRESENTATION('',(#13374),#13378);
#13374 = LINE('',#13375,#13376);
#13375 = CARTESIAN_POINT('',(0.,-6.28318530718));
#13376 = VECTOR('',#13377,1.);
#13377 = DIRECTION('',(0.,1.));
#13378 = ( GEOMETRIC_REPRESENTATION_CONTEXT(2) 
PARAMETRIC_REPRESENTATION_CONTEXT() REPRESENTATION_CONTEXT('2D SPACE',''
  ) );
#13379 = ORIENTED_EDGE('',*,*,#13356,.T.);
#13380 = ADVANCED_FACE('',(#13381),#11392,.F.);
#13381 = FACE_BOUND('',#13382,.F.);
#13382 = EDGE_LOOP('',(#13383,#13384,#13408));
#13383 = ORIENTED_EDGE('',*,*,#11375,.F.);
#13384 = ORIENTED_EDGE('',*,*,#13385,.F.);
#13385 = EDGE_CURVE('',#13386,#11376,#13388,.T.);
#13386 = VERTEX_POINT('',#13387);
#13387 = CARTESIAN_POINT('',(-41.43162212976,200.73773728314,13.55));
#13388 = SEAM_CURVE('',#13389,(#13394,#13401),.PCURVE_S1.);
#13389 = CIRCLE('',#13390,1.569444444444);
#13390 = AXIS2_PLACEMENT_3D('',#13391,#13392,#13393);
#13391 = CARTESIAN_POINT('',(-41.43162212976,200.73773728314,
    15.119444444444));
#13392 = DIRECTION('',(-2.449293598295E-16,-1.,0.));
#13393 = DIRECTION('',(1.,-2.449293598295E-16,0.));
#13394 = PCURVE('',#11392,#13395);
#13395 = DEFINITIONAL_REPRESENTATION('',(#13396),#13400);
#13396 = LINE('',#13397,#13398);
#13397 = CARTESIAN_POINT('',(6.28318530718,-6.28318530718));
#13398 = VECTOR('',#13399,1.);
#13399 = DIRECTION('',(0.,1.));
#13400 = ( GEOMETRIC_REPRESENTATION_CONTEXT(2) 
PARAMETRIC_REPRESENTATION_CONTEXT() REPRESENTATION_CONTEXT('2D SPACE',''
  ) );
#13401 = PCURVE('',#11392,#13402);
#13402 = DEFINITIONAL_REPRESENTATION('',(#13403),#13407);
#13403 = LINE('',#13404,#13405);
#13404 = CARTESIAN_POINT('',(0.,-6.28318530718));
#13405 = VECTOR('',#13406,1.);
#13406 = DIRECTION('',(0.,1.));
#13407 = ( GEOMETRIC_REPRESENTATION_CONTEXT(2) 
PARAMETRIC_REPRESENTATION_CONTEXT() REPRESENTATION_CONTEXT('2D SPACE',''
  ) );
#13408 = ORIENTED_EDGE('',*,*,#13385,.T.);
#13409 = ADVANCED_FACE('',(#13410),#11423,.F.);
#13410 = FACE_BOUND('',#13411,.F.);
#13411 = EDGE_LOOP('',(#13412,#13413,#13437));
#13412 = ORIENTED_EDGE('',*,*,#11406,.F.);
#13413 = ORIENTED_EDGE('',*,*,#13414,.F.);
#13414 = EDGE_CURVE('',#13415,#11407,#13417,.T.);
#13415 = VERTEX_POINT('',#13416);
#13416 = CARTESIAN_POINT('',(-37.79317908375,202.39887794989,13.55));
#13417 = SEAM_CURVE('',#13418,(#13423,#13430),.PCURVE_S1.);
#13418 = CIRCLE('',#13419,1.569444444444);
#13419 = AXIS2_PLACEMENT_3D('',#13420,#13421,#13422);
#13420 = CARTESIAN_POINT('',(-37.79317908375,202.39887794989,
    15.119444444444));
#13421 = DIRECTION('',(-2.449293598295E-16,-1.,0.));
#13422 = DIRECTION('',(1.,-2.449293598295E-16,0.));
#13423 = PCURVE('',#11423,#13424);
#13424 = DEFINITIONAL_REPRESENTATION('',(#13425),#13429);
#13425 = LINE('',#13426,#13427);
#13426 = CARTESIAN_POINT('',(6.28318530718,-6.28318530718));
#13427 = VECTOR('',#13428,1.);
#13428 = DIRECTION('',(0.,1.));
#13429 = ( GEOMETRIC_REPRESENTATION_CONTEXT(2) 
PARAMETRIC_REPRESENTATION_CONTEXT() REPRESENTATION_CONTEXT('2D SPACE',''
  ) );
#13430 = PCURVE('',#11423,#13431);
#13431 = DEFINITIONAL_REPRESENTATION('',(#13432),#13436);
#13432 = LINE('',#13433,#13434);
#13433 = CARTESIAN_POINT('',(0.,-6.28318530718));
#13434 = VECTOR('',#13435,1.);
#13435 = DIRECTION('',(0.,1.));
#13436 = ( GEOMETRIC_REPRESENTATION_CONTEXT(2) 
PARAMETRIC_REPRESENTATION_CONTEXT() REPRESENTATION_CONTEXT('2D SPACE',''
  ) );
#13437 = ORIENTED_EDGE('',*,*,#13414,.T.);
#13438 = ADVANCED_FACE('',(#13439),#11454,.F.);
#13439 = FACE_BOUND('',#13440,.F.);
#13440 = EDGE_LOOP('',(#13441,#13442,#13466));
#13441 = ORIENTED_EDGE('',*,*,#11437,.F.);
#13442 = ORIENTED_EDGE('',*,*,#13443,.F.);
#13443 = EDGE_CURVE('',#13444,#11438,#13446,.T.);
#13444 = VERTEX_POINT('',#13445);
#13445 = CARTESIAN_POINT('',(-34.08830469466,203.90604810447,13.55));
#13446 = SEAM_CURVE('',#13447,(#13452,#13459),.PCURVE_S1.);
#13447 = CIRCLE('',#13448,1.569444444444);
#13448 = AXIS2_PLACEMENT_3D('',#13449,#13450,#13451);
#13449 = CARTESIAN_POINT('',(-34.08830469466,203.90604810447,
    15.119444444444));
#13450 = DIRECTION('',(-2.449293598295E-16,-1.,0.));
#13451 = DIRECTION('',(1.,-2.449293598295E-16,0.));
#13452 = PCURVE('',#11454,#13453);
#13453 = DEFINITIONAL_REPRESENTATION('',(#13454),#13458);
#13454 = LINE('',#13455,#13456);
#13455 = CARTESIAN_POINT('',(6.28318530718,-6.28318530718));
#13456 = VECTOR('',#13457,1.);
#13457 = DIRECTION('',(0.,1.));
#13458 = ( GEOMETRIC_REPRESENTATION_CONTEXT(2) 
PARAMETRIC_REPRESENTATION_CONTEXT() REPRESENTATION_CONTEXT('2D SPACE',''
  ) );
#13459 = PCURVE('',#11454,#13460);
#13460 = DEFINITIONAL_REPRESENTATION('',(#13461),#13465);
#13461 = LINE('',#13462,#13463);
#13462 = CARTESIAN_POINT('',(0.,-6.28318530718));
#13463 = VECTOR('',#13464,1.);
#13464 = DIRECTION('',(0.,1.));
#13465 = ( GEOMETRIC_REPRESENTATION_CONTEXT(2) 
PARAMETRIC_REPRESENTATION_CONTEXT() REPRESENTATION_CONTEXT('2D SPACE',''
  ) );
#13466 = ORIENTED_EDGE('',*,*,#13443,.T.);
#13467 = ADVANCED_FACE('',(#13468),#11485,.F.);
#13468 = FACE_BOUND('',#13469,.F.);
#13469 = EDGE_LOOP('',(#13470,#13471,#13495));
#13470 = ORIENTED_EDGE('',*,*,#11468,.F.);
#13471 = ORIENTED_EDGE('',*,*,#13472,.F.);
#13472 = EDGE_CURVE('',#13473,#11469,#13475,.T.);
#13473 = VERTEX_POINT('',#13474);
#13474 = CARTESIAN_POINT('',(-30.32351124294,205.25659850327,13.55));
#13475 = SEAM_CURVE('',#13476,(#13481,#13488),.PCURVE_S1.);
#13476 = CIRCLE('',#13477,1.569444444444);
#13477 = AXIS2_PLACEMENT_3D('',#13478,#13479,#13480);
#13478 = CARTESIAN_POINT('',(-30.32351124294,205.25659850327,
    15.119444444444));
#13479 = DIRECTION('',(-2.449293598295E-16,-1.,0.));
#13480 = DIRECTION('',(1.,-2.449293598295E-16,0.));
#13481 = PCURVE('',#11485,#13482);
#13482 = DEFINITIONAL_REPRESENTATION('',(#13483),#13487);
#13483 = LINE('',#13484,#13485);
#13484 = CARTESIAN_POINT('',(6.28318530718,-6.28318530718));
#13485 = VECTOR('',#13486,1.);
#13486 = DIRECTION('',(0.,1.));
#13487 = ( GEOMETRIC_REPRESENTATION_CONTEXT(2) 
PARAMETRIC_REPRESENTATION_CONTEXT() REPRESENTATION_CONTEXT('2D SPACE',''
  ) );
#13488 = PCURVE('',#11485,#13489);
#13489 = DEFINITIONAL_REPRESENTATION('',(#13490),#13494);
#13490 = LINE('',#13491,#13492);
#13491 = CARTESIAN_POINT('',(0.,-6.28318530718));
#13492 = VECTOR('',#13493,1.);
#13493 = DIRECTION('',(0.,1.));
#13494 = ( GEOMETRIC_REPRESENTATION_CONTEXT(2) 
PARAMETRIC_REPRESENTATION_CONTEXT() REPRESENTATION_CONTEXT('2D SPACE',''
  ) );
#13495 = ORIENTED_EDGE('',*,*,#13472,.T.);
#13496 = ADVANCED_FACE('',(#13497),#11516,.F.);
#13497 = FACE_BOUND('',#13498,.F.);
#13498 = EDGE_LOOP('',(#13499,#13500,#13524));
#13499 = ORIENTED_EDGE('',*,*,#11499,.F.);
#13500 = ORIENTED_EDGE('',*,*,#13501,.F.);
#13501 = EDGE_CURVE('',#13502,#11500,#13504,.T.);
#13502 = VERTEX_POINT('',#13503);
#13503 = CARTESIAN_POINT('',(-26.50541633239,206.44815520265,13.55));
#13504 = SEAM_CURVE('',#13505,(#13510,#13517),.PCURVE_S1.);
#13505 = CIRCLE('',#13506,1.569444444444);
#13506 = AXIS2_PLACEMENT_3D('',#13507,#13508,#13509);
#13507 = CARTESIAN_POINT('',(-26.50541633239,206.44815520265,
    15.119444444444));
#13508 = DIRECTION('',(-2.449293598295E-16,-1.,0.));
#13509 = DIRECTION('',(1.,-2.449293598295E-16,0.));
#13510 = PCURVE('',#11516,#13511);
#13511 = DEFINITIONAL_REPRESENTATION('',(#13512),#13516);
#13512 = LINE('',#13513,#13514);
#13513 = CARTESIAN_POINT('',(6.28318530718,-6.28318530718));
#13514 = VECTOR('',#13515,1.);
#13515 = DIRECTION('',(0.,1.));
#13516 = ( GEOMETRIC_REPRESENTATION_CONTEXT(2) 
PARAMETRIC_REPRESENTATION_CONTEXT() REPRESENTATION_CONTEXT('2D SPACE',''
  ) );
#13517 = PCURVE('',#11516,#13518);
#13518 = DEFINITIONAL_REPRESENTATION('',(#13519),#13523);
#13519 = LINE('',#13520,#13521);
#13520 = CARTESIAN_POINT('',(0.,-6.28318530718));
#13521 = VECTOR('',#13522,1.);
#13522 = DIRECTION('',(0.,1.));
#13523 = ( GEOMETRIC_REPRESENTATION_CONTEXT(2) 
PARAMETRIC_REPRESENTATION_CONTEXT() REPRESENTATION_CONTEXT('2D SPACE',''
  ) );
#13524 = ORIENTED_EDGE('',*,*,#13501,.T.);
#13525 = ADVANCED_FACE('',(#13526),#11547,.F.);
#13526 = FACE_BOUND('',#13527,.F.);
#13527 = EDGE_LOOP('',(#13528,#13529,#13553));
#13528 = ORIENTED_EDGE('',*,*,#11530,.F.);
#13529 = ORIENTED_EDGE('',*,*,#13530,.F.);
#13530 = EDGE_CURVE('',#13531,#11531,#13533,.T.);
#13531 = VERTEX_POINT('',#13532);
#13532 = CARTESIAN_POINT('',(-22.64073125799,207.47862373178,13.55));
#13533 = SEAM_CURVE('',#13534,(#13539,#13546),.PCURVE_S1.);
#13534 = CIRCLE('',#13535,1.569444444444);
#13535 = AXIS2_PLACEMENT_3D('',#13536,#13537,#13538);
#13536 = CARTESIAN_POINT('',(-22.64073125799,207.47862373178,
    15.119444444444));
#13537 = DIRECTION('',(-2.449293598295E-16,-1.,0.));
#13538 = DIRECTION('',(1.,-2.449293598295E-16,0.));
#13539 = PCURVE('',#11547,#13540);
#13540 = DEFINITIONAL_REPRESENTATION('',(#13541),#13545);
#13541 = LINE('',#13542,#13543);
#13542 = CARTESIAN_POINT('',(6.28318530718,-6.28318530718));
#13543 = VECTOR('',#13544,1.);
#13544 = DIRECTION('',(0.,1.));
#13545 = ( GEOMETRIC_REPRESENTATION_CONTEXT(2) 
PARAMETRIC_REPRESENTATION_CONTEXT() REPRESENTATION_CONTEXT('2D SPACE',''
  ) );
#13546 = PCURVE('',#11547,#13547);
#13547 = DEFINITIONAL_REPRESENTATION('',(#13548),#13552);
#13548 = LINE('',#13549,#13550);
#13549 = CARTESIAN_POINT('',(0.,-6.28318530718));
#13550 = VECTOR('',#13551,1.);
#13551 = DIRECTION('',(0.,1.));
#13552 = ( GEOMETRIC_REPRESENTATION_CONTEXT(2) 
PARAMETRIC_REPRESENTATION_CONTEXT() REPRESENTATION_CONTEXT('2D SPACE',''
  ) );
#13553 = ORIENTED_EDGE('',*,*,#13530,.T.);
#13554 = ADVANCED_FACE('',(#13555),#11578,.F.);
#13555 = FACE_BOUND('',#13556,.F.);
#13556 = EDGE_LOOP('',(#13557,#13558,#13582));
#13557 = ORIENTED_EDGE('',*,*,#11561,.F.);
#13558 = ORIENTED_EDGE('',*,*,#13559,.F.);
#13559 = EDGE_CURVE('',#13560,#11562,#13562,.T.);
#13560 = VERTEX_POINT('',#13561);
#13561 = CARTESIAN_POINT('',(-18.73624920905,208.34619277416,13.55));
#13562 = SEAM_CURVE('',#13563,(#13568,#13575),.PCURVE_S1.);
#13563 = CIRCLE('',#13564,1.569444444444);
#13564 = AXIS2_PLACEMENT_3D('',#13565,#13566,#13567);
#13565 = CARTESIAN_POINT('',(-18.73624920905,208.34619277416,
    15.119444444444));
#13566 = DIRECTION('',(-2.449293598295E-16,-1.,0.));
#13567 = DIRECTION('',(1.,-2.449293598295E-16,0.));
#13568 = PCURVE('',#11578,#13569);
#13569 = DEFINITIONAL_REPRESENTATION('',(#13570),#13574);
#13570 = LINE('',#13571,#13572);
#13571 = CARTESIAN_POINT('',(6.28318530718,-6.28318530718));
#13572 = VECTOR('',#13573,1.);
#13573 = DIRECTION('',(0.,1.));
#13574 = ( GEOMETRIC_REPRESENTATION_CONTEXT(2) 
PARAMETRIC_REPRESENTATION_CONTEXT() REPRESENTATION_CONTEXT('2D SPACE',''
  ) );
#13575 = PCURVE('',#11578,#13576);
#13576 = DEFINITIONAL_REPRESENTATION('',(#13577),#13581);
#13577 = LINE('',#13578,#13579);
#13578 = CARTESIAN_POINT('',(0.,-6.28318530718));
#13579 = VECTOR('',#13580,1.);
#13580 = DIRECTION('',(0.,1.));
#13581 = ( GEOMETRIC_REPRESENTATION_CONTEXT(2) 
PARAMETRIC_REPRESENTATION_CONTEXT() REPRESENTATION_CONTEXT('2D SPACE',''
  ) );
#13582 = ORIENTED_EDGE('',*,*,#13559,.T.);
#13583 = ADVANCED_FACE('',(#13584),#11609,.F.);
#13584 = FACE_BOUND('',#13585,.F.);
#13585 = EDGE_LOOP('',(#13586,#13587,#13611));
#13586 = ORIENTED_EDGE('',*,*,#11592,.F.);
#13587 = ORIENTED_EDGE('',*,*,#13588,.F.);
#13588 = EDGE_CURVE('',#13589,#11593,#13591,.T.);
#13589 = VERTEX_POINT('',#13590);
#13590 = CARTESIAN_POINT('',(-14.79883332841,209.04933735152,13.55));
#13591 = SEAM_CURVE('',#13592,(#13597,#13604),.PCURVE_S1.);
#13592 = CIRCLE('',#13593,1.569444444444);
#13593 = AXIS2_PLACEMENT_3D('',#13594,#13595,#13596);
#13594 = CARTESIAN_POINT('',(-14.79883332841,209.04933735152,
    15.119444444444));
#13595 = DIRECTION('',(-2.449293598295E-16,-1.,0.));
#13596 = DIRECTION('',(1.,-2.449293598295E-16,0.));
#13597 = PCURVE('',#11609,#13598);
#13598 = DEFINITIONAL_REPRESENTATION('',(#13599),#13603);
#13599 = LINE('',#13600,#13601);
#13600 = CARTESIAN_POINT('',(6.28318530718,-6.28318530718));
#13601 = VECTOR('',#13602,1.);
#13602 = DIRECTION('',(0.,1.));
#13603 = ( GEOMETRIC_REPRESENTATION_CONTEXT(2) 
PARAMETRIC_REPRESENTATION_CONTEXT() REPRESENTATION_CONTEXT('2D SPACE',''
  ) );
#13604 = PCURVE('',#11609,#13605);
#13605 = DEFINITIONAL_REPRESENTATION('',(#13606),#13610);
#13606 = LINE('',#13607,#13608);
#13607 = CARTESIAN_POINT('',(0.,-6.28318530718));
#13608 = VECTOR('',#13609,1.);
#13609 = DIRECTION('',(0.,1.));
#13610 = ( GEOMETRIC_REPRESENTATION_CONTEXT(2) 
PARAMETRIC_REPRESENTATION_CONTEXT() REPRESENTATION_CONTEXT('2D SPACE',''
  ) );
#13611 = ORIENTED_EDGE('',*,*,#13588,.T.);
#13612 = ADVANCED_FACE('',(#13613),#11640,.F.);
#13613 = FACE_BOUND('',#13614,.F.);
#13614 = EDGE_LOOP('',(#13615,#13616,#13640));
#13615 = ORIENTED_EDGE('',*,*,#11623,.F.);
#13616 = ORIENTED_EDGE('',*,*,#13617,.F.);
#13617 = EDGE_CURVE('',#13618,#11624,#13620,.T.);
#13618 = VERTEX_POINT('',#13619);
#13619 = CARTESIAN_POINT('',(-10.83540464868,209.58682150437,13.55));
#13620 = SEAM_CURVE('',#13621,(#13626,#13633),.PCURVE_S1.);
#13621 = CIRCLE('',#13622,1.569444444444);
#13622 = AXIS2_PLACEMENT_3D('',#13623,#13624,#13625);
#13623 = CARTESIAN_POINT('',(-10.83540464868,209.58682150437,
    15.119444444444));
#13624 = DIRECTION('',(-2.449293598295E-16,-1.,0.));
#13625 = DIRECTION('',(1.,-2.449293598295E-16,0.));
#13626 = PCURVE('',#11640,#13627);
#13627 = DEFINITIONAL_REPRESENTATION('',(#13628),#13632);
#13628 = LINE('',#13629,#13630);
#13629 = CARTESIAN_POINT('',(6.28318530718,-6.28318530718));
#13630 = VECTOR('',#13631,1.);
#13631 = DIRECTION('',(0.,1.));
#13632 = ( GEOMETRIC_REPRESENTATION_CONTEXT(2) 
PARAMETRIC_REPRESENTATION_CONTEXT() REPRESENTATION_CONTEXT('2D SPACE',''
  ) );
#13633 = PCURVE('',#11640,#13634);
#13634 = DEFINITIONAL_REPRESENTATION('',(#13635),#13639);
#13635 = LINE('',#13636,#13637);
#13636 = CARTESIAN_POINT('',(0.,-6.28318530718));
#13637 = VECTOR('',#13638,1.);
#13638 = DIRECTION('',(0.,1.));
#13639 = ( GEOMETRIC_REPRESENTATION_CONTEXT(2) 
PARAMETRIC_REPRESENTATION_CONTEXT() REPRESENTATION_CONTEXT('2D SPACE',''
  ) );
#13640 = ORIENTED_EDGE('',*,*,#13617,.T.);
#13641 = ADVANCED_FACE('',(#13642),#11671,.T.);
#13642 = FACE_BOUND('',#13643,.T.);
#13643 = EDGE_LOOP('',(#13644,#13645,#13667,#13718));
#13644 = ORIENTED_EDGE('',*,*,#11654,.T.);
#13645 = ORIENTED_EDGE('',*,*,#13646,.T.);
#13646 = EDGE_CURVE('',#11655,#13647,#13649,.T.);
#13647 = VERTEX_POINT('',#13648);
#13648 = CARTESIAN_POINT('',(0.284,210.20415428035,18.05));
#13649 = SEAM_CURVE('',#13650,(#13653,#13660),.PCURVE_S1.);
#13650 = B_SPLINE_CURVE_WITH_KNOTS('',1,(#13651,#13652),.UNSPECIFIED.,
  .F.,.F.,(2,2),(0.,1.),.PIECEWISE_BEZIER_KNOTS.);
#13651 = CARTESIAN_POINT('',(2.2,210.20415428035,14.));
#13652 = CARTESIAN_POINT('',(0.284,210.20415428035,18.05));
#13653 = PCURVE('',#11671,#13654);
#13654 = DEFINITIONAL_REPRESENTATION('',(#13655),#13659);
#13655 = LINE('',#13656,#13657);
#13656 = CARTESIAN_POINT('',(6.28318530718,0.));
#13657 = VECTOR('',#13658,1.);
#13658 = DIRECTION('',(0.,1.));
#13659 = ( GEOMETRIC_REPRESENTATION_CONTEXT(2) 
PARAMETRIC_REPRESENTATION_CONTEXT() REPRESENTATION_CONTEXT('2D SPACE',''
  ) );
#13660 = PCURVE('',#11671,#13661);
#13661 = DEFINITIONAL_REPRESENTATION('',(#13662),#13666);
#13662 = LINE('',#13663,#13664);
#13663 = CARTESIAN_POINT('',(0.,0.));
#13664 = VECTOR('',#13665,1.);
#13665 = DIRECTION('',(0.,1.));
#13666 = ( GEOMETRIC_REPRESENTATION_CONTEXT(2) 
PARAMETRIC_REPRESENTATION_CONTEXT() REPRESENTATION_CONTEXT('2D SPACE',''
  ) );
#13667 = ORIENTED_EDGE('',*,*,#13668,.F.);
#13668 = EDGE_CURVE('',#13647,#13647,#13669,.T.);
#13669 = SURFACE_CURVE('',#13670,(#13675,#13682),.PCURVE_S1.);
#13670 = CIRCLE('',#13671,1.364);
#13671 = AXIS2_PLACEMENT_3D('',#13672,#13673,#13674);
#13672 = CARTESIAN_POINT('',(-1.08,210.20415428035,18.05));
#13673 = DIRECTION('',(0.,0.,1.));
#13674 = DIRECTION('',(1.,0.,-0.));
#13675 = PCURVE('',#11671,#13676);
#13676 = DEFINITIONAL_REPRESENTATION('',(#13677),#13681);
#13677 = LINE('',#13678,#13679);
#13678 = CARTESIAN_POINT('',(0.,1.));
#13679 = VECTOR('',#13680,1.);
#13680 = DIRECTION('',(1.,0.));
#13681 = ( GEOMETRIC_REPRESENTATION_CONTEXT(2) 
PARAMETRIC_REPRESENTATION_CONTEXT() REPRESENTATION_CONTEXT('2D SPACE',''
  ) );
#13682 = PCURVE('',#13683,#13712);
#13683 = B_SPLINE_SURFACE_WITH_KNOTS('',13,1,(
    (#13684,#13685)
    ,(#13686,#13687)
    ,(#13688,#13689)
    ,(#13690,#13691)
    ,(#13692,#13693)
    ,(#13694,#13695)
    ,(#13696,#13697)
    ,(#13698,#13699)
    ,(#13700,#13701)
    ,(#13702,#13703)
    ,(#13704,#13705)
    ,(#13706,#13707)
    ,(#13708,#13709)
    ,(#13710,#13711
    )),.UNSPECIFIED.,.T.,.F.,.F.,(14,14),(2,2),(0.,6.28318530718),(0.,1.
    ),.PIECEWISE_BEZIER_KNOTS.);
#13684 = CARTESIAN_POINT('',(0.284,210.20415428035,18.05));
#13685 = CARTESIAN_POINT('',(-2.02,210.20415428035,22.15));
#13686 = CARTESIAN_POINT('',(0.284,210.86340541566,18.049999999999));
#13687 = CARTESIAN_POINT('',(-2.02,210.5328132041,22.149999999998));
#13688 = CARTESIAN_POINT('',(-6.118498137873E-02,211.52265681458,
    18.050000000005));
#13689 = CARTESIAN_POINT('',(-2.192086354354,210.86147225936,
    22.150000000011));
#13690 = CARTESIAN_POINT('',(-0.751534393648,211.98473706578,
    18.049999999988));
#13691 = CARTESIAN_POINT('',(-2.536248817946,211.09183484769,
    22.149999999971));
#13692 = CARTESIAN_POINT('',(-1.663275289498,212.05249921513,
    18.050000000025));
#13693 = CARTESIAN_POINT('',(-2.990782402392,211.12561656492,
    22.150000000058));
#13694 = CARTESIAN_POINT('',(-2.548238574866,211.61516955421,
    18.049999999964));
#13695 = CARTESIAN_POINT('',(-3.431966444944,210.90759297938,
    22.149999999913));
#13696 = CARTESIAN_POINT('',(-3.103766772203,210.73536090528,
    18.050000000038));
#13697 = CARTESIAN_POINT('',(-3.708915986146,210.46897869812,
    22.1500000001));
#13698 = CARTESIAN_POINT('',(-3.103766772196,209.67294765552,
    18.049999999969));
#13699 = CARTESIAN_POINT('',(-3.708915986136,209.93932986269,
    22.149999999908));
#13700 = CARTESIAN_POINT('',(-2.548238574871,208.79313900627,
    18.050000000019));
#13701 = CARTESIAN_POINT('',(-3.431966444951,209.50071558109,
    22.150000000067));
#13702 = CARTESIAN_POINT('',(-1.663275289494,208.3558093458,
    18.049999999991));
#13703 = CARTESIAN_POINT('',(-2.990782402387,209.28269199602,
    22.149999999961));
#13704 = CARTESIAN_POINT('',(-0.751534393649,208.42357149479,
    18.050000000003));
#13705 = CARTESIAN_POINT('',(-2.536248817948,209.31647371288,
    22.150000000018));
#13706 = CARTESIAN_POINT('',(-6.118498137815E-02,208.88565174618,
    18.049999999999));
#13707 = CARTESIAN_POINT('',(-2.192086354353,209.5468363014,
    22.149999999994));
#13708 = CARTESIAN_POINT('',(0.284,209.54490314503,18.05));
#13709 = CARTESIAN_POINT('',(-2.02,209.87549535659,22.150000000001));
#13710 = CARTESIAN_POINT('',(0.284,210.20415428035,18.05));
#13711 = CARTESIAN_POINT('',(-2.02,210.20415428035,22.15));
#13712 = DEFINITIONAL_REPRESENTATION('',(#13713),#13717);
#13713 = LINE('',#13714,#13715);
#13714 = CARTESIAN_POINT('',(0.,0.));
#13715 = VECTOR('',#13716,1.);
#13716 = DIRECTION('',(1.,0.));
#13717 = ( GEOMETRIC_REPRESENTATION_CONTEXT(2) 
PARAMETRIC_REPRESENTATION_CONTEXT() REPRESENTATION_CONTEXT('2D SPACE',''
  ) );
#13718 = ORIENTED_EDGE('',*,*,#13646,.F.);
#13719 = ADVANCED_FACE('',(#13720),#11726,.F.);
#13720 = FACE_BOUND('',#13721,.F.);
#13721 = EDGE_LOOP('',(#13722,#13723,#13747));
#13722 = ORIENTED_EDGE('',*,*,#11709,.F.);
#13723 = ORIENTED_EDGE('',*,*,#13724,.F.);
#13724 = EDGE_CURVE('',#13725,#11710,#13727,.T.);
#13725 = VERTEX_POINT('',#13726);
#13726 = CARTESIAN_POINT('',(71.705906889848,177.7280997789,13.55));
#13727 = SEAM_CURVE('',#13728,(#13733,#13740),.PCURVE_S1.);
#13728 = CIRCLE('',#13729,1.569444444444);
#13729 = AXIS2_PLACEMENT_3D('',#13730,#13731,#13732);
#13730 = CARTESIAN_POINT('',(71.705906889848,177.7280997789,
    15.119444444444));
#13731 = DIRECTION('',(-2.449293598295E-16,-1.,0.));
#13732 = DIRECTION('',(1.,-2.449293598295E-16,0.));
#13733 = PCURVE('',#11726,#13734);
#13734 = DEFINITIONAL_REPRESENTATION('',(#13735),#13739);
#13735 = LINE('',#13736,#13737);
#13736 = CARTESIAN_POINT('',(6.28318530718,-6.28318530718));
#13737 = VECTOR('',#13738,1.);
#13738 = DIRECTION('',(0.,1.));
#13739 = ( GEOMETRIC_REPRESENTATION_CONTEXT(2) 
PARAMETRIC_REPRESENTATION_CONTEXT() REPRESENTATION_CONTEXT('2D SPACE',''
  ) );
#13740 = PCURVE('',#11726,#13741);
#13741 = DEFINITIONAL_REPRESENTATION('',(#13742),#13746);
#13742 = LINE('',#13743,#13744);
#13743 = CARTESIAN_POINT('',(0.,-6.28318530718));
#13744 = VECTOR('',#13745,1.);
#13745 = DIRECTION('',(0.,1.));
#13746 = ( GEOMETRIC_REPRESENTATION_CONTEXT(2) 
PARAMETRIC_REPRESENTATION_CONTEXT() REPRESENTATION_CONTEXT('2D SPACE',''
  ) );
#13747 = ORIENTED_EDGE('',*,*,#13724,.T.);
#13748 = ADVANCED_FACE('',(#13749),#11757,.T.);
#13749 = FACE_BOUND('',#13750,.T.);
#13750 = EDGE_LOOP('',(#13751,#13752,#13774,#13825));
#13751 = ORIENTED_EDGE('',*,*,#11740,.T.);
#13752 = ORIENTED_EDGE('',*,*,#13753,.T.);
#13753 = EDGE_CURVE('',#11741,#13754,#13756,.T.);
#13754 = VERTEX_POINT('',#13755);
#13755 = CARTESIAN_POINT('',(78.15698833916,171.41184774495,16.4705));
#13756 = SEAM_CURVE('',#13757,(#13760,#13767),.PCURVE_S1.);
#13757 = B_SPLINE_CURVE_WITH_KNOTS('',1,(#13758,#13759),.UNSPECIFIED.,
  .F.,.F.,(2,2),(0.,1.),.PIECEWISE_BEZIER_KNOTS.);
#13758 = CARTESIAN_POINT('',(79.38022126337,170.87886734906,14.));
#13759 = CARTESIAN_POINT('',(78.15698833916,171.41184774495,16.4705));
#13760 = PCURVE('',#11757,#13761);
#13761 = DEFINITIONAL_REPRESENTATION('',(#13762),#13766);
#13762 = LINE('',#13763,#13764);
#13763 = CARTESIAN_POINT('',(6.28318530718,0.));
#13764 = VECTOR('',#13765,1.);
#13765 = DIRECTION('',(0.,1.));
#13766 = ( GEOMETRIC_REPRESENTATION_CONTEXT(2) 
PARAMETRIC_REPRESENTATION_CONTEXT() REPRESENTATION_CONTEXT('2D SPACE',''
  ) );
#13767 = PCURVE('',#11757,#13768);
#13768 = DEFINITIONAL_REPRESENTATION('',(#13769),#13773);
#13769 = LINE('',#13770,#13771);
#13770 = CARTESIAN_POINT('',(0.,0.));
#13771 = VECTOR('',#13772,1.);
#13772 = DIRECTION('',(0.,1.));
#13773 = ( GEOMETRIC_REPRESENTATION_CONTEXT(2) 
PARAMETRIC_REPRESENTATION_CONTEXT() REPRESENTATION_CONTEXT('2D SPACE',''
  ) );
#13774 = ORIENTED_EDGE('',*,*,#13775,.F.);
#13775 = EDGE_CURVE('',#13754,#13754,#13776,.T.);
#13776 = SURFACE_CURVE('',#13777,(#13782,#13789),.PCURVE_S1.);
#13777 = CIRCLE('',#13778,1.364);
#13778 = AXIS2_PLACEMENT_3D('',#13779,#13780,#13781);
#13779 = CARTESIAN_POINT('',(76.79298833916,171.41184774495,16.4705));
#13780 = DIRECTION('',(0.,0.,1.));
#13781 = DIRECTION('',(1.,0.,-0.));
#13782 = PCURVE('',#11757,#13783);
#13783 = DEFINITIONAL_REPRESENTATION('',(#13784),#13788);
#13784 = LINE('',#13785,#13786);
#13785 = CARTESIAN_POINT('',(0.,1.));
#13786 = VECTOR('',#13787,1.);
#13787 = DIRECTION('',(1.,0.));
#13788 = ( GEOMETRIC_REPRESENTATION_CONTEXT(2) 
PARAMETRIC_REPRESENTATION_CONTEXT() REPRESENTATION_CONTEXT('2D SPACE',''
  ) );
#13789 = PCURVE('',#13790,#13819);
#13790 = B_SPLINE_SURFACE_WITH_KNOTS('',13,1,(
    (#13791,#13792)
    ,(#13793,#13794)
    ,(#13795,#13796)
    ,(#13797,#13798)
    ,(#13799,#13800)
    ,(#13801,#13802)
    ,(#13803,#13804)
    ,(#13805,#13806)
    ,(#13807,#13808)
    ,(#13809,#13810)
    ,(#13811,#13812)
    ,(#13813,#13814)
    ,(#13815,#13816)
    ,(#13817,#13818
    )),.UNSPECIFIED.,.T.,.F.,.F.,(14,14),(2,2),(0.,6.28318530718),(0.,1.
    ),.PIECEWISE_BEZIER_KNOTS.);
#13791 = CARTESIAN_POINT('',(78.15698833916,171.41184774495,16.4705));
#13792 = CARTESIAN_POINT('',(76.892138952844,172.21131833879,18.64));
#13793 = CARTESIAN_POINT('',(78.156988339152,172.07109888024,
    16.470499999998));
#13794 = CARTESIAN_POINT('',(76.892138952838,172.53997726254,
    18.639999999997));
#13795 = CARTESIAN_POINT('',(77.811803357817,172.73035027928,
    16.470500000009));
#13796 = CARTESIAN_POINT('',(76.720052598519,172.86863631779,
    18.640000000012));
#13797 = CARTESIAN_POINT('',(77.121453945414,173.19243053011,
    16.470499999975));
#13798 = CARTESIAN_POINT('',(76.375890134824,173.09899890616,
    18.639999999966));
#13799 = CARTESIAN_POINT('',(76.209713049853,173.26019268026,
    16.470500000048));
#13800 = CARTESIAN_POINT('',(75.921356550594,173.13278062328,
    18.640000000067));
#13801 = CARTESIAN_POINT('',(75.324749764014,172.82286301797,
    16.470499999932));
#13802 = CARTESIAN_POINT('',(75.480172507703,172.91475703792,
    18.639999999898));
#13803 = CARTESIAN_POINT('',(74.76922156727,171.94305437093,
    16.470500000073));
#13804 = CARTESIAN_POINT('',(75.203222966906,172.47614275644,
    18.640000000121));
#13805 = CARTESIAN_POINT('',(74.76922156669,170.88064111905,
    16.470499999938));
#13806 = CARTESIAN_POINT('',(75.203222966542,171.94649392122,
    18.639999999887));
#13807 = CARTESIAN_POINT('',(75.32474976448,170.00083247174,
    16.470500000042));
#13808 = CARTESIAN_POINT('',(75.480172507996,171.50787963948,
    18.640000000085));
#13809 = CARTESIAN_POINT('',(76.209713049558,169.56350280982,
    16.470499999977));
#13810 = CARTESIAN_POINT('',(75.921356550407,171.28985605447,
    18.639999999948));
#13811 = CARTESIAN_POINT('',(77.121453945558,169.63126495968,
    16.47050000001));
#13812 = CARTESIAN_POINT('',(76.375890134915,171.32363777132,
    18.640000000025));
#13813 = CARTESIAN_POINT('',(77.811803357765,170.09334521067,
    16.470499999997));
#13814 = CARTESIAN_POINT('',(76.720052598486,171.55400035984,
    18.639999999991));
#13815 = CARTESIAN_POINT('',(78.156988339163,170.75259660965,
    16.470500000001));
#13816 = CARTESIAN_POINT('',(76.892138952845,171.88265941503,
    18.640000000002));
#13817 = CARTESIAN_POINT('',(78.15698833916,171.41184774495,16.4705));
#13818 = CARTESIAN_POINT('',(76.892138952844,172.21131833879,18.64));
#13819 = DEFINITIONAL_REPRESENTATION('',(#13820),#13824);
#13820 = LINE('',#13821,#13822);
#13821 = CARTESIAN_POINT('',(0.,0.));
#13822 = VECTOR('',#13823,1.);
#13823 = DIRECTION('',(1.,0.));
#13824 = ( GEOMETRIC_REPRESENTATION_CONTEXT(2) 
PARAMETRIC_REPRESENTATION_CONTEXT() REPRESENTATION_CONTEXT('2D SPACE',''
  ) );
#13825 = ORIENTED_EDGE('',*,*,#13753,.F.);
#13826 = ADVANCED_FACE('',(#13827),#11812,.F.);
#13827 = FACE_BOUND('',#13828,.F.);
#13828 = EDGE_LOOP('',(#13829,#13830,#13854));
#13829 = ORIENTED_EDGE('',*,*,#11795,.F.);
#13830 = ORIENTED_EDGE('',*,*,#13831,.F.);
#13831 = EDGE_CURVE('',#13832,#11796,#13834,.T.);
#13832 = VERTEX_POINT('',#13833);
#13833 = CARTESIAN_POINT('',(69.005338399786,180.6784533076,13.55));
#13834 = SEAM_CURVE('',#13835,(#13840,#13847),.PCURVE_S1.);
#13835 = CIRCLE('',#13836,1.569444444444);
#13836 = AXIS2_PLACEMENT_3D('',#13837,#13838,#13839);
#13837 = CARTESIAN_POINT('',(69.005338399786,180.6784533076,
    15.119444444444));
#13838 = DIRECTION('',(-2.449293598295E-16,-1.,0.));
#13839 = DIRECTION('',(1.,-2.449293598295E-16,0.));
#13840 = PCURVE('',#11812,#13841);
#13841 = DEFINITIONAL_REPRESENTATION('',(#13842),#13846);
#13842 = LINE('',#13843,#13844);
#13843 = CARTESIAN_POINT('',(6.28318530718,-6.28318530718));
#13844 = VECTOR('',#13845,1.);
#13845 = DIRECTION('',(0.,1.));
#13846 = ( GEOMETRIC_REPRESENTATION_CONTEXT(2) 
PARAMETRIC_REPRESENTATION_CONTEXT() REPRESENTATION_CONTEXT('2D SPACE',''
  ) );
#13847 = PCURVE('',#11812,#13848);
#13848 = DEFINITIONAL_REPRESENTATION('',(#13849),#13853);
#13849 = LINE('',#13850,#13851);
#13850 = CARTESIAN_POINT('',(0.,-6.28318530718));
#13851 = VECTOR('',#13852,1.);
#13852 = DIRECTION('',(0.,1.));
#13853 = ( GEOMETRIC_REPRESENTATION_CONTEXT(2) 
PARAMETRIC_REPRESENTATION_CONTEXT() REPRESENTATION_CONTEXT('2D SPACE',''
  ) );
#13854 = ORIENTED_EDGE('',*,*,#13831,.T.);
#13855 = ADVANCED_FACE('',(#13856),#11843,.F.);
#13856 = FACE_BOUND('',#13857,.F.);
#13857 = EDGE_LOOP('',(#13858,#13859,#13883));
#13858 = ORIENTED_EDGE('',*,*,#11826,.F.);
#13859 = ORIENTED_EDGE('',*,*,#13860,.F.);
#13860 = EDGE_CURVE('',#13861,#11827,#13863,.T.);
#13861 = VERTEX_POINT('',#13862);
#13862 = CARTESIAN_POINT('',(66.183475077665,183.51301562039,13.55));
#13863 = SEAM_CURVE('',#13864,(#13869,#13876),.PCURVE_S1.);
#13864 = CIRCLE('',#13865,1.569444444444);
#13865 = AXIS2_PLACEMENT_3D('',#13866,#13867,#13868);
#13866 = CARTESIAN_POINT('',(66.183475077665,183.51301562039,
    15.119444444444));
#13867 = DIRECTION('',(-2.449293598295E-16,-1.,0.));
#13868 = DIRECTION('',(1.,-2.449293598295E-16,0.));
#13869 = PCURVE('',#11843,#13870);
#13870 = DEFINITIONAL_REPRESENTATION('',(#13871),#13875);
#13871 = LINE('',#13872,#13873);
#13872 = CARTESIAN_POINT('',(6.28318530718,-6.28318530718));
#13873 = VECTOR('',#13874,1.);
#13874 = DIRECTION('',(0.,1.));
#13875 = ( GEOMETRIC_REPRESENTATION_CONTEXT(2) 
PARAMETRIC_REPRESENTATION_CONTEXT() REPRESENTATION_CONTEXT('2D SPACE',''
  ) );
#13876 = PCURVE('',#11843,#13877);
#13877 = DEFINITIONAL_REPRESENTATION('',(#13878),#13882);
#13878 = LINE('',#13879,#13880);
#13879 = CARTESIAN_POINT('',(0.,-6.28318530718));
#13880 = VECTOR('',#13881,1.);
#13881 = DIRECTION('',(0.,1.));
#13882 = ( GEOMETRIC_REPRESENTATION_CONTEXT(2) 
PARAMETRIC_REPRESENTATION_CONTEXT() REPRESENTATION_CONTEXT('2D SPACE',''
  ) );
#13883 = ORIENTED_EDGE('',*,*,#13860,.T.);
#13884 = ADVANCED_FACE('',(#13885),#11874,.F.);
#13885 = FACE_BOUND('',#13886,.F.);
#13886 = EDGE_LOOP('',(#13887,#13888,#13912));
#13887 = ORIENTED_EDGE('',*,*,#11857,.F.);
#13888 = ORIENTED_EDGE('',*,*,#13889,.F.);
#13889 = EDGE_CURVE('',#13890,#11858,#13892,.T.);
#13890 = VERTEX_POINT('',#13891);
#13891 = CARTESIAN_POINT('',(60.19590906097,188.81504896704,13.55));
#13892 = SEAM_CURVE('',#13893,(#13898,#13905),.PCURVE_S1.);
#13893 = CIRCLE('',#13894,1.569444444444);
#13894 = AXIS2_PLACEMENT_3D('',#13895,#13896,#13897);
#13895 = CARTESIAN_POINT('',(60.19590906097,188.81504896704,
    15.119444444444));
#13896 = DIRECTION('',(-2.449293598295E-16,-1.,0.));
#13897 = DIRECTION('',(1.,-2.449293598295E-16,0.));
#13898 = PCURVE('',#11874,#13899);
#13899 = DEFINITIONAL_REPRESENTATION('',(#13900),#13904);
#13900 = LINE('',#13901,#13902);
#13901 = CARTESIAN_POINT('',(6.28318530718,-6.28318530718));
#13902 = VECTOR('',#13903,1.);
#13903 = DIRECTION('',(0.,1.));
#13904 = ( GEOMETRIC_REPRESENTATION_CONTEXT(2) 
PARAMETRIC_REPRESENTATION_CONTEXT() REPRESENTATION_CONTEXT('2D SPACE',''
  ) );
#13905 = PCURVE('',#11874,#13906);
#13906 = DEFINITIONAL_REPRESENTATION('',(#13907),#13911);
#13907 = LINE('',#13908,#13909);
#13908 = CARTESIAN_POINT('',(0.,-6.28318530718));
#13909 = VECTOR('',#13910,1.);
#13910 = DIRECTION('',(0.,1.));
#13911 = ( GEOMETRIC_REPRESENTATION_CONTEXT(2) 
PARAMETRIC_REPRESENTATION_CONTEXT() REPRESENTATION_CONTEXT('2D SPACE',''
  ) );
#13912 = ORIENTED_EDGE('',*,*,#13889,.T.);
#13913 = ADVANCED_FACE('',(#13914),#11905,.F.);
#13914 = FACE_BOUND('',#13915,.F.);
#13915 = EDGE_LOOP('',(#13916,#13917,#13941));
#13916 = ORIENTED_EDGE('',*,*,#11888,.F.);
#13917 = ORIENTED_EDGE('',*,*,#13918,.F.);
#13918 = EDGE_CURVE('',#13919,#11889,#13921,.T.);
#13919 = VERTEX_POINT('',#13920);
#13920 = CARTESIAN_POINT('',(63.245277082304,186.22680423667,13.55));
#13921 = SEAM_CURVE('',#13922,(#13927,#13934),.PCURVE_S1.);
#13922 = CIRCLE('',#13923,1.569444444444);
#13923 = AXIS2_PLACEMENT_3D('',#13924,#13925,#13926);
#13924 = CARTESIAN_POINT('',(63.245277082304,186.22680423667,
    15.119444444444));
#13925 = DIRECTION('',(-2.449293598295E-16,-1.,0.));
#13926 = DIRECTION('',(1.,-2.449293598295E-16,0.));
#13927 = PCURVE('',#11905,#13928);
#13928 = DEFINITIONAL_REPRESENTATION('',(#13929),#13933);
#13929 = LINE('',#13930,#13931);
#13930 = CARTESIAN_POINT('',(6.28318530718,-6.28318530718));
#13931 = VECTOR('',#13932,1.);
#13932 = DIRECTION('',(0.,1.));
#13933 = ( GEOMETRIC_REPRESENTATION_CONTEXT(2) 
PARAMETRIC_REPRESENTATION_CONTEXT() REPRESENTATION_CONTEXT('2D SPACE',''
  ) );
#13934 = PCURVE('',#11905,#13935);
#13935 = DEFINITIONAL_REPRESENTATION('',(#13936),#13940);
#13936 = LINE('',#13937,#13938);
#13937 = CARTESIAN_POINT('',(0.,-6.28318530718));
#13938 = VECTOR('',#13939,1.);
#13939 = DIRECTION('',(0.,1.));
#13940 = ( GEOMETRIC_REPRESENTATION_CONTEXT(2) 
PARAMETRIC_REPRESENTATION_CONTEXT() REPRESENTATION_CONTEXT('2D SPACE',''
  ) );
#13941 = ORIENTED_EDGE('',*,*,#13918,.T.);
#13942 = ADVANCED_FACE('',(#13943),#11936,.T.);
#13943 = FACE_BOUND('',#13944,.T.);
#13944 = EDGE_LOOP('',(#13945,#13946,#13968,#14019));
#13945 = ORIENTED_EDGE('',*,*,#11919,.T.);
#13946 = ORIENTED_EDGE('',*,*,#13947,.T.);
#13947 = EDGE_CURVE('',#11920,#13948,#13950,.T.);
#13948 = VERTEX_POINT('',#13949);
#13949 = CARTESIAN_POINT('',(43.924109779176,200.18861828491,17.159));
#13950 = SEAM_CURVE('',#13951,(#13954,#13961),.PCURVE_S1.);
#13951 = B_SPLINE_CURVE_WITH_KNOTS('',1,(#13952,#13953),.UNSPECIFIED.,
  .F.,.F.,(2,2),(0.,1.),.PIECEWISE_BEZIER_KNOTS.);
#13952 = CARTESIAN_POINT('',(45.510693675153,199.80617668792,14.));
#13953 = CARTESIAN_POINT('',(43.924109779176,200.18861828491,17.159));
#13954 = PCURVE('',#11936,#13955);
#13955 = DEFINITIONAL_REPRESENTATION('',(#13956),#13960);
#13956 = LINE('',#13957,#13958);
#13957 = CARTESIAN_POINT('',(6.28318530718,0.));
#13958 = VECTOR('',#13959,1.);
#13959 = DIRECTION('',(0.,1.));
#13960 = ( GEOMETRIC_REPRESENTATION_CONTEXT(2) 
PARAMETRIC_REPRESENTATION_CONTEXT() REPRESENTATION_CONTEXT('2D SPACE',''
  ) );
#13961 = PCURVE('',#11936,#13962);
#13962 = DEFINITIONAL_REPRESENTATION('',(#13963),#13967);
#13963 = LINE('',#13964,#13965);
#13964 = CARTESIAN_POINT('',(0.,0.));
#13965 = VECTOR('',#13966,1.);
#13966 = DIRECTION('',(0.,1.));
#13967 = ( GEOMETRIC_REPRESENTATION_CONTEXT(2) 
PARAMETRIC_REPRESENTATION_CONTEXT() REPRESENTATION_CONTEXT('2D SPACE',''
  ) );
#13968 = ORIENTED_EDGE('',*,*,#13969,.F.);
#13969 = EDGE_CURVE('',#13948,#13948,#13970,.T.);
#13970 = SURFACE_CURVE('',#13971,(#13976,#13983),.PCURVE_S1.);
#13971 = CIRCLE('',#13972,1.364);
#13972 = AXIS2_PLACEMENT_3D('',#13973,#13974,#13975);
#13973 = CARTESIAN_POINT('',(42.560109779176,200.18861828491,17.159));
#13974 = DIRECTION('',(0.,0.,1.));
#13975 = DIRECTION('',(1.,0.,-0.));
#13976 = PCURVE('',#11936,#13977);
#13977 = DEFINITIONAL_REPRESENTATION('',(#13978),#13982);
#13978 = LINE('',#13979,#13980);
#13979 = CARTESIAN_POINT('',(0.,1.));
#13980 = VECTOR('',#13981,1.);
#13981 = DIRECTION('',(1.,0.));
#13982 = ( GEOMETRIC_REPRESENTATION_CONTEXT(2) 
PARAMETRIC_REPRESENTATION_CONTEXT() REPRESENTATION_CONTEXT('2D SPACE',''
  ) );
#13983 = PCURVE('',#13984,#14013);
#13984 = B_SPLINE_SURFACE_WITH_KNOTS('',13,1,(
    (#13985,#13986)
    ,(#13987,#13988)
    ,(#13989,#13990)
    ,(#13991,#13992)
    ,(#13993,#13994)
    ,(#13995,#13996)
    ,(#13997,#13998)
    ,(#13999,#14000)
    ,(#14001,#14002)
    ,(#14003,#14004)
    ,(#14005,#14006)
    ,(#14007,#14008)
    ,(#14009,#14010)
    ,(#14011,#14012
    )),.UNSPECIFIED.,.T.,.F.,.F.,(14,14),(2,2),(0.,6.28318530718),(0.,1.
    ),.PIECEWISE_BEZIER_KNOTS.);
#13985 = CARTESIAN_POINT('',(43.924109779176,200.18861828491,17.159));
#13986 = CARTESIAN_POINT('',(42.114233935212,200.76228068038,20.17));
#13987 = CARTESIAN_POINT('',(43.924109779171,200.8478694202,
    17.158999999997));
#13988 = CARTESIAN_POINT('',(42.114233935209,201.09093960413,
    20.169999999999));
#13989 = CARTESIAN_POINT('',(43.578924797824,201.50712081921,
    17.159000000011));
#13990 = CARTESIAN_POINT('',(41.942147580871,201.41959865934,
    20.170000000002));
#13991 = CARTESIAN_POINT('',(42.888575385457,201.96920107012,
    17.158999999969));
#13992 = CARTESIAN_POINT('',(41.597985117232,201.64996124782,
    20.169999999994));
#13993 = CARTESIAN_POINT('',(41.976834489822,202.03696322008,
    17.15900000006));
#13994 = CARTESIAN_POINT('',(41.143451532886,201.68374296471,
    20.17000000001));
#13995 = CARTESIAN_POINT('',(41.091871204092,201.59963355817,
    17.15899999991));
#13996 = CARTESIAN_POINT('',(40.702267490175,201.46571937976,
    20.16999999999));
#13997 = CARTESIAN_POINT('',(40.536343007235,200.71982491053,
    17.159000000106));
#13998 = CARTESIAN_POINT('',(40.425317949166,201.02710509769,
    20.170000000002));
#13999 = CARTESIAN_POINT('',(40.536343006732,199.65741165941,
    17.158999999902));
#14000 = CARTESIAN_POINT('',(40.425317948995,200.49745626317,
    20.170000000009));
#14001 = CARTESIAN_POINT('',(41.091871204495,198.77760301133,
    17.159000000073));
#14002 = CARTESIAN_POINT('',(40.70226749031,200.05884198074,
    20.169999999983));
#14003 = CARTESIAN_POINT('',(41.976834489566,198.34027335003,
    17.158999999956));
#14004 = CARTESIAN_POINT('',(41.143451532803,199.84081839629,
    20.170000000017));
#14005 = CARTESIAN_POINT('',(42.888575385583,198.4080354995,
    17.159000000021));
#14006 = CARTESIAN_POINT('',(41.59798511727,199.87460011278,
    20.169999999989));
#14007 = CARTESIAN_POINT('',(43.578924797778,198.87011575067,
    17.158999999992));
#14008 = CARTESIAN_POINT('',(41.942147580858,200.10496270147,
    20.170000000005));
#14009 = CARTESIAN_POINT('',(43.924109779181,199.52936714959,
    17.159000000002));
#14010 = CARTESIAN_POINT('',(42.114233935212,200.43362175661,
    20.169999999999));
#14011 = CARTESIAN_POINT('',(43.924109779176,200.18861828491,17.159));
#14012 = CARTESIAN_POINT('',(42.114233935212,200.76228068038,20.17));
#14013 = DEFINITIONAL_REPRESENTATION('',(#14014),#14018);
#14014 = LINE('',#14015,#14016);
#14015 = CARTESIAN_POINT('',(0.,0.));
#14016 = VECTOR('',#14017,1.);
#14017 = DIRECTION('',(1.,0.));
#14018 = ( GEOMETRIC_REPRESENTATION_CONTEXT(2) 
PARAMETRIC_REPRESENTATION_CONTEXT() REPRESENTATION_CONTEXT('2D SPACE',''
  ) );
#14019 = ORIENTED_EDGE('',*,*,#13947,.F.);
#14020 = ADVANCED_FACE('',(#14021),#11991,.F.);
#14021 = FACE_BOUND('',#14022,.F.);
#14022 = EDGE_LOOP('',(#14023,#14024,#14048));
#14023 = ORIENTED_EDGE('',*,*,#11974,.F.);
#14024 = ORIENTED_EDGE('',*,*,#14025,.F.);
#14025 = EDGE_CURVE('',#14026,#11975,#14028,.T.);
#14026 = VERTEX_POINT('',#14027);
#14027 = CARTESIAN_POINT('',(9.12718114049,209.76653927793,13.55));
#14028 = SEAM_CURVE('',#14029,(#14034,#14041),.PCURVE_S1.);
#14029 = CIRCLE('',#14030,1.569444444444);
#14030 = AXIS2_PLACEMENT_3D('',#14031,#14032,#14033);
#14031 = CARTESIAN_POINT('',(9.12718114049,209.76653927793,
    15.119444444444));
#14032 = DIRECTION('',(-2.449293598295E-16,-1.,0.));
#14033 = DIRECTION('',(1.,-2.449293598295E-16,0.));
#14034 = PCURVE('',#11991,#14035);
#14035 = DEFINITIONAL_REPRESENTATION('',(#14036),#14040);
#14036 = LINE('',#14037,#14038);
#14037 = CARTESIAN_POINT('',(6.28318530718,-6.28318530718));
#14038 = VECTOR('',#14039,1.);
#14039 = DIRECTION('',(0.,1.));
#14040 = ( GEOMETRIC_REPRESENTATION_CONTEXT(2) 
PARAMETRIC_REPRESENTATION_CONTEXT() REPRESENTATION_CONTEXT('2D SPACE',''
  ) );
#14041 = PCURVE('',#11991,#14042);
#14042 = DEFINITIONAL_REPRESENTATION('',(#14043),#14047);
#14043 = LINE('',#14044,#14045);
#14044 = CARTESIAN_POINT('',(0.,-6.28318530718));
#14045 = VECTOR('',#14046,1.);
#14046 = DIRECTION('',(0.,1.));
#14047 = ( GEOMETRIC_REPRESENTATION_CONTEXT(2) 
PARAMETRIC_REPRESENTATION_CONTEXT() REPRESENTATION_CONTEXT('2D SPACE',''
  ) );
#14048 = ORIENTED_EDGE('',*,*,#14025,.T.);
#14049 = ADVANCED_FACE('',(#14050),#12022,.F.);
#14050 = FACE_BOUND('',#14051,.F.);
#14051 = EDGE_LOOP('',(#14052,#14053,#14077));
#14052 = ORIENTED_EDGE('',*,*,#12005,.F.);
#14053 = ORIENTED_EDGE('',*,*,#14054,.F.);
#14054 = EDGE_CURVE('',#14055,#12006,#14057,.T.);
#14055 = VERTEX_POINT('',#14056);
#14056 = CARTESIAN_POINT('',(13.099644272529,209.3004998178,13.55));
#14057 = SEAM_CURVE('',#14058,(#14063,#14070),.PCURVE_S1.);
#14058 = CIRCLE('',#14059,1.569444444444);
#14059 = AXIS2_PLACEMENT_3D('',#14060,#14061,#14062);
#14060 = CARTESIAN_POINT('',(13.099644272529,209.3004998178,
    15.119444444444));
#14061 = DIRECTION('',(-2.449293598295E-16,-1.,0.));
#14062 = DIRECTION('',(1.,-2.449293598295E-16,0.));
#14063 = PCURVE('',#12022,#14064);
#14064 = DEFINITIONAL_REPRESENTATION('',(#14065),#14069);
#14065 = LINE('',#14066,#14067);
#14066 = CARTESIAN_POINT('',(6.28318530718,-6.28318530718));
#14067 = VECTOR('',#14068,1.);
#14068 = DIRECTION('',(0.,1.));
#14069 = ( GEOMETRIC_REPRESENTATION_CONTEXT(2) 
PARAMETRIC_REPRESENTATION_CONTEXT() REPRESENTATION_CONTEXT('2D SPACE',''
  ) );
#14070 = PCURVE('',#12022,#14071);
#14071 = DEFINITIONAL_REPRESENTATION('',(#14072),#14076);
#14072 = LINE('',#14073,#14074);
#14073 = CARTESIAN_POINT('',(0.,-6.28318530718));
#14074 = VECTOR('',#14075,1.);
#14075 = DIRECTION('',(0.,1.));
#14076 = ( GEOMETRIC_REPRESENTATION_CONTEXT(2) 
PARAMETRIC_REPRESENTATION_CONTEXT() REPRESENTATION_CONTEXT('2D SPACE',''
  ) );
#14077 = ORIENTED_EDGE('',*,*,#14054,.T.);
#14078 = ADVANCED_FACE('',(#14079),#12053,.F.);
#14079 = FACE_BOUND('',#14080,.F.);
#14080 = EDGE_LOOP('',(#14081,#14082,#14106));
#14081 = ORIENTED_EDGE('',*,*,#12036,.F.);
#14082 = ORIENTED_EDGE('',*,*,#14083,.F.);
#14083 = EDGE_CURVE('',#14084,#12037,#14086,.T.);
#14084 = VERTEX_POINT('',#14085);
#14085 = CARTESIAN_POINT('',(17.049081372251,208.66835844979,13.55));
#14086 = SEAM_CURVE('',#14087,(#14092,#14099),.PCURVE_S1.);
#14087 = CIRCLE('',#14088,1.569444444444);
#14088 = AXIS2_PLACEMENT_3D('',#14089,#14090,#14091);
#14089 = CARTESIAN_POINT('',(17.049081372251,208.66835844979,
    15.119444444444));
#14090 = DIRECTION('',(-2.449293598295E-16,-1.,0.));
#14091 = DIRECTION('',(1.,-2.449293598295E-16,0.));
#14092 = PCURVE('',#12053,#14093);
#14093 = DEFINITIONAL_REPRESENTATION('',(#14094),#14098);
#14094 = LINE('',#14095,#14096);
#14095 = CARTESIAN_POINT('',(6.28318530718,-6.28318530718));
#14096 = VECTOR('',#14097,1.);
#14097 = DIRECTION('',(0.,1.));
#14098 = ( GEOMETRIC_REPRESENTATION_CONTEXT(2) 
PARAMETRIC_REPRESENTATION_CONTEXT() REPRESENTATION_CONTEXT('2D SPACE',''
  ) );
#14099 = PCURVE('',#12053,#14100);
#14100 = DEFINITIONAL_REPRESENTATION('',(#14101),#14105);
#14101 = LINE('',#14102,#14103);
#14102 = CARTESIAN_POINT('',(0.,-6.28318530718));
#14103 = VECTOR('',#14104,1.);
#14104 = DIRECTION('',(0.,1.));
#14105 = ( GEOMETRIC_REPRESENTATION_CONTEXT(2) 
PARAMETRIC_REPRESENTATION_CONTEXT() REPRESENTATION_CONTEXT('2D SPACE',''
  ) );
#14106 = ORIENTED_EDGE('',*,*,#14083,.T.);
#14107 = ADVANCED_FACE('',(#14108),#12084,.F.);
#14108 = FACE_BOUND('',#14109,.F.);
#14109 = EDGE_LOOP('',(#14110,#14111,#14135));
#14110 = ORIENTED_EDGE('',*,*,#12067,.F.);
#14111 = ORIENTED_EDGE('',*,*,#14112,.F.);
#14112 = EDGE_CURVE('',#14113,#12068,#14115,.T.);
#14113 = VERTEX_POINT('',#14114);
#14114 = CARTESIAN_POINT('',(20.968550276617,207.87122632679,13.55));
#14115 = SEAM_CURVE('',#14116,(#14121,#14128),.PCURVE_S1.);
#14116 = CIRCLE('',#14117,1.569444444444);
#14117 = AXIS2_PLACEMENT_3D('',#14118,#14119,#14120);
#14118 = CARTESIAN_POINT('',(20.968550276617,207.87122632679,
    15.119444444444));
#14119 = DIRECTION('',(-2.449293598295E-16,-1.,0.));
#14120 = DIRECTION('',(1.,-2.449293598295E-16,0.));
#14121 = PCURVE('',#12084,#14122);
#14122 = DEFINITIONAL_REPRESENTATION('',(#14123),#14127);
#14123 = LINE('',#14124,#14125);
#14124 = CARTESIAN_POINT('',(6.28318530718,-6.28318530718));
#14125 = VECTOR('',#14126,1.);
#14126 = DIRECTION('',(0.,1.));
#14127 = ( GEOMETRIC_REPRESENTATION_CONTEXT(2) 
PARAMETRIC_REPRESENTATION_CONTEXT() REPRESENTATION_CONTEXT('2D SPACE',''
  ) );
#14128 = PCURVE('',#12084,#14129);
#14129 = DEFINITIONAL_REPRESENTATION('',(#14130),#14134);
#14130 = LINE('',#14131,#14132);
#14131 = CARTESIAN_POINT('',(0.,-6.28318530718));
#14132 = VECTOR('',#14133,1.);
#14133 = DIRECTION('',(0.,1.));
#14134 = ( GEOMETRIC_REPRESENTATION_CONTEXT(2) 
PARAMETRIC_REPRESENTATION_CONTEXT() REPRESENTATION_CONTEXT('2D SPACE',''
  ) );
#14135 = ORIENTED_EDGE('',*,*,#14112,.T.);
#14136 = ADVANCED_FACE('',(#14137),#12115,.F.);
#14137 = FACE_BOUND('',#14138,.F.);
#14138 = EDGE_LOOP('',(#14139,#14140,#14164));
#14139 = ORIENTED_EDGE('',*,*,#12098,.F.);
#14140 = ORIENTED_EDGE('',*,*,#14141,.F.);
#14141 = EDGE_CURVE('',#14142,#12099,#14144,.T.);
#14142 = VERTEX_POINT('',#14143);
#14143 = CARTESIAN_POINT('',(24.851161499486,206.91050461586,13.55));
#14144 = SEAM_CURVE('',#14145,(#14150,#14157),.PCURVE_S1.);
#14145 = CIRCLE('',#14146,1.569444444444);
#14146 = AXIS2_PLACEMENT_3D('',#14147,#14148,#14149);
#14147 = CARTESIAN_POINT('',(24.851161499486,206.91050461586,
    15.119444444444));
#14148 = DIRECTION('',(-2.449293598295E-16,-1.,0.));
#14149 = DIRECTION('',(1.,-2.449293598295E-16,0.));
#14150 = PCURVE('',#12115,#14151);
#14151 = DEFINITIONAL_REPRESENTATION('',(#14152),#14156);
#14152 = LINE('',#14153,#14154);
#14153 = CARTESIAN_POINT('',(6.28318530718,-6.28318530718));
#14154 = VECTOR('',#14155,1.);
#14155 = DIRECTION('',(0.,1.));
#14156 = ( GEOMETRIC_REPRESENTATION_CONTEXT(2) 
PARAMETRIC_REPRESENTATION_CONTEXT() REPRESENTATION_CONTEXT('2D SPACE',''
  ) );
#14157 = PCURVE('',#12115,#14158);
#14158 = DEFINITIONAL_REPRESENTATION('',(#14159),#14163);
#14159 = LINE('',#14160,#14161);
#14160 = CARTESIAN_POINT('',(0.,-6.28318530718));
#14161 = VECTOR('',#14162,1.);
#14162 = DIRECTION('',(0.,1.));
#14163 = ( GEOMETRIC_REPRESENTATION_CONTEXT(2) 
PARAMETRIC_REPRESENTATION_CONTEXT() REPRESENTATION_CONTEXT('2D SPACE',''
  ) );
#14164 = ORIENTED_EDGE('',*,*,#14141,.T.);
#14165 = ADVANCED_FACE('',(#14166),#12146,.F.);
#14166 = FACE_BOUND('',#14167,.F.);
#14167 = EDGE_LOOP('',(#14168,#14169,#14193));
#14168 = ORIENTED_EDGE('',*,*,#12129,.F.);
#14169 = ORIENTED_EDGE('',*,*,#14170,.F.);
#14170 = EDGE_CURVE('',#14171,#12130,#14173,.T.);
#14171 = VERTEX_POINT('',#14172);
#14172 = CARTESIAN_POINT('',(28.690090341681,205.7878820353,13.55));
#14173 = SEAM_CURVE('',#14174,(#14179,#14186),.PCURVE_S1.);
#14174 = CIRCLE('',#14175,1.569444444444);
#14175 = AXIS2_PLACEMENT_3D('',#14176,#14177,#14178);
#14176 = CARTESIAN_POINT('',(28.690090341681,205.7878820353,
    15.119444444444));
#14177 = DIRECTION('',(-2.449293598295E-16,-1.,0.));
#14178 = DIRECTION('',(1.,-2.449293598295E-16,0.));
#14179 = PCURVE('',#12146,#14180);
#14180 = DEFINITIONAL_REPRESENTATION('',(#14181),#14185);
#14181 = LINE('',#14182,#14183);
#14182 = CARTESIAN_POINT('',(6.28318530718,-6.28318530718));
#14183 = VECTOR('',#14184,1.);
#14184 = DIRECTION('',(0.,1.));
#14185 = ( GEOMETRIC_REPRESENTATION_CONTEXT(2) 
PARAMETRIC_REPRESENTATION_CONTEXT() REPRESENTATION_CONTEXT('2D SPACE',''
  ) );
#14186 = PCURVE('',#12146,#14187);
#14187 = DEFINITIONAL_REPRESENTATION('',(#14188),#14192);
#14188 = LINE('',#14189,#14190);
#14189 = CARTESIAN_POINT('',(0.,-6.28318530718));
#14190 = VECTOR('',#14191,1.);
#14191 = DIRECTION('',(0.,1.));
#14192 = ( GEOMETRIC_REPRESENTATION_CONTEXT(2) 
PARAMETRIC_REPRESENTATION_CONTEXT() REPRESENTATION_CONTEXT('2D SPACE',''
  ) );
#14193 = ORIENTED_EDGE('',*,*,#14170,.T.);
#14194 = ADVANCED_FACE('',(#14195),#12177,.F.);
#14195 = FACE_BOUND('',#14196,.F.);
#14196 = EDGE_LOOP('',(#14197,#14198,#14222));
#14197 = ORIENTED_EDGE('',*,*,#12160,.F.);
#14198 = ORIENTED_EDGE('',*,*,#14199,.F.);
#14199 = EDGE_CURVE('',#14200,#12161,#14202,.T.);
#14200 = VERTEX_POINT('',#14201);
#14201 = CARTESIAN_POINT('',(32.478588887171,204.50533188633,13.55));
#14202 = SEAM_CURVE('',#14203,(#14208,#14215),.PCURVE_S1.);
#14203 = CIRCLE('',#14204,1.569444444444);
#14204 = AXIS2_PLACEMENT_3D('',#14205,#14206,#14207);
#14205 = CARTESIAN_POINT('',(32.478588887171,204.50533188633,
    15.119444444444));
#14206 = DIRECTION('',(-2.449293598295E-16,-1.,0.));
#14207 = DIRECTION('',(1.,-2.449293598295E-16,0.));
#14208 = PCURVE('',#12177,#14209);
#14209 = DEFINITIONAL_REPRESENTATION('',(#14210),#14214);
#14210 = LINE('',#14211,#14212);
#14211 = CARTESIAN_POINT('',(6.28318530718,-6.28318530718));
#14212 = VECTOR('',#14213,1.);
#14213 = DIRECTION('',(0.,1.));
#14214 = ( GEOMETRIC_REPRESENTATION_CONTEXT(2) 
PARAMETRIC_REPRESENTATION_CONTEXT() REPRESENTATION_CONTEXT('2D SPACE',''
  ) );
#14215 = PCURVE('',#12177,#14216);
#14216 = DEFINITIONAL_REPRESENTATION('',(#14217),#14221);
#14217 = LINE('',#14218,#14219);
#14218 = CARTESIAN_POINT('',(0.,-6.28318530718));
#14219 = VECTOR('',#14220,1.);
#14220 = DIRECTION('',(0.,1.));
#14221 = ( GEOMETRIC_REPRESENTATION_CONTEXT(2) 
PARAMETRIC_REPRESENTATION_CONTEXT() REPRESENTATION_CONTEXT('2D SPACE',''
  ) );
#14222 = ORIENTED_EDGE('',*,*,#14199,.T.);
#14223 = ADVANCED_FACE('',(#14224),#12208,.F.);
#14224 = FACE_BOUND('',#14225,.F.);
#14225 = EDGE_LOOP('',(#14226,#14227,#14251));
#14226 = ORIENTED_EDGE('',*,*,#12191,.F.);
#14227 = ORIENTED_EDGE('',*,*,#14228,.F.);
#14228 = EDGE_CURVE('',#14229,#12192,#14231,.T.);
#14229 = VERTEX_POINT('',#14230);
#14230 = CARTESIAN_POINT('',(57.040731071168,191.27320029812,13.55));
#14231 = SEAM_CURVE('',#14232,(#14237,#14244),.PCURVE_S1.);
#14232 = CIRCLE('',#14233,1.569444444444);
#14233 = AXIS2_PLACEMENT_3D('',#14234,#14235,#14236);
#14234 = CARTESIAN_POINT('',(57.040731071168,191.27320029812,
    15.119444444444));
#14235 = DIRECTION('',(-2.449293598295E-16,-1.,0.));
#14236 = DIRECTION('',(1.,-2.449293598295E-16,0.));
#14237 = PCURVE('',#12208,#14238);
#14238 = DEFINITIONAL_REPRESENTATION('',(#14239),#14243);
#14239 = LINE('',#14240,#14241);
#14240 = CARTESIAN_POINT('',(6.28318530718,-6.28318530718));
#14241 = VECTOR('',#14242,1.);
#14242 = DIRECTION('',(0.,1.));
#14243 = ( GEOMETRIC_REPRESENTATION_CONTEXT(2) 
PARAMETRIC_REPRESENTATION_CONTEXT() REPRESENTATION_CONTEXT('2D SPACE',''
  ) );
#14244 = PCURVE('',#12208,#14245);
#14245 = DEFINITIONAL_REPRESENTATION('',(#14246),#14250);
#14246 = LINE('',#14247,#14248);
#14247 = CARTESIAN_POINT('',(0.,-6.28318530718));
#14248 = VECTOR('',#14249,1.);
#14249 = DIRECTION('',(0.,1.));
#14250 = ( GEOMETRIC_REPRESENTATION_CONTEXT(2) 
PARAMETRIC_REPRESENTATION_CONTEXT() REPRESENTATION_CONTEXT('2D SPACE',''
  ) );
#14251 = ORIENTED_EDGE('',*,*,#14228,.T.);
#14252 = ADVANCED_FACE('',(#14253),#12239,.F.);
#14253 = FACE_BOUND('',#14254,.F.);
#14254 = EDGE_LOOP('',(#14255,#14256,#14280));
#14255 = ORIENTED_EDGE('',*,*,#12222,.F.);
#14256 = ORIENTED_EDGE('',*,*,#14257,.F.);
#14257 = EDGE_CURVE('',#14258,#12223,#14260,.T.);
#14258 = VERTEX_POINT('',#14259);
#14259 = CARTESIAN_POINT('',(53.785289158948,193.59693738952,13.55));
#14260 = SEAM_CURVE('',#14261,(#14266,#14273),.PCURVE_S1.);
#14261 = CIRCLE('',#14262,1.569444444444);
#14262 = AXIS2_PLACEMENT_3D('',#14263,#14264,#14265);
#14263 = CARTESIAN_POINT('',(53.785289158948,193.59693738952,
    15.119444444444));
#14264 = DIRECTION('',(-2.449293598295E-16,-1.,0.));
#14265 = DIRECTION('',(1.,-2.449293598295E-16,0.));
#14266 = PCURVE('',#12239,#14267);
#14267 = DEFINITIONAL_REPRESENTATION('',(#14268),#14272);
#14268 = LINE('',#14269,#14270);
#14269 = CARTESIAN_POINT('',(6.28318530718,-6.28318530718));
#14270 = VECTOR('',#14271,1.);
#14271 = DIRECTION('',(0.,1.));
#14272 = ( GEOMETRIC_REPRESENTATION_CONTEXT(2) 
PARAMETRIC_REPRESENTATION_CONTEXT() REPRESENTATION_CONTEXT('2D SPACE',''
  ) );
#14273 = PCURVE('',#12239,#14274);
#14274 = DEFINITIONAL_REPRESENTATION('',(#14275),#14279);
#14275 = LINE('',#14276,#14277);
#14276 = CARTESIAN_POINT('',(0.,-6.28318530718));
#14277 = VECTOR('',#14278,1.);
#14278 = DIRECTION('',(0.,1.));
#14279 = ( GEOMETRIC_REPRESENTATION_CONTEXT(2) 
PARAMETRIC_REPRESENTATION_CONTEXT() REPRESENTATION_CONTEXT('2D SPACE',''
  ) );
#14280 = ORIENTED_EDGE('',*,*,#14257,.T.);
#14281 = ADVANCED_FACE('',(#14282),#12793,.T.);
#14282 = FACE_BOUND('',#14283,.T.);
#14283 = EDGE_LOOP('',(#14284,#14306,#14307,#14308,#14690));
#14284 = ORIENTED_EDGE('',*,*,#14285,.F.);
#14285 = EDGE_CURVE('',#12757,#14286,#14288,.T.);
#14286 = VERTEX_POINT('',#14287);
#14287 = CARTESIAN_POINT('',(94.82926597434,130.88741724982,
    17.230320777347));
#14288 = SEAM_CURVE('',#14289,(#14292,#14299),.PCURVE_S1.);
#14289 = B_SPLINE_CURVE_WITH_KNOTS('',1,(#14290,#14291),.UNSPECIFIED.,
  .F.,.F.,(2,2),(0.,1.),.PIECEWISE_BEZIER_KNOTS.);
#14290 = CARTESIAN_POINT('',(95.508372066099,130.24001988096,15.944));
#14291 = CARTESIAN_POINT('',(94.702728626084,131.0080463346,17.47));
#14292 = PCURVE('',#12793,#14293);
#14293 = DEFINITIONAL_REPRESENTATION('',(#14294),#14298);
#14294 = LINE('',#14295,#14296);
#14295 = CARTESIAN_POINT('',(0.,0.));
#14296 = VECTOR('',#14297,1.);
#14297 = DIRECTION('',(0.,1.));
#14298 = ( GEOMETRIC_REPRESENTATION_CONTEXT(2) 
PARAMETRIC_REPRESENTATION_CONTEXT() REPRESENTATION_CONTEXT('2D SPACE',''
  ) );
#14299 = PCURVE('',#12793,#14300);
#14300 = DEFINITIONAL_REPRESENTATION('',(#14301),#14305);
#14301 = LINE('',#14302,#14303);
#14302 = CARTESIAN_POINT('',(6.28318530718,0.));
#14303 = VECTOR('',#14304,1.);
#14304 = DIRECTION('',(0.,1.));
#14305 = ( GEOMETRIC_REPRESENTATION_CONTEXT(2) 
PARAMETRIC_REPRESENTATION_CONTEXT() REPRESENTATION_CONTEXT('2D SPACE',''
  ) );
#14306 = ORIENTED_EDGE('',*,*,#12778,.T.);
#14307 = ORIENTED_EDGE('',*,*,#14285,.T.);
#14308 = ORIENTED_EDGE('',*,*,#14309,.T.);
#14309 = EDGE_CURVE('',#14286,#14310,#14312,.T.);
#14310 = VERTEX_POINT('',#14311);
#14311 = CARTESIAN_POINT('',(94.83080925616,131.0080463346,
    17.206360671947));
#14312 = SURFACE_CURVE('',#14313,(#14435,#14560),.PCURVE_S1.);
#14313 = B_SPLINE_CURVE_WITH_KNOTS('',8,(#14314,#14315,#14316,#14317,
    #14318,#14319,#14320,#14321,#14322,#14323,#14324,#14325,#14326,
    #14327,#14328,#14329,#14330,#14331,#14332,#14333,#14334,#14335,
    #14336,#14337,#14338,#14339,#14340,#14341,#14342,#14343,#14344,
    #14345,#14346,#14347,#14348,#14349,#14350,#14351,#14352,#14353,
    #14354,#14355,#14356,#14357,#14358,#14359,#14360,#14361,#14362,
    #14363,#14364,#14365,#14366,#14367,#14368,#14369,#14370,#14371,
    #14372,#14373,#14374,#14375,#14376,#14377,#14378,#14379,#14380,
    #14381,#14382,#14383,#14384,#14385,#14386,#14387,#14388,#14389,
    #14390,#14391,#14392,#14393,#14394,#14395,#14396,#14397,#14398,
    #14399,#14400,#14401,#14402,#14403,#14404,#14405,#14406,#14407,
    #14408,#14409,#14410,#14411,#14412,#14413,#14414,#14415,#14416,
    #14417,#14418,#14419,#14420,#14421,#14422,#14423,#14424,#14425,
    #14426,#14427,#14428,#14429,#14430,#14431,#14432,#14433,#14434),
  .UNSPECIFIED.,.F.,.F.,(9,7,7,7,7,7,7,7,7,7,7,7,7,7,7,7,7,9),(0.,
    4.898678833362E-02,8.644552001751E-02,0.117225410018,0.216545654588,
    0.335718136088,0.370310522616,0.413513055399,0.502638601396,
    0.577787824403,0.679850183787,0.729024194519,0.77686384558,
    0.879018146433,0.954188276618,0.976725019302,0.987442956635,1.),
  .UNSPECIFIED.);
#14314 = CARTESIAN_POINT('',(94.82926597434,130.88741724982,
    17.230320777347));
#14315 = CARTESIAN_POINT('',(94.826504558453,130.85856162176,
    17.235551280612));
#14316 = CARTESIAN_POINT('',(94.822443310973,130.82975925543,
    17.240518044554));
#14317 = CARTESIAN_POINT('',(94.81709133226,130.8010798313,
    17.245227893996));
#14318 = CARTESIAN_POINT('',(94.810461574129,130.77259195497,
    17.24968885885));
#14319 = CARTESIAN_POINT('',(94.802570691998,130.74436292057,
    17.253909778821));
#14320 = CARTESIAN_POINT('',(94.793438897051,130.71645847401,
    17.25789990811));
#14321 = CARTESIAN_POINT('',(94.783089808382,130.68894257634,
    17.261668520116));
#14322 = CARTESIAN_POINT('',(94.762726392224,130.64118105828,
    17.267943672875));
#14323 = CARTESIAN_POINT('',(94.753206373157,130.62074828507,
    17.270538501049));
#14324 = CARTESIAN_POINT('',(94.743002329742,130.60060661772,
    17.273013092183));
#14325 = CARTESIAN_POINT('',(94.732127385053,130.58078304305,
    17.275371395722));
#14326 = CARTESIAN_POINT('',(94.720595703451,130.56130376445,
    17.277617215038));
#14327 = CARTESIAN_POINT('',(94.708422490587,130.54219420192,
    17.279754207428));
#14328 = CARTESIAN_POINT('',(94.695623993399,130.52347899202,
    17.281785884119));
#14329 = CARTESIAN_POINT('',(94.671201366622,130.49014731513,
    17.285301268819));
#14330 = CARTESIAN_POINT('',(94.659774674402,130.47539496184,
    17.286818071835));
#14331 = CARTESIAN_POINT('',(94.647947003767,130.46093814105,
    17.288267863837));
#14332 = CARTESIAN_POINT('',(94.635728343768,130.44678963692,
    17.289652397725));
#14333 = CARTESIAN_POINT('',(94.623129092199,130.43296180478,
    17.290973334774));
#14334 = CARTESIAN_POINT('',(94.610160055588,130.41946657113,
    17.292232244634));
#14335 = CARTESIAN_POINT('',(94.596832449208,130.40631543362,
    17.293430605326));
#14336 = CARTESIAN_POINT('',(94.539032987488,130.35222954344,
    17.298245755832));
#14337 = CARTESIAN_POINT('',(94.491293614328,130.31463594224,
    17.301305794838));
#14338 = CARTESIAN_POINT('',(94.440331480891,130.2811121854,
    17.303796271732));
#14339 = CARTESIAN_POINT('',(94.386577344468,130.25197916404,
    17.305753476273));
#14340 = CARTESIAN_POINT('',(94.330494746019,130.22750236388,
    17.307204041153));
#14341 = CARTESIAN_POINT('',(94.27257373985,130.20788909654,
    17.308165346627));
#14342 = CARTESIAN_POINT('',(94.213324623293,130.19328573083,
    17.308645925152));
#14343 = CARTESIAN_POINT('',(94.0812152601,130.17236308725,
    17.308645795064));
#14344 = CARTESIAN_POINT('',(94.007991263273,130.16828133025,
    17.30795380981));
#14345 = CARTESIAN_POINT('',(93.934508225904,130.1716756263,
    17.306569403468));
#14346 = CARTESIAN_POINT('',(93.861686110857,130.18255442275,
    17.304475277671));
#14347 = CARTESIAN_POINT('',(93.79043977564,130.20079327351,
    17.301635432697));
#14348 = CARTESIAN_POINT('',(93.721662291875,130.22613811045,
    17.297993886208));
#14349 = CARTESIAN_POINT('',(93.656208102465,130.25820715362,
    17.293474020518));
#14350 = CARTESIAN_POINT('',(93.577073053912,130.30760430707,
    17.2863833818));
#14351 = CARTESIAN_POINT('',(93.559616964531,130.31924111252,
    17.284705986645));
#14352 = CARTESIAN_POINT('',(93.542527201107,130.33138954304,
    17.282943965303));
#14353 = CARTESIAN_POINT('',(93.525822720112,130.34403645919,
    17.281094781502));
#14354 = CARTESIAN_POINT('',(93.50952198171,130.35716791575,
    17.279155770302));
#14355 = CARTESIAN_POINT('',(93.493642949752,130.37076916162,
    17.277124138094));
#14356 = CARTESIAN_POINT('',(93.478203091783,130.38482463991,
    17.2749969626));
#14357 = CARTESIAN_POINT('',(93.444506176321,130.41741877258,
    17.269991422551));
#14358 = CARTESIAN_POINT('',(93.42650438532,130.43620257226,
    17.267057875257));
#14359 = CARTESIAN_POINT('',(93.409246949762,130.45563758273,
    17.263964702866));
#14360 = CARTESIAN_POINT('',(93.392765440444,130.47569013804,
    17.260705757122));
#14361 = CARTESIAN_POINT('',(93.377089953233,130.49632478894,
    17.257274729716));
#14362 = CARTESIAN_POINT('',(93.362249007064,130.51750438129,
    17.253665292353));
#14363 = CARTESIAN_POINT('',(93.348269441946,130.53919013445,
    17.249871236825));
#14364 = CARTESIAN_POINT('',(93.308165587777,130.60703978439,
    17.237666458412));
#14365 = CARTESIAN_POINT('',(93.28492400089,130.6547259552,
    17.228634125699));
#14366 = CARTESIAN_POINT('',(93.265677090679,130.70404107569,
    17.218739389706));
#14367 = CARTESIAN_POINT('',(93.250611643621,130.75460054659,
    17.207935811305));
#14368 = CARTESIAN_POINT('',(93.239875687742,130.80600005521,
    17.196192559625));
#14369 = CARTESIAN_POINT('',(93.233574302779,130.85782206175,
    17.183508549726));
#14370 = CARTESIAN_POINT('',(93.231761251029,130.90964304249,
    17.169928897815));
#14371 = CARTESIAN_POINT('',(93.236673663941,131.0043798321,
    17.14345118579));
#14372 = CARTESIAN_POINT('',(93.242105024625,131.04742282353,
    17.130778598272));
#14373 = CARTESIAN_POINT('',(93.250715027295,131.08991777968,
    17.117610680786));
#14374 = CARTESIAN_POINT('',(93.262467032592,131.1316222668,
    17.104040567459));
#14375 = CARTESIAN_POINT('',(93.277290726179,131.17230791877,
    17.090192753688));
#14376 = CARTESIAN_POINT('',(93.295081393363,131.21176397285,
    17.076219767914));
#14377 = CARTESIAN_POINT('',(93.315700987656,131.24980052447,
    17.06229253866));
#14378 = CARTESIAN_POINT('',(93.370598250267,131.33575663904,
    17.029967109686));
#14379 = CARTESIAN_POINT('',(93.407128159217,131.38234531481,
    17.011751286811));
#14380 = CARTESIAN_POINT('',(93.448149951262,131.42559656966,
    16.994372485252));
#14381 = CARTESIAN_POINT('',(93.493145377309,131.46517473958,
    16.978283121932));
#14382 = CARTESIAN_POINT('',(93.541526196181,131.50084944604,
    16.963873673431));
#14383 = CARTESIAN_POINT('',(93.592704449518,131.53248680145,
    16.951435017691));
#14384 = CARTESIAN_POINT('',(93.646149497244,131.56002001145,
    16.941157844221));
#14385 = CARTESIAN_POINT('',(93.727984012043,131.59467575896,
    16.92931401808));
#14386 = CARTESIAN_POINT('',(93.75500919328,131.60498297306,
    16.92599282373));
#14387 = CARTESIAN_POINT('',(93.782399087249,131.6143254173,
    16.923214733857));
#14388 = CARTESIAN_POINT('',(93.810106172361,131.6227005337,
    16.920989457787));
#14389 = CARTESIAN_POINT('',(93.838086628044,131.63010609942,
    16.919323582461));
#14390 = CARTESIAN_POINT('',(93.866299313479,131.63653933889,
    16.918221058251));
#14391 = CARTESIAN_POINT('',(93.894704746343,131.64199603587,
    16.917683684772));
#14392 = CARTESIAN_POINT('',(93.951048445883,131.65082186175,
    16.917738751227));
#14393 = CARTESIAN_POINT('',(93.978978673166,131.65424366152,
    16.918300922541));
#14394 = CARTESIAN_POINT('',(94.007018897631,131.65672958335,
    16.919397868156));
#14395 = CARTESIAN_POINT('',(94.035133290077,131.65827202397,
    16.921027835056));
#14396 = CARTESIAN_POINT('',(94.063284970616,131.65886170094,
    16.92318713478));
#14397 = CARTESIAN_POINT('',(94.091434921438,131.65848811529,
    16.925869718512));
#14398 = CARTESIAN_POINT('',(94.119540899563,131.65714001404,
    16.929066752158));
#14399 = CARTESIAN_POINT('',(94.207379083437,131.64982160637,
    16.940665781507));
#14400 = CARTESIAN_POINT('',(94.266805370692,131.64034021527,
    16.9508583265));
#14401 = CARTESIAN_POINT('',(94.325361332902,131.62625054924,
    16.963222922796));
#14402 = CARTESIAN_POINT('',(94.382522641965,131.60745076903,
    16.977571060571));
#14403 = CARTESIAN_POINT('',(94.437688634006,131.58388399399,
    16.993614217488));
#14404 = CARTESIAN_POINT('',(94.49022695881,131.55558452878,
    17.010963384605));
#14405 = CARTESIAN_POINT('',(94.539537971126,131.52270879295,
    17.029165847917));
#14406 = CARTESIAN_POINT('',(94.618606060598,131.45816351508,
    17.061485099642));
#14407 = CARTESIAN_POINT('',(94.650091847817,131.42846599166,
    17.075412500248));
#14408 = CARTESIAN_POINT('',(94.679333017737,131.3965372871,
    17.089393128524));
#14409 = CARTESIAN_POINT('',(94.70613855955,131.36251431161,
    17.103255396295));
#14410 = CARTESIAN_POINT('',(94.730342640751,131.32656424158,
    17.116845793167));
#14411 = CARTESIAN_POINT('',(94.751806712631,131.28888179205,
    17.130038651945));
#14412 = CARTESIAN_POINT('',(94.770419946266,131.24968564506,
    17.142739635764));
#14413 = CARTESIAN_POINT('',(94.790798433077,131.19708024801,
    17.158523630762));
#14414 = CARTESIAN_POINT('',(94.79523513246,131.18483156693,
    17.162114243874));
#14415 = CARTESIAN_POINT('',(94.799405864482,131.17247433405,
    17.165653057927));
#14416 = CARTESIAN_POINT('',(94.803308614238,131.16001498282,
    17.169138561584));
#14417 = CARTESIAN_POINT('',(94.806941584603,131.14746003704,
    17.172569460494));
#14418 = CARTESIAN_POINT('',(94.81030319623,131.13481611081,
    17.175944677291));
#14419 = CARTESIAN_POINT('',(94.813392087548,131.12208990858,
    17.179263351594));
#14420 = CARTESIAN_POINT('',(94.817545874573,131.10320004973,
    17.184075926114));
#14421 = CARTESIAN_POINT('',(94.818821802348,131.09709885004,
    17.185613043112));
#14422 = CARTESIAN_POINT('',(94.820034950487,131.09098524757,
    17.187136187207));
#14423 = CARTESIAN_POINT('',(94.821185373825,131.08485986397,
    17.188645361295));
#14424 = CARTESIAN_POINT('',(94.822273129638,131.07872332105,
    17.190140574959));
#14425 = CARTESIAN_POINT('',(94.823298277641,131.07257624073,
    17.19162184447));
#14426 = CARTESIAN_POINT('',(94.824260879987,131.06641924506,
    17.193089192788));
#14427 = CARTESIAN_POINT('',(94.826215575641,131.05302858516,
    17.196245507042));
#14428 = CARTESIAN_POINT('',(94.827037905761,131.04679477249,
    17.19769280628));
#14429 = CARTESIAN_POINT('',(94.827816941362,131.04055183248,
    17.199131182054));
#14430 = CARTESIAN_POINT('',(94.828596385777,131.03376198374,
    17.200678831377));
#14431 = CARTESIAN_POINT('',(94.829365311921,131.02638699736,
    17.202340489941));
#14432 = CARTESIAN_POINT('',(94.830012147511,131.01888433962,
    17.203998345656));
#14433 = CARTESIAN_POINT('',(94.830510551573,131.0122588934,
    17.205445110174));
#14434 = CARTESIAN_POINT('',(94.83080925616,131.0080463346,
    17.206360671947));
#14435 = PCURVE('',#12793,#14436);
#14436 = DEFINITIONAL_REPRESENTATION('',(#14437),#14559);
#14437 = B_SPLINE_CURVE_WITH_KNOTS('',8,(#14438,#14439,#14440,#14441,
    #14442,#14443,#14444,#14445,#14446,#14447,#14448,#14449,#14450,
    #14451,#14452,#14453,#14454,#14455,#14456,#14457,#14458,#14459,
    #14460,#14461,#14462,#14463,#14464,#14465,#14466,#14467,#14468,
    #14469,#14470,#14471,#14472,#14473,#14474,#14475,#14476,#14477,
    #14478,#14479,#14480,#14481,#14482,#14483,#14484,#14485,#14486,
    #14487,#14488,#14489,#14490,#14491,#14492,#14493,#14494,#14495,
    #14496,#14497,#14498,#14499,#14500,#14501,#14502,#14503,#14504,
    #14505,#14506,#14507,#14508,#14509,#14510,#14511,#14512,#14513,
    #14514,#14515,#14516,#14517,#14518,#14519,#14520,#14521,#14522,
    #14523,#14524,#14525,#14526,#14527,#14528,#14529,#14530,#14531,
    #14532,#14533,#14534,#14535,#14536,#14537,#14538,#14539,#14540,
    #14541,#14542,#14543,#14544,#14545,#14546,#14547,#14548,#14549,
    #14550,#14551,#14552,#14553,#14554,#14555,#14556,#14557,#14558),
  .UNSPECIFIED.,.F.,.F.,(9,7,7,7,7,7,7,7,7,7,7,7,7,7,7,7,7,9),(0.,
    4.898678833362E-02,8.644552001751E-02,0.117225410018,0.216545654588,
    0.335718136088,0.370310522616,0.413513055399,0.502638601396,
    0.577787824403,0.679850183787,0.729024194519,0.77686384558,
    0.879018146433,0.954188276618,0.976725019302,0.987442956635,1.),
  .UNSPECIFIED.);
#14438 = CARTESIAN_POINT('',(6.28318530718,0.842936289218));
#14439 = CARTESIAN_POINT('',(6.243196933353,0.846363879824));
#14440 = CARTESIAN_POINT('',(6.20317262669,0.849618639943));
#14441 = CARTESIAN_POINT('',(6.163122684622,0.852705041937));
#14442 = CARTESIAN_POINT('',(6.123055621704,0.85562834787));
#14443 = CARTESIAN_POINT('',(6.082978395079,0.858394350473));
#14444 = CARTESIAN_POINT('',(6.042896629939,0.861009114096));
#14445 = CARTESIAN_POINT('',(6.002814844993,0.863478715673));
#14446 = CARTESIAN_POINT('',(5.932090102447,0.867590873444));
#14447 = CARTESIAN_POINT('',(5.901445633893,0.869291285091));
#14448 = CARTESIAN_POINT('',(5.870804765547,0.870912904445));
#14449 = CARTESIAN_POINT('',(5.840168749911,0.872458319608));
#14450 = CARTESIAN_POINT('',(5.809538598721,0.873930022961));
#14451 = CARTESIAN_POINT('',(5.77891508294,0.875330411159));
#14452 = CARTESIAN_POINT('',(5.748298732759,0.876661785137));
#14453 = CARTESIAN_POINT('',(5.692538467446,0.878965444835));
#14454 = CARTESIAN_POINT('',(5.667392158883,0.879959417978));
#14455 = CARTESIAN_POINT('',(5.64225109176,0.880909478268));
#14456 = CARTESIAN_POINT('',(5.617115388062,0.881816774394));
#14457 = CARTESIAN_POINT('',(5.59198511191,0.882682395003));
#14458 = CARTESIAN_POINT('',(5.566860269554,0.883507368698));
#14459 = CARTESIAN_POINT('',(5.541740809384,0.88429266404));
#14460 = CARTESIAN_POINT('',(5.435588410247,0.887448070663));
#14461 = CARTESIAN_POINT('',(5.354602053117,0.889453338688));
#14462 = CARTESIAN_POINT('',(5.273668701138,0.891085368107));
#14463 = CARTESIAN_POINT('',(5.192781448713,0.892367939891));
#14464 = CARTESIAN_POINT('',(5.111928616278,0.893318506653));
#14465 = CARTESIAN_POINT('',(5.03109703254,0.893948457816));
#14466 = CARTESIAN_POINT('',(4.950275316719,0.894263384765));
#14467 = CARTESIAN_POINT('',(4.772484985226,0.894263299517));
#14468 = CARTESIAN_POINT('',(4.675504261529,0.893809836048));
#14469 = CARTESIAN_POINT('',(4.578507340425,0.892902623504));
#14470 = CARTESIAN_POINT('',(4.481475232871,0.891530326128));
#14471 = CARTESIAN_POINT('',(4.384384261328,0.889669353012));
#14472 = CARTESIAN_POINT('',(4.287213970132,0.887283018485));
#14473 = CARTESIAN_POINT('',(4.189956294987,0.884321114363));
#14474 = CARTESIAN_POINT('',(4.064373768921,0.879674562123));
#14475 = CARTESIAN_POINT('',(4.036114819584,0.878575351667));
#14476 = CARTESIAN_POINT('',(4.007849208804,0.877420684995));
#14477 = CARTESIAN_POINT('',(3.979577142285,0.876208900067));
#14478 = CARTESIAN_POINT('',(3.951298966165,0.874938250525));
#14479 = CARTESIAN_POINT('',(3.923015167018,0.873606905697));
#14480 = CARTESIAN_POINT('',(3.894726371847,0.87221295059));
#14481 = CARTESIAN_POINT('',(3.831098107917,0.868932780178));
#14482 = CARTESIAN_POINT('',(3.795756278113,0.867010403183));
#14483 = CARTESIAN_POINT('',(3.760409489415,0.864983422586));
#14484 = CARTESIAN_POINT('',(3.725059799339,0.862847809385));
#14485 = CARTESIAN_POINT('',(3.68970980466,0.860599429696));
#14486 = CARTESIAN_POINT('',(3.654362753886,0.858234136535));
#14487 = CARTESIAN_POINT('',(3.619022659739,0.855747861615));
#14488 = CARTESIAN_POINT('',(3.510813281768,0.847749972747));
#14489 = CARTESIAN_POINT('',(3.437973622285,0.841831012909));
#14490 = CARTESIAN_POINT('',(3.365228217309,0.835346913307));
#14491 = CARTESIAN_POINT('',(3.292638765684,0.828267242009));
#14492 = CARTESIAN_POINT('',(3.22028205655,0.820571795298));
#14493 = CARTESIAN_POINT('',(3.148253570265,0.812259862206));
#14494 = CARTESIAN_POINT('',(3.076668504646,0.803361007743));
#14495 = CARTESIAN_POINT('',(2.945787191649,0.78600995137));
#14496 = CARTESIAN_POINT('',(2.886317287858,0.777705503455));
#14497 = CARTESIAN_POINT('',(2.827330080602,0.769076461852));
#14498 = CARTESIAN_POINT('',(2.768901999779,0.760183858099));
#14499 = CARTESIAN_POINT('',(2.711103380353,0.751109275025));
#14500 = CARTESIAN_POINT('',(2.653995271228,0.741952665737));
#14501 = CARTESIAN_POINT('',(2.597626012397,0.732826041061));
#14502 = CARTESIAN_POINT('',(2.466517722455,0.711642929021));
#14503 = CARTESIAN_POINT('',(2.39241713635,0.69970595466));
#14504 = CARTESIAN_POINT('',(2.319813388658,0.688317487059));
#14505 = CARTESIAN_POINT('',(2.248730255012,0.677773998645));
#14506 = CARTESIAN_POINT('',(2.179113965741,0.668331371842));
#14507 = CARTESIAN_POINT('',(2.110832865698,0.660180221291));
#14508 = CARTESIAN_POINT('',(2.043690739744,0.653445507353));
#14509 = CARTESIAN_POINT('',(1.945540983338,0.645684153394));
#14510 = CARTESIAN_POINT('',(1.91383408215,0.643507748185));
#14511 = CARTESIAN_POINT('',(1.882304704883,0.641687243681));
#14512 = CARTESIAN_POINT('',(1.85092059702,0.640229002482));
#14513 = CARTESIAN_POINT('',(1.81964681798,0.639137341062));
#14514 = CARTESIAN_POINT('',(1.788446662642,0.638414848133));
#14515 = CARTESIAN_POINT('',(1.757282582873,0.638062702996));
#14516 = CARTESIAN_POINT('',(1.695797324862,0.638098788484));
#14517 = CARTESIAN_POINT('',(1.665475858201,0.638467183841));
#14518 = CARTESIAN_POINT('',(1.635118200867,0.639186021072));
#14519 = CARTESIAN_POINT('',(1.604689821923,0.640254151413));
#14520 = CARTESIAN_POINT('',(1.574156971725,0.641669157785));
#14521 = CARTESIAN_POINT('',(1.543487485957,0.643427076351));
#14522 = CARTESIAN_POINT('',(1.512651589668,0.645522118059));
#14523 = CARTESIAN_POINT('',(1.415365228114,0.653123054723));
#14524 = CARTESIAN_POINT('',(1.348210119214,0.659802310944));
#14525 = CARTESIAN_POINT('',(1.27992164867,0.667904929748));
#14526 = CARTESIAN_POINT('',(1.210300962367,0.677307379142));
#14527 = CARTESIAN_POINT('',(1.139213734479,0.687820588131));
#14528 = CARTESIAN_POINT('',(1.066603855787,0.699189636045));
#14529 = CARTESIAN_POINT('',(0.992493361763,0.711117855778));
#14530 = CARTESIAN_POINT('',(0.8613941486,0.732296919818));
#14531 = CARTESIAN_POINT('',(0.805046976093,0.741423656781));
#14532 = CARTESIAN_POINT('',(0.747958600616,0.750585274262));
#14533 = CARTESIAN_POINT('',(0.690176831262,0.759669329158));
#14534 = CARTESIAN_POINT('',(0.631762354266,0.76857522488));
#14535 = CARTESIAN_POINT('',(0.572785316091,0.777220610711));
#14536 = CARTESIAN_POINT('',(0.513322111764,0.785543666949));
#14537 = CARTESIAN_POINT('',(0.4355028449,0.79588704506));
#14538 = CARTESIAN_POINT('',(0.417516417459,0.798240002539));
#14539 = CARTESIAN_POINT('',(0.399495113206,0.80055901568));
#14540 = CARTESIAN_POINT('',(0.381440908937,0.802843094092));
#14541 = CARTESIAN_POINT('',(0.363355741166,0.805091389577));
#14542 = CARTESIAN_POINT('',(0.345241506128,0.807303196128));
#14543 = CARTESIAN_POINT('',(0.327100059781,0.80947794993));
#14544 = CARTESIAN_POINT('',(0.300293501023,0.812631668489));
#14545 = CARTESIAN_POINT('',(0.291653787101,0.813638953546));
#14546 = CARTESIAN_POINT('',(0.283014076164,0.814637082049));
#14547 = CARTESIAN_POINT('',(0.274374368329,0.815626055895));
#14548 = CARTESIAN_POINT('',(0.265734663712,0.816605881362));
#14549 = CARTESIAN_POINT('',(0.257094962419,0.817576569115));
#14550 = CARTESIAN_POINT('',(0.248455264551,0.8185381342));
#14551 = CARTESIAN_POINT('',(0.229693378472,0.820606492164));
#14552 = CARTESIAN_POINT('',(0.220977304543,0.821555908733));
#14553 = CARTESIAN_POINT('',(0.212254192671,0.822493634605));
#14554 = CARTESIAN_POINT('',(0.202784989428,0.823518592181));
#14555 = CARTESIAN_POINT('',(0.192504206288,0.824593736738));
#14556 = CARTESIAN_POINT('',(0.182073734764,0.825690578663));
#14557 = CARTESIAN_POINT('',(0.172866297484,0.826634583777));
#14558 = CARTESIAN_POINT('',(0.167015279093,0.827234558726));
#14559 = ( GEOMETRIC_REPRESENTATION_CONTEXT(2) 
PARAMETRIC_REPRESENTATION_CONTEXT() REPRESENTATION_CONTEXT('2D SPACE',''
  ) );
#14560 = PCURVE('',#14561,#14566);
#14561 = SPHERICAL_SURFACE('',#14562,0.85);
#14562 = AXIS2_PLACEMENT_3D('',#14563,#14564,#14565);
#14563 = CARTESIAN_POINT('',(94.022728626084,131.0080463346,17.47));
#14564 = DIRECTION('',(0.,0.,1.));
#14565 = DIRECTION('',(1.,0.,-0.));
#14566 = DEFINITIONAL_REPRESENTATION('',(#14567),#14689);
#14567 = B_SPLINE_CURVE_WITH_KNOTS('',8,(#14568,#14569,#14570,#14571,
    #14572,#14573,#14574,#14575,#14576,#14577,#14578,#14579,#14580,
    #14581,#14582,#14583,#14584,#14585,#14586,#14587,#14588,#14589,
    #14590,#14591,#14592,#14593,#14594,#14595,#14596,#14597,#14598,
    #14599,#14600,#14601,#14602,#14603,#14604,#14605,#14606,#14607,
    #14608,#14609,#14610,#14611,#14612,#14613,#14614,#14615,#14616,
    #14617,#14618,#14619,#14620,#14621,#14622,#14623,#14624,#14625,
    #14626,#14627,#14628,#14629,#14630,#14631,#14632,#14633,#14634,
    #14635,#14636,#14637,#14638,#14639,#14640,#14641,#14642,#14643,
    #14644,#14645,#14646,#14647,#14648,#14649,#14650,#14651,#14652,
    #14653,#14654,#14655,#14656,#14657,#14658,#14659,#14660,#14661,
    #14662,#14663,#14664,#14665,#14666,#14667,#14668,#14669,#14670,
    #14671,#14672,#14673,#14674,#14675,#14676,#14677,#14678,#14679,
    #14680,#14681,#14682,#14683,#14684,#14685,#14686,#14687,#14688),
  .UNSPECIFIED.,.F.,.F.,(9,7,7,7,7,7,7,7,7,7,7,7,7,7,7,7,7,9),(0.,
    4.898678833362E-02,8.644552001751E-02,0.117225410018,0.216545654588,
    0.335718136088,0.370310522616,0.413513055399,0.502638601396,
    0.577787824403,0.679850183787,0.729024194519,0.77686384558,
    0.879018146433,0.954188276618,0.976725019302,0.987442956635,1.),
  .UNSPECIFIED.);
#14568 = CARTESIAN_POINT('',(6.134721631594,-0.285852599512));
#14569 = CARTESIAN_POINT('',(6.099226388487,-0.279438804657));
#14570 = CARTESIAN_POINT('',(6.063712908541,-0.273362231233));
#14571 = CARTESIAN_POINT('',(6.028178586616,-0.267611567647));
#14572 = CARTESIAN_POINT('',(5.992621800991,-0.262174522113));
#14573 = CARTESIAN_POINT('',(5.957041736744,-0.257038240314));
#14574 = CARTESIAN_POINT('',(5.921438209133,-0.25218972305));
#14575 = CARTESIAN_POINT('',(5.885811486978,-0.247616243898));
#14576 = CARTESIAN_POINT('',(5.822902108478,-0.240009674021));
#14577 = CARTESIAN_POINT('',(5.795628802343,-0.236867364942));
#14578 = CARTESIAN_POINT('',(5.76834245962,-0.233873339525));
#14579 = CARTESIAN_POINT('',(5.741043396589,-0.23102233412));
#14580 = CARTESIAN_POINT('',(5.713731983829,-0.228309321524));
#14581 = CARTESIAN_POINT('',(5.686408646215,-0.22572951099));
#14582 = CARTESIAN_POINT('',(5.65907386292,-0.223278348221));
#14583 = CARTESIAN_POINT('',(5.609258172788,-0.219039553702));
#14584 = CARTESIAN_POINT('',(5.586780789987,-0.217211553123));
#14585 = CARTESIAN_POINT('',(5.564296299733,-0.215465139238));
#14586 = CARTESIAN_POINT('',(5.541804987662,-0.213798062609));
#14587 = CARTESIAN_POINT('',(5.519307144327,-0.212208198758));
#14588 = CARTESIAN_POINT('',(5.496803065193,-0.210693548166));
#14589 = CARTESIAN_POINT('',(5.474293050639,-0.209252236272));
#14590 = CARTESIAN_POINT('',(5.379124146438,-0.203462705494));
#14591 = CARTESIAN_POINT('',(5.306409247708,-0.199788112994));
#14592 = CARTESIAN_POINT('',(5.233647260856,-0.196800233411));
#14593 = CARTESIAN_POINT('',(5.160848495504,-0.194453588467));
#14594 = CARTESIAN_POINT('',(5.088021071527,-0.19271504058));
#14595 = CARTESIAN_POINT('',(5.015172970753,-0.191563109271));
#14596 = CARTESIAN_POINT('',(4.94231408867,-0.190987287571));
#14597 = CARTESIAN_POINT('',(4.782039987706,-0.19098744345));
#14598 = CARTESIAN_POINT('',(4.694613888611,-0.191816632688));
#14599 = CARTESIAN_POINT('',(4.607207977626,-0.193475479451));
#14600 = CARTESIAN_POINT('',(4.519838897971,-0.195985538284));
#14601 = CARTESIAN_POINT('',(4.432519012885,-0.199391416778));
#14602 = CARTESIAN_POINT('',(4.345261946883,-0.203762660682));
#14603 = CARTESIAN_POINT('',(4.258086602718,-0.209195472312));
#14604 = CARTESIAN_POINT('',(4.14574659178,-0.217735509001));
#14605 = CARTESIAN_POINT('',(4.120482082508,-0.219756710806));
#14606 = CARTESIAN_POINT('',(4.095226555248,-0.221880936184));
#14607 = CARTESIAN_POINT('',(4.069980415036,-0.224111443729));
#14608 = CARTESIAN_POINT('',(4.044744042911,-0.226451682138));
#14609 = CARTESIAN_POINT('',(4.01951779591,-0.228905290201));
#14610 = CARTESIAN_POINT('',(3.99430200707,-0.23147609681));
#14611 = CARTESIAN_POINT('',(3.937618360125,-0.237530197783));
#14612 = CARTESIAN_POINT('',(3.906156494744,-0.241081345461));
#14613 = CARTESIAN_POINT('',(3.874711967771,-0.244829304632));
#14614 = CARTESIAN_POINT('',(3.843285256255,-0.248782288381));
#14615 = CARTESIAN_POINT('',(3.811876670022,-0.25294884199));
#14616 = CARTESIAN_POINT('',(3.780486285878,-0.257337702682));
#14617 = CARTESIAN_POINT('',(3.74911388183,-0.261957659382));
#14618 = CARTESIAN_POINT('',(3.653074412893,-0.276842939184));
#14619 = CARTESIAN_POINT('',(3.588456304119,-0.287890316369));
#14620 = CARTESIAN_POINT('',(3.52390663687,-0.3000339821));
#14621 = CARTESIAN_POINT('',(3.459417247159,-0.313346831001));
#14622 = CARTESIAN_POINT('',(3.39496141846,-0.327889189694));
#14623 = CARTESIAN_POINT('',(3.330488244714,-0.3436924997));
#14624 = CARTESIAN_POINT('',(3.265919652984,-0.36073770778));
#14625 = CARTESIAN_POINT('',(3.146537431254,-0.394266431429));
#14626 = CARTESIAN_POINT('',(3.091775755379,-0.410420861703));
#14627 = CARTESIAN_POINT('',(3.036802467767,-0.427334750458));
#14628 = CARTESIAN_POINT('',(2.981531522116,-0.444917801387));
#14629 = CARTESIAN_POINT('',(2.925855013131,-0.463038567728));
#14630 = CARTESIAN_POINT('',(2.869650067153,-0.481523968628));
#14631 = CARTESIAN_POINT('',(2.812791026497,-0.5001660801));
#14632 = CARTESIAN_POINT('',(2.676905951941,-0.543956824748));
#14633 = CARTESIAN_POINT('',(2.59722051304,-0.569048701562));
#14634 = CARTESIAN_POINT('',(2.515838322868,-0.593437717662));
#14635 = CARTESIAN_POINT('',(2.432521906079,-0.616476896184));
#14636 = CARTESIAN_POINT('',(2.347144260912,-0.637518959038));
#14637 = CARTESIAN_POINT('',(2.259759170598,-0.655991425685));
#14638 = CARTESIAN_POINT('',(2.170627402319,-0.671448910213));
#14639 = CARTESIAN_POINT('',(2.03657252693,-0.689420769848));
#14640 = CARTESIAN_POINT('',(1.992669608903,-0.694492235758));
#14641 = CARTESIAN_POINT('',(1.948493434552,-0.69875680214));
#14642 = CARTESIAN_POINT('',(1.90409255368,-0.70218685257));
#14643 = CARTESIAN_POINT('',(1.859520378083,-0.704761909018));
#14644 = CARTESIAN_POINT('',(1.814833651477,-0.706468512566));
#14645 = CARTESIAN_POINT('',(1.770090919431,-0.707300104128));
#14646 = CARTESIAN_POINT('',(1.681825117722,-0.707214878431));
#14647 = CARTESIAN_POINT('',(1.638301281319,-0.706344893269));
#14648 = CARTESIAN_POINT('',(1.594833627417,-0.704647189079));
#14649 = CARTESIAN_POINT('',(1.551475973088,-0.702128082633));
#14650 = CARTESIAN_POINT('',(1.508280482069,-0.698800073481));
#14651 = CARTESIAN_POINT('',(1.465296331683,-0.694681949343));
#14652 = CARTESIAN_POINT('',(1.422568379763,-0.689798891511));
#14653 = CARTESIAN_POINT('',(1.289527576752,-0.672189801468));
#14654 = CARTESIAN_POINT('',(1.200242579932,-0.65685021788));
#14655 = CARTESIAN_POINT('',(1.112697249705,-0.638474596716));
#14656 = CARTESIAN_POINT('',(1.027158490656,-0.617505693862));
#14657 = CARTESIAN_POINT('',(0.943685830818,-0.59451456583));
#14658 = CARTESIAN_POINT('',(0.862156464326,-0.570148932148));
#14659 = CARTESIAN_POINT('',(0.782335037555,-0.545058249466));
#14660 = CARTESIAN_POINT('',(0.646270468399,-0.501248737307));
#14661 = CARTESIAN_POINT('',(0.589361429214,-0.482595296595));
#14662 = CARTESIAN_POINT('',(0.533112225743,-0.46408943783));
#14663 = CARTESIAN_POINT('',(0.477397066019,-0.44594040018));
#14664 = CARTESIAN_POINT('',(0.422092605536,-0.428322808534));
#14665 = CARTESIAN_POINT('',(0.367090244333,-0.411369710364));
#14666 = CARTESIAN_POINT('',(0.312303145508,-0.39517290163));
#14667 = CARTESIAN_POINT('',(0.241287814935,-0.375178759305));
#14668 = CARTESIAN_POINT('',(0.224920988057,-0.370640110105));
#14669 = CARTESIAN_POINT('',(0.20856565653,-0.366176086616));
#14670 = CARTESIAN_POINT('',(0.192220120563,-0.361787929737));
#14671 = CARTESIAN_POINT('',(0.175882818561,-0.357476628804));
#14672 = CARTESIAN_POINT('',(0.159552327123,-0.353242921581));
#14673 = CARTESIAN_POINT('',(0.143227361046,-0.34908729427));
#14674 = CARTESIAN_POINT('',(0.119145091038,-0.343070908792));
#14675 = CARTESIAN_POINT('',(0.111389561907,-0.341150843714));
#14676 = CARTESIAN_POINT('',(0.10363987402,-0.339249726946));
#14677 = CARTESIAN_POINT('',(9.589572634389E-02,-0.337367492671));
#14678 = CARTESIAN_POINT('',(8.815682872174E-02,-0.33550406858));
#14679 = CARTESIAN_POINT('',(8.042290187525E-02,-0.33365937587));
#14680 = CARTESIAN_POINT('',(7.269367740315E-02,-0.331833329245));
#14681 = CARTESIAN_POINT('',(5.59186122953E-02,-0.327908194418));
#14682 = CARTESIAN_POINT('',(4.813128312254E-02,-0.326110113585));
#14683 = CARTESIAN_POINT('',(4.034248386889E-02,-0.324323954786));
#14684 = CARTESIAN_POINT('',(3.188608939706E-02,-0.322403378323));
#14685 = CARTESIAN_POINT('',(2.271876336742E-02,-0.320342824975));
#14686 = CARTESIAN_POINT('',(1.341647616203E-02,-0.318289306715));
#14687 = CARTESIAN_POINT('',(5.213042659786E-03,-0.316498453723));
#14688 = CARTESIAN_POINT('',(0.,-0.315365446096));
#14689 = ( GEOMETRIC_REPRESENTATION_CONTEXT(2) 
PARAMETRIC_REPRESENTATION_CONTEXT() REPRESENTATION_CONTEXT('2D SPACE',''
  ) );
#14690 = ORIENTED_EDGE('',*,*,#14691,.T.);
#14691 = EDGE_CURVE('',#14310,#14286,#14692,.T.);
#14692 = SURFACE_CURVE('',#14693,(#14699,#14708),.PCURVE_S1.);
#14693 = B_SPLINE_CURVE_WITH_KNOTS('',4,(#14694,#14695,#14696,#14697,
    #14698),.UNSPECIFIED.,.F.,.F.,(5,5),(0.,1.),
  .PIECEWISE_BEZIER_KNOTS.);
#14694 = CARTESIAN_POINT('',(94.83080925616,131.0080463346,
    17.206360671947));
#14695 = CARTESIAN_POINT('',(94.832934908546,130.97806885919,
    17.212876006864));
#14696 = CARTESIAN_POINT('',(94.833384749955,130.94787687393,
    17.219037174423));
#14697 = CARTESIAN_POINT('',(94.832155633874,130.91761296975,
    17.22484736289));
#14698 = CARTESIAN_POINT('',(94.82926597434,130.88741724982,
    17.230320777347));
#14699 = PCURVE('',#12793,#14700);
#14700 = DEFINITIONAL_REPRESENTATION('',(#14701),#14707);
#14701 = B_SPLINE_CURVE_WITH_KNOTS('',4,(#14702,#14703,#14704,#14705,
    #14706),.UNSPECIFIED.,.F.,.F.,(5,5),(0.,1.),
  .PIECEWISE_BEZIER_KNOTS.);
#14702 = CARTESIAN_POINT('',(0.167015466715,0.827235040595));
#14703 = CARTESIAN_POINT('',(0.125378342107,0.831504591654));
#14704 = CARTESIAN_POINT('',(8.364510760826E-02,0.835542054012));
#14705 = CARTESIAN_POINT('',(4.184548451326E-02,0.839349516966));
#14706 = CARTESIAN_POINT('',(0.,0.842936289218));
#14707 = ( GEOMETRIC_REPRESENTATION_CONTEXT(2) 
PARAMETRIC_REPRESENTATION_CONTEXT() REPRESENTATION_CONTEXT('2D SPACE',''
  ) );
#14708 = PCURVE('',#14561,#14709);
#14709 = DEFINITIONAL_REPRESENTATION('',(#14710),#14716);
#14710 = B_SPLINE_CURVE_WITH_KNOTS('',4,(#14711,#14712,#14713,#14714,
    #14715),.UNSPECIFIED.,.F.,.F.,(5,5),(0.,1.),
  .PIECEWISE_BEZIER_KNOTS.);
#14711 = CARTESIAN_POINT('',(6.28318530718,-0.315365446096));
#14712 = CARTESIAN_POINT('',(6.246088173181,-0.30730271736));
#14713 = CARTESIAN_POINT('',(6.208985845296,-0.299706541316));
#14714 = CARTESIAN_POINT('',(6.171865318711,-0.292564259118));
#14715 = CARTESIAN_POINT('',(6.134721631594,-0.285852599512));
#14716 = ( GEOMETRIC_REPRESENTATION_CONTEXT(2) 
PARAMETRIC_REPRESENTATION_CONTEXT() REPRESENTATION_CONTEXT('2D SPACE',''
  ) );
#14717 = ADVANCED_FACE('',(#14718),#13683,.T.);
#14718 = FACE_BOUND('',#14719,.T.);
#14719 = EDGE_LOOP('',(#14720,#14742,#14743,#14744));
#14720 = ORIENTED_EDGE('',*,*,#14721,.F.);
#14721 = EDGE_CURVE('',#13647,#14722,#14724,.T.);
#14722 = VERTEX_POINT('',#14723);
#14723 = CARTESIAN_POINT('',(-1.884773749861,210.20415428035,
    21.909363009735));
#14724 = SEAM_CURVE('',#14725,(#14728,#14735),.PCURVE_S1.);
#14725 = B_SPLINE_CURVE_WITH_KNOTS('',1,(#14726,#14727),.UNSPECIFIED.,
  .F.,.F.,(2,2),(0.,1.),.PIECEWISE_BEZIER_KNOTS.);
#14726 = CARTESIAN_POINT('',(0.284,210.20415428035,18.05));
#14727 = CARTESIAN_POINT('',(-2.02,210.20415428035,22.15));
#14728 = PCURVE('',#13683,#14729);
#14729 = DEFINITIONAL_REPRESENTATION('',(#14730),#14734);
#14730 = LINE('',#14731,#14732);
#14731 = CARTESIAN_POINT('',(0.,0.));
#14732 = VECTOR('',#14733,1.);
#14733 = DIRECTION('',(0.,1.));
#14734 = ( GEOMETRIC_REPRESENTATION_CONTEXT(2) 
PARAMETRIC_REPRESENTATION_CONTEXT() REPRESENTATION_CONTEXT('2D SPACE',''
  ) );
#14735 = PCURVE('',#13683,#14736);
#14736 = DEFINITIONAL_REPRESENTATION('',(#14737),#14741);
#14737 = LINE('',#14738,#14739);
#14738 = CARTESIAN_POINT('',(6.28318530718,0.));
#14739 = VECTOR('',#14740,1.);
#14740 = DIRECTION('',(0.,1.));
#14741 = ( GEOMETRIC_REPRESENTATION_CONTEXT(2) 
PARAMETRIC_REPRESENTATION_CONTEXT() REPRESENTATION_CONTEXT('2D SPACE',''
  ) );
#14742 = ORIENTED_EDGE('',*,*,#13668,.T.);
#14743 = ORIENTED_EDGE('',*,*,#14721,.T.);
#14744 = ORIENTED_EDGE('',*,*,#14745,.T.);
#14745 = EDGE_CURVE('',#14722,#14722,#14746,.T.);
#14746 = SURFACE_CURVE('',#14747,(#14810,#14876),.PCURVE_S1.);
#14747 = B_SPLINE_CURVE_WITH_KNOTS('',7,(#14748,#14749,#14750,#14751,
    #14752,#14753,#14754,#14755,#14756,#14757,#14758,#14759,#14760,
    #14761,#14762,#14763,#14764,#14765,#14766,#14767,#14768,#14769,
    #14770,#14771,#14772,#14773,#14774,#14775,#14776,#14777,#14778,
    #14779,#14780,#14781,#14782,#14783,#14784,#14785,#14786,#14787,
    #14788,#14789,#14790,#14791,#14792,#14793,#14794,#14795,#14796,
    #14797,#14798,#14799,#14800,#14801,#14802,#14803,#14804,#14805,
    #14806,#14807,#14808,#14809),.UNSPECIFIED.,.T.,.F.,(8,6,6,6,6,6,6,6,
    6,6,8),(0.,0.144052493148,0.230045702923,0.337837716523,
    0.392802156743,0.500769651854,0.60718910413,0.662154021233,
    0.769948664358,0.855944156165,1.),.UNSPECIFIED.);
#14748 = CARTESIAN_POINT('',(-1.884773749861,210.20415428035,
    21.909363009735));
#14749 = CARTESIAN_POINT('',(-1.884773749861,210.10513981881,
    21.909363009735));
#14750 = CARTESIAN_POINT('',(-1.899441915247,210.00610358696,
    21.9072015105));
#14751 = CARTESIAN_POINT('',(-1.928790275461,209.90985999717,
    21.902878710347));
#14752 = CARTESIAN_POINT('',(-1.972166055057,209.81919229079,
    21.896279564888));
#14753 = CARTESIAN_POINT('',(-2.028314591474,209.73670811803,
    21.887194057797));
#14754 = CARTESIAN_POINT('',(-2.095381317109,209.66477308694,
    21.875263933905));
#14755 = CARTESIAN_POINT('',(-2.216068089155,209.56978347422,
    21.851235310088));
#14756 = CARTESIAN_POINT('',(-2.264220656039,209.5387074199,
    21.841141073788));
#14757 = CARTESIAN_POINT('',(-2.314895853897,209.51247486299,
    21.829878355301));
#14758 = CARTESIAN_POINT('',(-2.367514981078,209.49142716362,
    21.817398659));
#14759 = CARTESIAN_POINT('',(-2.421447569984,209.47582779662,
    21.803684266283));
#14760 = CARTESIAN_POINT('',(-2.476028689431,209.46584251031,
    21.788776403672));
#14761 = CARTESIAN_POINT('',(-2.598965893447,209.45607321228,
    21.752793212762));
#14762 = CARTESIAN_POINT('',(-2.667333091984,209.45951459762,
    21.731104060441));
#14763 = CARTESIAN_POINT('',(-2.734332455832,209.47191615092,
    21.708007819691));
#14764 = CARTESIAN_POINT('',(-2.798679416548,209.49301488996,
    21.68395407511));
#14765 = CARTESIAN_POINT('',(-2.859250336267,209.52222043806,
    21.659650640069));
#14766 = CARTESIAN_POINT('',(-2.915158974233,209.55858365173,
    21.63588227872));
#14767 = CARTESIAN_POINT('',(-2.991645121486,209.62259179319,
    21.601825823255));
#14768 = CARTESIAN_POINT('',(-3.01611222387,209.64577760477,
    21.590638742286));
#14769 = CARTESIAN_POINT('',(-3.039137830985,209.67038498835,
    21.579856408595));
#14770 = CARTESIAN_POINT('',(-3.060665225224,209.69625413313,
    21.569560672946));
#14771 = CARTESIAN_POINT('',(-3.08065811538,209.72322085892,
    21.559822123575));
#14772 = CARTESIAN_POINT('',(-3.099099300156,209.75112399101,
    21.550697604308));
#14773 = CARTESIAN_POINT('',(-3.149166680293,209.8361664763,
    21.525590233606));
#14774 = CARTESIAN_POINT('',(-3.176357854882,209.89555049649,
    21.511479695253));
#14775 = CARTESIAN_POINT('',(-3.197554930901,209.95681395022,
    21.500214943849));
#14776 = CARTESIAN_POINT('',(-3.213041763952,210.01901067124,
    21.49187597059));
#14777 = CARTESIAN_POINT('',(-3.223176396206,210.08165024098,
    21.486379948292));
#14778 = CARTESIAN_POINT('',(-3.228131147998,210.14449212353,
    21.483694152661));
#14779 = CARTESIAN_POINT('',(-3.227689076365,210.26921794322,
    21.483933793937));
#14780 = CARTESIAN_POINT('',(-3.222439498904,210.33114295418,
    21.486779421675));
#14781 = CARTESIAN_POINT('',(-3.212147600126,210.39285826604,
    21.492357279755));
#14782 = CARTESIAN_POINT('',(-3.196641151406,210.45412324909,
    21.500700314783));
#14783 = CARTESIAN_POINT('',(-3.175578835453,210.51445513534,
    21.51188383439));
#14784 = CARTESIAN_POINT('',(-3.148693430006,210.57294472455,
    21.525827511875));
#14785 = CARTESIAN_POINT('',(-3.099103322356,210.65717835961,
    21.550695609661));
#14786 = CARTESIAN_POINT('',(-3.080662606041,210.68508140447,
    21.559819924964));
#14787 = CARTESIAN_POINT('',(-3.060670211341,210.71204808601,
    21.569558267289));
#14788 = CARTESIAN_POINT('',(-3.039143336542,210.73791723477,
    21.579853796364));
#14789 = CARTESIAN_POINT('',(-3.01611826894,210.76252467509,
    21.590635927862));
#14790 = CARTESIAN_POINT('',(-2.991651721482,210.78571059971,
    21.601822814933));
#14791 = CARTESIAN_POINT('',(-2.915166451261,210.84971991554,
    21.635879085917));
#14792 = CARTESIAN_POINT('',(-2.859257999851,210.88608416734,
    21.659647528313));
#14793 = CARTESIAN_POINT('',(-2.798687128112,210.91529075461,
    21.683951123317));
#14794 = CARTESIAN_POINT('',(-2.734340073546,210.93639049206,
    21.708005090448));
#14795 = CARTESIAN_POINT('',(-2.667340482634,210.94879296757,
    21.731101588563));
#14796 = CARTESIAN_POINT('',(-2.598972941247,210.95223517279,
    21.752791010783));
#14797 = CARTESIAN_POINT('',(-2.476034839747,210.94246712599,
    21.788774714474));
#14798 = CARTESIAN_POINT('',(-2.421453198702,210.93248229016,
    21.803682816845));
#14799 = CARTESIAN_POINT('',(-2.367520047184,210.9168832661,
    21.817397433162));
#14800 = CARTESIAN_POINT('',(-2.314900335062,210.89583580001,
    21.829877331813));
#14801 = CARTESIAN_POINT('',(-2.264224548616,210.86960336888,
    21.841140229673));
#14802 = CARTESIAN_POINT('',(-2.216071407108,210.83852733843,
    21.851234622776));
#14803 = CARTESIAN_POINT('',(-2.095383425199,210.74353773525,
    21.87526355893));
#14804 = CARTESIAN_POINT('',(-2.028316064274,210.67160260489,
    21.88719381942));
#14805 = CARTESIAN_POINT('',(-1.972166965056,210.58911817236,
    21.896279426469));
#14806 = CARTESIAN_POINT('',(-1.928790737086,210.49845007791,
    21.902878642354));
#14807 = CARTESIAN_POINT('',(-1.899442068556,210.40220601153,
    21.907201487904));
#14808 = CARTESIAN_POINT('',(-1.884773749861,210.30316925941,
    21.909363009734));
#14809 = CARTESIAN_POINT('',(-1.884773749861,210.20415428035,
    21.909363009735));
#14810 = PCURVE('',#13683,#14811);
#14811 = DEFINITIONAL_REPRESENTATION('',(#14812),#14875);
#14812 = B_SPLINE_CURVE_WITH_KNOTS('',7,(#14813,#14814,#14815,#14816,
    #14817,#14818,#14819,#14820,#14821,#14822,#14823,#14824,#14825,
    #14826,#14827,#14828,#14829,#14830,#14831,#14832,#14833,#14834,
    #14835,#14836,#14837,#14838,#14839,#14840,#14841,#14842,#14843,
    #14844,#14845,#14846,#14847,#14848,#14849,#14850,#14851,#14852,
    #14853,#14854,#14855,#14856,#14857,#14858,#14859,#14860,#14861,
    #14862,#14863,#14864,#14865,#14866,#14867,#14868,#14869,#14870,
    #14871,#14872,#14873,#14874),.UNSPECIFIED.,.F.,.F.,(8,6,6,6,6,6,6,6,
    6,6,8),(0.,0.144052493148,0.230045702923,0.337837716523,
    0.392802156743,0.500769651854,0.60718910413,0.662154021233,
    0.769948664358,0.855944156165,1.),.UNSPECIFIED.);
#14813 = CARTESIAN_POINT('',(6.28318530718,0.941308051155));
#14814 = CARTESIAN_POINT('',(6.145692967089,0.941308051155));
#14815 = CARTESIAN_POINT('',(6.00817026537,0.940780856219));
#14816 = CARTESIAN_POINT('',(5.870570098511,0.939726514719));
#14817 = CARTESIAN_POINT('',(5.732789866812,0.938116967046));
#14818 = CARTESIAN_POINT('',(5.594743227067,0.935900989707));
#14819 = CARTESIAN_POINT('',(5.456383289185,0.932991203392));
#14820 = CARTESIAN_POINT('',(5.235193089669,0.927130563436));
#14821 = CARTESIAN_POINT('',(5.152444086126,0.924668554583));
#14822 = CARTESIAN_POINT('',(5.069672978122,0.921921550073));
#14823 = CARTESIAN_POINT('',(4.986933214509,0.918877721707));
#14824 = CARTESIAN_POINT('',(4.904299099842,0.915532747874));
#14825 = CARTESIAN_POINT('',(4.821878290535,0.911896683822));
#14826 = CARTESIAN_POINT('',(4.636972604444,0.903120295796));
#14827 = CARTESIAN_POINT('',(4.534658147972,0.897830258644));
#14828 = CARTESIAN_POINT('',(4.433218851398,0.892197029193));
#14829 = CARTESIAN_POINT('',(4.332966665577,0.886330262222));
#14830 = CARTESIAN_POINT('',(4.234215922026,0.880402595139));
#14831 = CARTESIAN_POINT('',(4.137276640848,0.874605433834));
#14832 = CARTESIAN_POINT('',(3.994011603777,0.866298981282));
#14833 = CARTESIAN_POINT('',(3.946159435657,0.863570424948));
#14834 = CARTESIAN_POINT('',(3.898867731679,0.860940587462));
#14835 = CARTESIAN_POINT('',(3.852161084469,0.858429432426));
#14836 = CARTESIAN_POINT('',(3.806056104509,0.856054176482));
#14837 = CARTESIAN_POINT('',(3.760559478755,0.853828683978));
#14838 = CARTESIAN_POINT('',(3.627481136097,0.847704935026));
#14839 = CARTESIAN_POINT('',(3.54162495908,0.844263340305));
#14840 = CARTESIAN_POINT('',(3.458072873995,0.841515839963));
#14841 = CARTESIAN_POINT('',(3.376522823704,0.839481944046));
#14842 = CARTESIAN_POINT('',(3.29640268229,0.838141450803));
#14843 = CARTESIAN_POINT('',(3.217006346397,0.837486378698));
#14844 = CARTESIAN_POINT('',(3.059351446026,0.83754482779));
#14845 = CARTESIAN_POINT('',(2.981042340495,0.838238883335));
#14846 = CARTESIAN_POINT('',(2.901990087805,0.839599336526));
#14847 = CARTESIAN_POINT('',(2.821524368015,0.841634223118));
#14848 = CARTESIAN_POINT('',(2.739105075839,0.844361910827));
#14849 = CARTESIAN_POINT('',(2.654447518214,0.847762807774));
#14850 = CARTESIAN_POINT('',(2.522635879402,0.853828197478));
#14851 = CARTESIAN_POINT('',(2.477139794014,0.856053640235));
#14852 = CARTESIAN_POINT('',(2.43103536519,0.85842884568));
#14853 = CARTESIAN_POINT('',(2.384329278224,0.860939950333));
#14854 = CARTESIAN_POINT('',(2.337038141843,0.863569738503));
#14855 = CARTESIAN_POINT('',(2.289186546949,0.866298247545));
#14856 = CARTESIAN_POINT('',(2.14592172794,0.874604655102));
#14857 = CARTESIAN_POINT('',(2.048982039593,0.880401836174));
#14858 = CARTESIAN_POINT('',(1.950230837744,0.886329542273));
#14859 = CARTESIAN_POINT('',(1.849978145612,0.892196363524));
#14860 = CARTESIAN_POINT('',(1.748538300556,0.897829655747));
#14861 = CARTESIAN_POINT('',(1.646223260471,0.903119758727));
#14862 = CARTESIAN_POINT('',(1.461316301127,0.911896271823));
#14863 = CARTESIAN_POINT('',(1.378894810292,0.915532394352));
#14864 = CARTESIAN_POINT('',(1.296260001535,0.918877422722));
#14865 = CARTESIAN_POINT('',(1.213519535826,0.921921300442));
#14866 = CARTESIAN_POINT('',(1.130747721031,0.924668348701));
#14867 = CARTESIAN_POINT('',(1.04799800857,0.927130395799));
#14868 = CARTESIAN_POINT('',(0.826806367328,0.932991111934));
#14869 = CARTESIAN_POINT('',(0.688445699882,0.935900931566));
#14870 = CARTESIAN_POINT('',(0.550398330954,0.938116933285));
#14871 = CARTESIAN_POINT('',(0.41261737374,0.939726498135));
#14872 = CARTESIAN_POINT('',(0.275016482841,0.940780850708));
#14873 = CARTESIAN_POINT('',(0.137493058727,0.941308051155));
#14874 = CARTESIAN_POINT('',(0.,0.941308051155));
#14875 = ( GEOMETRIC_REPRESENTATION_CONTEXT(2) 
PARAMETRIC_REPRESENTATION_CONTEXT() REPRESENTATION_CONTEXT('2D SPACE',''
  ) );
#14876 = PCURVE('',#14877,#14882);
#14877 = SPHERICAL_SURFACE('',#14878,0.85);
#14878 = AXIS2_PLACEMENT_3D('',#14879,#14880,#14881);
#14879 = CARTESIAN_POINT('',(-2.7,210.20415428035,22.15));
#14880 = DIRECTION('',(0.,0.,1.));
#14881 = DIRECTION('',(1.,0.,-0.));
#14882 = DEFINITIONAL_REPRESENTATION('',(#14883),#14946);
#14883 = B_SPLINE_CURVE_WITH_KNOTS('',7,(#14884,#14885,#14886,#14887,
    #14888,#14889,#14890,#14891,#14892,#14893,#14894,#14895,#14896,
    #14897,#14898,#14899,#14900,#14901,#14902,#14903,#14904,#14905,
    #14906,#14907,#14908,#14909,#14910,#14911,#14912,#14913,#14914,
    #14915,#14916,#14917,#14918,#14919,#14920,#14921,#14922,#14923,
    #14924,#14925,#14926,#14927,#14928,#14929,#14930,#14931,#14932,
    #14933,#14934,#14935,#14936,#14937,#14938,#14939,#14940,#14941,
    #14942,#14943,#14944,#14945),.UNSPECIFIED.,.F.,.F.,(8,6,6,6,6,6,6,6,
    6,6,8),(0.,0.144052493148,0.230045702923,0.337837716523,
    0.392802156743,0.500769651854,0.60718910413,0.662154021233,
    0.769948664358,0.855944156165,1.),.UNSPECIFIED.);
#14884 = CARTESIAN_POINT('',(6.28318530718,-0.287027244977));
#14885 = CARTESIAN_POINT('',(6.161728887536,-0.287027244977));
#14886 = CARTESIAN_POINT('',(6.040245695618,-0.289678667976));
#14887 = CARTESIAN_POINT('',(5.918862868332,-0.294981193073));
#14888 = CARTESIAN_POINT('',(5.797661085931,-0.3030891946));
#14889 = CARTESIAN_POINT('',(5.676715258178,-0.31428642616));
#14890 = CARTESIAN_POINT('',(5.556128047741,-0.32906623954));
#14891 = CARTESIAN_POINT('',(5.364235066788,-0.359136665762));
#14892 = CARTESIAN_POINT('',(5.29264376292,-0.371822366065));
#14893 = CARTESIAN_POINT('',(5.221213390493,-0.386051339116));
#14894 = CARTESIAN_POINT('',(5.149947810055,-0.401920308417));
#14895 = CARTESIAN_POINT('',(5.078821109321,-0.419504227334));
#14896 = CARTESIAN_POINT('',(5.007767953806,-0.438821386489));
#14897 = CARTESIAN_POINT('',(4.847565007917,-0.486060399692));
#14898 = CARTESIAN_POINT('',(4.758359745061,-0.514932771635));
#14899 = CARTESIAN_POINT('',(4.668870651284,-0.546224036633));
#14900 = CARTESIAN_POINT('',(4.578688595085,-0.579540563407));
#14901 = CARTESIAN_POINT('',(4.487169492242,-0.614165927354));
#14902 = CARTESIAN_POINT('',(4.393563452799,-0.649112882053));
#14903 = CARTESIAN_POINT('',(4.248219986668,-0.700779911711));
#14904 = CARTESIAN_POINT('',(4.198441356507,-0.71804071081));
#14905 = CARTESIAN_POINT('',(4.14788984849,-0.734975011605));
#14906 = CARTESIAN_POINT('',(4.096498052614,-0.751440000712));
#14907 = CARTESIAN_POINT('',(4.044217001831,-0.767295091522));
#14908 = CARTESIAN_POINT('',(3.991023872702,-0.782408126283));
#14909 = CARTESIAN_POINT('',(3.830671643398,-0.824659852874));
#14910 = CARTESIAN_POINT('',(3.720937331569,-0.849340675794));
#14911 = CARTESIAN_POINT('',(3.607821979796,-0.869807161168));
#14912 = CARTESIAN_POINT('',(3.491763499583,-0.885402060348));
#14913 = CARTESIAN_POINT('',(3.373665976403,-0.895817307996));
#14914 = CARTESIAN_POINT('',(3.254607093406,-0.900905106125));
#14915 = CARTESIAN_POINT('',(3.01834643295,-0.900451169505));
#14916 = CARTESIAN_POINT('',(2.901066801731,-0.89506063948));
#14917 = CARTESIAN_POINT('',(2.784779592246,-0.884502834956));
#14918 = CARTESIAN_POINT('',(2.670509926395,-0.868925829759));
#14919 = CARTESIAN_POINT('',(2.559111560186,-0.848634088301));
#14920 = CARTESIAN_POINT('',(2.45100003797,-0.824260636484));
#14921 = CARTESIAN_POINT('',(2.29217324938,-0.782411438887));
#14922 = CARTESIAN_POINT('',(2.238980442524,-0.767298691536));
#14923 = CARTESIAN_POINT('',(2.186699699251,-0.751443881337));
#14924 = CARTESIAN_POINT('',(2.135308200404,-0.734979160956));
#14925 = CARTESIAN_POINT('',(2.08475698362,-0.718045112223));
#14926 = CARTESIAN_POINT('',(2.034978643449,-0.700784544403));
#14927 = CARTESIAN_POINT('',(1.889634530861,-0.649117591015));
#14928 = CARTESIAN_POINT('',(1.796027646957,-0.614170390781));
#14929 = CARTESIAN_POINT('',(1.704507794436,-0.579544691678));
#14930 = CARTESIAN_POINT('',(1.61432506487,-0.546227774631));
#14931 = CARTESIAN_POINT('',(1.524835348203,-0.514936099796));
#14932 = CARTESIAN_POINT('',(1.435629492934,-0.486063323536));
#14933 = CARTESIAN_POINT('',(1.27542536046,-0.438823577703));
#14934 = CARTESIAN_POINT('',(1.204371604672,-0.419506089274));
#14935 = CARTESIAN_POINT('',(1.133244307963,-0.401921871003));
#14936 = CARTESIAN_POINT('',(1.061978131225,-0.386052635776));
#14937 = CARTESIAN_POINT('',(0.990547159855,-0.371823430152));
#14938 = CARTESIAN_POINT('',(0.91895525402,-0.359137528711));
#14939 = CARTESIAN_POINT('',(0.727061050095,-0.329066704082));
#14940 = CARTESIAN_POINT('',(0.606473220337,-0.314286719948));
#14941 = CARTESIAN_POINT('',(0.485526764026,-0.303089364664));
#14942 = CARTESIAN_POINT('',(0.364324348759,-0.294981276476));
#14943 = CARTESIAN_POINT('',(0.24294088452,-0.289678695693));
#14944 = CARTESIAN_POINT('',(0.12145705446,-0.287027244978));
#14945 = CARTESIAN_POINT('',(0.,-0.287027244977));
#14946 = ( GEOMETRIC_REPRESENTATION_CONTEXT(2) 
PARAMETRIC_REPRESENTATION_CONTEXT() REPRESENTATION_CONTEXT('2D SPACE',''
  ) );
#14947 = ADVANCED_FACE('',(#14948),#13790,.T.);
#14948 = FACE_BOUND('',#14949,.T.);
#14949 = EDGE_LOOP('',(#14950,#14972,#14973,#14974,#15335));
#14950 = ORIENTED_EDGE('',*,*,#14951,.F.);
#14951 = EDGE_CURVE('',#13754,#14952,#14954,.T.);
#14952 = VERTEX_POINT('',#14953);
#14953 = CARTESIAN_POINT('',(77.026100897008,172.12664530482,
    18.410225260804));
#14954 = SEAM_CURVE('',#14955,(#14958,#14965),.PCURVE_S1.);
#14955 = B_SPLINE_CURVE_WITH_KNOTS('',1,(#14956,#14957),.UNSPECIFIED.,
  .F.,.F.,(2,2),(0.,1.),.PIECEWISE_BEZIER_KNOTS.);
#14956 = CARTESIAN_POINT('',(78.15698833916,171.41184774495,16.4705));
#14957 = CARTESIAN_POINT('',(76.892138952844,172.21131833879,18.64));
#14958 = PCURVE('',#13790,#14959);
#14959 = DEFINITIONAL_REPRESENTATION('',(#14960),#14964);
#14960 = LINE('',#14961,#14962);
#14961 = CARTESIAN_POINT('',(0.,0.));
#14962 = VECTOR('',#14963,1.);
#14963 = DIRECTION('',(0.,1.));
#14964 = ( GEOMETRIC_REPRESENTATION_CONTEXT(2) 
PARAMETRIC_REPRESENTATION_CONTEXT() REPRESENTATION_CONTEXT('2D SPACE',''
  ) );
#14965 = PCURVE('',#13790,#14966);
#14966 = DEFINITIONAL_REPRESENTATION('',(#14967),#14971);
#14967 = LINE('',#14968,#14969);
#14968 = CARTESIAN_POINT('',(6.28318530718,0.));
#14969 = VECTOR('',#14970,1.);
#14970 = DIRECTION('',(0.,1.));
#14971 = ( GEOMETRIC_REPRESENTATION_CONTEXT(2) 
PARAMETRIC_REPRESENTATION_CONTEXT() REPRESENTATION_CONTEXT('2D SPACE',''
  ) );
#14972 = ORIENTED_EDGE('',*,*,#13775,.T.);
#14973 = ORIENTED_EDGE('',*,*,#14951,.T.);
#14974 = ORIENTED_EDGE('',*,*,#14975,.T.);
#14975 = EDGE_CURVE('',#14952,#14976,#14978,.T.);
#14976 = VERTEX_POINT('',#14977);
#14977 = CARTESIAN_POINT('',(77.027311904233,172.21131833879,
    18.399182518649));
#14978 = SURFACE_CURVE('',#14979,(#15094,#15212),.PCURVE_S1.);
#14979 = B_SPLINE_CURVE_WITH_KNOTS('',8,(#14980,#14981,#14982,#14983,
    #14984,#14985,#14986,#14987,#14988,#14989,#14990,#14991,#14992,
    #14993,#14994,#14995,#14996,#14997,#14998,#14999,#15000,#15001,
    #15002,#15003,#15004,#15005,#15006,#15007,#15008,#15009,#15010,
    #15011,#15012,#15013,#15014,#15015,#15016,#15017,#15018,#15019,
    #15020,#15021,#15022,#15023,#15024,#15025,#15026,#15027,#15028,
    #15029,#15030,#15031,#15032,#15033,#15034,#15035,#15036,#15037,
    #15038,#15039,#15040,#15041,#15042,#15043,#15044,#15045,#15046,
    #15047,#15048,#15049,#15050,#15051,#15052,#15053,#15054,#15055,
    #15056,#15057,#15058,#15059,#15060,#15061,#15062,#15063,#15064,
    #15065,#15066,#15067,#15068,#15069,#15070,#15071,#15072,#15073,
    #15074,#15075,#15076,#15077,#15078,#15079,#15080,#15081,#15082,
    #15083,#15084,#15085,#15086,#15087,#15088,#15089,#15090,#15091,
    #15092,#15093),.UNSPECIFIED.,.F.,.F.,(9,7,7,7,7,7,7,7,7,7,7,7,7,7,7,
    7,9),(0.,3.528297052513E-02,0.143429709292,0.244544261009,
    0.276982343437,0.318883038149,0.406889677886,0.498096437942,
    0.568609792672,0.6531304744,0.73609748115,0.806606472014,
    0.897815037589,0.94867880788,0.974403271589,0.986777404104,1.),
  .UNSPECIFIED.);
#14980 = CARTESIAN_POINT('',(77.026100897008,172.12664530482,
    18.410225260804));
#14981 = CARTESIAN_POINT('',(77.024631906024,172.10568639659,
    18.412744909368));
#14982 = CARTESIAN_POINT('',(77.022502988983,172.0847428126,
    18.415148379019));
#14983 = CARTESIAN_POINT('',(77.019716015513,172.06384032915,
    18.417438919885));
#14984 = CARTESIAN_POINT('',(77.016273875373,172.04300438627,
    18.419619660098));
#14985 = CARTESIAN_POINT('',(77.012180478449,172.02226008775,
    18.421693605796));
#14986 = CARTESIAN_POINT('',(77.00744075476,172.00163220111,
    18.423663641115));
#14987 = CARTESIAN_POINT('',(77.00206065445,171.98114515759,
    18.425532528199));
#14988 = CARTESIAN_POINT('',(76.977614994164,171.89853324527,
    18.432729341295));
#14989 = CARTESIAN_POINT('',(76.953230805605,171.83778990111,
    18.437230068618));
#14990 = CARTESIAN_POINT('',(76.923095078435,171.77928869963,
    18.440880567418));
#14991 = CARTESIAN_POINT('',(76.887494804761,171.72368411923,
    18.443741097467));
#14992 = CARTESIAN_POINT('',(76.846796703165,171.67158147546,
    18.445856731381));
#14993 = CARTESIAN_POINT('',(76.801440449397,171.6235289598,
    18.44725738597));
#14994 = CARTESIAN_POINT('',(76.751931907051,171.58000967838,
    18.447957853565));
#14995 = CARTESIAN_POINT('',(76.649193320702,171.50536608706,
    18.447957814477));
#14996 = CARTESIAN_POINT('',(76.596409935196,171.4736163773,
    18.447345492836));
#14997 = CARTESIAN_POINT('',(76.540947351664,171.44652001951,
    18.446121020377));
#14998 = CARTESIAN_POINT('',(76.483305887693,171.42435230751,
    18.444273118384));
#14999 = CARTESIAN_POINT('',(76.424018174655,171.40732542366,
    18.441778999922));
#15000 = CARTESIAN_POINT('',(76.363642303838,171.39558549177,
    18.438604292264));
#15001 = CARTESIAN_POINT('',(76.302754972575,171.38920962993,
    18.434702959328));
#15002 = CARTESIAN_POINT('',(76.222436351298,171.38788007224,
    18.42851401549));
#15003 = CARTESIAN_POINT('',(76.202935743689,171.38810970012,
    18.426930088077));
#15004 = CARTESIAN_POINT('',(76.183462189571,171.38889207256,
    18.425263523901));
#15005 = CARTESIAN_POINT('',(76.164035105111,171.39022661152,
    18.42351230506));
#15006 = CARTESIAN_POINT('',(76.144673940611,171.39211197533,
    18.421674313709));
#15007 = CARTESIAN_POINT('',(76.125398180512,171.39454605871,
    18.419747332066));
#15008 = CARTESIAN_POINT('',(76.106227343391,171.39752599277,
    18.417729042406));
#15009 = CARTESIAN_POINT('',(76.062578548155,171.405597755,
    18.412888909272));
#15010 = CARTESIAN_POINT('',(76.038183738403,171.41105206583,
    18.410004415465));
#15011 = CARTESIAN_POINT('',(76.014038584256,171.41740323061,
    18.406958421508));
#15012 = CARTESIAN_POINT('',(75.99018504632,171.42464125477,
    18.403745548198));
#15013 = CARTESIAN_POINT('',(75.96666489395,171.43275399084,
    18.400360285461));
#15014 = CARTESIAN_POINT('',(75.943519584955,171.44172713327,
    18.396797116545));
#15015 = CARTESIAN_POINT('',(75.920790145296,171.45154421325,
    18.393050642219));
#15016 = CARTESIAN_POINT('',(75.851735476454,171.48453944783,
    18.380850911077));
#15017 = CARTESIAN_POINT('',(75.806961418901,171.51053576577,
    18.371753598981));
#15018 = CARTESIAN_POINT('',(75.764576927392,171.54000163393,
    18.361777756678));
#15019 = CARTESIAN_POINT('',(75.724946611293,171.57271990351,
    18.350881273087));
#15020 = CARTESIAN_POINT('',(75.688413894568,171.60843373124,
    18.33903659012));
#15021 = CARTESIAN_POINT('',(75.65529336955,171.64684927626,
    18.326243261467));
#15022 = CARTESIAN_POINT('',(75.625859247978,171.6876375532,
    18.312542418076));
#15023 = CARTESIAN_POINT('',(75.573872266186,171.77478955724,
    18.282996272481));
#15024 = CARTESIAN_POINT('',(75.55160346958,171.82131109416,
    18.267088071426));
#15025 = CARTESIAN_POINT('',(75.533769603469,171.8695935016,
    18.250417010876));
#15026 = CARTESIAN_POINT('',(75.520542137178,171.91921065404,
    18.23315032013));
#15027 = CARTESIAN_POINT('',(75.512005438198,171.96972384243,
    18.215519117667));
#15028 = CARTESIAN_POINT('',(75.508151118196,172.02069130365,
    18.197807363665));
#15029 = CARTESIAN_POINT('',(75.508879212225,172.07168028805,
    18.180324631463));
#15030 = CARTESIAN_POINT('',(75.517969937692,172.16140237061,
    18.150249165215));
#15031 = CARTESIAN_POINT('',(75.524563334087,172.20029455302,
    18.137446136283));
#15032 = CARTESIAN_POINT('',(75.533703396116,172.23877034294,
    18.12508904403));
#15033 = CARTESIAN_POINT('',(75.545277871469,172.27665149296,
    18.113309060143));
#15034 = CARTESIAN_POINT('',(75.559152086683,172.31377584047,
    18.102223336425));
#15035 = CARTESIAN_POINT('',(75.575176873774,172.35000136881,
    18.09192929042));
#15036 = CARTESIAN_POINT('',(75.593197576546,172.3852078666,
    18.082502935367));
#15037 = CARTESIAN_POINT('',(75.636877146254,172.46015607532,
    18.063810732884));
#15038 = CARTESIAN_POINT('',(75.663343398237,172.49941178547,
    18.054947930166));
#15039 = CARTESIAN_POINT('',(75.692204659047,172.53689192056,
    18.047512231596));
#15040 = CARTESIAN_POINT('',(75.723217775553,172.57248272896,
    18.041557142539));
#15041 = CARTESIAN_POINT('',(75.756177678504,172.60610932691,
    18.037107421454));
#15042 = CARTESIAN_POINT('',(75.790924659314,172.63771587953,
    18.034172124482));
#15043 = CARTESIAN_POINT('',(75.82733592011,172.6672447387,
    18.032753561628));
#15044 = CARTESIAN_POINT('',(75.902568985487,172.72148121975,
    18.032948954922));
#15045 = CARTESIAN_POINT('',(75.941340745873,172.74627224035,
    18.034507646352));
#15046 = CARTESIAN_POINT('',(75.981512608844,172.76891054264,
    18.037527493622));
#15047 = CARTESIAN_POINT('',(76.022996193544,172.7892999656,
    18.042005911094));
#15048 = CARTESIAN_POINT('',(76.065692931307,172.80731116418,
    18.047933565356));
#15049 = CARTESIAN_POINT('',(76.109473662994,172.82278065172,
    18.055285970769));
#15050 = CARTESIAN_POINT('',(76.15416370998,172.83552296486,
    18.064011587915));
#15051 = CARTESIAN_POINT('',(76.238090581547,172.85371245203,
    18.082518972979));
#15052 = CARTESIAN_POINT('',(76.277140540838,172.85996803959,
    18.091945994047));
#15053 = CARTESIAN_POINT('',(76.31654263443,172.8640106631,
    18.102240495116));
#15054 = CARTESIAN_POINT('',(76.356134754145,172.86573041562,
    18.113326455577));
#15055 = CARTESIAN_POINT('',(76.395735759095,172.86502935212,
    18.12510645716));
#15056 = CARTESIAN_POINT('',(76.435149837347,172.86182953881,
    18.137463356225));
#15057 = CARTESIAN_POINT('',(76.474172816007,172.85607933289,
    18.150265998418));
#15058 = CARTESIAN_POINT('',(76.562309351452,172.83699349836,
    18.18034157623));
#15059 = CARTESIAN_POINT('',(76.6110272485,172.82192558582,
    18.197824778435));
#15060 = CARTESIAN_POINT('',(76.658308268274,172.8025060847,
    18.215536783922));
#15061 = CARTESIAN_POINT('',(76.703709941436,172.77877370855,
    18.233168015724));
#15062 = CARTESIAN_POINT('',(76.746809534159,172.75085705521,
    18.250434528465));
#15063 = CARTESIAN_POINT('',(76.787215886767,172.71897199428,
    18.26710523326));
#15064 = CARTESIAN_POINT('',(76.824576728734,172.68341334197,
    18.283012937337));
#15065 = CARTESIAN_POINT('',(76.877544703837,172.62286300359,
    18.306434385919));
#15066 = CARTESIAN_POINT('',(76.895465961558,172.60015272527,
    18.314549262515));
#15067 = CARTESIAN_POINT('',(76.912292193767,172.57647133814,
    18.322375066969));
#15068 = CARTESIAN_POINT('',(76.927975457408,172.55188495815,
    18.329899195094));
#15069 = CARTESIAN_POINT('',(76.942472888009,172.5264637192,
    18.337114325518));
#15070 = CARTESIAN_POINT('',(76.955746671857,172.50028102492,
    18.344017545508));
#15071 = CARTESIAN_POINT('',(76.967764018185,172.4734128004,
    18.350609476779));
#15072 = CARTESIAN_POINT('',(76.983925426945,172.43204066788,
    18.360071509964));
#15073 = CARTESIAN_POINT('',(76.989025282896,172.4179889869,
    18.363170833076));
#15074 = CARTESIAN_POINT('',(76.993793136047,172.40379172703,
    18.366191858283));
#15075 = CARTESIAN_POINT('',(76.99822575319,172.3894589651,
    18.369135196385));
#15076 = CARTESIAN_POINT('',(77.002320231066,172.37500082869,
    18.372001581344));
#15077 = CARTESIAN_POINT('',(77.006073996369,172.36042749614,
    18.374791870287));
#15078 = CARTESIAN_POINT('',(77.009484805742,172.34574919654,
    18.377507043502));
#15079 = CARTESIAN_POINT('',(77.01402554225,172.32387002091,
    18.381418671181));
#15080 = CARTESIAN_POINT('',(77.015420540302,172.31674191681,
    18.382672006539));
#15081 = CARTESIAN_POINT('',(77.016735526546,172.30959303774,
    18.383908329011));
#15082 = CARTESIAN_POINT('',(77.017970304747,172.3024245239,
    18.385127760157));
#15083 = CARTESIAN_POINT('',(77.019124695823,172.29523751532,
    18.386330424613));
#15084 = CARTESIAN_POINT('',(77.020198537848,172.28803315192,
    18.387516450084));
#15085 = CARTESIAN_POINT('',(77.021191686046,172.28081257348,
    18.388685967347));
#15086 = CARTESIAN_POINT('',(77.023078895519,172.26584513513,
    18.391071321283));
#15087 = CARTESIAN_POINT('',(77.023961492292,172.25809616267,
    18.392284831614));
#15088 = CARTESIAN_POINT('',(77.024751654835,172.25033120305,
    18.393479827565));
#15089 = CARTESIAN_POINT('',(77.025449223831,172.24255224898,
    18.394656396559));
#15090 = CARTESIAN_POINT('',(77.026054136517,172.23475954646,
    18.395814851976));
#15091 = CARTESIAN_POINT('',(77.026566242256,172.2269558722,
    18.396955184814));
#15092 = CARTESIAN_POINT('',(77.026985521671,172.21914149912,
    18.398077705478));
#15093 = CARTESIAN_POINT('',(77.027311904233,172.21131833879,
    18.399182518649));
#15094 = PCURVE('',#13790,#15095);
#15095 = DEFINITIONAL_REPRESENTATION('',(#15096),#15211);
#15096 = B_SPLINE_CURVE_WITH_KNOTS('',8,(#15097,#15098,#15099,#15100,
    #15101,#15102,#15103,#15104,#15105,#15106,#15107,#15108,#15109,
    #15110,#15111,#15112,#15113,#15114,#15115,#15116,#15117,#15118,
    #15119,#15120,#15121,#15122,#15123,#15124,#15125,#15126,#15127,
    #15128,#15129,#15130,#15131,#15132,#15133,#15134,#15135,#15136,
    #15137,#15138,#15139,#15140,#15141,#15142,#15143,#15144,#15145,
    #15146,#15147,#15148,#15149,#15150,#15151,#15152,#15153,#15154,
    #15155,#15156,#15157,#15158,#15159,#15160,#15161,#15162,#15163,
    #15164,#15165,#15166,#15167,#15168,#15169,#15170,#15171,#15172,
    #15173,#15174,#15175,#15176,#15177,#15178,#15179,#15180,#15181,
    #15182,#15183,#15184,#15185,#15186,#15187,#15188,#15189,#15190,
    #15191,#15192,#15193,#15194,#15195,#15196,#15197,#15198,#15199,
    #15200,#15201,#15202,#15203,#15204,#15205,#15206,#15207,#15208,
    #15209,#15210),.UNSPECIFIED.,.F.,.F.,(9,7,7,7,7,7,7,7,7,7,7,7,7,7,7,
    7,9),(0.,3.528297052513E-02,0.143429709292,0.244544261009,
    0.276982343437,0.318883038149,0.406889677886,0.498096437942,
    0.568609792672,0.6531304744,0.73609748115,0.806606472014,
    0.897815037589,0.94867880788,0.974403271589,0.986777404104,1.),
  .UNSPECIFIED.);
#15097 = CARTESIAN_POINT('',(6.28318530718,0.894088619868));
#15098 = CARTESIAN_POINT('',(6.254096859295,0.895250015842));
#15099 = CARTESIAN_POINT('',(6.225015552759,0.896357860806));
#15100 = CARTESIAN_POINT('',(6.195942095904,0.897413652862));
#15101 = CARTESIAN_POINT('',(6.166877037723,0.898418833878));
#15102 = CARTESIAN_POINT('',(6.137820767863,0.899374789489));
#15103 = CARTESIAN_POINT('',(6.108773516632,0.900282849096));
#15104 = CARTESIAN_POINT('',(6.079735354995,0.901144285872));
#15105 = CARTESIAN_POINT('',(5.961728169709,0.90446155395));
#15106 = CARTESIAN_POINT('',(5.872831242314,0.906536099847));
#15107 = CARTESIAN_POINT('',(5.784019037116,0.908218745065));
#15108 = CARTESIAN_POINT('',(5.695281718434,0.909537265484));
#15109 = CARTESIAN_POINT('',(5.606601196311,0.910512436682));
#15110 = CARTESIAN_POINT('',(5.517956332655,0.911158048384));
#15111 = CARTESIAN_POINT('',(5.429328147371,0.911480918905));
#15112 = CARTESIAN_POINT('',(5.257844575427,0.911480900888));
#15113 = CARTESIAN_POINT('',(5.174980497272,0.911198659984));
#15114 = CARTESIAN_POINT('',(5.092102508853,0.910634256915));
#15115 = CARTESIAN_POINT('',(5.009195112197,0.909782492917));
#15116 = CARTESIAN_POINT('',(4.926241252539,0.908632864679));
#15117 = CARTESIAN_POINT('',(4.843225978307,0.907169528584));
#15118 = CARTESIAN_POINT('',(4.760140101115,0.905371264959));
#15119 = CARTESIAN_POINT('',(4.650306892883,0.902518559802));
#15120 = CARTESIAN_POINT('',(4.623622415443,0.901788471112));
#15121 = CARTESIAN_POINT('',(4.596930281262,0.901020292188));
#15122 = CARTESIAN_POINT('',(4.570230445304,0.900213092906));
#15123 = CARTESIAN_POINT('',(4.543522959663,0.899365897077));
#15124 = CARTESIAN_POINT('',(4.516807973567,0.898477682446));
#15125 = CARTESIAN_POINT('',(4.490085733374,0.89754738069));
#15126 = CARTESIAN_POINT('',(4.428830189409,0.895316390538));
#15127 = CARTESIAN_POINT('',(4.394292260488,0.893986824367));
#15128 = CARTESIAN_POINT('',(4.359743652768,0.892582817012));
#15129 = CARTESIAN_POINT('',(4.325185549996,0.891101889006));
#15130 = CARTESIAN_POINT('',(4.290619558606,0.889541500558));
#15131 = CARTESIAN_POINT('',(4.256047803617,0.887899108802));
#15132 = CARTESIAN_POINT('',(4.221473024533,0.886172225037));
#15133 = CARTESIAN_POINT('',(4.114280002842,0.880548933431));
#15134 = CARTESIAN_POINT('',(4.041654562736,0.876355657516));
#15135 = CARTESIAN_POINT('',(3.969063790357,0.871757435666));
#15136 = CARTESIAN_POINT('',(3.896556337212,0.86673485738));
#15137 = CARTESIAN_POINT('',(3.82419342682,0.861275220152));
#15138 = CARTESIAN_POINT('',(3.752053133831,0.855378318261));
#15139 = CARTESIAN_POINT('',(3.680233582302,0.849063110429));
#15140 = CARTESIAN_POINT('',(3.534881059729,0.835444237143));
#15141 = CARTESIAN_POINT('',(3.461366071201,0.828111579362));
#15142 = CARTESIAN_POINT('',(3.388448530178,0.820427292407));
#15143 = CARTESIAN_POINT('',(3.3162614878,0.81246845823));
#15144 = CARTESIAN_POINT('',(3.244930092331,0.80434160759));
#15145 = CARTESIAN_POINT('',(3.174567005709,0.79617762787));
#15146 = CARTESIAN_POINT('',(3.105265758046,0.788119212474));
#15147 = CARTESIAN_POINT('',(2.984385885916,0.774256356402));
#15148 = CARTESIAN_POINT('',(2.932349526689,0.768354983306));
#15149 = CARTESIAN_POINT('',(2.881012747893,0.762659158345));
#15150 = CARTESIAN_POINT('',(2.830393903909,0.757229343233));
#15151 = CARTESIAN_POINT('',(2.780497475064,0.752119537417));
#15152 = CARTESIAN_POINT('',(2.731312701652,0.747374644121));
#15153 = CARTESIAN_POINT('',(2.682813294916,0.743029700561));
#15154 = CARTESIAN_POINT('',(2.57759684789,0.734413797135));
#15155 = CARTESIAN_POINT('',(2.521158215437,0.730328614965));
#15156 = CARTESIAN_POINT('',(2.465569962957,0.726901236043));
#15157 = CARTESIAN_POINT('',(2.410712612189,0.724156322903));
#15158 = CARTESIAN_POINT('',(2.356429023233,0.722105287603));
#15159 = CARTESIAN_POINT('',(2.302535343979,0.72075230444));
#15160 = CARTESIAN_POINT('',(2.248833457051,0.720098438178));
#15161 = CARTESIAN_POINT('',(2.142403671759,0.720188501923));
#15162 = CARTESIAN_POINT('',(2.089667300589,0.720906958448));
#15163 = CARTESIAN_POINT('',(2.036728256842,0.722298913861));
#15164 = CARTESIAN_POINT('',(1.983400202249,0.724363176351));
#15165 = CARTESIAN_POINT('',(1.929510715104,0.727095443815));
#15166 = CARTESIAN_POINT('',(1.874912603414,0.730484429947));
#15167 = CARTESIAN_POINT('',(1.819493830274,0.734506378389));
#15168 = CARTESIAN_POINT('',(1.715333238457,0.743037092869));
#15169 = CARTESIAN_POINT('',(1.666836117824,0.747382343419));
#15170 = CARTESIAN_POINT('',(1.617653686256,0.75212744647));
#15171 = CARTESIAN_POINT('',(1.567759678079,0.757237361409));
#15172 = CARTESIAN_POINT('',(1.517143351687,0.762667184678));
#15173 = CARTESIAN_POINT('',(1.465809199702,0.768362920592));
#15174 = CARTESIAN_POINT('',(1.41377558285,0.774264115427));
#15175 = CARTESIAN_POINT('',(1.292896698842,0.788127022922));
#15176 = CARTESIAN_POINT('',(1.223593591363,0.796185654959));
#15177 = CARTESIAN_POINT('',(1.153228680714,0.804349750598));
#15178 = CARTESIAN_POINT('',(1.081895518222,0.812476614761));
#15179 = CARTESIAN_POINT('',(1.009706781375,0.820435366889));
#15180 = CARTESIAN_POINT('',(0.936787627857,0.828119489864));
#15181 = CARTESIAN_POINT('',(0.863271113215,0.83545191857));
#15182 = CARTESIAN_POINT('',(0.74804220197,0.846247700355));
#15183 = CARTESIAN_POINT('',(0.706642381306,0.849988136674));
#15184 = CARTESIAN_POINT('',(0.665118443594,0.853595329324));
#15185 = CARTESIAN_POINT('',(0.623490579001,0.857063468584));
#15186 = CARTESIAN_POINT('',(0.58177708616,0.860389179773));
#15187 = CARTESIAN_POINT('',(0.539994523894,0.863571120308));
#15188 = CARTESIAN_POINT('',(0.498157862943,0.866609576759));
#15189 = CARTESIAN_POINT('',(0.435101138902,0.870970965644));
#15190 = CARTESIAN_POINT('',(0.413911094872,0.87239955431));
#15191 = CARTESIAN_POINT('',(0.392712139325,0.873792052677));
#15192 = CARTESIAN_POINT('',(0.371505783633,0.875148742284));
#15193 = CARTESIAN_POINT('',(0.350293416819,0.87646996144));
#15194 = CARTESIAN_POINT('',(0.329076305556,0.877756105226));
#15195 = CARTESIAN_POINT('',(0.307855594166,0.879007625491));
#15196 = CARTESIAN_POINT('',(0.276423353317,0.880810634331));
#15197 = CARTESIAN_POINT('',(0.266213805413,0.881388341341));
#15198 = CARTESIAN_POINT('',(0.256003775045,0.881958206504));
#15199 = CARTESIAN_POINT('',(0.245793370754,0.882520285853));
#15200 = CARTESIAN_POINT('',(0.235582695474,0.883074636835));
#15201 = CARTESIAN_POINT('',(0.225371846536,0.883621318315));
#15202 = CARTESIAN_POINT('',(0.21516091567,0.884160390573));
#15203 = CARTESIAN_POINT('',(0.194038924579,0.885259885358));
#15204 = CARTESIAN_POINT('',(0.183127819387,0.885819466557));
#15205 = CARTESIAN_POINT('',(0.172217082847,0.886369150886));
#15206 = CARTESIAN_POINT('',(0.161305873931,0.886913988757));
#15207 = CARTESIAN_POINT('',(0.150396030783,0.887444742697));
#15208 = CARTESIAN_POINT('',(0.139485525507,0.887972814168));
#15209 = CARTESIAN_POINT('',(0.128576118756,0.888489261629));
#15210 = CARTESIAN_POINT('',(0.117667074946,0.88899850946));
#15211 = ( GEOMETRIC_REPRESENTATION_CONTEXT(2) 
PARAMETRIC_REPRESENTATION_CONTEXT() REPRESENTATION_CONTEXT('2D SPACE',''
  ) );
#15212 = PCURVE('',#15213,#15218);
#15213 = SPHERICAL_SURFACE('',#15214,0.85);
#15214 = AXIS2_PLACEMENT_3D('',#15215,#15216,#15217);
#15215 = CARTESIAN_POINT('',(76.212138952844,172.21131833879,18.64));
#15216 = DIRECTION('',(0.,0.,1.));
#15217 = DIRECTION('',(1.,0.,-0.));
#15218 = DEFINITIONAL_REPRESENTATION('',(#15219),#15334);
#15219 = B_SPLINE_CURVE_WITH_KNOTS('',8,(#15220,#15221,#15222,#15223,
    #15224,#15225,#15226,#15227,#15228,#15229,#15230,#15231,#15232,
    #15233,#15234,#15235,#15236,#15237,#15238,#15239,#15240,#15241,
    #15242,#15243,#15244,#15245,#15246,#15247,#15248,#15249,#15250,
    #15251,#15252,#15253,#15254,#15255,#15256,#15257,#15258,#15259,
    #15260,#15261,#15262,#15263,#15264,#15265,#15266,#15267,#15268,
    #15269,#15270,#15271,#15272,#15273,#15274,#15275,#15276,#15277,
    #15278,#15279,#15280,#15281,#15282,#15283,#15284,#15285,#15286,
    #15287,#15288,#15289,#15290,#15291,#15292,#15293,#15294,#15295,
    #15296,#15297,#15298,#15299,#15300,#15301,#15302,#15303,#15304,
    #15305,#15306,#15307,#15308,#15309,#15310,#15311,#15312,#15313,
    #15314,#15315,#15316,#15317,#15318,#15319,#15320,#15321,#15322,
    #15323,#15324,#15325,#15326,#15327,#15328,#15329,#15330,#15331,
    #15332,#15333),.UNSPECIFIED.,.F.,.F.,(9,7,7,7,7,7,7,7,7,7,7,7,7,7,7,
    7,9),(0.,3.528297052513E-02,0.143429709292,0.244544261009,
    0.276982343437,0.318883038149,0.406889677886,0.498096437942,
    0.568609792672,0.6531304744,0.73609748115,0.806606472014,
    0.897815037589,0.94867880788,0.974403271589,0.986777404104,1.),
  .UNSPECIFIED.);
#15220 = CARTESIAN_POINT('',(6.179532333579,-0.273728737276));
#15221 = CARTESIAN_POINT('',(6.153873014431,-0.270649815441));
#15222 = CARTESIAN_POINT('',(6.128199626885,-0.267715892836));
#15223 = CARTESIAN_POINT('',(6.102512669579,-0.264922471052));
#15224 = CARTESIAN_POINT('',(6.076812667013,-0.262265256122));
#15225 = CARTESIAN_POINT('',(6.051100169544,-0.259740158513));
#15226 = CARTESIAN_POINT('',(6.025375753387,-0.257343293132));
#15227 = CARTESIAN_POINT('',(5.999640020616,-0.255070979325));
#15228 = CARTESIAN_POINT('',(5.894977581781,-0.246325924671));
#15229 = CARTESIAN_POINT('',(5.815957280322,-0.240869669308));
#15230 = CARTESIAN_POINT('',(5.736856018135,-0.23645151728));
#15231 = CARTESIAN_POINT('',(5.657691468016,-0.232993232369));
#15232 = CARTESIAN_POINT('',(5.57847831664,-0.230437136136));
#15233 = CARTESIAN_POINT('',(5.499230929001,-0.228745444417));
#15234 = CARTESIAN_POINT('',(5.419966012851,-0.22789960382));
#15235 = CARTESIAN_POINT('',(5.266598442319,-0.227899651027));
#15236 = CARTESIAN_POINT('',(5.192488567592,-0.228639078437));
#15237 = CARTESIAN_POINT('',(5.118392912263,-0.230117951445));
#15238 = CARTESIAN_POINT('',(5.044325028804,-0.232350445109));
#15239 = CARTESIAN_POINT('',(4.970296755416,-0.235365369895));
#15240 = CARTESIAN_POINT('',(4.89632020259,-0.239206673018));
#15241 = CARTESIAN_POINT('',(4.822409739683,-0.243933939781));
#15242 = CARTESIAN_POINT('',(4.724900288188,-0.251447941786));
#15243 = CARTESIAN_POINT('',(4.70122502207,-0.253371964699));
#15244 = CARTESIAN_POINT('',(4.677558668084,-0.255397476322));
#15245 = CARTESIAN_POINT('',(4.653901699834,-0.257527145258));
#15246 = CARTESIAN_POINT('',(4.630254579563,-0.259763796052));
#15247 = CARTESIAN_POINT('',(4.606617758159,-0.262110409188));
#15248 = CARTESIAN_POINT('',(4.582991675151,-0.264570121091));
#15249 = CARTESIAN_POINT('',(4.528873062735,-0.270473810061));
#15250 = CARTESIAN_POINT('',(4.498387966505,-0.273995596119));
#15251 = CARTESIAN_POINT('',(4.467922384944,-0.277718598884));
#15252 = CARTESIAN_POINT('',(4.437477163834,-0.281650267055));
#15253 = CARTESIAN_POINT('',(4.40705302834,-0.285798359729));
#15254 = CARTESIAN_POINT('',(4.376650531539,-0.290170824686));
#15255 = CARTESIAN_POINT('',(4.346270002947,-0.294775676678));
#15256 = CARTESIAN_POINT('',(4.252147635585,-0.30979754911));
#15257 = CARTESIAN_POINT('',(4.188473528178,-0.321035792848));
#15258 = CARTESIAN_POINT('',(4.124896844571,-0.333407648253));
#15259 = CARTESIAN_POINT('',(4.061415772587,-0.346984050296));
#15260 = CARTESIAN_POINT('',(3.998012088014,-0.361825182647));
#15261 = CARTESIAN_POINT('',(3.934645943009,-0.377966117934));
#15262 = CARTESIAN_POINT('',(3.871252373008,-0.395397743186));
#15263 = CARTESIAN_POINT('',(3.741917200454,-0.433366180362));
#15264 = CARTESIAN_POINT('',(3.675953910212,-0.453996959322));
#15265 = CARTESIAN_POINT('',(3.609752911769,-0.475849855694));
#15266 = CARTESIAN_POINT('',(3.543162428348,-0.49877322653));
#15267 = CARTESIAN_POINT('',(3.475976652295,-0.522530087529));
#15268 = CARTESIAN_POINT('',(3.407952577926,-0.54679830432));
#15269 = CARTESIAN_POINT('',(3.338842660955,-0.571190125082));
#15270 = CARTESIAN_POINT('',(3.214016474876,-0.61392385525));
#15271 = CARTESIAN_POINT('',(3.158814390746,-0.63238415069));
#15272 = CARTESIAN_POINT('',(3.102742067456,-0.650480789497));
#15273 = CARTESIAN_POINT('',(3.045715520425,-0.668012090055));
#15274 = CARTESIAN_POINT('',(2.987675664102,-0.684777302422));
#15275 = CARTESIAN_POINT('',(2.928598456349,-0.700586295932));
#15276 = CARTESIAN_POINT('',(2.868501288266,-0.715267472445));
#15277 = CARTESIAN_POINT('',(2.734261372771,-0.744743497252));
#15278 = CARTESIAN_POINT('',(2.659696315112,-0.758982643631));
#15279 = CARTESIAN_POINT('',(2.583850935477,-0.77113666586));
#15280 = CARTESIAN_POINT('',(2.506895924025,-0.781008280374));
#15281 = CARTESIAN_POINT('',(2.429066287724,-0.788456303394));
#15282 = CARTESIAN_POINT('',(2.350646506907,-0.793392571405));
#15283 = CARTESIAN_POINT('',(2.271946732731,-0.7957770773));
#15284 = CARTESIAN_POINT('',(2.116039568344,-0.795448613995));
#15285 = CARTESIAN_POINT('',(2.038819265475,-0.792828536259));
#15286 = CARTESIAN_POINT('',(1.961896099991,-0.787753511287));
#15287 = CARTESIAN_POINT('',(1.885561738338,-0.78026466278));
#15288 = CARTESIAN_POINT('',(1.810082823788,-0.770448103488));
#15289 = CARTESIAN_POINT('',(1.735679450737,-0.75843943065));
#15290 = CARTESIAN_POINT('',(1.662511819885,-0.744426429241));
#15291 = CARTESIAN_POINT('',(1.529625066161,-0.715242469004));
#15292 = CARTESIAN_POINT('',(1.469533506469,-0.700560580298));
#15293 = CARTESIAN_POINT('',(1.410461797729,-0.684751240913));
#15294 = CARTESIAN_POINT('',(1.352427284585,-0.667986035957));
#15295 = CARTESIAN_POINT('',(1.295405893176,-0.650455071509));
#15296 = CARTESIAN_POINT('',(1.239338522067,-0.632359062071));
#15297 = CARTESIAN_POINT('',(1.184141184749,-0.613899645574));
#15298 = CARTESIAN_POINT('',(1.059319680509,-0.571166426237));
#15299 = CARTESIAN_POINT('',(0.990209776482,-0.54677432573));
#15300 = CARTESIAN_POINT('',(0.922185566604,-0.522506122373));
#15301 = CARTESIAN_POINT('',(0.854999495452,-0.498749548031));
#15302 = CARTESIAN_POINT('',(0.78840856308,-0.475826700059));
#15303 = CARTESIAN_POINT('',(0.722206981362,-0.453974515794));
#15304 = CARTESIAN_POINT('',(0.656243000825,-0.433344589978));
#15305 = CARTESIAN_POINT('',(0.55371271217,-0.403247001363));
#15306 = CARTESIAN_POINT('',(0.517046136296,-0.392877375833));
#15307 = CARTESIAN_POINT('',(0.480401597057,-0.382927851833));
#15308 = CARTESIAN_POINT('',(0.443763930598,-0.373405702745));
#15309 = CARTESIAN_POINT('',(0.407121186073,-0.36431227613));
#15310 = CARTESIAN_POINT('',(0.370464419229,-0.355644187854));
#15311 = CARTESIAN_POINT('',(0.333787485983,-0.347394516215));
#15312 = CARTESIAN_POINT('',(0.278525401546,-0.335588635751));
#15313 = CARTESIAN_POINT('',(0.259957720606,-0.331727921948));
#15314 = CARTESIAN_POINT('',(0.241383249191,-0.327970570546));
#15315 = CARTESIAN_POINT('',(0.222801534838,-0.324315192134));
#15316 = CARTESIAN_POINT('',(0.204212216612,-0.320760292004));
#15317 = CARTESIAN_POINT('',(0.18561502511,-0.317304270146));
#15318 = CARTESIAN_POINT('',(0.167009782455,-0.313945421249));
#15319 = CARTESIAN_POINT('',(0.139442884937,-0.309112113251));
#15320 = CARTESIAN_POINT('',(0.13048747991,-0.307564363975));
#15321 = CARTESIAN_POINT('',(0.12153017472,-0.306038490233));
#15322 = CARTESIAN_POINT('',(0.112570959776,-0.304534293623));
#15323 = CARTESIAN_POINT('',(0.103609828395,-0.303051573982));
#15324 = CARTESIAN_POINT('',(9.464677680285E-02,-0.301590129385));
#15325 = CARTESIAN_POINT('',(8.568180413745E-02,-0.300149756145));
#15326 = CARTESIAN_POINT('',(6.713318337097E-02,-0.297213409407));
#15327 = CARTESIAN_POINT('',(5.754929482486E-02,-0.295720400125));
#15328 = CARTESIAN_POINT('',(4.796301708321E-02,-0.29425094171));
#15329 = CARTESIAN_POINT('',(3.837509647442E-02,-0.29280487934));
#15330 = CARTESIAN_POINT('',(2.878414117439E-02,-0.29138178172));
#15331 = CARTESIAN_POINT('',(1.919186954662E-02,-0.289981617615));
#15332 = CARTESIAN_POINT('',(9.596933161453E-03,-0.288603963542));
#15333 = CARTESIAN_POINT('',(0.,-0.287248652207));
#15334 = ( GEOMETRIC_REPRESENTATION_CONTEXT(2) 
PARAMETRIC_REPRESENTATION_CONTEXT() REPRESENTATION_CONTEXT('2D SPACE',''
  ) );
#15335 = ORIENTED_EDGE('',*,*,#15336,.T.);
#15336 = EDGE_CURVE('',#14976,#14952,#15337,.T.);
#15337 = SURFACE_CURVE('',#15338,(#15344,#15353),.PCURVE_S1.);
#15338 = B_SPLINE_CURVE_WITH_KNOTS('',4,(#15339,#15340,#15341,#15342,
    #15343),.UNSPECIFIED.,.F.,.F.,(5,5),(0.,1.),
  .PIECEWISE_BEZIER_KNOTS.);
#15339 = CARTESIAN_POINT('',(77.027311904233,172.21131833879,
    18.399182518649));
#15340 = CARTESIAN_POINT('',(77.028192283236,172.19021627029,
    18.402162622693));
#15341 = CARTESIAN_POINT('',(77.028284147155,172.16903861875,
    18.404992524435));
#15342 = CARTESIAN_POINT('',(77.027585909184,172.14783279629,
    18.407678132306));
#15343 = CARTESIAN_POINT('',(77.026100897008,172.12664530482,
    18.410225260804));
#15344 = PCURVE('',#13790,#15345);
#15345 = DEFINITIONAL_REPRESENTATION('',(#15346),#15352);
#15346 = B_SPLINE_CURVE_WITH_KNOTS('',4,(#15347,#15348,#15349,#15350,
    #15351),.UNSPECIFIED.,.F.,.F.,(5,5),(0.,1.),
  .PIECEWISE_BEZIER_KNOTS.);
#15347 = CARTESIAN_POINT('',(0.11766703326,0.888998625789));
#15348 = CARTESIAN_POINT('',(8.824114928602E-02,0.890372262131));
#15349 = CARTESIAN_POINT('',(5.881986651997E-02,0.89167666487));
#15350 = CARTESIAN_POINT('',(2.940569396213E-02,0.892914557413));
#15351 = CARTESIAN_POINT('',(0.,0.894088619868));
#15352 = ( GEOMETRIC_REPRESENTATION_CONTEXT(2) 
PARAMETRIC_REPRESENTATION_CONTEXT() REPRESENTATION_CONTEXT('2D SPACE',''
  ) );
#15353 = PCURVE('',#15213,#15354);
#15354 = DEFINITIONAL_REPRESENTATION('',(#15355),#15361);
#15355 = B_SPLINE_CURVE_WITH_KNOTS('',4,(#15356,#15357,#15358,#15359,
    #15360),.UNSPECIFIED.,.F.,.F.,(5,5),(0.,1.),
  .PIECEWISE_BEZIER_KNOTS.);
#15356 = CARTESIAN_POINT('',(6.28318530718,-0.287248652207));
#15357 = CARTESIAN_POINT('',(6.257298691998,-0.283592858625));
#15358 = CARTESIAN_POINT('',(6.231393914975,-0.28012658555));
#15359 = CARTESIAN_POINT('',(6.205471499844,-0.276841238624));
#15360 = CARTESIAN_POINT('',(6.179532333579,-0.273728737277));
#15361 = ( GEOMETRIC_REPRESENTATION_CONTEXT(2) 
PARAMETRIC_REPRESENTATION_CONTEXT() REPRESENTATION_CONTEXT('2D SPACE',''
  ) );
#15362 = ADVANCED_FACE('',(#15363),#13984,.T.);
#15363 = FACE_BOUND('',#15364,.T.);
#15364 = EDGE_LOOP('',(#15365,#15387,#15388,#15389,#15630));
#15365 = ORIENTED_EDGE('',*,*,#15366,.F.);
#15366 = EDGE_CURVE('',#13948,#15367,#15369,.T.);
#15367 = VERTEX_POINT('',#15368);
#15368 = CARTESIAN_POINT('',(42.251720282406,200.71870269267,
    19.941270834526));
#15369 = SEAM_CURVE('',#15370,(#15373,#15380),.PCURVE_S1.);
#15370 = B_SPLINE_CURVE_WITH_KNOTS('',1,(#15371,#15372),.UNSPECIFIED.,
  .F.,.F.,(2,2),(0.,1.),.PIECEWISE_BEZIER_KNOTS.);
#15371 = CARTESIAN_POINT('',(43.924109779176,200.18861828491,17.159));
#15372 = CARTESIAN_POINT('',(42.114233935212,200.76228068038,20.17));
#15373 = PCURVE('',#13984,#15374);
#15374 = DEFINITIONAL_REPRESENTATION('',(#15375),#15379);
#15375 = LINE('',#15376,#15377);
#15376 = CARTESIAN_POINT('',(0.,0.));
#15377 = VECTOR('',#15378,1.);
#15378 = DIRECTION('',(0.,1.));
#15379 = ( GEOMETRIC_REPRESENTATION_CONTEXT(2) 
PARAMETRIC_REPRESENTATION_CONTEXT() REPRESENTATION_CONTEXT('2D SPACE',''
  ) );
#15380 = PCURVE('',#13984,#15381);
#15381 = DEFINITIONAL_REPRESENTATION('',(#15382),#15386);
#15382 = LINE('',#15383,#15384);
#15383 = CARTESIAN_POINT('',(6.28318530718,0.));
#15384 = VECTOR('',#15385,1.);
#15385 = DIRECTION('',(0.,1.));
#15386 = ( GEOMETRIC_REPRESENTATION_CONTEXT(2) 
PARAMETRIC_REPRESENTATION_CONTEXT() REPRESENTATION_CONTEXT('2D SPACE',''
  ) );
#15387 = ORIENTED_EDGE('',*,*,#13969,.T.);
#15388 = ORIENTED_EDGE('',*,*,#15366,.T.);
#15389 = ORIENTED_EDGE('',*,*,#15390,.T.);
#15390 = EDGE_CURVE('',#15367,#15391,#15393,.T.);
#15391 = VERTEX_POINT('',#15392);
#15392 = CARTESIAN_POINT('',(42.252087196134,200.76228068038,
    19.938448615641));
#15393 = SURFACE_CURVE('',#15394,(#15469,#15547),.PCURVE_S1.);
#15394 = B_SPLINE_CURVE_WITH_KNOTS('',7,(#15395,#15396,#15397,#15398,
    #15399,#15400,#15401,#15402,#15403,#15404,#15405,#15406,#15407,
    #15408,#15409,#15410,#15411,#15412,#15413,#15414,#15415,#15416,
    #15417,#15418,#15419,#15420,#15421,#15422,#15423,#15424,#15425,
    #15426,#15427,#15428,#15429,#15430,#15431,#15432,#15433,#15434,
    #15435,#15436,#15437,#15438,#15439,#15440,#15441,#15442,#15443,
    #15444,#15445,#15446,#15447,#15448,#15449,#15450,#15451,#15452,
    #15453,#15454,#15455,#15456,#15457,#15458,#15459,#15460,#15461,
    #15462,#15463,#15464,#15465,#15466,#15467,#15468),.UNSPECIFIED.,.F.,
  .F.,(8,6,6,6,6,6,6,6,6,6,6,6,8),(0.,7.116270578894E-02,0.188333594749,
    0.228901269281,0.315846468833,0.417386648392,0.476614851334,
    0.576479778605,0.674782903631,0.734010921847,0.835553940433,
    0.914962509986,1.),.UNSPECIFIED.);
#15395 = CARTESIAN_POINT('',(42.251720282406,200.71870269267,
    19.941270834526));
#15396 = CARTESIAN_POINT('',(42.249945770422,200.6699192103,
    19.94422300144));
#15397 = CARTESIAN_POINT('',(42.244610675907,200.62117271476,
    19.946641720126));
#15398 = CARTESIAN_POINT('',(42.235724633387,200.57279577433,
    19.948551761176));
#15399 = CARTESIAN_POINT('',(42.223333648073,200.52511535739,
    19.949971797234));
#15400 = CARTESIAN_POINT('',(42.207518917425,200.47844954828,
    19.950914331436));
#15401 = CARTESIAN_POINT('',(42.188395652707,200.43310426314,
    19.951385625868));
#15402 = CARTESIAN_POINT('',(42.129421234837,200.31736052701,
    19.951385636825));
#15403 = CARTESIAN_POINT('',(42.084158404251,200.24971070919,
    19.950108218158));
#15404 = CARTESIAN_POINT('',(42.030985625884,200.18772599972,
    19.947551891088));
#15405 = CARTESIAN_POINT('',(41.970800625047,200.13257365131,
    19.943673831754));
#15406 = CARTESIAN_POINT('',(41.904707385876,200.08525586068,
    19.938380148197));
#15407 = CARTESIAN_POINT('',(41.833989104514,200.04657645024,
    19.931530710342));
#15408 = CARTESIAN_POINT('',(41.734495207523,200.00689588672,
    19.919990623044));
#15409 = CARTESIAN_POINT('',(41.708524461309,199.99779382155,
    19.916816164852));
#15410 = CARTESIAN_POINT('',(41.682230416472,199.98981826568,
    19.913428291834));
#15411 = CARTESIAN_POINT('',(41.655674396028,199.98298920119,
    19.909819713616));
#15412 = CARTESIAN_POINT('',(41.628919501688,199.97732300036,
    19.905983006409));
#15413 = CARTESIAN_POINT('',(41.602030379764,199.97283224245,
    19.901910899247));
#15414 = CARTESIAN_POINT('',(41.517297531294,199.96243854021,
    19.888350009325));
#15415 = CARTESIAN_POINT('',(41.45920071511,199.9607892997,
    19.877989428033));
#15416 = CARTESIAN_POINT('',(41.401441837398,199.96466649853,
    19.866450033164));
#15417 = CARTESIAN_POINT('',(41.34469761697,199.97406679249,
    19.853674907004));
#15418 = CARTESIAN_POINT('',(41.289648928352,199.98889515938,
    19.839640281862));
#15419 = CARTESIAN_POINT('',(41.236955665002,200.00895645222,
    19.824387150541));
#15420 = CARTESIAN_POINT('',(41.129134915636,200.0631133785,
    19.788990378164));
#15421 = CARTESIAN_POINT('',(41.075064801123,200.09900890797,
    19.768448897783));
#15422 = CARTESIAN_POINT('',(41.025984800689,200.14112813676,
    19.746665125114));
#15423 = CARTESIAN_POINT('',(40.982691661578,200.18877717832,
    19.724023974406));
#15424 = CARTESIAN_POINT('',(40.945753250364,200.24110604504,
    19.701122922133));
#15425 = CARTESIAN_POINT('',(40.915449748674,200.29710994305,
    19.67863527518));
#15426 = CARTESIAN_POINT('',(40.878001677278,200.38996781317,
    19.64463697526));
#15427 = CARTESIAN_POINT('',(40.866467423709,200.42508004528,
    19.632455915298));
#15428 = CARTESIAN_POINT('',(40.85719872019,200.46089216589,
    19.620738162621));
#15429 = CARTESIAN_POINT('',(40.850168629893,200.49719875118,
    19.60959519355));
#15430 = CARTESIAN_POINT('',(40.845322964253,200.53380181141,
    19.599121624344));
#15431 = CARTESIAN_POINT('',(40.842587050421,200.57051892869,
    19.589391335713));
#15432 = CARTESIAN_POINT('',(40.840676854053,200.66901997647,
    19.565397892015));
#15433 = CARTESIAN_POINT('',(40.845233906422,200.73071865837,
    19.55260489465));
#15434 = CARTESIAN_POINT('',(40.855140600089,200.7915115048,
    19.542343444475));
#15435 = CARTESIAN_POINT('',(40.86989534829,200.85084705709,
    19.534703873698));
#15436 = CARTESIAN_POINT('',(40.889097380215,200.9084580539,
    19.529657906737));
#15437 = CARTESIAN_POINT('',(40.91252958263,200.96416925494,
    19.527196631978));
#15438 = CARTESIAN_POINT('',(40.967194302708,201.07050773802,
    19.527436392517));
#15439 = CARTESIAN_POINT('',(40.998311131876,201.12122429267,
    19.530057358198));
#15440 = CARTESIAN_POINT('',(41.033325911071,201.16968999512,
    19.535183446615));
#15441 = CARTESIAN_POINT('',(41.072226391976,201.21563009786,
    19.542823728091));
#15442 = CARTESIAN_POINT('',(41.115025987703,201.25857763555,
    19.553001918992));
#15443 = CARTESIAN_POINT('',(41.161576464644,201.29783556585,
    19.565629015501));
#15444 = CARTESIAN_POINT('',(41.241592148382,201.35363582367,
    19.589385492378));
#15445 = CARTESIAN_POINT('',(41.272903932225,201.37300480135,
    19.599115224177));
#15446 = CARTESIAN_POINT('',(41.305363528905,201.39060004342,
    19.609588242423));
#15447 = CARTESIAN_POINT('',(41.338867264766,201.40625392303,
    19.620730677653));
#15448 = CARTESIAN_POINT('',(41.373286828781,201.41980622872,
    19.632447925579));
#15449 = CARTESIAN_POINT('',(41.408471877415,201.4311144222,
    19.644628521167));
#15450 = CARTESIAN_POINT('',(41.505606239234,201.45540274554,
    19.678626361729));
#15451 = CARTESIAN_POINT('',(41.568726878248,201.4638076099,
    19.701114171879));
#15452 = CARTESIAN_POINT('',(41.632774548438,201.46468448242,
    19.724015585345));
#15453 = CARTESIAN_POINT('',(41.696771642142,201.4576693481,
    19.746657259235));
#15454 = CARTESIAN_POINT('',(41.759696681252,201.44272194478,
    19.768441652618));
#15455 = CARTESIAN_POINT('',(41.820519934779,201.42007895631,
    19.788983799944));
#15456 = CARTESIAN_POINT('',(41.923424971647,201.36690108205,
    19.822966008443));
#15457 = CARTESIAN_POINT('',(41.966712980859,201.33915664537,
    19.83698202547));
#15458 = CARTESIAN_POINT('',(42.007668950979,201.30723490319,
    19.849992423297));
#15459 = CARTESIAN_POINT('',(42.045873065433,201.27144733473,
    19.861958755212));
#15460 = CARTESIAN_POINT('',(42.080952373457,201.23216082755,
    19.872890259394));
#15461 = CARTESIAN_POINT('',(42.112586218492,201.189781062,
    19.882823463937));
#15462 = CARTESIAN_POINT('',(42.170416783144,201.09651597681,
    19.901421522896));
#15463 = CARTESIAN_POINT('',(42.196072326797,201.04523545101,
    19.909947652574));
#15464 = CARTESIAN_POINT('',(42.21715795142,200.99143174673,
    19.917440876383));
#15465 = CARTESIAN_POINT('',(42.233430720011,200.93566193501,
    19.923973874249));
#15466 = CARTESIAN_POINT('',(42.244724250354,200.87849739906,
    19.929616019702));
#15467 = CARTESIAN_POINT('',(42.250948061351,200.82051315788,
    19.93442512411));
#15468 = CARTESIAN_POINT('',(42.252087196134,200.76228068038,
    19.938448615641));
#15469 = PCURVE('',#13984,#15470);
#15470 = DEFINITIONAL_REPRESENTATION('',(#15471),#15546);
#15471 = B_SPLINE_CURVE_WITH_KNOTS('',7,(#15472,#15473,#15474,#15475,
    #15476,#15477,#15478,#15479,#15480,#15481,#15482,#15483,#15484,
    #15485,#15486,#15487,#15488,#15489,#15490,#15491,#15492,#15493,
    #15494,#15495,#15496,#15497,#15498,#15499,#15500,#15501,#15502,
    #15503,#15504,#15505,#15506,#15507,#15508,#15509,#15510,#15511,
    #15512,#15513,#15514,#15515,#15516,#15517,#15518,#15519,#15520,
    #15521,#15522,#15523,#15524,#15525,#15526,#15527,#15528,#15529,
    #15530,#15531,#15532,#15533,#15534,#15535,#15536,#15537,#15538,
    #15539,#15540,#15541,#15542,#15543,#15544,#15545),.UNSPECIFIED.,.F.,
  .F.,(8,6,6,6,6,6,6,6,6,6,6,6,8),(0.,7.116270578894E-02,0.188333594749,
    0.228901269281,0.315846468833,0.417386648392,0.476614851334,
    0.576479778605,0.674782903631,0.734010921847,0.835553940433,
    0.914962509986,1.),.UNSPECIFIED.);
#15472 = CARTESIAN_POINT('',(6.28318530718,0.92403548141));
#15473 = CARTESIAN_POINT('',(6.215769117896,0.925015942026));
#15474 = CARTESIAN_POINT('',(6.14839820758,0.925819236176));
#15475 = CARTESIAN_POINT('',(6.081066980476,0.92645359056));
#15476 = CARTESIAN_POINT('',(6.013766536848,0.926925206654));
#15477 = CARTESIAN_POINT('',(5.946486326861,0.927238236943));
#15478 = CARTESIAN_POINT('',(5.879215804461,0.927394761165));
#15479 = CARTESIAN_POINT('',(5.701185069854,0.927394764804));
#15480 = CARTESIAN_POINT('',(5.590414538755,0.926970514167));
#15481 = CARTESIAN_POINT('',(5.47960418045,0.926121518129));
#15482 = CARTESIAN_POINT('',(5.368706970021,0.924833554219));
#15483 = CARTESIAN_POINT('',(5.257673454201,0.923075439454));
#15484 = CARTESIAN_POINT('',(5.146474633264,0.920800634454));
#15485 = CARTESIAN_POINT('',(4.996584155294,0.916967991712));
#15486 = CARTESIAN_POINT('',(4.958017071316,0.9159137047));
#15487 = CARTESIAN_POINT('',(4.919432774205,0.914788539301));
#15488 = CARTESIAN_POINT('',(4.880832362812,0.913590074266));
#15489 = CARTESIAN_POINT('',(4.842217660927,0.912315844041));
#15490 = CARTESIAN_POINT('',(4.80359143373,0.910963433825));
#15491 = CARTESIAN_POINT('',(4.682157048077,0.906459651055));
#15492 = CARTESIAN_POINT('',(4.599310563321,0.903018740629));
#15493 = CARTESIAN_POINT('',(4.516471180371,0.899186327853));
#15494 = CARTESIAN_POINT('',(4.433703532912,0.894943509466));
#15495 = CARTESIAN_POINT('',(4.351096408669,0.890282391851));
#15496 = CARTESIAN_POINT('',(4.268774490536,0.885216589353));
#15497 = CARTESIAN_POINT('',(4.091301854897,0.873460769898));
#15498 = CARTESIAN_POINT('',(3.99628658244,0.866638624305));
#15499 = CARTESIAN_POINT('',(3.902157220943,0.859403894093));
#15500 = CARTESIAN_POINT('',(3.809188265449,0.851884415279));
#15501 = CARTESIAN_POINT('',(3.717646829506,0.844278619108));
#15502 = CARTESIAN_POINT('',(3.627773796367,0.836810121282));
#15503 = CARTESIAN_POINT('',(3.488397367463,0.825518756314));
#15504 = CARTESIAN_POINT('',(3.43767289255,0.821473236565));
#15505 = CARTESIAN_POINT('',(3.387604250615,0.817581588383));
#15506 = CARTESIAN_POINT('',(3.338215192523,0.813880834789));
#15507 = CARTESIAN_POINT('',(3.289517065145,0.810402399317));
#15508 = CARTESIAN_POINT('',(3.241506706384,0.807170818902));
#15509 = CARTESIAN_POINT('',(3.114342856061,0.799202222522));
#15510 = CARTESIAN_POINT('',(3.036421461784,0.794953468831));
#15511 = CARTESIAN_POINT('',(2.960316430715,0.791545481393));
#15512 = CARTESIAN_POINT('',(2.885747451962,0.789008260943));
#15513 = CARTESIAN_POINT('',(2.812261741505,0.787332416718));
#15514 = CARTESIAN_POINT('',(2.739319389809,0.786514989033));
#15515 = CARTESIAN_POINT('',(2.594564851531,0.786594617242));
#15516 = CARTESIAN_POINT('',(2.522721189085,0.78746508077));
#15517 = CARTESIAN_POINT('',(2.45031800912,0.789167534578));
#15518 = CARTESIAN_POINT('',(2.376844476306,0.791704991063));
#15519 = CARTESIAN_POINT('',(2.301874072044,0.795085326799));
#15520 = CARTESIAN_POINT('',(2.225142812406,0.799278982232));
#15521 = CARTESIAN_POINT('',(2.099230029387,0.807168878239));
#15522 = CARTESIAN_POINT('',(2.051220813148,0.810400273722));
#15523 = CARTESIAN_POINT('',(2.002523854075,0.813878526211));
#15524 = CARTESIAN_POINT('',(1.953135984326,0.817579102508));
#15525 = CARTESIAN_POINT('',(1.903068544921,0.821470583055));
#15526 = CARTESIAN_POINT('',(1.852345281218,0.825515948578));
#15527 = CARTESIAN_POINT('',(1.712969414594,0.836807160986));
#15528 = CARTESIAN_POINT('',(1.623095627307,0.844275713012));
#15529 = CARTESIAN_POINT('',(1.531553321455,0.851881629141));
#15530 = CARTESIAN_POINT('',(1.438583379253,0.859401281712));
#15531 = CARTESIAN_POINT('',(1.344452924432,0.866636218073));
#15532 = CARTESIAN_POINT('',(1.249436468367,0.873458585169));
#15533 = CARTESIAN_POINT('',(1.079059967725,0.884744605926));
#15534 = CARTESIAN_POINT('',(1.003911798795,0.889399543497));
#15535 = CARTESIAN_POINT('',(0.928512664752,0.893720499268));
#15536 = CARTESIAN_POINT('',(0.852960535991,0.897694704488));
#15537 = CARTESIAN_POINT('',(0.777328391807,0.901325227298));
#15538 = CARTESIAN_POINT('',(0.701671534952,0.904624199248));
#15539 = CARTESIAN_POINT('',(0.545038562807,0.910800904316));
#15540 = CARTESIAN_POINT('',(0.464056906691,0.913632600102));
#15541 = CARTESIAN_POINT('',(0.383136084674,0.916121130855));
#15542 = CARTESIAN_POINT('',(0.302294866223,0.918290871517));
#15543 = CARTESIAN_POINT('',(0.22153705829,0.920164813041));
#15544 = CARTESIAN_POINT('',(0.140859192504,0.921761884039));
#15545 = CARTESIAN_POINT('',(6.02543682636E-02,0.923098148247));
#15546 = ( GEOMETRIC_REPRESENTATION_CONTEXT(2) 
PARAMETRIC_REPRESENTATION_CONTEXT() REPRESENTATION_CONTEXT('2D SPACE',''
  ) );
#15547 = PCURVE('',#15548,#15553);
#15548 = SPHERICAL_SURFACE('',#15549,0.85);
#15549 = AXIS2_PLACEMENT_3D('',#15550,#15551,#15552);
#15550 = CARTESIAN_POINT('',(41.434233935212,200.76228068038,20.17));
#15551 = DIRECTION('',(0.,0.,1.));
#15552 = DIRECTION('',(1.,0.,-0.));
#15553 = DEFINITIONAL_REPRESENTATION('',(#15554),#15629);
#15554 = B_SPLINE_CURVE_WITH_KNOTS('',7,(#15555,#15556,#15557,#15558,
    #15559,#15560,#15561,#15562,#15563,#15564,#15565,#15566,#15567,
    #15568,#15569,#15570,#15571,#15572,#15573,#15574,#15575,#15576,
    #15577,#15578,#15579,#15580,#15581,#15582,#15583,#15584,#15585,
    #15586,#15587,#15588,#15589,#15590,#15591,#15592,#15593,#15594,
    #15595,#15596,#15597,#15598,#15599,#15600,#15601,#15602,#15603,
    #15604,#15605,#15606,#15607,#15608,#15609,#15610,#15611,#15612,
    #15613,#15614,#15615,#15616,#15617,#15618,#15619,#15620,#15621,
    #15622,#15623,#15624,#15625,#15626,#15627,#15628),.UNSPECIFIED.,.F.,
  .F.,(8,6,6,6,6,6,6,6,6,6,6,6,8),(0.,7.116270578894E-02,0.188333594749,
    0.228901269281,0.315846468833,0.417386648392,0.476614851334,
    0.576479778605,0.674782903631,0.734010921847,0.835553940433,
    0.914962509986,1.),.UNSPECIFIED.);
#15555 = CARTESIAN_POINT('',(6.229928417894,-0.272451311741));
#15556 = CARTESIAN_POINT('',(6.170307146803,-0.26884515819));
#15557 = CARTESIAN_POINT('',(6.110639620188,-0.265894848622));
#15558 = CARTESIAN_POINT('',(6.05093653341,-0.263567338816));
#15559 = CARTESIAN_POINT('',(5.991206965154,-0.261837997468));
#15560 = CARTESIAN_POINT('',(5.931459339953,-0.260690505493));
#15561 = CARTESIAN_POINT('',(5.871702390725,-0.260116755341));
#15562 = CARTESIAN_POINT('',(5.713556169244,-0.260116742003));
#15563 = CARTESIAN_POINT('',(5.615157554676,-0.261671932061));
#15564 = CARTESIAN_POINT('',(5.516804813921,-0.264783971219));
#15565 = CARTESIAN_POINT('',(5.418534125938,-0.269509391133));
#15566 = CARTESIAN_POINT('',(5.320381292367,-0.275970276469));
#15567 = CARTESIAN_POINT('',(5.222390185882,-0.284352643325));
#15568 = CARTESIAN_POINT('',(5.090758145938,-0.298541710631));
#15569 = CARTESIAN_POINT('',(5.056929441532,-0.302449570774));
#15570 = CARTESIAN_POINT('',(5.023127268625,-0.306625839838));
#15571 = CARTESIAN_POINT('',(4.989353232468,-0.311081014449));
#15572 = CARTESIAN_POINT('',(4.955608726079,-0.315826073932));
#15573 = CARTESIAN_POINT('',(4.921894827773,-0.320872201819));
#15574 = CARTESIAN_POINT('',(4.816023123491,-0.337714501749));
#15575 = CARTESIAN_POINT('',(4.743968276081,-0.350634031928));
#15576 = CARTESIAN_POINT('',(4.672065321784,-0.365096085501));
#15577 = CARTESIAN_POINT('',(4.600314164348,-0.381205933022));
#15578 = CARTESIAN_POINT('',(4.528681760229,-0.399044577131));
#15579 = CARTESIAN_POINT('',(4.457091404541,-0.418629669736));
#15580 = CARTESIAN_POINT('',(4.301709925618,-0.464653918391));
#15581 = CARTESIAN_POINT('',(4.217861638217,-0.491700134818));
#15582 = CARTESIAN_POINT('',(4.133688840391,-0.52083526321));
#15583 = CARTESIAN_POINT('',(4.048838065157,-0.55171200705));
#15584 = CARTESIAN_POINT('',(3.962774515974,-0.583714487743));
#15585 = CARTESIAN_POINT('',(3.874893592042,-0.616003274584));
#15586 = CARTESIAN_POINT('',(3.732144264978,-0.666158441682));
#15587 = CARTESIAN_POINT('',(3.678774370257,-0.684429595774));
#15588 = CARTESIAN_POINT('',(3.62453074874,-0.702316844675));
#15589 = CARTESIAN_POINT('',(3.569332336854,-0.719635381473));
#15590 = CARTESIAN_POINT('',(3.513125327932,-0.736204301827));
#15591 = CARTESIAN_POINT('',(3.455893562522,-0.751855991281));
#15592 = CARTESIAN_POINT('',(3.299484702501,-0.791040187921));
#15593 = CARTESIAN_POINT('',(3.198468706778,-0.812612070381));
#15594 = CARTESIAN_POINT('',(3.094754275299,-0.830453875147));
#15595 = CARTESIAN_POINT('',(2.988736599822,-0.844046893359));
#15596 = CARTESIAN_POINT('',(2.881125040434,-0.853121506359));
#15597 = CARTESIAN_POINT('',(2.772755268337,-0.857546057486));
#15598 = CARTESIAN_POINT('',(2.557820818654,-0.857115058704));
#15599 = CARTESIAN_POINT('',(2.451207437798,-0.852403458104));
#15600 = CARTESIAN_POINT('',(2.345378153617,-0.843194289329));
#15601 = CARTESIAN_POINT('',(2.241124570765,-0.829619294596));
#15602 = CARTESIAN_POINT('',(2.139114449786,-0.811942929445));
#15603 = CARTESIAN_POINT('',(2.039721524166,-0.79066293672));
#15604 = CARTESIAN_POINT('',(1.884848977099,-0.751865412858));
#15605 = CARTESIAN_POINT('',(1.827617605321,-0.73621447911));
#15606 = CARTESIAN_POINT('',(1.771410958579,-0.719646273346));
#15607 = CARTESIAN_POINT('',(1.71621289238,-0.702328395553));
#15608 = CARTESIAN_POINT('',(1.661969615321,-0.684441737436));
#15609 = CARTESIAN_POINT('',(1.608600077601,-0.666171096345));
#15610 = CARTESIAN_POINT('',(1.465848981487,-0.616016110425));
#15611 = CARTESIAN_POINT('',(1.377966120651,-0.583726792419));
#15612 = CARTESIAN_POINT('',(1.291900853457,-0.551723549709));
#15613 = CARTESIAN_POINT('',(1.20704854644,-0.520845889159));
#15614 = CARTESIAN_POINT('',(1.12287434662,-0.491709774379));
#15615 = CARTESIAN_POINT('',(1.039024740629,-0.464662561242));
#15616 = CARTESIAN_POINT('',(0.889855794104,-0.420477423463));
#15617 = CARTESIAN_POINT('',(0.82446571965,-0.402459707676));
#15618 = CARTESIAN_POINT('',(0.759049426946,-0.385891078673));
#15619 = CARTESIAN_POINT('',(0.69354464782,-0.370766273937));
#15620 = CARTESIAN_POINT('',(0.627920920568,-0.357032427374));
#15621 = CARTESIAN_POINT('',(0.562172861315,-0.34461471401));
#15622 = CARTESIAN_POINT('',(0.425778186661,-0.321459344704));
#15623 = CARTESIAN_POINT('',(0.355107325241,-0.310901895076));
#15624 = CARTESIAN_POINT('',(0.284300170581,-0.301660890416));
#15625 = CARTESIAN_POINT('',(0.213369456802,-0.293628702928));
#15626 = CARTESIAN_POINT('',(0.142331084534,-0.286708122769));
#15627 = CARTESIAN_POINT('',(7.120162049398E-02,-0.280819975249));
#15628 = CARTESIAN_POINT('',(0.,-0.27590039891));
#15629 = ( GEOMETRIC_REPRESENTATION_CONTEXT(2) 
PARAMETRIC_REPRESENTATION_CONTEXT() REPRESENTATION_CONTEXT('2D SPACE',''
  ) );
#15630 = ORIENTED_EDGE('',*,*,#15631,.T.);
#15631 = EDGE_CURVE('',#15391,#15367,#15632,.T.);
#15632 = SURFACE_CURVE('',#15633,(#15639,#15648),.PCURVE_S1.);
#15633 = B_SPLINE_CURVE_WITH_KNOTS('',4,(#15634,#15635,#15636,#15637,
    #15638),.UNSPECIFIED.,.F.,.F.,(5,5),(0.,1.),
  .PIECEWISE_BEZIER_KNOTS.);
#15634 = CARTESIAN_POINT('',(42.252087196134,200.76228068038,
    19.938448615641));
#15635 = CARTESIAN_POINT('',(42.252300138551,200.7513950776,
    19.939200740919));
#15636 = CARTESIAN_POINT('',(42.252310019629,200.74049950377,
    19.939921492867));
#15637 = CARTESIAN_POINT('',(42.252116675825,200.72960002756,
    19.940611374603));
#15638 = CARTESIAN_POINT('',(42.251720282406,200.71870269267,
    19.941270834526));
#15639 = PCURVE('',#13984,#15640);
#15640 = DEFINITIONAL_REPRESENTATION('',(#15641),#15647);
#15641 = B_SPLINE_CURVE_WITH_KNOTS('',4,(#15642,#15643,#15644,#15645,
    #15646),.UNSPECIFIED.,.F.,.F.,(5,5),(0.,1.),
  .PIECEWISE_BEZIER_KNOTS.);
#15642 = CARTESIAN_POINT('',(6.025435040812E-02,0.923098178559));
#15643 = CARTESIAN_POINT('',(4.518660544001E-02,0.923347971079));
#15644 = CARTESIAN_POINT('',(3.012170368917E-02,0.923587344028));
#15645 = CARTESIAN_POINT('',(1.505953974995E-02,0.923816464498));
#15646 = CARTESIAN_POINT('',(0.,0.92403548141));
#15647 = ( GEOMETRIC_REPRESENTATION_CONTEXT(2) 
PARAMETRIC_REPRESENTATION_CONTEXT() REPRESENTATION_CONTEXT('2D SPACE',''
  ) );
#15648 = PCURVE('',#15548,#15649);
#15649 = DEFINITIONAL_REPRESENTATION('',(#15650),#15656);
#15650 = B_SPLINE_CURVE_WITH_KNOTS('',4,(#15651,#15652,#15653,#15654,
    #15655),.UNSPECIFIED.,.F.,.F.,(5,5),(0.,1.),
  .PIECEWISE_BEZIER_KNOTS.);
#15651 = CARTESIAN_POINT('',(6.28318530718,-0.27590039891));
#15652 = CARTESIAN_POINT('',(6.269875336677,-0.274980765383));
#15653 = CARTESIAN_POINT('',(6.256562416015,-0.274099811671));
#15654 = CARTESIAN_POINT('',(6.243246715939,-0.27325686028));
#15655 = CARTESIAN_POINT('',(6.229928417894,-0.272451311741));
#15656 = ( GEOMETRIC_REPRESENTATION_CONTEXT(2) 
PARAMETRIC_REPRESENTATION_CONTEXT() REPRESENTATION_CONTEXT('2D SPACE',''
  ) );
#15657 = ADVANCED_FACE('',(#15658),#14561,.T.);
#15658 = FACE_BOUND('',#15659,.T.);
#15659 = EDGE_LOOP('',(#15660,#15684,#15685,#15686));
#15660 = ORIENTED_EDGE('',*,*,#15661,.T.);
#15661 = EDGE_CURVE('',#14310,#15662,#15664,.T.);
#15662 = VERTEX_POINT('',#15663);
#15663 = CARTESIAN_POINT('',(94.022728626084,131.0080463346,18.32));
#15664 = SEAM_CURVE('',#15665,(#15670,#15677),.PCURVE_S1.);
#15665 = CIRCLE('',#15666,0.85);
#15666 = AXIS2_PLACEMENT_3D('',#15667,#15668,#15669);
#15667 = CARTESIAN_POINT('',(94.022728626084,131.0080463346,17.47));
#15668 = DIRECTION('',(-2.449293598295E-16,-1.,0.));
#15669 = DIRECTION('',(1.,-2.449293598295E-16,0.));
#15670 = PCURVE('',#14561,#15671);
#15671 = DEFINITIONAL_REPRESENTATION('',(#15672),#15676);
#15672 = LINE('',#15673,#15674);
#15673 = CARTESIAN_POINT('',(6.28318530718,-6.28318530718));
#15674 = VECTOR('',#15675,1.);
#15675 = DIRECTION('',(0.,1.));
#15676 = ( GEOMETRIC_REPRESENTATION_CONTEXT(2) 
PARAMETRIC_REPRESENTATION_CONTEXT() REPRESENTATION_CONTEXT('2D SPACE',''
  ) );
#15677 = PCURVE('',#14561,#15678);
#15678 = DEFINITIONAL_REPRESENTATION('',(#15679),#15683);
#15679 = LINE('',#15680,#15681);
#15680 = CARTESIAN_POINT('',(0.,-6.28318530718));
#15681 = VECTOR('',#15682,1.);
#15682 = DIRECTION('',(0.,1.));
#15683 = ( GEOMETRIC_REPRESENTATION_CONTEXT(2) 
PARAMETRIC_REPRESENTATION_CONTEXT() REPRESENTATION_CONTEXT('2D SPACE',''
  ) );
#15684 = ORIENTED_EDGE('',*,*,#15661,.F.);
#15685 = ORIENTED_EDGE('',*,*,#14309,.F.);
#15686 = ORIENTED_EDGE('',*,*,#14691,.F.);
#15687 = ADVANCED_FACE('',(#15688),#14877,.T.);
#15688 = FACE_BOUND('',#15689,.T.);
#15689 = EDGE_LOOP('',(#15690,#15714,#15715));
#15690 = ORIENTED_EDGE('',*,*,#15691,.T.);
#15691 = EDGE_CURVE('',#14722,#15692,#15694,.T.);
#15692 = VERTEX_POINT('',#15693);
#15693 = CARTESIAN_POINT('',(-2.7,210.20415428035,23.));
#15694 = SEAM_CURVE('',#15695,(#15700,#15707),.PCURVE_S1.);
#15695 = CIRCLE('',#15696,0.85);
#15696 = AXIS2_PLACEMENT_3D('',#15697,#15698,#15699);
#15697 = CARTESIAN_POINT('',(-2.7,210.20415428035,22.15));
#15698 = DIRECTION('',(-2.449293598295E-16,-1.,0.));
#15699 = DIRECTION('',(1.,-2.449293598295E-16,0.));
#15700 = PCURVE('',#14877,#15701);
#15701 = DEFINITIONAL_REPRESENTATION('',(#15702),#15706);
#15702 = LINE('',#15703,#15704);
#15703 = CARTESIAN_POINT('',(6.28318530718,-6.28318530718));
#15704 = VECTOR('',#15705,1.);
#15705 = DIRECTION('',(0.,1.));
#15706 = ( GEOMETRIC_REPRESENTATION_CONTEXT(2) 
PARAMETRIC_REPRESENTATION_CONTEXT() REPRESENTATION_CONTEXT('2D SPACE',''
  ) );
#15707 = PCURVE('',#14877,#15708);
#15708 = DEFINITIONAL_REPRESENTATION('',(#15709),#15713);
#15709 = LINE('',#15710,#15711);
#15710 = CARTESIAN_POINT('',(0.,-6.28318530718));
#15711 = VECTOR('',#15712,1.);
#15712 = DIRECTION('',(0.,1.));
#15713 = ( GEOMETRIC_REPRESENTATION_CONTEXT(2) 
PARAMETRIC_REPRESENTATION_CONTEXT() REPRESENTATION_CONTEXT('2D SPACE',''
  ) );
#15714 = ORIENTED_EDGE('',*,*,#15691,.F.);
#15715 = ORIENTED_EDGE('',*,*,#14745,.F.);
#15716 = ADVANCED_FACE('',(#15717),#15213,.T.);
#15717 = FACE_BOUND('',#15718,.T.);
#15718 = EDGE_LOOP('',(#15719,#15743,#15744,#15745));
#15719 = ORIENTED_EDGE('',*,*,#15720,.T.);
#15720 = EDGE_CURVE('',#14976,#15721,#15723,.T.);
#15721 = VERTEX_POINT('',#15722);
#15722 = CARTESIAN_POINT('',(76.212138952844,172.21131833879,19.49));
#15723 = SEAM_CURVE('',#15724,(#15729,#15736),.PCURVE_S1.);
#15724 = CIRCLE('',#15725,0.85);
#15725 = AXIS2_PLACEMENT_3D('',#15726,#15727,#15728);
#15726 = CARTESIAN_POINT('',(76.212138952844,172.21131833879,18.64));
#15727 = DIRECTION('',(-2.449293598295E-16,-1.,0.));
#15728 = DIRECTION('',(1.,-2.449293598295E-16,0.));
#15729 = PCURVE('',#15213,#15730);
#15730 = DEFINITIONAL_REPRESENTATION('',(#15731),#15735);
#15731 = LINE('',#15732,#15733);
#15732 = CARTESIAN_POINT('',(6.28318530718,-6.28318530718));
#15733 = VECTOR('',#15734,1.);
#15734 = DIRECTION('',(0.,1.));
#15735 = ( GEOMETRIC_REPRESENTATION_CONTEXT(2) 
PARAMETRIC_REPRESENTATION_CONTEXT() REPRESENTATION_CONTEXT('2D SPACE',''
  ) );
#15736 = PCURVE('',#15213,#15737);
#15737 = DEFINITIONAL_REPRESENTATION('',(#15738),#15742);
#15738 = LINE('',#15739,#15740);
#15739 = CARTESIAN_POINT('',(0.,-6.28318530718));
#15740 = VECTOR('',#15741,1.);
#15741 = DIRECTION('',(0.,1.));
#15742 = ( GEOMETRIC_REPRESENTATION_CONTEXT(2) 
PARAMETRIC_REPRESENTATION_CONTEXT() REPRESENTATION_CONTEXT('2D SPACE',''
  ) );
#15743 = ORIENTED_EDGE('',*,*,#15720,.F.);
#15744 = ORIENTED_EDGE('',*,*,#14975,.F.);
#15745 = ORIENTED_EDGE('',*,*,#15336,.F.);
#15746 = ADVANCED_FACE('',(#15747),#15548,.T.);
#15747 = FACE_BOUND('',#15748,.T.);
#15748 = EDGE_LOOP('',(#15749,#15773,#15774,#15775));
#15749 = ORIENTED_EDGE('',*,*,#15750,.T.);
#15750 = EDGE_CURVE('',#15391,#15751,#15753,.T.);
#15751 = VERTEX_POINT('',#15752);
#15752 = CARTESIAN_POINT('',(41.434233935212,200.76228068038,21.02));
#15753 = SEAM_CURVE('',#15754,(#15759,#15766),.PCURVE_S1.);
#15754 = CIRCLE('',#15755,0.85);
#15755 = AXIS2_PLACEMENT_3D('',#15756,#15757,#15758);
#15756 = CARTESIAN_POINT('',(41.434233935212,200.76228068038,20.17));
#15757 = DIRECTION('',(-2.449293598295E-16,-1.,0.));
#15758 = DIRECTION('',(1.,-2.449293598295E-16,0.));
#15759 = PCURVE('',#15548,#15760);
#15760 = DEFINITIONAL_REPRESENTATION('',(#15761),#15765);
#15761 = LINE('',#15762,#15763);
#15762 = CARTESIAN_POINT('',(6.28318530718,-6.28318530718));
#15763 = VECTOR('',#15764,1.);
#15764 = DIRECTION('',(0.,1.));
#15765 = ( GEOMETRIC_REPRESENTATION_CONTEXT(2) 
PARAMETRIC_REPRESENTATION_CONTEXT() REPRESENTATION_CONTEXT('2D SPACE',''
  ) );
#15766 = PCURVE('',#15548,#15767);
#15767 = DEFINITIONAL_REPRESENTATION('',(#15768),#15772);
#15768 = LINE('',#15769,#15770);
#15769 = CARTESIAN_POINT('',(0.,-6.28318530718));
#15770 = VECTOR('',#15771,1.);
#15771 = DIRECTION('',(0.,1.));
#15772 = ( GEOMETRIC_REPRESENTATION_CONTEXT(2) 
PARAMETRIC_REPRESENTATION_CONTEXT() REPRESENTATION_CONTEXT('2D SPACE',''
  ) );
#15773 = ORIENTED_EDGE('',*,*,#15750,.F.);
#15774 = ORIENTED_EDGE('',*,*,#15390,.F.);
#15775 = ORIENTED_EDGE('',*,*,#15631,.F.);
#15776 = ( GEOMETRIC_REPRESENTATION_CONTEXT(3) 
GLOBAL_UNCERTAINTY_ASSIGNED_CONTEXT((#15780)) 
GLOBAL_UNIT_ASSIGNED_CONTEXT((#15777,#15778,#15779)) 
REPRESENTATION_CONTEXT('Context #1',
  '3D Context with UNIT and UNCERTAINTY') );
#15777 = ( LENGTH_UNIT() NAMED_UNIT(*) SI_UNIT(.MILLI.,.METRE.) );
#15778 = ( NAMED_UNIT(*) PLANE_ANGLE_UNIT() SI_UNIT($,.RADIAN.) );
#15779 = ( NAMED_UNIT(*) SI_UNIT($,.STERADIAN.) SOLID_ANGLE_UNIT() );
#15780 = UNCERTAINTY_MEASURE_WITH_UNIT(LENGTH_MEASURE(2.E-07),#15777,
  'distance_accuracy_value','confusion accuracy');
#15781 = CONTEXT_DEPENDENT_SHAPE_REPRESENTATION(#15782,#15784);
#15782 = ( REPRESENTATION_RELATIONSHIP('','',#32,#10) 
REPRESENTATION_RELATIONSHIP_WITH_TRANSFORMATION(#15783) 
SHAPE_REPRESENTATION_RELATIONSHIP() );
#15783 = ITEM_DEFINED_TRANSFORMATION('','',#11,#15);
#15784 = PRODUCT_DEFINITION_SHAPE('Placement','Placement of an item',
  #15785);
#15785 = NEXT_ASSEMBLY_USAGE_OCCURRENCE('3','prop_guard__feral','',#5,
  #27,$);
#15786 = PRODUCT_RELATED_PRODUCT_CATEGORY('part',$,(#29));
ENDSEC;
END-ISO-10303-21;
