ISO-10303-21;
HEADER;
FILE_DESCRIPTION(('Open CASCADE Model'),'2;1');
FILE_NAME('side_carcass_centre_l__bolted','2000-01-01T00:00:00',(
    'Author'),('Open CASCADE'),'Open CASCADE STEP processor 7.9',
  'build123d','Unknown');
FILE_SCHEMA(('AUTOMOTIVE_DESIGN { 1 0 10303 214 1 1 1 1 }'));
ENDSEC;
DATA;
#1 = APPLICATION_PROTOCOL_DEFINITION('international standard',
  'automotive_design',2000,#2);
#2 = APPLICATION_CONTEXT(
  'core data for automotive mechanical design processes');
#3 = SHAPE_DEFINITION_REPRESENTATION(#4,#10);
#4 = PRODUCT_DEFINITION_SHAPE('','',#5);
#5 = PRODUCT_DEFINITION('design','',#6,#9);
#6 = PRODUCT_DEFINITION_FORMATION('','',#7);
#7 = PRODUCT('side_carcass_centre_l__bolted',
  'side_carcass_centre_l__bolted','',(#8));
#8 = PRODUCT_CONTEXT('',#2,'mechanical');
#9 = PRODUCT_DEFINITION_CONTEXT('part definition',#2,'design');
#10 = SHAPE_REPRESENTATION('',(#11,#15),#19);
#11 = AXIS2_PLACEMENT_3D('',#12,#13,#14);
#12 = CARTESIAN_POINT('',(0.,0.,0.));
#13 = DIRECTION('',(0.,0.,1.));
#14 = DIRECTION('',(1.,0.,-0.));
#15 = AXIS2_PLACEMENT_3D('',#16,#17,#18);
#16 = CARTESIAN_POINT('',(20.336580656169,31.256096519606,
    63.566092387564));
#17 = DIRECTION('',(-0.999290045105,-3.767500170056E-02,
    -3.903127820948E-17));
#18 = DIRECTION('',(3.756804875435E-02,-0.996453229986,
    -7.529676063755E-02));
#19 = ( GEOMETRIC_REPRESENTATION_CONTEXT(3) 
GLOBAL_UNCERTAINTY_ASSIGNED_CONTEXT((#23)) GLOBAL_UNIT_ASSIGNED_CONTEXT(
(#20,#21,#22)) REPRESENTATION_CONTEXT('Context #1',
  '3D Context with UNIT and UNCERTAINTY') );
#20 = ( LENGTH_UNIT() NAMED_UNIT(*) SI_UNIT(.MILLI.,.METRE.) );
#21 = ( NAMED_UNIT(*) PLANE_ANGLE_UNIT() SI_UNIT($,.RADIAN.) );
#22 = ( NAMED_UNIT(*) SI_UNIT($,.STERADIAN.) SOLID_ANGLE_UNIT() );
#23 = UNCERTAINTY_MEASURE_WITH_UNIT(LENGTH_MEASURE(2.E-07),#20,
  'distance_accuracy_value','confusion accuracy');
#24 = PRODUCT_RELATED_PRODUCT_CATEGORY('part',$,(#7));
#25 = SHAPE_DEFINITION_REPRESENTATION(#26,#32);
#26 = PRODUCT_DEFINITION_SHAPE('','',#27);
#27 = PRODUCT_DEFINITION('design','',#28,#31);
#28 = PRODUCT_DEFINITION_FORMATION('','',#29);
#29 = PRODUCT('side_carcass_centre_l__bolted',
  'side_carcass_centre_l__bolted','',(#30));
#30 = PRODUCT_CONTEXT('',#2,'mechanical');
#31 = PRODUCT_DEFINITION_CONTEXT('part definition',#2,'design');
#32 = ADVANCED_BREP_SHAPE_REPRESENTATION('',(#11,#33),#5905);
#33 = MANIFOLD_SOLID_BREP('',#34);
#34 = CLOSED_SHELL('',(#35,#155,#1011,#1070,#1109,#1168,#1207,#1266,
    #1577,#1758,#1911,#1938,#1945,#2016,#2138,#2367,#2443,#2519,#2595,
    #2814,#2890,#3144,#3203,#3242,#3301,#3405,#3486,#3685,#3963,#3990,
    #3997,#4073,#4144,#4191,#4334,#4405,#4432,#4525,#4552,#4599,#4628,
    #4657,#4664,#4717,#4838,#4908,#4958,#4990,#5026,#5064,#5092,#5120,
    #5147,#5175,#5208,#5257,#5305,#5332,#5361,#5388,#5416,#5695,#5725,
    #5753,#5814,#5842,#5870,#5897));
#35 = ADVANCED_FACE('',(#36),#50,.F.);
#36 = FACE_BOUND('',#37,.T.);
#37 = EDGE_LOOP('',(#38,#73,#101,#129));
#38 = ORIENTED_EDGE('',*,*,#39,.F.);
#39 = EDGE_CURVE('',#40,#42,#44,.T.);
#40 = VERTEX_POINT('',#41);
#41 = CARTESIAN_POINT('',(7.357553870645,-59.58123217233,9.25));
#42 = VERTEX_POINT('',#43);
#43 = CARTESIAN_POINT('',(7.387672675837,-59.98009663248,9.25));
#44 = SURFACE_CURVE('',#45,(#49,#61),.PCURVE_S1.);
#45 = LINE('',#46,#47);
#46 = CARTESIAN_POINT('',(7.319905364157,-59.08265159714,9.25));
#47 = VECTOR('',#48,1.);
#48 = DIRECTION('',(7.529701297771E-02,-0.997161150385,-0.));
#49 = PCURVE('',#50,#55);
#50 = PLANE('',#51);
#51 = AXIS2_PLACEMENT_3D('',#52,#53,#54);
#52 = CARTESIAN_POINT('',(2.670896463837,-59.93512813332,9.25));
#53 = DIRECTION('',(-0.,-0.,1.));
#54 = DIRECTION('',(-7.529701297771E-02,0.997161150385,0.));
#55 = DEFINITIONAL_REPRESENTATION('',(#56),#60);
#56 = LINE('',#57,#58);
#57 = CARTESIAN_POINT('',(0.5,-4.7));
#58 = VECTOR('',#59,1.);
#59 = DIRECTION('',(-1.,0.));
#60 = ( GEOMETRIC_REPRESENTATION_CONTEXT(2) 
PARAMETRIC_REPRESENTATION_CONTEXT() REPRESENTATION_CONTEXT('2D SPACE',''
  ) );
#61 = PCURVE('',#62,#67);
#62 = PLANE('',#63);
#63 = AXIS2_PLACEMENT_3D('',#64,#65,#66);
#64 = CARTESIAN_POINT('',(7.282256857668,-58.58407102194,8.25));
#65 = DIRECTION('',(0.997161150385,7.529701297771E-02,-0.));
#66 = DIRECTION('',(0.,0.,-1.));
#67 = DEFINITIONAL_REPRESENTATION('',(#68),#72);
#68 = LINE('',#69,#70);
#69 = CARTESIAN_POINT('',(-1.,-0.5));
#70 = VECTOR('',#71,1.);
#71 = DIRECTION('',(-0.,-1.));
#72 = ( GEOMETRIC_REPRESENTATION_CONTEXT(2) 
PARAMETRIC_REPRESENTATION_CONTEXT() REPRESENTATION_CONTEXT('2D SPACE',''
  ) );
#73 = ORIENTED_EDGE('',*,*,#74,.T.);
#74 = EDGE_CURVE('',#40,#75,#77,.T.);
#75 = VERTEX_POINT('',#76);
#76 = CARTESIAN_POINT('',(62.450433193844,-55.42109291321,9.25));
#77 = SURFACE_CURVE('',#78,(#82,#89),.PCURVE_S1.);
#78 = LINE('',#79,#80);
#79 = CARTESIAN_POINT('',(2.670896463837,-59.93512813332,9.25));
#80 = VECTOR('',#81,1.);
#81 = DIRECTION('',(0.997161150385,7.529701297771E-02,-0.));
#82 = PCURVE('',#50,#83);
#83 = DEFINITIONAL_REPRESENTATION('',(#84),#88);
#84 = LINE('',#85,#86);
#85 = CARTESIAN_POINT('',(-0.,-0.));
#86 = VECTOR('',#87,1.);
#87 = DIRECTION('',(-0.,-1.));
#88 = ( GEOMETRIC_REPRESENTATION_CONTEXT(2) 
PARAMETRIC_REPRESENTATION_CONTEXT() REPRESENTATION_CONTEXT('2D SPACE',''
  ) );
#89 = PCURVE('',#90,#95);
#90 = PLANE('',#91);
#91 = AXIS2_PLACEMENT_3D('',#92,#93,#94);
#92 = CARTESIAN_POINT('',(2.670896463837,-59.93512813332,15.25));
#93 = DIRECTION('',(7.529701297771E-02,-0.997161150385,-0.));
#94 = DIRECTION('',(-0.,0.,1.));
#95 = DEFINITIONAL_REPRESENTATION('',(#96),#100);
#96 = LINE('',#97,#98);
#97 = CARTESIAN_POINT('',(-6.,0.));
#98 = VECTOR('',#99,1.);
#99 = DIRECTION('',(-0.,-1.));
#100 = ( GEOMETRIC_REPRESENTATION_CONTEXT(2) 
PARAMETRIC_REPRESENTATION_CONTEXT() REPRESENTATION_CONTEXT('2D SPACE',''
  ) );
#101 = ORIENTED_EDGE('',*,*,#102,.T.);
#102 = EDGE_CURVE('',#75,#103,#105,.T.);
#103 = VERTEX_POINT('',#104);
#104 = CARTESIAN_POINT('',(62.480551999035,-55.81995737337,9.25));
#105 = SURFACE_CURVE('',#106,(#110,#117),.PCURVE_S1.);
#106 = LINE('',#107,#108);
#107 = CARTESIAN_POINT('',(62.412784687355,-54.92251233802,9.25));
#108 = VECTOR('',#109,1.);
#109 = DIRECTION('',(7.529701297771E-02,-0.997161150385,-0.));
#110 = PCURVE('',#50,#111);
#111 = DEFINITIONAL_REPRESENTATION('',(#112),#116);
#112 = LINE('',#113,#114);
#113 = CARTESIAN_POINT('',(0.5,-59.94972498371));
#114 = VECTOR('',#115,1.);
#115 = DIRECTION('',(-1.,0.));
#116 = ( GEOMETRIC_REPRESENTATION_CONTEXT(2) 
PARAMETRIC_REPRESENTATION_CONTEXT() REPRESENTATION_CONTEXT('2D SPACE',''
  ) );
#117 = PCURVE('',#118,#123);
#118 = PLANE('',#119);
#119 = AXIS2_PLACEMENT_3D('',#120,#121,#122);
#120 = CARTESIAN_POINT('',(62.375136180867,-54.42393176283,8.25));
#121 = DIRECTION('',(0.997161150385,7.529701297771E-02,-0.));
#122 = DIRECTION('',(0.,0.,-1.));
#123 = DEFINITIONAL_REPRESENTATION('',(#124),#128);
#124 = LINE('',#125,#126);
#125 = CARTESIAN_POINT('',(-1.,-0.5));
#126 = VECTOR('',#127,1.);
#127 = DIRECTION('',(-0.,-1.));
#128 = ( GEOMETRIC_REPRESENTATION_CONTEXT(2) 
PARAMETRIC_REPRESENTATION_CONTEXT() REPRESENTATION_CONTEXT('2D SPACE',''
  ) );
#129 = ORIENTED_EDGE('',*,*,#130,.F.);
#130 = EDGE_CURVE('',#42,#103,#131,.T.);
#131 = SURFACE_CURVE('',#132,(#136,#143),.PCURVE_S1.);
#132 = LINE('',#133,#134);
#133 = CARTESIAN_POINT('',(2.701015269028,-60.33399259348,9.25));
#134 = VECTOR('',#135,1.);
#135 = DIRECTION('',(0.997161150385,7.529701297771E-02,-0.));
#136 = PCURVE('',#50,#137);
#137 = DEFINITIONAL_REPRESENTATION('',(#138),#142);
#138 = LINE('',#139,#140);
#139 = CARTESIAN_POINT('',(-0.4,4.544975507059E-16));
#140 = VECTOR('',#141,1.);
#141 = DIRECTION('',(-0.,-1.));
#142 = ( GEOMETRIC_REPRESENTATION_CONTEXT(2) 
PARAMETRIC_REPRESENTATION_CONTEXT() REPRESENTATION_CONTEXT('2D SPACE',''
  ) );
#143 = PCURVE('',#144,#149);
#144 = PLANE('',#145);
#145 = AXIS2_PLACEMENT_3D('',#146,#147,#148);
#146 = CARTESIAN_POINT('',(2.701015269028,-60.33399259348,9.25));
#147 = DIRECTION('',(-4.131219119494E-02,0.547098888359,0.836047910837)
  );
#148 = DIRECTION('',(-6.295191039229E-02,0.833674496547,-0.548656441487)
  );
#149 = DEFINITIONAL_REPRESENTATION('',(#150),#154);
#150 = LINE('',#151,#152);
#151 = CARTESIAN_POINT('',(-0.,-0.));
#152 = VECTOR('',#153,1.);
#153 = DIRECTION('',(-0.,-1.));
#154 = ( GEOMETRIC_REPRESENTATION_CONTEXT(2) 
PARAMETRIC_REPRESENTATION_CONTEXT() REPRESENTATION_CONTEXT('2D SPACE',''
  ) );
#155 = ADVANCED_FACE('',(#156,#866,#980),#90,.F.);
#156 = FACE_BOUND('',#157,.T.);
#157 = EDGE_LOOP('',(#158,#181,#209,#237,#265,#293,#321,#344,#372,#400,
    #428,#456,#484,#512,#540,#573,#601,#629,#657,#685,#713,#737,#765,
    #793,#816,#844,#865));
#158 = ORIENTED_EDGE('',*,*,#159,.F.);
#159 = EDGE_CURVE('',#160,#40,#162,.T.);
#160 = VERTEX_POINT('',#161);
#161 = CARTESIAN_POINT('',(7.357553870645,-59.58123217233,13.15));
#162 = SURFACE_CURVE('',#163,(#167,#174),.PCURVE_S1.);
#163 = LINE('',#164,#165);
#164 = CARTESIAN_POINT('',(7.357553870645,-59.58123217233,11.75));
#165 = VECTOR('',#166,1.);
#166 = DIRECTION('',(-0.,-0.,-1.));
#167 = PCURVE('',#90,#168);
#168 = DEFINITIONAL_REPRESENTATION('',(#169),#173);
#169 = LINE('',#170,#171);
#170 = CARTESIAN_POINT('',(-3.5,-4.7));
#171 = VECTOR('',#172,1.);
#172 = DIRECTION('',(-1.,0.));
#173 = ( GEOMETRIC_REPRESENTATION_CONTEXT(2) 
PARAMETRIC_REPRESENTATION_CONTEXT() REPRESENTATION_CONTEXT('2D SPACE',''
  ) );
#174 = PCURVE('',#62,#175);
#175 = DEFINITIONAL_REPRESENTATION('',(#176),#180);
#176 = LINE('',#177,#178);
#177 = CARTESIAN_POINT('',(-3.5,-1.));
#178 = VECTOR('',#179,1.);
#179 = DIRECTION('',(1.,-0.));
#180 = ( GEOMETRIC_REPRESENTATION_CONTEXT(2) 
PARAMETRIC_REPRESENTATION_CONTEXT() REPRESENTATION_CONTEXT('2D SPACE',''
  ) );
#181 = ORIENTED_EDGE('',*,*,#182,.F.);
#182 = EDGE_CURVE('',#183,#160,#185,.T.);
#183 = VERTEX_POINT('',#184);
#184 = CARTESIAN_POINT('',(3.731694613734,-59.85502580279,13.15));
#185 = SURFACE_CURVE('',#186,(#190,#197),.PCURVE_S1.);
#186 = LINE('',#187,#188);
#187 = CARTESIAN_POINT('',(2.670896463837,-59.93512813332,13.15));
#188 = VECTOR('',#189,1.);
#189 = DIRECTION('',(0.997161150385,7.529701297771E-02,-0.));
#190 = PCURVE('',#90,#191);
#191 = DEFINITIONAL_REPRESENTATION('',(#192),#196);
#192 = LINE('',#193,#194);
#193 = CARTESIAN_POINT('',(-2.1,0.));
#194 = VECTOR('',#195,1.);
#195 = DIRECTION('',(-0.,-1.));
#196 = ( GEOMETRIC_REPRESENTATION_CONTEXT(2) 
PARAMETRIC_REPRESENTATION_CONTEXT() REPRESENTATION_CONTEXT('2D SPACE',''
  ) );
#197 = PCURVE('',#198,#203);
#198 = PLANE('',#199);
#199 = AXIS2_PLACEMENT_3D('',#200,#201,#202);
#200 = CARTESIAN_POINT('',(2.670896463837,-59.93512813332,13.15));
#201 = DIRECTION('',(-0.,-0.,1.));
#202 = DIRECTION('',(-7.529701297771E-02,0.997161150385,0.));
#203 = DEFINITIONAL_REPRESENTATION('',(#204),#208);
#204 = LINE('',#205,#206);
#205 = CARTESIAN_POINT('',(-0.,-0.));
#206 = VECTOR('',#207,1.);
#207 = DIRECTION('',(-0.,-1.));
#208 = ( GEOMETRIC_REPRESENTATION_CONTEXT(2) 
PARAMETRIC_REPRESENTATION_CONTEXT() REPRESENTATION_CONTEXT('2D SPACE',''
  ) );
#209 = ORIENTED_EDGE('',*,*,#210,.T.);
#210 = EDGE_CURVE('',#183,#211,#213,.T.);
#211 = VERTEX_POINT('',#212);
#212 = CARTESIAN_POINT('',(3.731694613734,-59.85502580279,21.6));
#213 = SURFACE_CURVE('',#214,(#218,#225),.PCURVE_S1.);
#214 = LINE('',#215,#216);
#215 = CARTESIAN_POINT('',(3.731694613734,-59.85502580279,8.25));
#216 = VECTOR('',#217,1.);
#217 = DIRECTION('',(-0.,-0.,1.));
#218 = PCURVE('',#90,#219);
#219 = DEFINITIONAL_REPRESENTATION('',(#220),#224);
#220 = LINE('',#221,#222);
#221 = CARTESIAN_POINT('',(-7.,-1.063818169699));
#222 = VECTOR('',#223,1.);
#223 = DIRECTION('',(1.,-0.));
#224 = ( GEOMETRIC_REPRESENTATION_CONTEXT(2) 
PARAMETRIC_REPRESENTATION_CONTEXT() REPRESENTATION_CONTEXT('2D SPACE',''
  ) );
#225 = PCURVE('',#226,#231);
#226 = CYLINDRICAL_SURFACE('',#227,3.25);
#227 = AXIS2_PLACEMENT_3D('',#228,#229,#230);
#228 = CARTESIAN_POINT('',(2.149621930437,-57.01609184358,8.25));
#229 = DIRECTION('',(-0.,-0.,1.));
#230 = DIRECTION('',(0.997161150385,7.529701297771E-02,-0.));
#231 = DEFINITIONAL_REPRESENTATION('',(#232),#236);
#232 = LINE('',#233,#234);
#233 = CARTESIAN_POINT('',(-1.137751664283,0.));
#234 = VECTOR('',#235,1.);
#235 = DIRECTION('',(-0.,1.));
#236 = ( GEOMETRIC_REPRESENTATION_CONTEXT(2) 
PARAMETRIC_REPRESENTATION_CONTEXT() REPRESENTATION_CONTEXT('2D SPACE',''
  ) );
#237 = ORIENTED_EDGE('',*,*,#238,.T.);
#238 = EDGE_CURVE('',#211,#239,#241,.T.);
#239 = VERTEX_POINT('',#240);
#240 = CARTESIAN_POINT('',(6.21049478043,-59.66784818536,21.6));
#241 = SURFACE_CURVE('',#242,(#246,#253),.PCURVE_S1.);
#242 = LINE('',#243,#244);
#243 = CARTESIAN_POINT('',(2.521322291279,-59.94642268527,21.6));
#244 = VECTOR('',#245,1.);
#245 = DIRECTION('',(0.997161150385,7.529701297771E-02,-0.));
#246 = PCURVE('',#90,#247);
#247 = DEFINITIONAL_REPRESENTATION('',(#248),#252);
#248 = LINE('',#249,#250);
#249 = CARTESIAN_POINT('',(6.35,0.15));
#250 = VECTOR('',#251,1.);
#251 = DIRECTION('',(-0.,-1.));
#252 = ( GEOMETRIC_REPRESENTATION_CONTEXT(2) 
PARAMETRIC_REPRESENTATION_CONTEXT() REPRESENTATION_CONTEXT('2D SPACE',''
  ) );
#253 = PCURVE('',#254,#259);
#254 = PLANE('',#255);
#255 = AXIS2_PLACEMENT_3D('',#256,#257,#258);
#256 = CARTESIAN_POINT('',(2.371748118722,-59.95771723722,21.6));
#257 = DIRECTION('',(-0.,-0.,1.));
#258 = DIRECTION('',(-7.529701297771E-02,0.997161150385,0.));
#259 = DEFINITIONAL_REPRESENTATION('',(#260),#264);
#260 = LINE('',#261,#262);
#261 = CARTESIAN_POINT('',(-1.564720575331E-15,-0.15));
#262 = VECTOR('',#263,1.);
#263 = DIRECTION('',(-0.,-1.));
#264 = ( GEOMETRIC_REPRESENTATION_CONTEXT(2) 
PARAMETRIC_REPRESENTATION_CONTEXT() REPRESENTATION_CONTEXT('2D SPACE',''
  ) );
#265 = ORIENTED_EDGE('',*,*,#266,.F.);
#266 = EDGE_CURVE('',#267,#239,#269,.T.);
#267 = VERTEX_POINT('',#268);
#268 = CARTESIAN_POINT('',(6.21049478043,-59.66784818536,27.55));
#269 = SURFACE_CURVE('',#270,(#274,#281),.PCURVE_S1.);
#270 = LINE('',#271,#272);
#271 = CARTESIAN_POINT('',(6.21049478043,-59.66784818536,21.6));
#272 = VECTOR('',#273,1.);
#273 = DIRECTION('',(-0.,-0.,-1.));
#274 = PCURVE('',#90,#275);
#275 = DEFINITIONAL_REPRESENTATION('',(#276),#280);
#276 = LINE('',#277,#278);
#277 = CARTESIAN_POINT('',(6.35,-3.549675310984));
#278 = VECTOR('',#279,1.);
#279 = DIRECTION('',(-1.,0.));
#280 = ( GEOMETRIC_REPRESENTATION_CONTEXT(2) 
PARAMETRIC_REPRESENTATION_CONTEXT() REPRESENTATION_CONTEXT('2D SPACE',''
  ) );
#281 = PCURVE('',#282,#287);
#282 = CYLINDRICAL_SURFACE('',#283,4.85);
#283 = AXIS2_PLACEMENT_3D('',#284,#285,#286);
#284 = CARTESIAN_POINT('',(2.149621930437,-57.01609184358,21.6));
#285 = DIRECTION('',(-0.,-0.,-1.));
#286 = DIRECTION('',(0.997161150385,7.529701297771E-02,-0.));
#287 = DEFINITIONAL_REPRESENTATION('',(#288),#292);
#288 = LINE('',#289,#290);
#289 = CARTESIAN_POINT('',(6.937036046802,0.));
#290 = VECTOR('',#291,1.);
#291 = DIRECTION('',(0.,1.));
#292 = ( GEOMETRIC_REPRESENTATION_CONTEXT(2) 
PARAMETRIC_REPRESENTATION_CONTEXT() REPRESENTATION_CONTEXT('2D SPACE',''
  ) );
#293 = ORIENTED_EDGE('',*,*,#294,.F.);
#294 = EDGE_CURVE('',#295,#267,#297,.T.);
#295 = VERTEX_POINT('',#296);
#296 = CARTESIAN_POINT('',(3.731694613734,-59.85502580279,27.55));
#297 = SURFACE_CURVE('',#298,(#302,#309),.PCURVE_S1.);
#298 = LINE('',#299,#300);
#299 = CARTESIAN_POINT('',(2.521322291279,-59.94642268527,27.55));
#300 = VECTOR('',#301,1.);
#301 = DIRECTION('',(0.997161150385,7.529701297771E-02,-0.));
#302 = PCURVE('',#90,#303);
#303 = DEFINITIONAL_REPRESENTATION('',(#304),#308);
#304 = LINE('',#305,#306);
#305 = CARTESIAN_POINT('',(12.3,0.15));
#306 = VECTOR('',#307,1.);
#307 = DIRECTION('',(-0.,-1.));
#308 = ( GEOMETRIC_REPRESENTATION_CONTEXT(2) 
PARAMETRIC_REPRESENTATION_CONTEXT() REPRESENTATION_CONTEXT('2D SPACE',''
  ) );
#309 = PCURVE('',#310,#315);
#310 = PLANE('',#311);
#311 = AXIS2_PLACEMENT_3D('',#312,#313,#314);
#312 = CARTESIAN_POINT('',(2.371748118722,-59.95771723722,27.55));
#313 = DIRECTION('',(-0.,-0.,1.));
#314 = DIRECTION('',(-7.529701297771E-02,0.997161150385,0.));
#315 = DEFINITIONAL_REPRESENTATION('',(#316),#320);
#316 = LINE('',#317,#318);
#317 = CARTESIAN_POINT('',(-1.564720575331E-15,-0.15));
#318 = VECTOR('',#319,1.);
#319 = DIRECTION('',(-0.,-1.));
#320 = ( GEOMETRIC_REPRESENTATION_CONTEXT(2) 
PARAMETRIC_REPRESENTATION_CONTEXT() REPRESENTATION_CONTEXT('2D SPACE',''
  ) );
#321 = ORIENTED_EDGE('',*,*,#322,.T.);
#322 = EDGE_CURVE('',#295,#323,#325,.T.);
#323 = VERTEX_POINT('',#324);
#324 = CARTESIAN_POINT('',(3.731694613734,-59.85502580279,29.85));
#325 = SURFACE_CURVE('',#326,(#330,#337),.PCURVE_S1.);
#326 = LINE('',#327,#328);
#327 = CARTESIAN_POINT('',(3.731694613734,-59.85502580279,8.25));
#328 = VECTOR('',#329,1.);
#329 = DIRECTION('',(-0.,-0.,1.));
#330 = PCURVE('',#90,#331);
#331 = DEFINITIONAL_REPRESENTATION('',(#332),#336);
#332 = LINE('',#333,#334);
#333 = CARTESIAN_POINT('',(-7.,-1.063818169699));
#334 = VECTOR('',#335,1.);
#335 = DIRECTION('',(1.,-0.));
#336 = ( GEOMETRIC_REPRESENTATION_CONTEXT(2) 
PARAMETRIC_REPRESENTATION_CONTEXT() REPRESENTATION_CONTEXT('2D SPACE',''
  ) );
#337 = PCURVE('',#226,#338);
#338 = DEFINITIONAL_REPRESENTATION('',(#339),#343);
#339 = LINE('',#340,#341);
#340 = CARTESIAN_POINT('',(-1.137751664283,0.));
#341 = VECTOR('',#342,1.);
#342 = DIRECTION('',(-0.,1.));
#343 = ( GEOMETRIC_REPRESENTATION_CONTEXT(2) 
PARAMETRIC_REPRESENTATION_CONTEXT() REPRESENTATION_CONTEXT('2D SPACE',''
  ) );
#344 = ORIENTED_EDGE('',*,*,#345,.F.);
#345 = EDGE_CURVE('',#346,#323,#348,.T.);
#346 = VERTEX_POINT('',#347);
#347 = CARTESIAN_POINT('',(7.357553870645,-59.58123217233,29.85));
#348 = SURFACE_CURVE('',#349,(#353,#360),.PCURVE_S1.);
#349 = LINE('',#350,#351);
#350 = CARTESIAN_POINT('',(7.357553870645,-59.58123217233,29.85));
#351 = VECTOR('',#352,1.);
#352 = DIRECTION('',(-0.997161150385,-7.529701297771E-02,-0.));
#353 = PCURVE('',#90,#354);
#354 = DEFINITIONAL_REPRESENTATION('',(#355),#359);
#355 = LINE('',#356,#357);
#356 = CARTESIAN_POINT('',(14.6,-4.7));
#357 = VECTOR('',#358,1.);
#358 = DIRECTION('',(-0.,1.));
#359 = ( GEOMETRIC_REPRESENTATION_CONTEXT(2) 
PARAMETRIC_REPRESENTATION_CONTEXT() REPRESENTATION_CONTEXT('2D SPACE',''
  ) );
#360 = PCURVE('',#361,#366);
#361 = PLANE('',#362);
#362 = AXIS2_PLACEMENT_3D('',#363,#364,#365);
#363 = CARTESIAN_POINT('',(2.670896463837,-59.93512813332,29.85));
#364 = DIRECTION('',(-0.,-0.,1.));
#365 = DIRECTION('',(-7.529701297771E-02,0.997161150385,0.));
#366 = DEFINITIONAL_REPRESENTATION('',(#367),#371);
#367 = LINE('',#368,#369);
#368 = CARTESIAN_POINT('',(1.110223024625E-16,-4.7));
#369 = VECTOR('',#370,1.);
#370 = DIRECTION('',(-0.,1.));
#371 = ( GEOMETRIC_REPRESENTATION_CONTEXT(2) 
PARAMETRIC_REPRESENTATION_CONTEXT() REPRESENTATION_CONTEXT('2D SPACE',''
  ) );
#372 = ORIENTED_EDGE('',*,*,#373,.F.);
#373 = EDGE_CURVE('',#374,#346,#376,.T.);
#374 = VERTEX_POINT('',#375);
#375 = CARTESIAN_POINT('',(7.357553870645,-59.58123217233,33.75));
#376 = SURFACE_CURVE('',#377,(#381,#388),.PCURVE_S1.);
#377 = LINE('',#378,#379);
#378 = CARTESIAN_POINT('',(7.357553870645,-59.58123217233,21.));
#379 = VECTOR('',#380,1.);
#380 = DIRECTION('',(-0.,-0.,-1.));
#381 = PCURVE('',#90,#382);
#382 = DEFINITIONAL_REPRESENTATION('',(#383),#387);
#383 = LINE('',#384,#385);
#384 = CARTESIAN_POINT('',(5.75,-4.7));
#385 = VECTOR('',#386,1.);
#386 = DIRECTION('',(-1.,0.));
#387 = ( GEOMETRIC_REPRESENTATION_CONTEXT(2) 
PARAMETRIC_REPRESENTATION_CONTEXT() REPRESENTATION_CONTEXT('2D SPACE',''
  ) );
#388 = PCURVE('',#389,#394);
#389 = PLANE('',#390);
#390 = AXIS2_PLACEMENT_3D('',#391,#392,#393);
#391 = CARTESIAN_POINT('',(7.282256857668,-58.58407102194,8.25));
#392 = DIRECTION('',(0.997161150385,7.529701297771E-02,-0.));
#393 = DIRECTION('',(0.,0.,-1.));
#394 = DEFINITIONAL_REPRESENTATION('',(#395),#399);
#395 = LINE('',#396,#397);
#396 = CARTESIAN_POINT('',(-12.75,-1.));
#397 = VECTOR('',#398,1.);
#398 = DIRECTION('',(1.,-0.));
#399 = ( GEOMETRIC_REPRESENTATION_CONTEXT(2) 
PARAMETRIC_REPRESENTATION_CONTEXT() REPRESENTATION_CONTEXT('2D SPACE',''
  ) );
#400 = ORIENTED_EDGE('',*,*,#401,.T.);
#401 = EDGE_CURVE('',#374,#402,#404,.T.);
#402 = VERTEX_POINT('',#403);
#403 = CARTESIAN_POINT('',(62.450433193844,-55.42109291321,33.75));
#404 = SURFACE_CURVE('',#405,(#409,#416),.PCURVE_S1.);
#405 = LINE('',#406,#407);
#406 = CARTESIAN_POINT('',(2.670896463837,-59.93512813332,33.75));
#407 = VECTOR('',#408,1.);
#408 = DIRECTION('',(0.997161150385,7.529701297771E-02,-0.));
#409 = PCURVE('',#90,#410);
#410 = DEFINITIONAL_REPRESENTATION('',(#411),#415);
#411 = LINE('',#412,#413);
#412 = CARTESIAN_POINT('',(18.5,-0.));
#413 = VECTOR('',#414,1.);
#414 = DIRECTION('',(-0.,-1.));
#415 = ( GEOMETRIC_REPRESENTATION_CONTEXT(2) 
PARAMETRIC_REPRESENTATION_CONTEXT() REPRESENTATION_CONTEXT('2D SPACE',''
  ) );
#416 = PCURVE('',#417,#422);
#417 = PLANE('',#418);
#418 = AXIS2_PLACEMENT_3D('',#419,#420,#421);
#419 = CARTESIAN_POINT('',(2.701015269028,-60.33399259348,33.75));
#420 = DIRECTION('',(0.,-0.,-1.));
#421 = DIRECTION('',(7.529701297771E-02,-0.997161150385,0.));
#422 = DEFINITIONAL_REPRESENTATION('',(#423),#427);
#423 = LINE('',#424,#425);
#424 = CARTESIAN_POINT('',(-0.4,-4.544975507059E-16));
#425 = VECTOR('',#426,1.);
#426 = DIRECTION('',(-0.,-1.));
#427 = ( GEOMETRIC_REPRESENTATION_CONTEXT(2) 
PARAMETRIC_REPRESENTATION_CONTEXT() REPRESENTATION_CONTEXT('2D SPACE',''
  ) );
#428 = ORIENTED_EDGE('',*,*,#429,.T.);
#429 = EDGE_CURVE('',#402,#430,#432,.T.);
#430 = VERTEX_POINT('',#431);
#431 = CARTESIAN_POINT('',(62.450433193844,-55.42109291321,29.85));
#432 = SURFACE_CURVE('',#433,(#437,#444),.PCURVE_S1.);
#433 = LINE('',#434,#435);
#434 = CARTESIAN_POINT('',(62.450433193844,-55.42109291321,21.));
#435 = VECTOR('',#436,1.);
#436 = DIRECTION('',(-0.,-0.,-1.));
#437 = PCURVE('',#90,#438);
#438 = DEFINITIONAL_REPRESENTATION('',(#439),#443);
#439 = LINE('',#440,#441);
#440 = CARTESIAN_POINT('',(5.75,-59.94972498371));
#441 = VECTOR('',#442,1.);
#442 = DIRECTION('',(-1.,0.));
#443 = ( GEOMETRIC_REPRESENTATION_CONTEXT(2) 
PARAMETRIC_REPRESENTATION_CONTEXT() REPRESENTATION_CONTEXT('2D SPACE',''
  ) );
#444 = PCURVE('',#445,#450);
#445 = PLANE('',#446);
#446 = AXIS2_PLACEMENT_3D('',#447,#448,#449);
#447 = CARTESIAN_POINT('',(62.375136180867,-54.42393176283,8.25));
#448 = DIRECTION('',(0.997161150385,7.529701297771E-02,-0.));
#449 = DIRECTION('',(0.,0.,-1.));
#450 = DEFINITIONAL_REPRESENTATION('',(#451),#455);
#451 = LINE('',#452,#453);
#452 = CARTESIAN_POINT('',(-12.75,-1.));
#453 = VECTOR('',#454,1.);
#454 = DIRECTION('',(1.,-0.));
#455 = ( GEOMETRIC_REPRESENTATION_CONTEXT(2) 
PARAMETRIC_REPRESENTATION_CONTEXT() REPRESENTATION_CONTEXT('2D SPACE',''
  ) );
#456 = ORIENTED_EDGE('',*,*,#457,.T.);
#457 = EDGE_CURVE('',#430,#458,#460,.T.);
#458 = VERTEX_POINT('',#459);
#459 = CARTESIAN_POINT('',(66.076292450756,-55.14729928275,29.85));
#460 = SURFACE_CURVE('',#461,(#465,#472),.PCURVE_S1.);
#461 = LINE('',#462,#463);
#462 = CARTESIAN_POINT('',(58.262356362228,-55.73734036772,29.85));
#463 = VECTOR('',#464,1.);
#464 = DIRECTION('',(0.997161150385,7.529701297771E-02,-0.));
#465 = PCURVE('',#90,#466);
#466 = DEFINITIONAL_REPRESENTATION('',(#467),#471);
#467 = LINE('',#468,#469);
#468 = CARTESIAN_POINT('',(14.6,-55.74972498371));
#469 = VECTOR('',#470,1.);
#470 = DIRECTION('',(-0.,-1.));
#471 = ( GEOMETRIC_REPRESENTATION_CONTEXT(2) 
PARAMETRIC_REPRESENTATION_CONTEXT() REPRESENTATION_CONTEXT('2D SPACE',''
  ) );
#472 = PCURVE('',#473,#478);
#473 = PLANE('',#474);
#474 = AXIS2_PLACEMENT_3D('',#475,#476,#477);
#475 = CARTESIAN_POINT('',(58.262356362228,-55.73734036772,29.85));
#476 = DIRECTION('',(-0.,-0.,1.));
#477 = DIRECTION('',(-7.529701297771E-02,0.997161150385,0.));
#478 = DEFINITIONAL_REPRESENTATION('',(#479),#483);
#479 = LINE('',#480,#481);
#480 = CARTESIAN_POINT('',(-0.,-0.));
#481 = VECTOR('',#482,1.);
#482 = DIRECTION('',(-0.,-1.));
#483 = ( GEOMETRIC_REPRESENTATION_CONTEXT(2) 
PARAMETRIC_REPRESENTATION_CONTEXT() REPRESENTATION_CONTEXT('2D SPACE',''
  ) );
#484 = ORIENTED_EDGE('',*,*,#485,.F.);
#485 = EDGE_CURVE('',#486,#458,#488,.T.);
#486 = VERTEX_POINT('',#487);
#487 = CARTESIAN_POINT('',(66.076292450756,-55.14729928275,21.));
#488 = SURFACE_CURVE('',#489,(#493,#500),.PCURVE_S1.);
#489 = LINE('',#490,#491);
#490 = CARTESIAN_POINT('',(66.076292450756,-55.14729928275,8.25));
#491 = VECTOR('',#492,1.);
#492 = DIRECTION('',(-0.,-0.,1.));
#493 = PCURVE('',#90,#494);
#494 = DEFINITIONAL_REPRESENTATION('',(#495),#499);
#495 = LINE('',#496,#497);
#496 = CARTESIAN_POINT('',(-7.,-63.58590681401));
#497 = VECTOR('',#498,1.);
#498 = DIRECTION('',(1.,-0.));
#499 = ( GEOMETRIC_REPRESENTATION_CONTEXT(2) 
PARAMETRIC_REPRESENTATION_CONTEXT() REPRESENTATION_CONTEXT('2D SPACE',''
  ) );
#500 = PCURVE('',#501,#506);
#501 = CYLINDRICAL_SURFACE('',#502,3.25);
#502 = AXIS2_PLACEMENT_3D('',#503,#504,#505);
#503 = CARTESIAN_POINT('',(67.214112757484,-52.10298245469,8.25));
#504 = DIRECTION('',(-0.,-0.,1.));
#505 = DIRECTION('',(0.997161150385,7.529701297771E-02,-0.));
#506 = DEFINITIONAL_REPRESENTATION('',(#507),#511);
#507 = LINE('',#508,#509);
#508 = CARTESIAN_POINT('',(-2.003840989306,0.));
#509 = VECTOR('',#510,1.);
#510 = DIRECTION('',(-0.,1.));
#511 = ( GEOMETRIC_REPRESENTATION_CONTEXT(2) 
PARAMETRIC_REPRESENTATION_CONTEXT() REPRESENTATION_CONTEXT('2D SPACE',''
  ) );
#512 = ORIENTED_EDGE('',*,*,#513,.F.);
#513 = EDGE_CURVE('',#514,#486,#516,.T.);
#514 = VERTEX_POINT('',#515);
#515 = CARTESIAN_POINT('',(65.112527399821,-55.22007451022,21.));
#516 = SURFACE_CURVE('',#517,(#521,#528),.PCURVE_S1.);
#517 = LINE('',#518,#519);
#518 = CARTESIAN_POINT('',(35.053567704803,-57.48986799082,21.));
#519 = VECTOR('',#520,1.);
#520 = DIRECTION('',(0.997161150385,7.529701297771E-02,-0.));
#521 = PCURVE('',#90,#522);
#522 = DEFINITIONAL_REPRESENTATION('',(#523),#527);
#523 = LINE('',#524,#525);
#524 = CARTESIAN_POINT('',(5.75,-32.47486249185));
#525 = VECTOR('',#526,1.);
#526 = DIRECTION('',(-0.,-1.));
#527 = ( GEOMETRIC_REPRESENTATION_CONTEXT(2) 
PARAMETRIC_REPRESENTATION_CONTEXT() REPRESENTATION_CONTEXT('2D SPACE',''
  ) );
#528 = PCURVE('',#529,#534);
#529 = PLANE('',#530);
#530 = AXIS2_PLACEMENT_3D('',#531,#532,#533);
#531 = CARTESIAN_POINT('',(67.214112757484,-52.10298245469,21.));
#532 = DIRECTION('',(0.,0.,1.));
#533 = DIRECTION('',(-0.997161150385,-7.529701297771E-02,0.));
#534 = DEFINITIONAL_REPRESENTATION('',(#535),#539);
#535 = LINE('',#536,#537);
#536 = CARTESIAN_POINT('',(32.474862491856,2.95));
#537 = VECTOR('',#538,1.);
#538 = DIRECTION('',(-1.,0.));
#539 = ( GEOMETRIC_REPRESENTATION_CONTEXT(2) 
PARAMETRIC_REPRESENTATION_CONTEXT() REPRESENTATION_CONTEXT('2D SPACE',''
  ) );
#540 = ORIENTED_EDGE('',*,*,#541,.F.);
#541 = EDGE_CURVE('',#542,#514,#544,.T.);
#542 = VERTEX_POINT('',#543);
#543 = CARTESIAN_POINT('',(58.262356362228,-55.73734036772,
    24.494738691965));
#544 = SURFACE_CURVE('',#545,(#550,#561),.PCURVE_S1.);
#545 = CIRCLE('',#546,4.1);
#546 = AXIS2_PLACEMENT_3D('',#547,#548,#549);
#547 = CARTESIAN_POINT('',(61.054681818864,-55.52648802348,21.5));
#548 = DIRECTION('',(-7.529701297771E-02,0.997161150385,
    1.457167719821E-16));
#549 = DIRECTION('',(-0.681054989423,-5.142740103479E-02,0.730424071211)
  );
#550 = PCURVE('',#90,#551);
#551 = DEFINITIONAL_REPRESENTATION('',(#552),#560);
#552 = ( BOUNDED_CURVE() B_SPLINE_CURVE(2,(#553,#554,#555,#556,#557,#558
,#559),.UNSPECIFIED.,.T.,.F.) B_SPLINE_CURVE_WITH_KNOTS((1,2,2,2,2,1),(
    -2.094395102393,0.,2.094395102393,4.188790204786,6.28318530718,
8.377580409573),.UNSPECIFIED.) CURVE() GEOMETRIC_REPRESENTATION_ITEM() 
RATIONAL_B_SPLINE_CURVE((1.,0.5,1.,0.5,1.,0.5,1.)) REPRESENTATION_ITEM(
  '') );
#553 = CARTESIAN_POINT('',(9.244738691965,-55.74972498371));
#554 = CARTESIAN_POINT('',(14.094957295342,-60.93676455358));
#555 = CARTESIAN_POINT('',(7.177739955706,-62.54365729308));
#556 = CARTESIAN_POINT('',(0.26052261607,-64.15055003257));
#557 = CARTESIAN_POINT('',(2.327521352329,-57.3566177232));
#558 = CARTESIAN_POINT('',(4.394520088588,-50.56268541383));
#559 = CARTESIAN_POINT('',(9.244738691965,-55.74972498371));
#560 = ( GEOMETRIC_REPRESENTATION_CONTEXT(2) 
PARAMETRIC_REPRESENTATION_CONTEXT() REPRESENTATION_CONTEXT('2D SPACE',''
  ) );
#561 = PCURVE('',#562,#567);
#562 = CYLINDRICAL_SURFACE('',#563,4.1);
#563 = AXIS2_PLACEMENT_3D('',#564,#565,#566);
#564 = CARTESIAN_POINT('',(60.753493766953,-51.53784342194,21.5));
#565 = DIRECTION('',(-7.529701297771E-02,0.997161150385,-0.));
#566 = DIRECTION('',(0.997161150385,7.529701297771E-02,-0.));
#567 = DEFINITIONAL_REPRESENTATION('',(#568),#572);
#568 = LINE('',#569,#570);
#569 = CARTESIAN_POINT('',(-8.605835315675,-4.));
#570 = VECTOR('',#571,1.);
#571 = DIRECTION('',(1.,-0.));
#572 = ( GEOMETRIC_REPRESENTATION_CONTEXT(2) 
PARAMETRIC_REPRESENTATION_CONTEXT() REPRESENTATION_CONTEXT('2D SPACE',''
  ) );
#573 = ORIENTED_EDGE('',*,*,#574,.T.);
#574 = EDGE_CURVE('',#542,#575,#577,.T.);
#575 = VERTEX_POINT('',#576);
#576 = CARTESIAN_POINT('',(58.262356362228,-55.73734036772,27.75));
#577 = SURFACE_CURVE('',#578,(#582,#589),.PCURVE_S1.);
#578 = LINE('',#579,#580);
#579 = CARTESIAN_POINT('',(58.262356362228,-55.73734036772,21.5));
#580 = VECTOR('',#581,1.);
#581 = DIRECTION('',(0.,-0.,1.));
#582 = PCURVE('',#90,#583);
#583 = DEFINITIONAL_REPRESENTATION('',(#584),#588);
#584 = LINE('',#585,#586);
#585 = CARTESIAN_POINT('',(6.25,-55.74972498371));
#586 = VECTOR('',#587,1.);
#587 = DIRECTION('',(1.,-0.));
#588 = ( GEOMETRIC_REPRESENTATION_CONTEXT(2) 
PARAMETRIC_REPRESENTATION_CONTEXT() REPRESENTATION_CONTEXT('2D SPACE',''
  ) );
#589 = PCURVE('',#590,#595);
#590 = PLANE('',#591);
#591 = AXIS2_PLACEMENT_3D('',#592,#593,#594);
#592 = CARTESIAN_POINT('',(58.397890985588,-57.53223043841,21.5));
#593 = DIRECTION('',(0.997161150385,7.529701297771E-02,0.));
#594 = DIRECTION('',(-7.529701297771E-02,0.997161150385,0.));
#595 = DEFINITIONAL_REPRESENTATION('',(#596),#600);
#596 = LINE('',#597,#598);
#597 = CARTESIAN_POINT('',(1.8,-0.));
#598 = VECTOR('',#599,1.);
#599 = DIRECTION('',(-0.,1.));
#600 = ( GEOMETRIC_REPRESENTATION_CONTEXT(2) 
PARAMETRIC_REPRESENTATION_CONTEXT() REPRESENTATION_CONTEXT('2D SPACE',''
  ) );
#601 = ORIENTED_EDGE('',*,*,#602,.F.);
#602 = EDGE_CURVE('',#603,#575,#605,.T.);
#603 = VERTEX_POINT('',#604);
#604 = CARTESIAN_POINT('',(37.676238648094,-57.29182649274,27.75));
#605 = SURFACE_CURVE('',#606,(#610,#617),.PCURVE_S1.);
#606 = LINE('',#607,#608);
#607 = CARTESIAN_POINT('',(2.670896463837,-59.93512813332,27.75));
#608 = VECTOR('',#609,1.);
#609 = DIRECTION('',(0.997161150385,7.529701297771E-02,-0.));
#610 = PCURVE('',#90,#611);
#611 = DEFINITIONAL_REPRESENTATION('',(#612),#616);
#612 = LINE('',#613,#614);
#613 = CARTESIAN_POINT('',(12.5,-0.));
#614 = VECTOR('',#615,1.);
#615 = DIRECTION('',(-0.,-1.));
#616 = ( GEOMETRIC_REPRESENTATION_CONTEXT(2) 
PARAMETRIC_REPRESENTATION_CONTEXT() REPRESENTATION_CONTEXT('2D SPACE',''
  ) );
#617 = PCURVE('',#618,#623);
#618 = PLANE('',#619);
#619 = AXIS2_PLACEMENT_3D('',#620,#621,#622);
#620 = CARTESIAN_POINT('',(2.670896463837,-59.93512813332,27.75));
#621 = DIRECTION('',(-0.,-0.,1.));
#622 = DIRECTION('',(-7.529701297771E-02,0.997161150385,0.));
#623 = DEFINITIONAL_REPRESENTATION('',(#624),#628);
#624 = LINE('',#625,#626);
#625 = CARTESIAN_POINT('',(-0.,-0.));
#626 = VECTOR('',#627,1.);
#627 = DIRECTION('',(-0.,-1.));
#628 = ( GEOMETRIC_REPRESENTATION_CONTEXT(2) 
PARAMETRIC_REPRESENTATION_CONTEXT() REPRESENTATION_CONTEXT('2D SPACE',''
  ) );
#629 = ORIENTED_EDGE('',*,*,#630,.F.);
#630 = EDGE_CURVE('',#631,#603,#633,.T.);
#631 = VERTEX_POINT('',#632);
#632 = CARTESIAN_POINT('',(37.676238648094,-57.29182649274,15.25));
#633 = SURFACE_CURVE('',#634,(#638,#645),.PCURVE_S1.);
#634 = LINE('',#635,#636);
#635 = CARTESIAN_POINT('',(37.676238648094,-57.29182649274,21.5));
#636 = VECTOR('',#637,1.);
#637 = DIRECTION('',(0.,-0.,1.));
#638 = PCURVE('',#90,#639);
#639 = DEFINITIONAL_REPRESENTATION('',(#640),#644);
#640 = LINE('',#641,#642);
#641 = CARTESIAN_POINT('',(6.25,-35.105));
#642 = VECTOR('',#643,1.);
#643 = DIRECTION('',(1.,-0.));
#644 = ( GEOMETRIC_REPRESENTATION_CONTEXT(2) 
PARAMETRIC_REPRESENTATION_CONTEXT() REPRESENTATION_CONTEXT('2D SPACE',''
  ) );
#645 = PCURVE('',#646,#651);
#646 = PLANE('',#647);
#647 = AXIS2_PLACEMENT_3D('',#648,#649,#650);
#648 = CARTESIAN_POINT('',(37.811773271454,-59.08671656343,21.5));
#649 = DIRECTION('',(0.997161150385,7.529701297771E-02,0.));
#650 = DIRECTION('',(-7.529701297771E-02,0.997161150385,0.));
#651 = DEFINITIONAL_REPRESENTATION('',(#652),#656);
#652 = LINE('',#653,#654);
#653 = CARTESIAN_POINT('',(1.8,-0.));
#654 = VECTOR('',#655,1.);
#655 = DIRECTION('',(-0.,1.));
#656 = ( GEOMETRIC_REPRESENTATION_CONTEXT(2) 
PARAMETRIC_REPRESENTATION_CONTEXT() REPRESENTATION_CONTEXT('2D SPACE',''
  ) );
#657 = ORIENTED_EDGE('',*,*,#658,.T.);
#658 = EDGE_CURVE('',#631,#659,#661,.T.);
#659 = VERTEX_POINT('',#660);
#660 = CARTESIAN_POINT('',(58.262356362228,-55.73734036772,15.25));
#661 = SURFACE_CURVE('',#662,(#666,#673),.PCURVE_S1.);
#662 = LINE('',#663,#664);
#663 = CARTESIAN_POINT('',(2.670896463837,-59.93512813332,15.25));
#664 = VECTOR('',#665,1.);
#665 = DIRECTION('',(0.997161150385,7.529701297771E-02,-0.));
#666 = PCURVE('',#90,#667);
#667 = DEFINITIONAL_REPRESENTATION('',(#668),#672);
#668 = LINE('',#669,#670);
#669 = CARTESIAN_POINT('',(-0.,-0.));
#670 = VECTOR('',#671,1.);
#671 = DIRECTION('',(-0.,-1.));
#672 = ( GEOMETRIC_REPRESENTATION_CONTEXT(2) 
PARAMETRIC_REPRESENTATION_CONTEXT() REPRESENTATION_CONTEXT('2D SPACE',''
  ) );
#673 = PCURVE('',#674,#679);
#674 = PLANE('',#675);
#675 = AXIS2_PLACEMENT_3D('',#676,#677,#678);
#676 = CARTESIAN_POINT('',(2.701015269028,-60.33399259348,15.25));
#677 = DIRECTION('',(0.,-0.,-1.));
#678 = DIRECTION('',(7.529701297771E-02,-0.997161150385,0.));
#679 = DEFINITIONAL_REPRESENTATION('',(#680),#684);
#680 = LINE('',#681,#682);
#681 = CARTESIAN_POINT('',(-0.4,-4.544975507059E-16));
#682 = VECTOR('',#683,1.);
#683 = DIRECTION('',(-0.,-1.));
#684 = ( GEOMETRIC_REPRESENTATION_CONTEXT(2) 
PARAMETRIC_REPRESENTATION_CONTEXT() REPRESENTATION_CONTEXT('2D SPACE',''
  ) );
#685 = ORIENTED_EDGE('',*,*,#686,.T.);
#686 = EDGE_CURVE('',#659,#687,#689,.T.);
#687 = VERTEX_POINT('',#688);
#688 = CARTESIAN_POINT('',(58.262356362228,-55.73734036772,
    18.505261308035));
#689 = SURFACE_CURVE('',#690,(#694,#701),.PCURVE_S1.);
#690 = LINE('',#691,#692);
#691 = CARTESIAN_POINT('',(58.262356362228,-55.73734036772,21.5));
#692 = VECTOR('',#693,1.);
#693 = DIRECTION('',(0.,-0.,1.));
#694 = PCURVE('',#90,#695);
#695 = DEFINITIONAL_REPRESENTATION('',(#696),#700);
#696 = LINE('',#697,#698);
#697 = CARTESIAN_POINT('',(6.25,-55.74972498371));
#698 = VECTOR('',#699,1.);
#699 = DIRECTION('',(1.,-0.));
#700 = ( GEOMETRIC_REPRESENTATION_CONTEXT(2) 
PARAMETRIC_REPRESENTATION_CONTEXT() REPRESENTATION_CONTEXT('2D SPACE',''
  ) );
#701 = PCURVE('',#702,#707);
#702 = PLANE('',#703);
#703 = AXIS2_PLACEMENT_3D('',#704,#705,#706);
#704 = CARTESIAN_POINT('',(58.397890985588,-57.53223043841,21.5));
#705 = DIRECTION('',(0.997161150385,7.529701297771E-02,0.));
#706 = DIRECTION('',(-7.529701297771E-02,0.997161150385,0.));
#707 = DEFINITIONAL_REPRESENTATION('',(#708),#712);
#708 = LINE('',#709,#710);
#709 = CARTESIAN_POINT('',(1.8,-0.));
#710 = VECTOR('',#711,1.);
#711 = DIRECTION('',(-0.,1.));
#712 = ( GEOMETRIC_REPRESENTATION_CONTEXT(2) 
PARAMETRIC_REPRESENTATION_CONTEXT() REPRESENTATION_CONTEXT('2D SPACE',''
  ) );
#713 = ORIENTED_EDGE('',*,*,#714,.T.);
#714 = EDGE_CURVE('',#687,#715,#717,.T.);
#715 = VERTEX_POINT('',#716);
#716 = CARTESIAN_POINT('',(63.597492284059,-55.33447690018,
    18.289509902426));
#717 = SURFACE_CURVE('',#718,(#723,#730),.PCURVE_S1.);
#718 = CIRCLE('',#719,4.1);
#719 = AXIS2_PLACEMENT_3D('',#720,#721,#722);
#720 = CARTESIAN_POINT('',(61.054681818864,-55.52648802348,21.5));
#721 = DIRECTION('',(7.529701297771E-02,-0.997161150385,0.));
#722 = DIRECTION('',(0.997161150385,7.529701297771E-02,-0.));
#723 = PCURVE('',#90,#724);
#724 = DEFINITIONAL_REPRESENTATION('',(#725),#729);
#725 = CIRCLE('',#726,4.1);
#726 = AXIS2_PLACEMENT_2D('',#727,#728);
#727 = CARTESIAN_POINT('',(6.25,-58.55));
#728 = DIRECTION('',(-0.,-1.));
#729 = ( GEOMETRIC_REPRESENTATION_CONTEXT(2) 
PARAMETRIC_REPRESENTATION_CONTEXT() REPRESENTATION_CONTEXT('2D SPACE',''
  ) );
#730 = PCURVE('',#562,#731);
#731 = DEFINITIONAL_REPRESENTATION('',(#732),#736);
#732 = LINE('',#733,#734);
#733 = CARTESIAN_POINT('',(-6.28318530718,-4.));
#734 = VECTOR('',#735,1.);
#735 = DIRECTION('',(-1.,0.));
#736 = ( GEOMETRIC_REPRESENTATION_CONTEXT(2) 
PARAMETRIC_REPRESENTATION_CONTEXT() REPRESENTATION_CONTEXT('2D SPACE',''
  ) );
#737 = ORIENTED_EDGE('',*,*,#738,.T.);
#738 = EDGE_CURVE('',#715,#739,#741,.T.);
#739 = VERTEX_POINT('',#740);
#740 = CARTESIAN_POINT('',(63.597492284059,-55.33447690018,15.45));
#741 = SURFACE_CURVE('',#742,(#746,#753),.PCURVE_S1.);
#742 = LINE('',#743,#744);
#743 = CARTESIAN_POINT('',(63.597492284059,-55.33447690018,15.45));
#744 = VECTOR('',#745,1.);
#745 = DIRECTION('',(-0.,-0.,-1.));
#746 = PCURVE('',#90,#747);
#747 = DEFINITIONAL_REPRESENTATION('',(#748),#752);
#748 = LINE('',#749,#750);
#749 = CARTESIAN_POINT('',(0.2,-61.10004967272));
#750 = VECTOR('',#751,1.);
#751 = DIRECTION('',(-1.,0.));
#752 = ( GEOMETRIC_REPRESENTATION_CONTEXT(2) 
PARAMETRIC_REPRESENTATION_CONTEXT() REPRESENTATION_CONTEXT('2D SPACE',''
  ) );
#753 = PCURVE('',#754,#759);
#754 = CYLINDRICAL_SURFACE('',#755,4.85);
#755 = AXIS2_PLACEMENT_3D('',#756,#757,#758);
#756 = CARTESIAN_POINT('',(67.214112757484,-52.10298245469,15.45));
#757 = DIRECTION('',(-0.,-0.,-1.));
#758 = DIRECTION('',(0.997161150385,7.529701297771E-02,-0.));
#759 = DEFINITIONAL_REPRESENTATION('',(#760),#764);
#760 = LINE('',#761,#762);
#761 = CARTESIAN_POINT('',(2.487741913967,0.));
#762 = VECTOR('',#763,1.);
#763 = DIRECTION('',(0.,1.));
#764 = ( GEOMETRIC_REPRESENTATION_CONTEXT(2) 
PARAMETRIC_REPRESENTATION_CONTEXT() REPRESENTATION_CONTEXT('2D SPACE',''
  ) );
#765 = ORIENTED_EDGE('',*,*,#766,.T.);
#766 = EDGE_CURVE('',#739,#767,#769,.T.);
#767 = VERTEX_POINT('',#768);
#768 = CARTESIAN_POINT('',(66.076292450756,-55.14729928275,15.45));
#769 = SURFACE_CURVE('',#770,(#774,#781),.PCURVE_S1.);
#770 = LINE('',#771,#772);
#771 = CARTESIAN_POINT('',(35.053567704803,-57.48986799082,15.45));
#772 = VECTOR('',#773,1.);
#773 = DIRECTION('',(0.997161150385,7.529701297771E-02,-0.));
#774 = PCURVE('',#90,#775);
#775 = DEFINITIONAL_REPRESENTATION('',(#776),#780);
#776 = LINE('',#777,#778);
#777 = CARTESIAN_POINT('',(0.2,-32.47486249185));
#778 = VECTOR('',#779,1.);
#779 = DIRECTION('',(-0.,-1.));
#780 = ( GEOMETRIC_REPRESENTATION_CONTEXT(2) 
PARAMETRIC_REPRESENTATION_CONTEXT() REPRESENTATION_CONTEXT('2D SPACE',''
  ) );
#781 = PCURVE('',#782,#787);
#782 = PLANE('',#783);
#783 = AXIS2_PLACEMENT_3D('',#784,#785,#786);
#784 = CARTESIAN_POINT('',(67.214112757484,-52.10298245469,15.45));
#785 = DIRECTION('',(0.,0.,1.));
#786 = DIRECTION('',(-0.997161150385,-7.529701297771E-02,0.));
#787 = DEFINITIONAL_REPRESENTATION('',(#788),#792);
#788 = LINE('',#789,#790);
#789 = CARTESIAN_POINT('',(32.474862491856,2.95));
#790 = VECTOR('',#791,1.);
#791 = DIRECTION('',(-1.,0.));
#792 = ( GEOMETRIC_REPRESENTATION_CONTEXT(2) 
PARAMETRIC_REPRESENTATION_CONTEXT() REPRESENTATION_CONTEXT('2D SPACE',''
  ) );
#793 = ORIENTED_EDGE('',*,*,#794,.F.);
#794 = EDGE_CURVE('',#795,#767,#797,.T.);
#795 = VERTEX_POINT('',#796);
#796 = CARTESIAN_POINT('',(66.076292450756,-55.14729928275,13.15));
#797 = SURFACE_CURVE('',#798,(#802,#809),.PCURVE_S1.);
#798 = LINE('',#799,#800);
#799 = CARTESIAN_POINT('',(66.076292450756,-55.14729928275,8.25));
#800 = VECTOR('',#801,1.);
#801 = DIRECTION('',(-0.,-0.,1.));
#802 = PCURVE('',#90,#803);
#803 = DEFINITIONAL_REPRESENTATION('',(#804),#808);
#804 = LINE('',#805,#806);
#805 = CARTESIAN_POINT('',(-7.,-63.58590681401));
#806 = VECTOR('',#807,1.);
#807 = DIRECTION('',(1.,-0.));
#808 = ( GEOMETRIC_REPRESENTATION_CONTEXT(2) 
PARAMETRIC_REPRESENTATION_CONTEXT() REPRESENTATION_CONTEXT('2D SPACE',''
  ) );
#809 = PCURVE('',#501,#810);
#810 = DEFINITIONAL_REPRESENTATION('',(#811),#815);
#811 = LINE('',#812,#813);
#812 = CARTESIAN_POINT('',(-2.003840989306,0.));
#813 = VECTOR('',#814,1.);
#814 = DIRECTION('',(-0.,1.));
#815 = ( GEOMETRIC_REPRESENTATION_CONTEXT(2) 
PARAMETRIC_REPRESENTATION_CONTEXT() REPRESENTATION_CONTEXT('2D SPACE',''
  ) );
#816 = ORIENTED_EDGE('',*,*,#817,.F.);
#817 = EDGE_CURVE('',#818,#795,#820,.T.);
#818 = VERTEX_POINT('',#819);
#819 = CARTESIAN_POINT('',(62.450433193844,-55.42109291321,13.15));
#820 = SURFACE_CURVE('',#821,(#825,#832),.PCURVE_S1.);
#821 = LINE('',#822,#823);
#822 = CARTESIAN_POINT('',(58.262356362228,-55.73734036772,13.15));
#823 = VECTOR('',#824,1.);
#824 = DIRECTION('',(0.997161150385,7.529701297771E-02,-0.));
#825 = PCURVE('',#90,#826);
#826 = DEFINITIONAL_REPRESENTATION('',(#827),#831);
#827 = LINE('',#828,#829);
#828 = CARTESIAN_POINT('',(-2.1,-55.74972498371));
#829 = VECTOR('',#830,1.);
#830 = DIRECTION('',(-0.,-1.));
#831 = ( GEOMETRIC_REPRESENTATION_CONTEXT(2) 
PARAMETRIC_REPRESENTATION_CONTEXT() REPRESENTATION_CONTEXT('2D SPACE',''
  ) );
#832 = PCURVE('',#833,#838);
#833 = PLANE('',#834);
#834 = AXIS2_PLACEMENT_3D('',#835,#836,#837);
#835 = CARTESIAN_POINT('',(58.262356362228,-55.73734036772,13.15));
#836 = DIRECTION('',(-0.,-0.,1.));
#837 = DIRECTION('',(-7.529701297771E-02,0.997161150385,0.));
#838 = DEFINITIONAL_REPRESENTATION('',(#839),#843);
#839 = LINE('',#840,#841);
#840 = CARTESIAN_POINT('',(-0.,-0.));
#841 = VECTOR('',#842,1.);
#842 = DIRECTION('',(-0.,-1.));
#843 = ( GEOMETRIC_REPRESENTATION_CONTEXT(2) 
PARAMETRIC_REPRESENTATION_CONTEXT() REPRESENTATION_CONTEXT('2D SPACE',''
  ) );
#844 = ORIENTED_EDGE('',*,*,#845,.T.);
#845 = EDGE_CURVE('',#818,#75,#846,.T.);
#846 = SURFACE_CURVE('',#847,(#851,#858),.PCURVE_S1.);
#847 = LINE('',#848,#849);
#848 = CARTESIAN_POINT('',(62.450433193844,-55.42109291321,11.75));
#849 = VECTOR('',#850,1.);
#850 = DIRECTION('',(-0.,-0.,-1.));
#851 = PCURVE('',#90,#852);
#852 = DEFINITIONAL_REPRESENTATION('',(#853),#857);
#853 = LINE('',#854,#855);
#854 = CARTESIAN_POINT('',(-3.5,-59.94972498371));
#855 = VECTOR('',#856,1.);
#856 = DIRECTION('',(-1.,0.));
#857 = ( GEOMETRIC_REPRESENTATION_CONTEXT(2) 
PARAMETRIC_REPRESENTATION_CONTEXT() REPRESENTATION_CONTEXT('2D SPACE',''
  ) );
#858 = PCURVE('',#118,#859);
#859 = DEFINITIONAL_REPRESENTATION('',(#860),#864);
#860 = LINE('',#861,#862);
#861 = CARTESIAN_POINT('',(-3.5,-1.));
#862 = VECTOR('',#863,1.);
#863 = DIRECTION('',(1.,-0.));
#864 = ( GEOMETRIC_REPRESENTATION_CONTEXT(2) 
PARAMETRIC_REPRESENTATION_CONTEXT() REPRESENTATION_CONTEXT('2D SPACE',''
  ) );
#865 = ORIENTED_EDGE('',*,*,#74,.F.);
#866 = FACE_BOUND('',#867,.T.);
#867 = EDGE_LOOP('',(#868,#898,#926,#954));
#868 = ORIENTED_EDGE('',*,*,#869,.F.);
#869 = EDGE_CURVE('',#870,#872,#874,.T.);
#870 = VERTEX_POINT('',#871);
#871 = CARTESIAN_POINT('',(17.877604007205,-58.78684868541,27.75));
#872 = VERTEX_POINT('',#873);
#873 = CARTESIAN_POINT('',(29.698949445016,-57.89420259656,27.75));
#874 = SURFACE_CURVE('',#875,(#879,#886),.PCURVE_S1.);
#875 = LINE('',#876,#877);
#876 = CARTESIAN_POINT('',(2.670896463837,-59.93512813332,27.75));
#877 = VECTOR('',#878,1.);
#878 = DIRECTION('',(0.997161150385,7.529701297771E-02,-0.));
#879 = PCURVE('',#90,#880);
#880 = DEFINITIONAL_REPRESENTATION('',(#881),#885);
#881 = LINE('',#882,#883);
#882 = CARTESIAN_POINT('',(12.5,-0.));
#883 = VECTOR('',#884,1.);
#884 = DIRECTION('',(-0.,-1.));
#885 = ( GEOMETRIC_REPRESENTATION_CONTEXT(2) 
PARAMETRIC_REPRESENTATION_CONTEXT() REPRESENTATION_CONTEXT('2D SPACE',''
  ) );
#886 = PCURVE('',#887,#892);
#887 = PLANE('',#888);
#888 = AXIS2_PLACEMENT_3D('',#889,#890,#891);
#889 = CARTESIAN_POINT('',(2.670896463837,-59.93512813332,27.75));
#890 = DIRECTION('',(-0.,-0.,1.));
#891 = DIRECTION('',(-7.529701297771E-02,0.997161150385,0.));
#892 = DEFINITIONAL_REPRESENTATION('',(#893),#897);
#893 = LINE('',#894,#895);
#894 = CARTESIAN_POINT('',(-0.,-0.));
#895 = VECTOR('',#896,1.);
#896 = DIRECTION('',(-0.,-1.));
#897 = ( GEOMETRIC_REPRESENTATION_CONTEXT(2) 
PARAMETRIC_REPRESENTATION_CONTEXT() REPRESENTATION_CONTEXT('2D SPACE',''
  ) );
#898 = ORIENTED_EDGE('',*,*,#899,.F.);
#899 = EDGE_CURVE('',#900,#870,#902,.T.);
#900 = VERTEX_POINT('',#901);
#901 = CARTESIAN_POINT('',(17.877604007205,-58.78684868541,15.25));
#902 = SURFACE_CURVE('',#903,(#907,#914),.PCURVE_S1.);
#903 = LINE('',#904,#905);
#904 = CARTESIAN_POINT('',(17.877604007205,-58.78684868541,21.5));
#905 = VECTOR('',#906,1.);
#906 = DIRECTION('',(0.,-0.,1.));
#907 = PCURVE('',#90,#908);
#908 = DEFINITIONAL_REPRESENTATION('',(#909),#913);
#909 = LINE('',#910,#911);
#910 = CARTESIAN_POINT('',(6.25,-15.25));
#911 = VECTOR('',#912,1.);
#912 = DIRECTION('',(1.,-0.));
#913 = ( GEOMETRIC_REPRESENTATION_CONTEXT(2) 
PARAMETRIC_REPRESENTATION_CONTEXT() REPRESENTATION_CONTEXT('2D SPACE',''
  ) );
#914 = PCURVE('',#915,#920);
#915 = PLANE('',#916);
#916 = AXIS2_PLACEMENT_3D('',#917,#918,#919);
#917 = CARTESIAN_POINT('',(18.013138630564,-60.58173875611,21.5));
#918 = DIRECTION('',(0.997161150385,7.529701297771E-02,0.));
#919 = DIRECTION('',(-7.529701297771E-02,0.997161150385,0.));
#920 = DEFINITIONAL_REPRESENTATION('',(#921),#925);
#921 = LINE('',#922,#923);
#922 = CARTESIAN_POINT('',(1.8,-0.));
#923 = VECTOR('',#924,1.);
#924 = DIRECTION('',(-0.,1.));
#925 = ( GEOMETRIC_REPRESENTATION_CONTEXT(2) 
PARAMETRIC_REPRESENTATION_CONTEXT() REPRESENTATION_CONTEXT('2D SPACE',''
  ) );
#926 = ORIENTED_EDGE('',*,*,#927,.T.);
#927 = EDGE_CURVE('',#900,#928,#930,.T.);
#928 = VERTEX_POINT('',#929);
#929 = CARTESIAN_POINT('',(29.698949445016,-57.89420259656,15.25));
#930 = SURFACE_CURVE('',#931,(#935,#942),.PCURVE_S1.);
#931 = LINE('',#932,#933);
#932 = CARTESIAN_POINT('',(2.670896463837,-59.93512813332,15.25));
#933 = VECTOR('',#934,1.);
#934 = DIRECTION('',(0.997161150385,7.529701297771E-02,-0.));
#935 = PCURVE('',#90,#936);
#936 = DEFINITIONAL_REPRESENTATION('',(#937),#941);
#937 = LINE('',#938,#939);
#938 = CARTESIAN_POINT('',(-0.,-0.));
#939 = VECTOR('',#940,1.);
#940 = DIRECTION('',(-0.,-1.));
#941 = ( GEOMETRIC_REPRESENTATION_CONTEXT(2) 
PARAMETRIC_REPRESENTATION_CONTEXT() REPRESENTATION_CONTEXT('2D SPACE',''
  ) );
#942 = PCURVE('',#943,#948);
#943 = PLANE('',#944);
#944 = AXIS2_PLACEMENT_3D('',#945,#946,#947);
#945 = CARTESIAN_POINT('',(2.701015269028,-60.33399259348,15.25));
#946 = DIRECTION('',(0.,-0.,-1.));
#947 = DIRECTION('',(7.529701297771E-02,-0.997161150385,0.));
#948 = DEFINITIONAL_REPRESENTATION('',(#949),#953);
#949 = LINE('',#950,#951);
#950 = CARTESIAN_POINT('',(-0.4,-4.544975507059E-16));
#951 = VECTOR('',#952,1.);
#952 = DIRECTION('',(-0.,-1.));
#953 = ( GEOMETRIC_REPRESENTATION_CONTEXT(2) 
PARAMETRIC_REPRESENTATION_CONTEXT() REPRESENTATION_CONTEXT('2D SPACE',''
  ) );
#954 = ORIENTED_EDGE('',*,*,#955,.T.);
#955 = EDGE_CURVE('',#928,#872,#956,.T.);
#956 = SURFACE_CURVE('',#957,(#961,#968),.PCURVE_S1.);
#957 = LINE('',#958,#959);
#958 = CARTESIAN_POINT('',(29.698949445016,-57.89420259656,21.5));
#959 = VECTOR('',#960,1.);
#960 = DIRECTION('',(0.,-0.,1.));
#961 = PCURVE('',#90,#962);
#962 = DEFINITIONAL_REPRESENTATION('',(#963),#967);
#963 = LINE('',#964,#965);
#964 = CARTESIAN_POINT('',(6.25,-27.105));
#965 = VECTOR('',#966,1.);
#966 = DIRECTION('',(1.,-0.));
#967 = ( GEOMETRIC_REPRESENTATION_CONTEXT(2) 
PARAMETRIC_REPRESENTATION_CONTEXT() REPRESENTATION_CONTEXT('2D SPACE',''
  ) );
#968 = PCURVE('',#969,#974);
#969 = PLANE('',#970);
#970 = AXIS2_PLACEMENT_3D('',#971,#972,#973);
#971 = CARTESIAN_POINT('',(29.834484068376,-59.68909266725,21.5));
#972 = DIRECTION('',(0.997161150385,7.529701297771E-02,0.));
#973 = DIRECTION('',(-7.529701297771E-02,0.997161150385,0.));
#974 = DEFINITIONAL_REPRESENTATION('',(#975),#979);
#975 = LINE('',#976,#977);
#976 = CARTESIAN_POINT('',(1.8,-0.));
#977 = VECTOR('',#978,1.);
#978 = DIRECTION('',(-0.,1.));
#979 = ( GEOMETRIC_REPRESENTATION_CONTEXT(2) 
PARAMETRIC_REPRESENTATION_CONTEXT() REPRESENTATION_CONTEXT('2D SPACE',''
  ) );
#980 = FACE_BOUND('',#981,.T.);
#981 = EDGE_LOOP('',(#982));
#982 = ORIENTED_EDGE('',*,*,#983,.T.);
#983 = EDGE_CURVE('',#984,#984,#986,.T.);
#984 = VERTEX_POINT('',#985);
#985 = CARTESIAN_POINT('',(16.481578396666,-58.89226450358,21.5));
#986 = SURFACE_CURVE('',#987,(#992,#999),.PCURVE_S1.);
#987 = CIRCLE('',#988,4.1);
#988 = AXIS2_PLACEMENT_3D('',#989,#990,#991);
#989 = CARTESIAN_POINT('',(12.393217680088,-59.20098225679,21.5));
#990 = DIRECTION('',(7.529701297771E-02,-0.997161150385,0.));
#991 = DIRECTION('',(0.997161150385,7.529701297771E-02,-0.));
#992 = PCURVE('',#90,#993);
#993 = DEFINITIONAL_REPRESENTATION('',(#994),#998);
#994 = CIRCLE('',#995,4.1);
#995 = AXIS2_PLACEMENT_2D('',#996,#997);
#996 = CARTESIAN_POINT('',(6.25,-9.75));
#997 = DIRECTION('',(-0.,-1.));
#998 = ( GEOMETRIC_REPRESENTATION_CONTEXT(2) 
PARAMETRIC_REPRESENTATION_CONTEXT() REPRESENTATION_CONTEXT('2D SPACE',''
  ) );
#999 = PCURVE('',#1000,#1005);
#1000 = CYLINDRICAL_SURFACE('',#1001,4.1);
#1001 = AXIS2_PLACEMENT_3D('',#1002,#1003,#1004);
#1002 = CARTESIAN_POINT('',(12.092029628178,-55.21233765525,21.5));
#1003 = DIRECTION('',(-7.529701297771E-02,0.997161150385,-0.));
#1004 = DIRECTION('',(0.997161150385,7.529701297771E-02,-0.));
#1005 = DEFINITIONAL_REPRESENTATION('',(#1006),#1010);
#1006 = LINE('',#1007,#1008);
#1007 = CARTESIAN_POINT('',(-0.,-4.));
#1008 = VECTOR('',#1009,1.);
#1009 = DIRECTION('',(-1.,0.));
#1010 = ( GEOMETRIC_REPRESENTATION_CONTEXT(2) 
PARAMETRIC_REPRESENTATION_CONTEXT() REPRESENTATION_CONTEXT('2D SPACE',''
  ) );
#1011 = ADVANCED_FACE('',(#1012),#1000,.T.);
#1012 = FACE_BOUND('',#1013,.F.);
#1013 = EDGE_LOOP('',(#1014,#1047,#1068,#1069));
#1014 = ORIENTED_EDGE('',*,*,#1015,.F.);
#1015 = EDGE_CURVE('',#1016,#1016,#1018,.T.);
#1016 = VERTEX_POINT('',#1017);
#1017 = CARTESIAN_POINT('',(16.180390344755,-54.90361990204,21.5));
#1018 = SURFACE_CURVE('',#1019,(#1024,#1031),.PCURVE_S1.);
#1019 = CIRCLE('',#1020,4.1);
#1020 = AXIS2_PLACEMENT_3D('',#1021,#1022,#1023);
#1021 = CARTESIAN_POINT('',(12.092029628178,-55.21233765525,21.5));
#1022 = DIRECTION('',(7.529701297771E-02,-0.997161150385,0.));
#1023 = DIRECTION('',(0.997161150385,7.529701297771E-02,0.));
#1024 = PCURVE('',#1000,#1025);
#1025 = DEFINITIONAL_REPRESENTATION('',(#1026),#1030);
#1026 = LINE('',#1027,#1028);
#1027 = CARTESIAN_POINT('',(-0.,0.));
#1028 = VECTOR('',#1029,1.);
#1029 = DIRECTION('',(-1.,0.));
#1030 = ( GEOMETRIC_REPRESENTATION_CONTEXT(2) 
PARAMETRIC_REPRESENTATION_CONTEXT() REPRESENTATION_CONTEXT('2D SPACE',''
  ) );
#1031 = PCURVE('',#1032,#1037);
#1032 = PLANE('',#1033);
#1033 = AXIS2_PLACEMENT_3D('',#1034,#1035,#1036);
#1034 = CARTESIAN_POINT('',(12.092029628178,-55.21233765525,21.5));
#1035 = DIRECTION('',(-7.529701297771E-02,0.997161150385,-0.));
#1036 = DIRECTION('',(-0.997161150385,-7.529701297771E-02,0.));
#1037 = DEFINITIONAL_REPRESENTATION('',(#1038),#1046);
#1038 = ( BOUNDED_CURVE() B_SPLINE_CURVE(2,(#1039,#1040,#1041,#1042,
#1043,#1044,#1045),.UNSPECIFIED.,.T.,.F.) B_SPLINE_CURVE_WITH_KNOTS((1,2
    ,2,2,2,1),(-2.094395102393,0.,2.094395102393,4.188790204786,
6.28318530718,8.377580409573),.UNSPECIFIED.) CURVE() 
GEOMETRIC_REPRESENTATION_ITEM() RATIONAL_B_SPLINE_CURVE((1.,0.5,1.,0.5,
1.,0.5,1.)) REPRESENTATION_ITEM('') );
#1039 = CARTESIAN_POINT('',(-4.1,-1.661535876627E-16));
#1040 = CARTESIAN_POINT('',(-4.1,7.101408311032));
#1041 = CARTESIAN_POINT('',(2.05,3.550704155516));
#1042 = CARTESIAN_POINT('',(8.2,8.380567876381E-16));
#1043 = CARTESIAN_POINT('',(2.05,-3.550704155516));
#1044 = CARTESIAN_POINT('',(-4.1,-7.101408311032));
#1045 = CARTESIAN_POINT('',(-4.1,-1.661535876627E-16));
#1046 = ( GEOMETRIC_REPRESENTATION_CONTEXT(2) 
PARAMETRIC_REPRESENTATION_CONTEXT() REPRESENTATION_CONTEXT('2D SPACE',''
  ) );
#1047 = ORIENTED_EDGE('',*,*,#1048,.T.);
#1048 = EDGE_CURVE('',#1016,#984,#1049,.T.);
#1049 = SEAM_CURVE('',#1050,(#1054,#1061),.PCURVE_S1.);
#1050 = LINE('',#1051,#1052);
#1051 = CARTESIAN_POINT('',(16.180390344755,-54.90361990204,21.5));
#1052 = VECTOR('',#1053,1.);
#1053 = DIRECTION('',(7.529701297771E-02,-0.997161150385,-0.));
#1054 = PCURVE('',#1000,#1055);
#1055 = DEFINITIONAL_REPRESENTATION('',(#1056),#1060);
#1056 = LINE('',#1057,#1058);
#1057 = CARTESIAN_POINT('',(-6.28318530718,0.));
#1058 = VECTOR('',#1059,1.);
#1059 = DIRECTION('',(-0.,-1.));
#1060 = ( GEOMETRIC_REPRESENTATION_CONTEXT(2) 
PARAMETRIC_REPRESENTATION_CONTEXT() REPRESENTATION_CONTEXT('2D SPACE',''
  ) );
#1061 = PCURVE('',#1000,#1062);
#1062 = DEFINITIONAL_REPRESENTATION('',(#1063),#1067);
#1063 = LINE('',#1064,#1065);
#1064 = CARTESIAN_POINT('',(-0.,0.));
#1065 = VECTOR('',#1066,1.);
#1066 = DIRECTION('',(-0.,-1.));
#1067 = ( GEOMETRIC_REPRESENTATION_CONTEXT(2) 
PARAMETRIC_REPRESENTATION_CONTEXT() REPRESENTATION_CONTEXT('2D SPACE',''
  ) );
#1068 = ORIENTED_EDGE('',*,*,#983,.T.);
#1069 = ORIENTED_EDGE('',*,*,#1048,.F.);
#1070 = ADVANCED_FACE('',(#1071,#1074),#1032,.T.);
#1071 = FACE_BOUND('',#1072,.F.);
#1072 = EDGE_LOOP('',(#1073));
#1073 = ORIENTED_EDGE('',*,*,#1015,.T.);
#1074 = FACE_BOUND('',#1075,.F.);
#1075 = EDGE_LOOP('',(#1076));
#1076 = ORIENTED_EDGE('',*,*,#1077,.F.);
#1077 = EDGE_CURVE('',#1078,#1078,#1080,.T.);
#1078 = VERTEX_POINT('',#1079);
#1079 = CARTESIAN_POINT('',(12.939616606005,-55.14833519422,21.5));
#1080 = SURFACE_CURVE('',#1081,(#1086,#1097),.PCURVE_S1.);
#1081 = CIRCLE('',#1082,0.85);
#1082 = AXIS2_PLACEMENT_3D('',#1083,#1084,#1085);
#1083 = CARTESIAN_POINT('',(12.092029628178,-55.21233765525,21.5));
#1084 = DIRECTION('',(7.529701297771E-02,-0.997161150385,0.));
#1085 = DIRECTION('',(0.997161150385,7.529701297771E-02,-0.));
#1086 = PCURVE('',#1032,#1087);
#1087 = DEFINITIONAL_REPRESENTATION('',(#1088),#1096);
#1088 = ( BOUNDED_CURVE() B_SPLINE_CURVE(2,(#1089,#1090,#1091,#1092,
#1093,#1094,#1095),.UNSPECIFIED.,.T.,.F.) B_SPLINE_CURVE_WITH_KNOTS((1,2
    ,2,2,2,1),(-2.094395102393,0.,2.094395102393,4.188790204786,
6.28318530718,8.377580409573),.UNSPECIFIED.) CURVE() 
GEOMETRIC_REPRESENTATION_ITEM() RATIONAL_B_SPLINE_CURVE((1.,0.5,1.,0.5,
1.,0.5,1.)) REPRESENTATION_ITEM('') );
#1089 = CARTESIAN_POINT('',(-0.85,-1.661535876627E-16));
#1090 = CARTESIAN_POINT('',(-0.85,1.472243186434));
#1091 = CARTESIAN_POINT('',(0.425,0.736121593217));
#1092 = CARTESIAN_POINT('',(1.7,4.203636819232E-17));
#1093 = CARTESIAN_POINT('',(0.425,-0.736121593217));
#1094 = CARTESIAN_POINT('',(-0.85,-1.472243186434));
#1095 = CARTESIAN_POINT('',(-0.85,-1.661535876627E-16));
#1096 = ( GEOMETRIC_REPRESENTATION_CONTEXT(2) 
PARAMETRIC_REPRESENTATION_CONTEXT() REPRESENTATION_CONTEXT('2D SPACE',''
  ) );
#1097 = PCURVE('',#1098,#1103);
#1098 = CYLINDRICAL_SURFACE('',#1099,0.85);
#1099 = AXIS2_PLACEMENT_3D('',#1100,#1101,#1102);
#1100 = CARTESIAN_POINT('',(12.0167326152,-54.21517650487,21.5));
#1101 = DIRECTION('',(-7.529701297771E-02,0.997161150385,-0.));
#1102 = DIRECTION('',(0.997161150385,7.529701297771E-02,-0.));
#1103 = DEFINITIONAL_REPRESENTATION('',(#1104),#1108);
#1104 = LINE('',#1105,#1106);
#1105 = CARTESIAN_POINT('',(-0.,-1.));
#1106 = VECTOR('',#1107,1.);
#1107 = DIRECTION('',(-1.,0.));
#1108 = ( GEOMETRIC_REPRESENTATION_CONTEXT(2) 
PARAMETRIC_REPRESENTATION_CONTEXT() REPRESENTATION_CONTEXT('2D SPACE',''
  ) );
#1109 = ADVANCED_FACE('',(#1110),#1098,.F.);
#1110 = FACE_BOUND('',#1111,.T.);
#1111 = EDGE_LOOP('',(#1112,#1113,#1136,#1167));
#1112 = ORIENTED_EDGE('',*,*,#1077,.F.);
#1113 = ORIENTED_EDGE('',*,*,#1114,.T.);
#1114 = EDGE_CURVE('',#1078,#1115,#1117,.T.);
#1115 = VERTEX_POINT('',#1116);
#1116 = CARTESIAN_POINT('',(13.451636294253,-61.92903101684,21.5));
#1117 = SEAM_CURVE('',#1118,(#1122,#1129),.PCURVE_S1.);
#1118 = LINE('',#1119,#1120);
#1119 = CARTESIAN_POINT('',(12.864319593027,-54.15117404384,21.5));
#1120 = VECTOR('',#1121,1.);
#1121 = DIRECTION('',(7.529701297771E-02,-0.997161150385,-0.));
#1122 = PCURVE('',#1098,#1123);
#1123 = DEFINITIONAL_REPRESENTATION('',(#1124),#1128);
#1124 = LINE('',#1125,#1126);
#1125 = CARTESIAN_POINT('',(-6.28318530718,0.));
#1126 = VECTOR('',#1127,1.);
#1127 = DIRECTION('',(-0.,-1.));
#1128 = ( GEOMETRIC_REPRESENTATION_CONTEXT(2) 
PARAMETRIC_REPRESENTATION_CONTEXT() REPRESENTATION_CONTEXT('2D SPACE',''
  ) );
#1129 = PCURVE('',#1098,#1130);
#1130 = DEFINITIONAL_REPRESENTATION('',(#1131),#1135);
#1131 = LINE('',#1132,#1133);
#1132 = CARTESIAN_POINT('',(-0.,0.));
#1133 = VECTOR('',#1134,1.);
#1134 = DIRECTION('',(-0.,-1.));
#1135 = ( GEOMETRIC_REPRESENTATION_CONTEXT(2) 
PARAMETRIC_REPRESENTATION_CONTEXT() REPRESENTATION_CONTEXT('2D SPACE',''
  ) );
#1136 = ORIENTED_EDGE('',*,*,#1137,.T.);
#1137 = EDGE_CURVE('',#1115,#1115,#1138,.T.);
#1138 = SURFACE_CURVE('',#1139,(#1144,#1151),.PCURVE_S1.);
#1139 = CIRCLE('',#1140,0.85);
#1140 = AXIS2_PLACEMENT_3D('',#1141,#1142,#1143);
#1141 = CARTESIAN_POINT('',(12.604049316426,-61.99303347787,21.5));
#1142 = DIRECTION('',(7.529701297771E-02,-0.997161150385,0.));
#1143 = DIRECTION('',(0.997161150385,7.529701297771E-02,-0.));
#1144 = PCURVE('',#1098,#1145);
#1145 = DEFINITIONAL_REPRESENTATION('',(#1146),#1150);
#1146 = LINE('',#1147,#1148);
#1147 = CARTESIAN_POINT('',(-0.,-7.8));
#1148 = VECTOR('',#1149,1.);
#1149 = DIRECTION('',(-1.,0.));
#1150 = ( GEOMETRIC_REPRESENTATION_CONTEXT(2) 
PARAMETRIC_REPRESENTATION_CONTEXT() REPRESENTATION_CONTEXT('2D SPACE',''
  ) );
#1151 = PCURVE('',#1152,#1157);
#1152 = PLANE('',#1153);
#1153 = AXIS2_PLACEMENT_3D('',#1154,#1155,#1156);
#1154 = CARTESIAN_POINT('',(12.604049316426,-61.99303347787,21.5));
#1155 = DIRECTION('',(-7.529701297771E-02,0.997161150385,-0.));
#1156 = DIRECTION('',(-0.997161150385,-7.529701297771E-02,0.));
#1157 = DEFINITIONAL_REPRESENTATION('',(#1158),#1166);
#1158 = ( BOUNDED_CURVE() B_SPLINE_CURVE(2,(#1159,#1160,#1161,#1162,
#1163,#1164,#1165),.UNSPECIFIED.,.T.,.F.) B_SPLINE_CURVE_WITH_KNOTS((1,2
    ,2,2,2,1),(-2.094395102393,0.,2.094395102393,4.188790204786,
6.28318530718,8.377580409573),.UNSPECIFIED.) CURVE() 
GEOMETRIC_REPRESENTATION_ITEM() RATIONAL_B_SPLINE_CURVE((1.,0.5,1.,0.5,
1.,0.5,1.)) REPRESENTATION_ITEM('') );
#1159 = CARTESIAN_POINT('',(-0.85,-2.980932963488E-16));
#1160 = CARTESIAN_POINT('',(-0.85,1.472243186434));
#1161 = CARTESIAN_POINT('',(0.425,0.736121593217));
#1162 = CARTESIAN_POINT('',(1.7,-8.990334049373E-17));
#1163 = CARTESIAN_POINT('',(0.425,-0.736121593217));
#1164 = CARTESIAN_POINT('',(-0.85,-1.472243186434));
#1165 = CARTESIAN_POINT('',(-0.85,-2.980932963488E-16));
#1166 = ( GEOMETRIC_REPRESENTATION_CONTEXT(2) 
PARAMETRIC_REPRESENTATION_CONTEXT() REPRESENTATION_CONTEXT('2D SPACE',''
  ) );
#1167 = ORIENTED_EDGE('',*,*,#1114,.F.);
#1168 = ADVANCED_FACE('',(#1169,#1204),#1152,.F.);
#1169 = FACE_BOUND('',#1170,.T.);
#1170 = EDGE_LOOP('',(#1171));
#1171 = ORIENTED_EDGE('',*,*,#1172,.T.);
#1172 = EDGE_CURVE('',#1173,#1173,#1175,.T.);
#1173 = VERTEX_POINT('',#1174);
#1174 = CARTESIAN_POINT('',(15.146810249907,-61.80102609477,21.5));
#1175 = SURFACE_CURVE('',#1176,(#1181,#1192),.PCURVE_S1.);
#1176 = CIRCLE('',#1177,2.55);
#1177 = AXIS2_PLACEMENT_3D('',#1178,#1179,#1180);
#1178 = CARTESIAN_POINT('',(12.604049316426,-61.99303347787,21.5));
#1179 = DIRECTION('',(7.529701297771E-02,-0.997161150385,0.));
#1180 = DIRECTION('',(0.997161150385,7.529701297771E-02,0.));
#1181 = PCURVE('',#1152,#1182);
#1182 = DEFINITIONAL_REPRESENTATION('',(#1183),#1191);
#1183 = ( BOUNDED_CURVE() B_SPLINE_CURVE(2,(#1184,#1185,#1186,#1187,
#1188,#1189,#1190),.UNSPECIFIED.,.T.,.F.) B_SPLINE_CURVE_WITH_KNOTS((1,2
    ,2,2,2,1),(-2.094395102393,0.,2.094395102393,4.188790204786,
6.28318530718,8.377580409573),.UNSPECIFIED.) CURVE() 
GEOMETRIC_REPRESENTATION_ITEM() RATIONAL_B_SPLINE_CURVE((1.,0.5,1.,0.5,
1.,0.5,1.)) REPRESENTATION_ITEM('') );
#1184 = CARTESIAN_POINT('',(-2.55,-2.980932963488E-16));
#1185 = CARTESIAN_POINT('',(-2.55,4.416729559301));
#1186 = CARTESIAN_POINT('',(1.275,2.20836477965));
#1187 = CARTESIAN_POINT('',(5.1,3.264765712164E-16));
#1188 = CARTESIAN_POINT('',(1.275,-2.20836477965));
#1189 = CARTESIAN_POINT('',(-2.55,-4.416729559301));
#1190 = CARTESIAN_POINT('',(-2.55,-2.980932963488E-16));
#1191 = ( GEOMETRIC_REPRESENTATION_CONTEXT(2) 
PARAMETRIC_REPRESENTATION_CONTEXT() REPRESENTATION_CONTEXT('2D SPACE',''
  ) );
#1192 = PCURVE('',#1193,#1198);
#1193 = CYLINDRICAL_SURFACE('',#1194,2.55);
#1194 = AXIS2_PLACEMENT_3D('',#1195,#1196,#1197);
#1195 = CARTESIAN_POINT('',(12.604049316426,-61.99303347787,21.5));
#1196 = DIRECTION('',(-7.529701297771E-02,0.997161150385,-0.));
#1197 = DIRECTION('',(0.997161150385,7.529701297771E-02,-0.));
#1198 = DEFINITIONAL_REPRESENTATION('',(#1199),#1203);
#1199 = LINE('',#1200,#1201);
#1200 = CARTESIAN_POINT('',(-0.,0.));
#1201 = VECTOR('',#1202,1.);
#1202 = DIRECTION('',(-1.,0.));
#1203 = ( GEOMETRIC_REPRESENTATION_CONTEXT(2) 
PARAMETRIC_REPRESENTATION_CONTEXT() REPRESENTATION_CONTEXT('2D SPACE',''
  ) );
#1204 = FACE_BOUND('',#1205,.T.);
#1205 = EDGE_LOOP('',(#1206));
#1206 = ORIENTED_EDGE('',*,*,#1137,.F.);
#1207 = ADVANCED_FACE('',(#1208),#1193,.F.);
#1208 = FACE_BOUND('',#1209,.T.);
#1209 = EDGE_LOOP('',(#1210,#1211,#1234,#1265));
#1210 = ORIENTED_EDGE('',*,*,#1172,.F.);
#1211 = ORIENTED_EDGE('',*,*,#1212,.T.);
#1212 = EDGE_CURVE('',#1173,#1213,#1215,.T.);
#1213 = VERTEX_POINT('',#1214);
#1214 = CARTESIAN_POINT('',(15.207047860289,-62.59875501508,21.5));
#1215 = SEAM_CURVE('',#1216,(#1220,#1227),.PCURVE_S1.);
#1216 = LINE('',#1217,#1218);
#1217 = CARTESIAN_POINT('',(15.146810249907,-61.80102609477,21.5));
#1218 = VECTOR('',#1219,1.);
#1219 = DIRECTION('',(7.529701297771E-02,-0.997161150385,-0.));
#1220 = PCURVE('',#1193,#1221);
#1221 = DEFINITIONAL_REPRESENTATION('',(#1222),#1226);
#1222 = LINE('',#1223,#1224);
#1223 = CARTESIAN_POINT('',(-6.28318530718,0.));
#1224 = VECTOR('',#1225,1.);
#1225 = DIRECTION('',(-0.,-1.));
#1226 = ( GEOMETRIC_REPRESENTATION_CONTEXT(2) 
PARAMETRIC_REPRESENTATION_CONTEXT() REPRESENTATION_CONTEXT('2D SPACE',''
  ) );
#1227 = PCURVE('',#1193,#1228);
#1228 = DEFINITIONAL_REPRESENTATION('',(#1229),#1233);
#1229 = LINE('',#1230,#1231);
#1230 = CARTESIAN_POINT('',(-0.,0.));
#1231 = VECTOR('',#1232,1.);
#1232 = DIRECTION('',(-0.,-1.));
#1233 = ( GEOMETRIC_REPRESENTATION_CONTEXT(2) 
PARAMETRIC_REPRESENTATION_CONTEXT() REPRESENTATION_CONTEXT('2D SPACE',''
  ) );
#1234 = ORIENTED_EDGE('',*,*,#1235,.T.);
#1235 = EDGE_CURVE('',#1213,#1213,#1236,.T.);
#1236 = SURFACE_CURVE('',#1237,(#1242,#1249),.PCURVE_S1.);
#1237 = CIRCLE('',#1238,2.55);
#1238 = AXIS2_PLACEMENT_3D('',#1239,#1240,#1241);
#1239 = CARTESIAN_POINT('',(12.664286926808,-62.79076239818,21.5));
#1240 = DIRECTION('',(7.529701297771E-02,-0.997161150385,0.));
#1241 = DIRECTION('',(0.997161150385,7.529701297771E-02,-0.));
#1242 = PCURVE('',#1193,#1243);
#1243 = DEFINITIONAL_REPRESENTATION('',(#1244),#1248);
#1244 = LINE('',#1245,#1246);
#1245 = CARTESIAN_POINT('',(-0.,-0.8));
#1246 = VECTOR('',#1247,1.);
#1247 = DIRECTION('',(-1.,0.));
#1248 = ( GEOMETRIC_REPRESENTATION_CONTEXT(2) 
PARAMETRIC_REPRESENTATION_CONTEXT() REPRESENTATION_CONTEXT('2D SPACE',''
  ) );
#1249 = PCURVE('',#1250,#1255);
#1250 = PLANE('',#1251);
#1251 = AXIS2_PLACEMENT_3D('',#1252,#1253,#1254);
#1252 = CARTESIAN_POINT('',(7.179900599692,-63.20489596955,15.25));
#1253 = DIRECTION('',(-7.529701297771E-02,0.997161150385,-0.));
#1254 = DIRECTION('',(0.,0.,-1.));
#1255 = DEFINITIONAL_REPRESENTATION('',(#1256),#1264);
#1256 = ( BOUNDED_CURVE() B_SPLINE_CURVE(2,(#1257,#1258,#1259,#1260,
#1261,#1262,#1263),.UNSPECIFIED.,.T.,.F.) B_SPLINE_CURVE_WITH_KNOTS((1,2
    ,2,2,2,1),(-2.094395102393,0.,2.094395102393,4.188790204786,
6.28318530718,8.377580409573),.UNSPECIFIED.) CURVE() 
GEOMETRIC_REPRESENTATION_ITEM() RATIONAL_B_SPLINE_CURVE((1.,0.5,1.,0.5,
1.,0.5,1.)) REPRESENTATION_ITEM('') );
#1257 = CARTESIAN_POINT('',(-6.25,-8.05));
#1258 = CARTESIAN_POINT('',(-10.6667295593,-8.05));
#1259 = CARTESIAN_POINT('',(-8.45836477965,-4.225));
#1260 = CARTESIAN_POINT('',(-6.25,-0.4));
#1261 = CARTESIAN_POINT('',(-4.04163522035,-4.225));
#1262 = CARTESIAN_POINT('',(-1.833270440699,-8.05));
#1263 = CARTESIAN_POINT('',(-6.25,-8.05));
#1264 = ( GEOMETRIC_REPRESENTATION_CONTEXT(2) 
PARAMETRIC_REPRESENTATION_CONTEXT() REPRESENTATION_CONTEXT('2D SPACE',''
  ) );
#1265 = ORIENTED_EDGE('',*,*,#1212,.F.);
#1266 = ADVANCED_FACE('',(#1267,#1478,#1481),#1250,.F.);
#1267 = FACE_BOUND('',#1268,.T.);
#1268 = EDGE_LOOP('',(#1269,#1299,#1327,#1350,#1378,#1401,#1429,#1457));
#1269 = ORIENTED_EDGE('',*,*,#1270,.T.);
#1270 = EDGE_CURVE('',#1271,#1273,#1275,.T.);
#1271 = VERTEX_POINT('',#1272);
#1272 = CARTESIAN_POINT('',(18.148673253924,-62.3766288268,27.75));
#1273 = VERTEX_POINT('',#1274);
#1274 = CARTESIAN_POINT('',(2.941965710557,-63.52490827471,27.75));
#1275 = SURFACE_CURVE('',#1276,(#1280,#1287),.PCURVE_S1.);
#1276 = LINE('',#1277,#1278);
#1277 = CARTESIAN_POINT('',(18.148673253924,-62.3766288268,27.75));
#1278 = VECTOR('',#1279,1.);
#1279 = DIRECTION('',(-0.997161150385,-7.529701297771E-02,-0.));
#1280 = PCURVE('',#1250,#1281);
#1281 = DEFINITIONAL_REPRESENTATION('',(#1282),#1286);
#1282 = LINE('',#1283,#1284);
#1283 = CARTESIAN_POINT('',(-12.5,-11.));
#1284 = VECTOR('',#1285,1.);
#1285 = DIRECTION('',(-0.,1.));
#1286 = ( GEOMETRIC_REPRESENTATION_CONTEXT(2) 
PARAMETRIC_REPRESENTATION_CONTEXT() REPRESENTATION_CONTEXT('2D SPACE',''
  ) );
#1287 = PCURVE('',#1288,#1293);
#1288 = PLANE('',#1289);
#1289 = AXIS2_PLACEMENT_3D('',#1290,#1291,#1292);
#1290 = CARTESIAN_POINT('',(6.938950158163,-60.01398028832,27.75));
#1291 = DIRECTION('',(-0.,-0.,1.));
#1292 = DIRECTION('',(-7.529701297771E-02,0.997161150385,0.));
#1293 = DEFINITIONAL_REPRESENTATION('',(#1294),#1298);
#1294 = LINE('',#1295,#1296);
#1295 = CARTESIAN_POINT('',(-3.2,-11.));
#1296 = VECTOR('',#1297,1.);
#1297 = DIRECTION('',(-0.,1.));
#1298 = ( GEOMETRIC_REPRESENTATION_CONTEXT(2) 
PARAMETRIC_REPRESENTATION_CONTEXT() REPRESENTATION_CONTEXT('2D SPACE',''
  ) );
#1299 = ORIENTED_EDGE('',*,*,#1300,.F.);
#1300 = EDGE_CURVE('',#1301,#1273,#1303,.T.);
#1301 = VERTEX_POINT('',#1302);
#1302 = CARTESIAN_POINT('',(2.941965710557,-63.52490827471,27.55));
#1303 = SURFACE_CURVE('',#1304,(#1308,#1315),.PCURVE_S1.);
#1304 = LINE('',#1305,#1306);
#1305 = CARTESIAN_POINT('',(2.941965710557,-63.52490827471,21.5));
#1306 = VECTOR('',#1307,1.);
#1307 = DIRECTION('',(0.,-0.,1.));
#1308 = PCURVE('',#1250,#1309);
#1309 = DEFINITIONAL_REPRESENTATION('',(#1310),#1314);
#1310 = LINE('',#1311,#1312);
#1311 = CARTESIAN_POINT('',(-6.25,4.25));
#1312 = VECTOR('',#1313,1.);
#1313 = DIRECTION('',(-1.,-0.));
#1314 = ( GEOMETRIC_REPRESENTATION_CONTEXT(2) 
PARAMETRIC_REPRESENTATION_CONTEXT() REPRESENTATION_CONTEXT('2D SPACE',''
  ) );
#1315 = PCURVE('',#1316,#1321);
#1316 = PLANE('',#1317);
#1317 = AXIS2_PLACEMENT_3D('',#1318,#1319,#1320);
#1318 = CARTESIAN_POINT('',(2.806431087197,-61.73001820402,21.5));
#1319 = DIRECTION('',(0.997161150385,7.529701297771E-02,0.));
#1320 = DIRECTION('',(-7.529701297771E-02,0.997161150385,0.));
#1321 = DEFINITIONAL_REPRESENTATION('',(#1322),#1326);
#1322 = LINE('',#1323,#1324);
#1323 = CARTESIAN_POINT('',(-1.8,0.));
#1324 = VECTOR('',#1325,1.);
#1325 = DIRECTION('',(-0.,1.));
#1326 = ( GEOMETRIC_REPRESENTATION_CONTEXT(2) 
PARAMETRIC_REPRESENTATION_CONTEXT() REPRESENTATION_CONTEXT('2D SPACE',''
  ) );
#1327 = ORIENTED_EDGE('',*,*,#1328,.F.);
#1328 = EDGE_CURVE('',#1329,#1301,#1331,.T.);
#1329 = VERTEX_POINT('',#1330);
#1330 = CARTESIAN_POINT('',(2.642817365441,-63.5474973786,27.55));
#1331 = SURFACE_CURVE('',#1332,(#1336,#1343),.PCURVE_S1.);
#1332 = LINE('',#1333,#1334);
#1333 = CARTESIAN_POINT('',(2.642817365441,-63.5474973786,27.55));
#1334 = VECTOR('',#1335,1.);
#1335 = DIRECTION('',(0.997161150385,7.529701297771E-02,-0.));
#1336 = PCURVE('',#1250,#1337);
#1337 = DEFINITIONAL_REPRESENTATION('',(#1338),#1342);
#1338 = LINE('',#1339,#1340);
#1339 = CARTESIAN_POINT('',(-12.3,4.55));
#1340 = VECTOR('',#1341,1.);
#1341 = DIRECTION('',(-0.,-1.));
#1342 = ( GEOMETRIC_REPRESENTATION_CONTEXT(2) 
PARAMETRIC_REPRESENTATION_CONTEXT() REPRESENTATION_CONTEXT('2D SPACE',''
  ) );
#1343 = PCURVE('',#310,#1344);
#1344 = DEFINITIONAL_REPRESENTATION('',(#1345),#1349);
#1345 = LINE('',#1346,#1347);
#1346 = CARTESIAN_POINT('',(-3.6,-2.22044604925E-16));
#1347 = VECTOR('',#1348,1.);
#1348 = DIRECTION('',(-0.,-1.));
#1349 = ( GEOMETRIC_REPRESENTATION_CONTEXT(2) 
PARAMETRIC_REPRESENTATION_CONTEXT() REPRESENTATION_CONTEXT('2D SPACE',''
  ) );
#1350 = ORIENTED_EDGE('',*,*,#1351,.F.);
#1351 = EDGE_CURVE('',#1352,#1329,#1354,.T.);
#1352 = VERTEX_POINT('',#1353);
#1353 = CARTESIAN_POINT('',(2.642817365441,-63.5474973786,21.6));
#1354 = SURFACE_CURVE('',#1355,(#1359,#1366),.PCURVE_S1.);
#1355 = LINE('',#1356,#1357);
#1356 = CARTESIAN_POINT('',(2.642817365441,-63.5474973786,24.575));
#1357 = VECTOR('',#1358,1.);
#1358 = DIRECTION('',(0.,-0.,1.));
#1359 = PCURVE('',#1250,#1360);
#1360 = DEFINITIONAL_REPRESENTATION('',(#1361),#1365);
#1361 = LINE('',#1362,#1363);
#1362 = CARTESIAN_POINT('',(-9.325,4.55));
#1363 = VECTOR('',#1364,1.);
#1364 = DIRECTION('',(-1.,-0.));
#1365 = ( GEOMETRIC_REPRESENTATION_CONTEXT(2) 
PARAMETRIC_REPRESENTATION_CONTEXT() REPRESENTATION_CONTEXT('2D SPACE',''
  ) );
#1366 = PCURVE('',#1367,#1372);
#1367 = PLANE('',#1368);
#1368 = AXIS2_PLACEMENT_3D('',#1369,#1370,#1371);
#1369 = CARTESIAN_POINT('',(2.507282742082,-61.75260730791,24.575));
#1370 = DIRECTION('',(0.997161150385,7.529701297771E-02,0.));
#1371 = DIRECTION('',(-7.529701297771E-02,0.997161150385,0.));
#1372 = DEFINITIONAL_REPRESENTATION('',(#1373),#1377);
#1373 = LINE('',#1374,#1375);
#1374 = CARTESIAN_POINT('',(-1.8,0.));
#1375 = VECTOR('',#1376,1.);
#1376 = DIRECTION('',(-0.,1.));
#1377 = ( GEOMETRIC_REPRESENTATION_CONTEXT(2) 
PARAMETRIC_REPRESENTATION_CONTEXT() REPRESENTATION_CONTEXT('2D SPACE',''
  ) );
#1378 = ORIENTED_EDGE('',*,*,#1379,.T.);
#1379 = EDGE_CURVE('',#1352,#1380,#1382,.T.);
#1380 = VERTEX_POINT('',#1381);
#1381 = CARTESIAN_POINT('',(2.941965710557,-63.52490827471,21.6));
#1382 = SURFACE_CURVE('',#1383,(#1387,#1394),.PCURVE_S1.);
#1383 = LINE('',#1384,#1385);
#1384 = CARTESIAN_POINT('',(2.642817365441,-63.5474973786,21.6));
#1385 = VECTOR('',#1386,1.);
#1386 = DIRECTION('',(0.997161150385,7.529701297771E-02,-0.));
#1387 = PCURVE('',#1250,#1388);
#1388 = DEFINITIONAL_REPRESENTATION('',(#1389),#1393);
#1389 = LINE('',#1390,#1391);
#1390 = CARTESIAN_POINT('',(-6.35,4.55));
#1391 = VECTOR('',#1392,1.);
#1392 = DIRECTION('',(-0.,-1.));
#1393 = ( GEOMETRIC_REPRESENTATION_CONTEXT(2) 
PARAMETRIC_REPRESENTATION_CONTEXT() REPRESENTATION_CONTEXT('2D SPACE',''
  ) );
#1394 = PCURVE('',#254,#1395);
#1395 = DEFINITIONAL_REPRESENTATION('',(#1396),#1400);
#1396 = LINE('',#1397,#1398);
#1397 = CARTESIAN_POINT('',(-3.6,-2.22044604925E-16));
#1398 = VECTOR('',#1399,1.);
#1399 = DIRECTION('',(-0.,-1.));
#1400 = ( GEOMETRIC_REPRESENTATION_CONTEXT(2) 
PARAMETRIC_REPRESENTATION_CONTEXT() REPRESENTATION_CONTEXT('2D SPACE',''
  ) );
#1401 = ORIENTED_EDGE('',*,*,#1402,.F.);
#1402 = EDGE_CURVE('',#1403,#1380,#1405,.T.);
#1403 = VERTEX_POINT('',#1404);
#1404 = CARTESIAN_POINT('',(2.941965710557,-63.52490827471,15.25));
#1405 = SURFACE_CURVE('',#1406,(#1410,#1417),.PCURVE_S1.);
#1406 = LINE('',#1407,#1408);
#1407 = CARTESIAN_POINT('',(2.941965710557,-63.52490827471,21.5));
#1408 = VECTOR('',#1409,1.);
#1409 = DIRECTION('',(0.,-0.,1.));
#1410 = PCURVE('',#1250,#1411);
#1411 = DEFINITIONAL_REPRESENTATION('',(#1412),#1416);
#1412 = LINE('',#1413,#1414);
#1413 = CARTESIAN_POINT('',(-6.25,4.25));
#1414 = VECTOR('',#1415,1.);
#1415 = DIRECTION('',(-1.,-0.));
#1416 = ( GEOMETRIC_REPRESENTATION_CONTEXT(2) 
PARAMETRIC_REPRESENTATION_CONTEXT() REPRESENTATION_CONTEXT('2D SPACE',''
  ) );
#1417 = PCURVE('',#1418,#1423);
#1418 = PLANE('',#1419);
#1419 = AXIS2_PLACEMENT_3D('',#1420,#1421,#1422);
#1420 = CARTESIAN_POINT('',(2.806431087197,-61.73001820402,21.5));
#1421 = DIRECTION('',(0.997161150385,7.529701297771E-02,0.));
#1422 = DIRECTION('',(-7.529701297771E-02,0.997161150385,0.));
#1423 = DEFINITIONAL_REPRESENTATION('',(#1424),#1428);
#1424 = LINE('',#1425,#1426);
#1425 = CARTESIAN_POINT('',(-1.8,0.));
#1426 = VECTOR('',#1427,1.);
#1427 = DIRECTION('',(-0.,1.));
#1428 = ( GEOMETRIC_REPRESENTATION_CONTEXT(2) 
PARAMETRIC_REPRESENTATION_CONTEXT() REPRESENTATION_CONTEXT('2D SPACE',''
  ) );
#1429 = ORIENTED_EDGE('',*,*,#1430,.T.);
#1430 = EDGE_CURVE('',#1403,#1431,#1433,.T.);
#1431 = VERTEX_POINT('',#1432);
#1432 = CARTESIAN_POINT('',(18.148673253924,-62.3766288268,15.25));
#1433 = SURFACE_CURVE('',#1434,(#1438,#1445),.PCURVE_S1.);
#1434 = LINE('',#1435,#1436);
#1435 = CARTESIAN_POINT('',(2.941965710557,-63.52490827471,15.25));
#1436 = VECTOR('',#1437,1.);
#1437 = DIRECTION('',(0.997161150385,7.529701297771E-02,-0.));
#1438 = PCURVE('',#1250,#1439);
#1439 = DEFINITIONAL_REPRESENTATION('',(#1440),#1444);
#1440 = LINE('',#1441,#1442);
#1441 = CARTESIAN_POINT('',(-0.,4.25));
#1442 = VECTOR('',#1443,1.);
#1443 = DIRECTION('',(-0.,-1.));
#1444 = ( GEOMETRIC_REPRESENTATION_CONTEXT(2) 
PARAMETRIC_REPRESENTATION_CONTEXT() REPRESENTATION_CONTEXT('2D SPACE',''
  ) );
#1445 = PCURVE('',#1446,#1451);
#1446 = PLANE('',#1447);
#1447 = AXIS2_PLACEMENT_3D('',#1448,#1449,#1450);
#1448 = CARTESIAN_POINT('',(6.938950158163,-60.01398028832,15.25));
#1449 = DIRECTION('',(-0.,-0.,1.));
#1450 = DIRECTION('',(-7.529701297771E-02,0.997161150385,0.));
#1451 = DEFINITIONAL_REPRESENTATION('',(#1452),#1456);
#1452 = LINE('',#1453,#1454);
#1453 = CARTESIAN_POINT('',(-3.2,4.25));
#1454 = VECTOR('',#1455,1.);
#1455 = DIRECTION('',(-0.,-1.));
#1456 = ( GEOMETRIC_REPRESENTATION_CONTEXT(2) 
PARAMETRIC_REPRESENTATION_CONTEXT() REPRESENTATION_CONTEXT('2D SPACE',''
  ) );
#1457 = ORIENTED_EDGE('',*,*,#1458,.T.);
#1458 = EDGE_CURVE('',#1431,#1271,#1459,.T.);
#1459 = SURFACE_CURVE('',#1460,(#1464,#1471),.PCURVE_S1.);
#1460 = LINE('',#1461,#1462);
#1461 = CARTESIAN_POINT('',(18.148673253924,-62.3766288268,21.5));
#1462 = VECTOR('',#1463,1.);
#1463 = DIRECTION('',(0.,-0.,1.));
#1464 = PCURVE('',#1250,#1465);
#1465 = DEFINITIONAL_REPRESENTATION('',(#1466),#1470);
#1466 = LINE('',#1467,#1468);
#1467 = CARTESIAN_POINT('',(-6.25,-11.));
#1468 = VECTOR('',#1469,1.);
#1469 = DIRECTION('',(-1.,-0.));
#1470 = ( GEOMETRIC_REPRESENTATION_CONTEXT(2) 
PARAMETRIC_REPRESENTATION_CONTEXT() REPRESENTATION_CONTEXT('2D SPACE',''
  ) );
#1471 = PCURVE('',#915,#1472);
#1472 = DEFINITIONAL_REPRESENTATION('',(#1473),#1477);
#1473 = LINE('',#1474,#1475);
#1474 = CARTESIAN_POINT('',(-1.8,0.));
#1475 = VECTOR('',#1476,1.);
#1476 = DIRECTION('',(-0.,1.));
#1477 = ( GEOMETRIC_REPRESENTATION_CONTEXT(2) 
PARAMETRIC_REPRESENTATION_CONTEXT() REPRESENTATION_CONTEXT('2D SPACE',''
  ) );
#1478 = FACE_BOUND('',#1479,.T.);
#1479 = EDGE_LOOP('',(#1480));
#1480 = ORIENTED_EDGE('',*,*,#1235,.F.);
#1481 = FACE_BOUND('',#1482,.T.);
#1482 = EDGE_LOOP('',(#1483,#1518,#1546));
#1483 = ORIENTED_EDGE('',*,*,#1484,.F.);
#1484 = EDGE_CURVE('',#1485,#1487,#1489,.T.);
#1485 = VERTEX_POINT('',#1486);
#1486 = CARTESIAN_POINT('',(7.179900599692,-63.20489596955,
    24.078099517745));
#1487 = VERTEX_POINT('',#1488);
#1488 = CARTESIAN_POINT('',(4.736855781249,-63.38937365135,21.5));
#1489 = SURFACE_CURVE('',#1490,(#1495,#1506),.PCURVE_S1.);
#1490 = CIRCLE('',#1491,2.807692307692);
#1491 = AXIS2_PLACEMENT_3D('',#1492,#1493,#1494);
#1492 = CARTESIAN_POINT('',(7.528907002327,-63.17854201501,
    21.292307692308));
#1493 = DIRECTION('',(7.529701297771E-02,-0.997161150385,0.));
#1494 = DIRECTION('',(0.997161150385,7.529701297771E-02,-0.));
#1495 = PCURVE('',#1250,#1496);
#1496 = DEFINITIONAL_REPRESENTATION('',(#1497),#1505);
#1497 = ( BOUNDED_CURVE() B_SPLINE_CURVE(2,(#1498,#1499,#1500,#1501,
#1502,#1503,#1504),.UNSPECIFIED.,.T.,.F.) B_SPLINE_CURVE_WITH_KNOTS((1,2
    ,2,2,2,1),(-2.094395102393,0.,2.094395102393,4.188790204786,
6.28318530718,8.377580409573),.UNSPECIFIED.) CURVE() 
GEOMETRIC_REPRESENTATION_ITEM() RATIONAL_B_SPLINE_CURVE((1.,0.5,1.,0.5,
1.,0.5,1.)) REPRESENTATION_ITEM('') );
#1498 = CARTESIAN_POINT('',(-6.042307692308,-3.157692307692));
#1499 = CARTESIAN_POINT('',(-10.90537342125,-3.157692307692));
#1500 = CARTESIAN_POINT('',(-8.473840556779,1.053846153846));
#1501 = CARTESIAN_POINT('',(-6.042307692308,5.265384615385));
#1502 = CARTESIAN_POINT('',(-3.610774827836,1.053846153846));
#1503 = CARTESIAN_POINT('',(-1.179241963364,-3.157692307692));
#1504 = CARTESIAN_POINT('',(-6.042307692308,-3.157692307692));
#1505 = ( GEOMETRIC_REPRESENTATION_CONTEXT(2) 
PARAMETRIC_REPRESENTATION_CONTEXT() REPRESENTATION_CONTEXT('2D SPACE',''
  ) );
#1506 = PCURVE('',#1507,#1512);
#1507 = CYLINDRICAL_SURFACE('',#1508,2.807692307692);
#1508 = AXIS2_PLACEMENT_3D('',#1509,#1510,#1511);
#1509 = CARTESIAN_POINT('',(7.182540742629,-58.59160072324,
    21.292307692308));
#1510 = DIRECTION('',(-7.529701297771E-02,0.997161150385,-0.));
#1511 = DIRECTION('',(0.997161150385,7.529701297771E-02,-0.));
#1512 = DEFINITIONAL_REPRESENTATION('',(#1513),#1517);
#1513 = LINE('',#1514,#1515);
#1514 = CARTESIAN_POINT('',(-0.,-4.6));
#1515 = VECTOR('',#1516,1.);
#1516 = DIRECTION('',(-1.,0.));
#1517 = ( GEOMETRIC_REPRESENTATION_CONTEXT(2) 
PARAMETRIC_REPRESENTATION_CONTEXT() REPRESENTATION_CONTEXT('2D SPACE',''
  ) );
#1518 = ORIENTED_EDGE('',*,*,#1519,.F.);
#1519 = EDGE_CURVE('',#1520,#1485,#1522,.T.);
#1520 = VERTEX_POINT('',#1521);
#1521 = CARTESIAN_POINT('',(7.179900599692,-63.20489596955,
    18.921900482255));
#1522 = SURFACE_CURVE('',#1523,(#1527,#1534),.PCURVE_S1.);
#1523 = LINE('',#1524,#1525);
#1524 = CARTESIAN_POINT('',(7.179900599692,-63.20489596955,21.5));
#1525 = VECTOR('',#1526,1.);
#1526 = DIRECTION('',(0.,-0.,1.));
#1527 = PCURVE('',#1250,#1528);
#1528 = DEFINITIONAL_REPRESENTATION('',(#1529),#1533);
#1529 = LINE('',#1530,#1531);
#1530 = CARTESIAN_POINT('',(-6.25,-1.77131402947E-15));
#1531 = VECTOR('',#1532,1.);
#1532 = DIRECTION('',(-1.,-0.));
#1533 = ( GEOMETRIC_REPRESENTATION_CONTEXT(2) 
PARAMETRIC_REPRESENTATION_CONTEXT() REPRESENTATION_CONTEXT('2D SPACE',''
  ) );
#1534 = PCURVE('',#1535,#1540);
#1535 = PLANE('',#1536);
#1536 = AXIS2_PLACEMENT_3D('',#1537,#1538,#1539);
#1537 = CARTESIAN_POINT('',(7.044365976332,-61.41000589886,21.5));
#1538 = DIRECTION('',(0.997161150385,7.529701297771E-02,0.));
#1539 = DIRECTION('',(-7.529701297771E-02,0.997161150385,0.));
#1540 = DEFINITIONAL_REPRESENTATION('',(#1541),#1545);
#1541 = LINE('',#1542,#1543);
#1542 = CARTESIAN_POINT('',(-1.8,0.));
#1543 = VECTOR('',#1544,1.);
#1544 = DIRECTION('',(-0.,1.));
#1545 = ( GEOMETRIC_REPRESENTATION_CONTEXT(2) 
PARAMETRIC_REPRESENTATION_CONTEXT() REPRESENTATION_CONTEXT('2D SPACE',''
  ) );
#1546 = ORIENTED_EDGE('',*,*,#1547,.F.);
#1547 = EDGE_CURVE('',#1487,#1520,#1548,.T.);
#1548 = SURFACE_CURVE('',#1549,(#1554,#1565),.PCURVE_S1.);
#1549 = CIRCLE('',#1550,2.807692307692);
#1550 = AXIS2_PLACEMENT_3D('',#1551,#1552,#1553);
#1551 = CARTESIAN_POINT('',(7.528907002327,-63.17854201501,
    21.707692307692));
#1552 = DIRECTION('',(7.529701297771E-02,-0.997161150385,0.));
#1553 = DIRECTION('',(0.997161150385,7.529701297771E-02,-0.));
#1554 = PCURVE('',#1250,#1555);
#1555 = DEFINITIONAL_REPRESENTATION('',(#1556),#1564);
#1556 = ( BOUNDED_CURVE() B_SPLINE_CURVE(2,(#1557,#1558,#1559,#1560,
#1561,#1562,#1563),.UNSPECIFIED.,.T.,.F.) B_SPLINE_CURVE_WITH_KNOTS((1,2
    ,2,2,2,1),(-2.094395102393,0.,2.094395102393,4.188790204786,
6.28318530718,8.377580409573),.UNSPECIFIED.) CURVE() 
GEOMETRIC_REPRESENTATION_ITEM() RATIONAL_B_SPLINE_CURVE((1.,0.5,1.,0.5,
1.,0.5,1.)) REPRESENTATION_ITEM('') );
#1557 = CARTESIAN_POINT('',(-6.457692307692,-3.157692307692));
#1558 = CARTESIAN_POINT('',(-11.32075803663,-3.157692307692));
#1559 = CARTESIAN_POINT('',(-8.889225172164,1.053846153846));
#1560 = CARTESIAN_POINT('',(-6.457692307692,5.265384615385));
#1561 = CARTESIAN_POINT('',(-4.026159443221,1.053846153846));
#1562 = CARTESIAN_POINT('',(-1.594626578749,-3.157692307692));
#1563 = CARTESIAN_POINT('',(-6.457692307692,-3.157692307692));
#1564 = ( GEOMETRIC_REPRESENTATION_CONTEXT(2) 
PARAMETRIC_REPRESENTATION_CONTEXT() REPRESENTATION_CONTEXT('2D SPACE',''
  ) );
#1565 = PCURVE('',#1566,#1571);
#1566 = CYLINDRICAL_SURFACE('',#1567,2.807692307692);
#1567 = AXIS2_PLACEMENT_3D('',#1568,#1569,#1570);
#1568 = CARTESIAN_POINT('',(7.182540742629,-58.59160072324,
    21.707692307692));
#1569 = DIRECTION('',(-7.529701297771E-02,0.997161150385,-0.));
#1570 = DIRECTION('',(0.997161150385,7.529701297771E-02,-0.));
#1571 = DEFINITIONAL_REPRESENTATION('',(#1572),#1576);
#1572 = LINE('',#1573,#1574);
#1573 = CARTESIAN_POINT('',(-0.,-4.6));
#1574 = VECTOR('',#1575,1.);
#1575 = DIRECTION('',(-1.,0.));
#1576 = ( GEOMETRIC_REPRESENTATION_CONTEXT(2) 
PARAMETRIC_REPRESENTATION_CONTEXT() REPRESENTATION_CONTEXT('2D SPACE',''
  ) );
#1577 = ADVANCED_FACE('',(#1578),#1566,.F.);
#1578 = FACE_BOUND('',#1579,.T.);
#1579 = EDGE_LOOP('',(#1580,#1603,#1736,#1757));
#1580 = ORIENTED_EDGE('',*,*,#1581,.T.);
#1581 = EDGE_CURVE('',#1520,#1582,#1584,.T.);
#1582 = VERTEX_POINT('',#1583);
#1583 = CARTESIAN_POINT('',(6.963568910196,-60.34000733942,
    18.921900456551));
#1584 = SURFACE_CURVE('',#1585,(#1589,#1596),.PCURVE_S1.);
#1585 = LINE('',#1586,#1587);
#1586 = CARTESIAN_POINT('',(6.833534339995,-58.61795467778,
    18.921900482255));
#1587 = VECTOR('',#1588,1.);
#1588 = DIRECTION('',(-7.529701297771E-02,0.997161150385,-0.));
#1589 = PCURVE('',#1566,#1590);
#1590 = DEFINITIONAL_REPRESENTATION('',(#1591),#1595);
#1591 = LINE('',#1592,#1593);
#1592 = CARTESIAN_POINT('',(-4.587406314753,0.));
#1593 = VECTOR('',#1594,1.);
#1594 = DIRECTION('',(-0.,1.));
#1595 = ( GEOMETRIC_REPRESENTATION_CONTEXT(2) 
PARAMETRIC_REPRESENTATION_CONTEXT() REPRESENTATION_CONTEXT('2D SPACE',''
  ) );
#1596 = PCURVE('',#1535,#1597);
#1597 = DEFINITIONAL_REPRESENTATION('',(#1598),#1602);
#1598 = LINE('',#1599,#1600);
#1599 = CARTESIAN_POINT('',(2.8,-2.578099517745));
#1600 = VECTOR('',#1601,1.);
#1601 = DIRECTION('',(1.,-0.));
#1602 = ( GEOMETRIC_REPRESENTATION_CONTEXT(2) 
PARAMETRIC_REPRESENTATION_CONTEXT() REPRESENTATION_CONTEXT('2D SPACE',''
  ) );
#1603 = ORIENTED_EDGE('',*,*,#1604,.T.);
#1604 = EDGE_CURVE('',#1582,#1605,#1607,.T.);
#1605 = VERTEX_POINT('',#1606);
#1606 = CARTESIAN_POINT('',(4.654788242855,-62.30255018042,21.5));
#1607 = SURFACE_CURVE('',#1608,(#1647,#1689),.PCURVE_S1.);
#1608 = B_SPLINE_CURVE_WITH_KNOTS('',7,(#1609,#1610,#1611,#1612,#1613,
    #1614,#1615,#1616,#1617,#1618,#1619,#1620,#1621,#1622,#1623,#1624,
    #1625,#1626,#1627,#1628,#1629,#1630,#1631,#1632,#1633,#1634,#1635,
    #1636,#1637,#1638,#1639,#1640,#1641,#1642,#1643,#1644,#1645,#1646),
  .UNSPECIFIED.,.F.,.F.,(8,6,6,6,6,6,8),(0.,0.353875113381,
    0.442697084966,0.490337629723,0.59088155954,0.705478174935,1.),
  .UNSPECIFIED.);
#1609 = CARTESIAN_POINT('',(7.796226680804,-58.54525985042,
    18.968280292776));
#1610 = CARTESIAN_POINT('',(7.715598683575,-58.84298673859,
    18.945181533936));
#1611 = CARTESIAN_POINT('',(7.615842501916,-59.13875654001,
    18.92255981772));
#1612 = CARTESIAN_POINT('',(7.496504286674,-59.43162309238,
    18.903298351453));
#1613 = CARTESIAN_POINT('',(7.356998321405,-59.72066308749,
    18.890995319222));
#1614 = CARTESIAN_POINT('',(7.196733872886,-60.00437254347,
    18.890130190785));
#1615 = CARTESIAN_POINT('',(7.015556346657,-60.28042535878,
    18.906436164758));
#1616 = CARTESIAN_POINT('',(6.764431837333,-60.6123403142,
    18.957702152921));
#1617 = CARTESIAN_POINT('',(6.712842727415,-60.6782212698,
    18.969536658511));
#1618 = CARTESIAN_POINT('',(6.660115126329,-60.74328660061,
    18.98302712537));
#1619 = CARTESIAN_POINT('',(6.606321320738,-60.80744152924,
    18.998280365047));
#1620 = CARTESIAN_POINT('',(6.551540449112,-60.87059824308,
    19.015402626443));
#1621 = CARTESIAN_POINT('',(6.495858501719,-60.93267589436,
    19.03449959581));
#1622 = CARTESIAN_POINT('',(6.409069252144,-61.02627816977,
    19.067034783816));
#1623 = CARTESIAN_POINT('',(6.378545238772,-61.05861593211,
    19.078988505506));
#1624 = CARTESIAN_POINT('',(6.347814963306,-61.09059808973,
    19.091551999237));
#1625 = CARTESIAN_POINT('',(6.316898880097,-61.12220879892,
    19.104738333608));
#1626 = CARTESIAN_POINT('',(6.285819215057,-61.15343216961,
    19.118559208406));
#1627 = CARTESIAN_POINT('',(6.254599965661,-61.18425226543,
    19.133024954599));
#1628 = CARTESIAN_POINT('',(6.157139414876,-61.27881315377,
    19.180053950422));
#1629 = CARTESIAN_POINT('',(6.090471512626,-61.34113868847,
    19.214890989909));
#1630 = CARTESIAN_POINT('',(6.023541817037,-61.40144093991,
    19.252724218568));
#1631 = CARTESIAN_POINT('',(5.956638523069,-61.45956825,19.293589153524)
  );
#1632 = CARTESIAN_POINT('',(5.890053522018,-61.5154037154,
    19.337486570426));
#1633 = CARTESIAN_POINT('',(5.824076525723,-61.56886283241,
    19.384380810625));
#1634 = CARTESIAN_POINT('',(5.68480481882,-61.67805150607,
    19.490978158752));
#1635 = CARTESIAN_POINT('',(5.611856267049,-61.73299126432,
    19.551494253662));
#1636 = CARTESIAN_POINT('',(5.540533241577,-61.78465901596,
    19.615640530798));
#1637 = CARTESIAN_POINT('',(5.471217197785,-61.83304298611,
    19.683250345454));
#1638 = CARTESIAN_POINT('',(5.404270264681,-61.87816574892,
    19.754094583523));
#1639 = CARTESIAN_POINT('',(5.340024169254,-61.92007895081,
    19.827879994524));
#1640 = CARTESIAN_POINT('',(5.121339233104,-62.05852316119,
    20.100517757093));
#1641 = CARTESIAN_POINT('',(4.984646873804,-62.13686544749,
    20.31262136948));
#1642 = CARTESIAN_POINT('',(4.870485333634,-62.19732859886,
    20.537432702165));
#1643 = CARTESIAN_POINT('',(4.780018434954,-62.2425452858,
    20.771766216949));
#1644 = CARTESIAN_POINT('',(4.713915766593,-62.27444785927,
    21.012408330629));
#1645 = CARTESIAN_POINT('',(4.672299283632,-62.29425198404,
    21.25617178282));
#1646 = CARTESIAN_POINT('',(4.654788242855,-62.30255018042,21.5));
#1647 = PCURVE('',#1566,#1648);
#1648 = DEFINITIONAL_REPRESENTATION('',(#1649),#1688);
#1649 = B_SPLINE_CURVE_WITH_KNOTS('',7,(#1650,#1651,#1652,#1653,#1654,
    #1655,#1656,#1657,#1658,#1659,#1660,#1661,#1662,#1663,#1664,#1665,
    #1666,#1667,#1668,#1669,#1670,#1671,#1672,#1673,#1674,#1675,#1676,
    #1677,#1678,#1679,#1680,#1681,#1682,#1683,#1684,#1685,#1686,#1687),
  .UNSPECIFIED.,.F.,.F.,(8,6,6,6,6,6,8),(0.,0.353875113381,
    0.442697084966,0.490337629723,0.59088155954,0.705478174935,1.),
  .UNSPECIFIED.);
#1650 = CARTESIAN_POINT('',(-4.93337867101,5.999999999062E-07));
#1651 = CARTESIAN_POINT('',(-4.895846145318,-0.290810038954));
#1652 = CARTESIAN_POINT('',(-4.851774070378,-0.578228851877));
#1653 = CARTESIAN_POINT('',(-4.801167047566,-0.861278189006));
#1654 = CARTESIAN_POINT('',(-4.74391099127,-1.138993260566));
#1655 = CARTESIAN_POINT('',(-4.679702910721,-1.409829873804));
#1656 = CARTESIAN_POINT('',(-4.608102537514,-1.67145689014));
#1657 = CARTESIAN_POINT('',(-4.508328528682,-1.983520663484));
#1658 = CARTESIAN_POINT('',(-4.487807436065,-2.045330087077));
#1659 = CARTESIAN_POINT('',(-4.466789488848,-2.106240476335));
#1660 = CARTESIAN_POINT('',(-4.445279324086,-2.16616276589));
#1661 = CARTESIAN_POINT('',(-4.423280461115,-2.225015351322));
#1662 = CARTESIAN_POINT('',(-4.400795301551,-2.282724089161));
#1663 = CARTESIAN_POINT('',(-4.365504849745,-2.369525670536));
#1664 = CARTESIAN_POINT('',(-4.353048097372,-2.399473263809));
#1665 = CARTESIAN_POINT('',(-4.34045678939,-2.429050730942));
#1666 = CARTESIAN_POINT('',(-4.327733299761,-2.458243813357));
#1667 = CARTESIAN_POINT('',(-4.314880459187,-2.487038339658));
#1668 = CARTESIAN_POINT('',(-4.30190155511,-2.515420225627));
#1669 = CARTESIAN_POINT('',(-4.261150595718,-2.602374181475));
#1670 = CARTESIAN_POINT('',(-4.232942107946,-2.659502889455));
#1671 = CARTESIAN_POINT('',(-4.204225292846,-2.714594345708));
#1672 = CARTESIAN_POINT('',(-4.175050949827,-2.767519022919));
#1673 = CARTESIAN_POINT('',(-4.145470310225,-2.818182328138));
#1674 = CARTESIAN_POINT('',(-4.11553509427,-2.866521812007));
#1675 = CARTESIAN_POINT('',(-4.050833844891,-2.964913771921));
#1676 = CARTESIAN_POINT('',(-4.016014558987,-3.014204756404));
#1677 = CARTESIAN_POINT('',(-3.98090850681,-3.060355420302));
#1678 = CARTESIAN_POINT('',(-3.945586982846,-3.103382744587));
#1679 = CARTESIAN_POINT('',(-3.910125577058,-3.143336506562));
#1680 = CARTESIAN_POINT('',(-3.874605972356,-3.180293184099));
#1681 = CARTESIAN_POINT('',(-3.747910350646,-3.301878049708));
#1682 = CARTESIAN_POINT('',(-3.657478882897,-3.369705407684));
#1683 = CARTESIAN_POINT('',(-3.567786727849,-3.42140089029));
#1684 = CARTESIAN_POINT('',(-3.478780579562,-3.459677326611));
#1685 = CARTESIAN_POINT('',(-3.390429068989,-3.486511999992));
#1686 = CARTESIAN_POINT('',(-3.302714391473,-3.503126306973));
#1687 = CARTESIAN_POINT('',(-3.215632885338,-3.51008241696));
#1688 = ( GEOMETRIC_REPRESENTATION_CONTEXT(2) 
PARAMETRIC_REPRESENTATION_CONTEXT() REPRESENTATION_CONTEXT('2D SPACE',''
  ) );
#1689 = PCURVE('',#1690,#1695);
#1690 = CYLINDRICAL_SURFACE('',#1691,5.85);
#1691 = AXIS2_PLACEMENT_3D('',#1692,#1693,#1694);
#1692 = CARTESIAN_POINT('',(2.149621930437,-57.01609184358,8.25));
#1693 = DIRECTION('',(-0.,-0.,1.));
#1694 = DIRECTION('',(0.997161150385,7.529701297771E-02,-0.));
#1695 = DEFINITIONAL_REPRESENTATION('',(#1696),#1735);
#1696 = B_SPLINE_CURVE_WITH_KNOTS('',7,(#1697,#1698,#1699,#1700,#1701,
    #1702,#1703,#1704,#1705,#1706,#1707,#1708,#1709,#1710,#1711,#1712,
    #1713,#1714,#1715,#1716,#1717,#1718,#1719,#1720,#1721,#1722,#1723,
    #1724,#1725,#1726,#1727,#1728,#1729,#1730,#1731,#1732,#1733,#1734),
  .UNSPECIFIED.,.F.,.F.,(8,6,6,6,6,6,8),(0.,0.353875113381,
    0.442697084966,0.490337629723,0.59088155954,0.705478174935,1.),
  .UNSPECIFIED.);
#1697 = CARTESIAN_POINT('',(-0.339836800668,10.718280292776));
#1698 = CARTESIAN_POINT('',(-0.392563510139,10.695181533936));
#1699 = CARTESIAN_POINT('',(-0.445822052979,10.67255981772));
#1700 = CARTESIAN_POINT('',(-0.499715739664,10.653298351453));
#1701 = CARTESIAN_POINT('',(-0.55438047914,10.640995319222));
#1702 = CARTESIAN_POINT('',(-0.609885624635,10.640130190785));
#1703 = CARTESIAN_POINT('',(-0.666203351139,10.656436164758));
#1704 = CARTESIAN_POINT('',(-0.737350419797,10.707702152921));
#1705 = CARTESIAN_POINT('',(-0.751652032958,10.719536658511));
#1706 = CARTESIAN_POINT('',(-0.765964726339,10.73302712537));
#1707 = CARTESIAN_POINT('',(-0.780272914819,10.748280365047));
#1708 = CARTESIAN_POINT('',(-0.794561137243,10.765402626443));
#1709 = CARTESIAN_POINT('',(-0.808814056417,10.78449959581));
#1710 = CARTESIAN_POINT('',(-0.830634058557,10.817034783816));
#1711 = CARTESIAN_POINT('',(-0.838235203238,10.828988505506));
#1712 = CARTESIAN_POINT('',(-0.845816474391,10.841551999237));
#1713 = CARTESIAN_POINT('',(-0.853374214275,10.854738333608));
#1714 = CARTESIAN_POINT('',(-0.860904526183,10.868559208406));
#1715 = CARTESIAN_POINT('',(-0.868403274434,10.883024954599));
#1716 = CARTESIAN_POINT('',(-0.891616119203,10.930053950422));
#1717 = CARTESIAN_POINT('',(-0.907214068614,10.964890989909));
#1718 = CARTESIAN_POINT('',(-0.922609723048,11.002724218568));
#1719 = CARTESIAN_POINT('',(-0.937755426835,11.043589153524));
#1720 = CARTESIAN_POINT('',(-0.952606230668,11.087486570426));
#1721 = CARTESIAN_POINT('',(-0.967120044071,11.134380810625));
#1722 = CARTESIAN_POINT('',(-0.99737151636,11.240978158752));
#1723 = CARTESIAN_POINT('',(-1.012979297694,11.301494253662));
#1724 = CARTESIAN_POINT('',(-1.028030227745,11.365640530798));
#1725 = CARTESIAN_POINT('',(-1.042476516862,11.433250345454));
#1726 = CARTESIAN_POINT('',(-1.056274562306,11.504094583523));
#1727 = CARTESIAN_POINT('',(-1.069386020705,11.577879994524));
#1728 = CARTESIAN_POINT('',(-1.113629451961,11.850517757093));
#1729 = CARTESIAN_POINT('',(-1.140535243744,12.06262136948));
#1730 = CARTESIAN_POINT('',(-1.162604783055,12.287432702165));
#1731 = CARTESIAN_POINT('',(-1.179890243719,12.521766216949));
#1732 = CARTESIAN_POINT('',(-1.192436790051,12.762408330629));
#1733 = CARTESIAN_POINT('',(-1.200315117079,13.00617178282));
#1734 = CARTESIAN_POINT('',(-1.203627550407,13.25));
#1735 = ( GEOMETRIC_REPRESENTATION_CONTEXT(2) 
PARAMETRIC_REPRESENTATION_CONTEXT() REPRESENTATION_CONTEXT('2D SPACE',''
  ) );
#1736 = ORIENTED_EDGE('',*,*,#1737,.T.);
#1737 = EDGE_CURVE('',#1605,#1487,#1738,.T.);
#1738 = SURFACE_CURVE('',#1739,(#1743,#1750),.PCURVE_S1.);
#1739 = LINE('',#1740,#1741);
#1740 = CARTESIAN_POINT('',(4.390489521552,-58.80243235958,21.5));
#1741 = VECTOR('',#1742,1.);
#1742 = DIRECTION('',(7.529701297771E-02,-0.997161150385,-0.));
#1743 = PCURVE('',#1566,#1744);
#1744 = DEFINITIONAL_REPRESENTATION('',(#1745),#1749);
#1745 = LINE('',#1746,#1747);
#1746 = CARTESIAN_POINT('',(-3.215632885338,0.));
#1747 = VECTOR('',#1748,1.);
#1748 = DIRECTION('',(-0.,-1.));
#1749 = ( GEOMETRIC_REPRESENTATION_CONTEXT(2) 
PARAMETRIC_REPRESENTATION_CONTEXT() REPRESENTATION_CONTEXT('2D SPACE',''
  ) );
#1750 = PCURVE('',#1507,#1751);
#1751 = DEFINITIONAL_REPRESENTATION('',(#1752),#1756);
#1752 = LINE('',#1753,#1754);
#1753 = CARTESIAN_POINT('',(-3.067552421842,0.));
#1754 = VECTOR('',#1755,1.);
#1755 = DIRECTION('',(-0.,-1.));
#1756 = ( GEOMETRIC_REPRESENTATION_CONTEXT(2) 
PARAMETRIC_REPRESENTATION_CONTEXT() REPRESENTATION_CONTEXT('2D SPACE',''
  ) );
#1757 = ORIENTED_EDGE('',*,*,#1547,.T.);
#1758 = ADVANCED_FACE('',(#1759),#1690,.T.);
#1759 = FACE_BOUND('',#1760,.F.);
#1760 = EDGE_LOOP('',(#1761,#1889,#1910));
#1761 = ORIENTED_EDGE('',*,*,#1762,.F.);
#1762 = EDGE_CURVE('',#1763,#1605,#1765,.T.);
#1763 = VERTEX_POINT('',#1764);
#1764 = CARTESIAN_POINT('',(6.963568910196,-60.34000733942,
    24.078099543448));
#1765 = SURFACE_CURVE('',#1766,(#1805,#1847),.PCURVE_S1.);
#1766 = B_SPLINE_CURVE_WITH_KNOTS('',7,(#1767,#1768,#1769,#1770,#1771,
    #1772,#1773,#1774,#1775,#1776,#1777,#1778,#1779,#1780,#1781,#1782,
    #1783,#1784,#1785,#1786,#1787,#1788,#1789,#1790,#1791,#1792,#1793,
    #1794,#1795,#1796,#1797,#1798,#1799,#1800,#1801,#1802,#1803,#1804),
  .UNSPECIFIED.,.F.,.F.,(8,6,6,6,6,6,8),(0.,0.35387511271,0.442697084203
    ,0.490337628979,0.590881558837,0.70547817428,1.),.UNSPECIFIED.);
#1767 = CARTESIAN_POINT('',(7.796226680804,-58.54525985042,
    24.031719707224));
#1768 = CARTESIAN_POINT('',(7.715598683384,-58.8429867393,
    24.054818466119));
#1769 = CARTESIAN_POINT('',(7.615842502136,-59.13875653884,
    24.077440182167));
#1770 = CARTESIAN_POINT('',(7.496504286955,-59.43162309257,
    24.096701648638));
#1771 = CARTESIAN_POINT('',(7.356998320844,-59.72066308817,
    24.10900468075));
#1772 = CARTESIAN_POINT('',(7.196733873044,-60.00437254322,24.1098698092
    ));
#1773 = CARTESIAN_POINT('',(7.015556346757,-60.28042535865,
    24.093563835263));
#1774 = CARTESIAN_POINT('',(6.764431837264,-60.61234031429,
    24.042297847065));
#1775 = CARTESIAN_POINT('',(6.712842727413,-60.67822126981,
    24.030463341495));
#1776 = CARTESIAN_POINT('',(6.660115126391,-60.74328660054,
    24.016972874651));
#1777 = CARTESIAN_POINT('',(6.606321320796,-60.80744152917,
    24.001719634967));
#1778 = CARTESIAN_POINT('',(6.551540449097,-60.87059824309,
    23.984597373546));
#1779 = CARTESIAN_POINT('',(6.495858501638,-60.93267589444,
    23.96550040416));
#1780 = CARTESIAN_POINT('',(6.409069252144,-61.02627816977,
    23.932965216184));
#1781 = CARTESIAN_POINT('',(6.378545238772,-61.05861593211,
    23.921011494494));
#1782 = CARTESIAN_POINT('',(6.347814963306,-61.09059808973,
    23.908448000763));
#1783 = CARTESIAN_POINT('',(6.316898880097,-61.12220879892,
    23.895261666392));
#1784 = CARTESIAN_POINT('',(6.285819215057,-61.15343216961,
    23.881440791594));
#1785 = CARTESIAN_POINT('',(6.254599965661,-61.18425226543,
    23.866975045401));
#1786 = CARTESIAN_POINT('',(6.157139414876,-61.27881315377,
    23.819946049578));
#1787 = CARTESIAN_POINT('',(6.090471512626,-61.34113868847,
    23.785109010091));
#1788 = CARTESIAN_POINT('',(6.023541817037,-61.40144093991,
    23.747275781432));
#1789 = CARTESIAN_POINT('',(5.956638523069,-61.45956825,23.706410846476)
  );
#1790 = CARTESIAN_POINT('',(5.890053522018,-61.5154037154,
    23.662513429574));
#1791 = CARTESIAN_POINT('',(5.824076525723,-61.56886283241,
    23.615619189375));
#1792 = CARTESIAN_POINT('',(5.68480481882,-61.67805150607,
    23.509021841248));
#1793 = CARTESIAN_POINT('',(5.611856267049,-61.73299126432,
    23.448505746338));
#1794 = CARTESIAN_POINT('',(5.540533241577,-61.78465901596,
    23.384359469202));
#1795 = CARTESIAN_POINT('',(5.471217197785,-61.83304298611,
    23.316749654546));
#1796 = CARTESIAN_POINT('',(5.404270264681,-61.87816574892,
    23.245905416477));
#1797 = CARTESIAN_POINT('',(5.340024169254,-61.92007895081,
    23.172120005476));
#1798 = CARTESIAN_POINT('',(5.121339232818,-62.05852316137,
    22.899482242551));
#1799 = CARTESIAN_POINT('',(4.984646873809,-62.13686544745,
    22.687378630374));
#1800 = CARTESIAN_POINT('',(4.870485333846,-62.19732859876,
    22.46256729813));
#1801 = CARTESIAN_POINT('',(4.78001843504,-62.24254528576,
    22.228233783467));
#1802 = CARTESIAN_POINT('',(4.7139157665,-62.27444785931,21.987591669382
    ));
#1803 = CARTESIAN_POINT('',(4.672299283597,-62.29425198405,21.7438282167
    ));
#1804 = CARTESIAN_POINT('',(4.654788242855,-62.30255018042,21.5));
#1805 = PCURVE('',#1690,#1806);
#1806 = DEFINITIONAL_REPRESENTATION('',(#1807),#1846);
#1807 = B_SPLINE_CURVE_WITH_KNOTS('',7,(#1808,#1809,#1810,#1811,#1812,
    #1813,#1814,#1815,#1816,#1817,#1818,#1819,#1820,#1821,#1822,#1823,
    #1824,#1825,#1826,#1827,#1828,#1829,#1830,#1831,#1832,#1833,#1834,
    #1835,#1836,#1837,#1838,#1839,#1840,#1841,#1842,#1843,#1844,#1845),
  .UNSPECIFIED.,.F.,.F.,(8,6,6,6,6,6,8),(0.,0.35387511271,0.442697084203
    ,0.490337628979,0.590881558837,0.70547817428,1.),.UNSPECIFIED.);
#1808 = CARTESIAN_POINT('',(-0.339836800668,15.781719707224));
#1809 = CARTESIAN_POINT('',(-0.392563510264,15.804818466119));
#1810 = CARTESIAN_POINT('',(-0.445822052779,15.827440182167));
#1811 = CARTESIAN_POINT('',(-0.499715739678,15.846701648638));
#1812 = CARTESIAN_POINT('',(-0.554380479284,15.85900468075));
#1813 = CARTESIAN_POINT('',(-0.609885624586,15.8598698092));
#1814 = CARTESIAN_POINT('',(-0.666203351111,15.843563835263));
#1815 = CARTESIAN_POINT('',(-0.737350419817,15.792297847065));
#1816 = CARTESIAN_POINT('',(-0.75165203296,15.780463341495));
#1817 = CARTESIAN_POINT('',(-0.765964726323,15.766972874651));
#1818 = CARTESIAN_POINT('',(-0.780272914804,15.751719634967));
#1819 = CARTESIAN_POINT('',(-0.794561137246,15.734597373546));
#1820 = CARTESIAN_POINT('',(-0.808814056438,15.71550040416));
#1821 = CARTESIAN_POINT('',(-0.830634058557,15.682965216184));
#1822 = CARTESIAN_POINT('',(-0.838235203238,15.671011494494));
#1823 = CARTESIAN_POINT('',(-0.845816474391,15.658448000763));
#1824 = CARTESIAN_POINT('',(-0.853374214275,15.645261666392));
#1825 = CARTESIAN_POINT('',(-0.860904526183,15.631440791594));
#1826 = CARTESIAN_POINT('',(-0.868403274434,15.616975045401));
#1827 = CARTESIAN_POINT('',(-0.891616119203,15.569946049578));
#1828 = CARTESIAN_POINT('',(-0.907214068614,15.535109010091));
#1829 = CARTESIAN_POINT('',(-0.922609723048,15.497275781432));
#1830 = CARTESIAN_POINT('',(-0.937755426835,15.456410846476));
#1831 = CARTESIAN_POINT('',(-0.952606230668,15.412513429574));
#1832 = CARTESIAN_POINT('',(-0.967120044071,15.365619189375));
#1833 = CARTESIAN_POINT('',(-0.99737151636,15.259021841248));
#1834 = CARTESIAN_POINT('',(-1.012979297694,15.198505746338));
#1835 = CARTESIAN_POINT('',(-1.028030227745,15.134359469202));
#1836 = CARTESIAN_POINT('',(-1.042476516862,15.066749654546));
#1837 = CARTESIAN_POINT('',(-1.056274562306,14.995905416477));
#1838 = CARTESIAN_POINT('',(-1.069386020705,14.922120005476));
#1839 = CARTESIAN_POINT('',(-1.113629452019,14.649482242551));
#1840 = CARTESIAN_POINT('',(-1.14053524374,14.437378630374));
#1841 = CARTESIAN_POINT('',(-1.162604783015,14.21256729813));
#1842 = CARTESIAN_POINT('',(-1.179890243703,13.978233783467));
#1843 = CARTESIAN_POINT('',(-1.192436790069,13.737591669382));
#1844 = CARTESIAN_POINT('',(-1.200315117086,13.4938282167));
#1845 = CARTESIAN_POINT('',(-1.203627550407,13.25));
#1846 = ( GEOMETRIC_REPRESENTATION_CONTEXT(2) 
PARAMETRIC_REPRESENTATION_CONTEXT() REPRESENTATION_CONTEXT('2D SPACE',''
  ) );
#1847 = PCURVE('',#1507,#1848);
#1848 = DEFINITIONAL_REPRESENTATION('',(#1849),#1888);
#1849 = B_SPLINE_CURVE_WITH_KNOTS('',7,(#1850,#1851,#1852,#1853,#1854,
    #1855,#1856,#1857,#1858,#1859,#1860,#1861,#1862,#1863,#1864,#1865,
    #1866,#1867,#1868,#1869,#1870,#1871,#1872,#1873,#1874,#1875,#1876,
    #1877,#1878,#1879,#1880,#1881,#1882,#1883,#1884,#1885,#1886,#1887),
  .UNSPECIFIED.,.F.,.F.,(8,6,6,6,6,6,8),(0.,0.35387511271,0.442697084203
    ,0.490337628979,0.590881558837,0.70547817428,1.),.UNSPECIFIED.);
#1850 = CARTESIAN_POINT('',(-1.349806636169,5.999999999062E-07));
#1851 = CARTESIAN_POINT('',(-1.387339161951,-0.290810039643));
#1852 = CARTESIAN_POINT('',(-1.431411236687,-0.57822885073));
#1853 = CARTESIAN_POINT('',(-1.482018259524,-0.861278189226));
#1854 = CARTESIAN_POINT('',(-1.539274316124,-1.138993261204));
#1855 = CARTESIAN_POINT('',(-1.603482396397,-1.409829873564));
#1856 = CARTESIAN_POINT('',(-1.675082769626,-1.671456890015));
#1857 = CARTESIAN_POINT('',(-1.774856778525,-1.983520663569));
#1858 = CARTESIAN_POINT('',(-1.795377871115,-2.045330087088));
#1859 = CARTESIAN_POINT('',(-1.816395818306,-2.106240476269));
#1860 = CARTESIAN_POINT('',(-1.83790598307,-2.166162765822));
#1861 = CARTESIAN_POINT('',(-1.859904846071,-2.225015351329));
#1862 = CARTESIAN_POINT('',(-1.882390005662,-2.282724089242));
#1863 = CARTESIAN_POINT('',(-1.917680457435,-2.369525670536));
#1864 = CARTESIAN_POINT('',(-1.930137209808,-2.399473263809));
#1865 = CARTESIAN_POINT('',(-1.942728517789,-2.429050730942));
#1866 = CARTESIAN_POINT('',(-1.955452007418,-2.458243813357));
#1867 = CARTESIAN_POINT('',(-1.968304847993,-2.487038339658));
#1868 = CARTESIAN_POINT('',(-1.981283752069,-2.515420225627));
#1869 = CARTESIAN_POINT('',(-2.022034711462,-2.602374181475));
#1870 = CARTESIAN_POINT('',(-2.050243199234,-2.659502889455));
#1871 = CARTESIAN_POINT('',(-2.078960014333,-2.714594345708));
#1872 = CARTESIAN_POINT('',(-2.108134357352,-2.767519022919));
#1873 = CARTESIAN_POINT('',(-2.137714996954,-2.818182328138));
#1874 = CARTESIAN_POINT('',(-2.167650212909,-2.866521812007));
#1875 = CARTESIAN_POINT('',(-2.232351462289,-2.964913771921));
#1876 = CARTESIAN_POINT('',(-2.267170748193,-3.014204756404));
#1877 = CARTESIAN_POINT('',(-2.302276800369,-3.060355420302));
#1878 = CARTESIAN_POINT('',(-2.337598324334,-3.103382744587));
#1879 = CARTESIAN_POINT('',(-2.373059730122,-3.143336506562));
#1880 = CARTESIAN_POINT('',(-2.408579334824,-3.180293184099));
#1881 = CARTESIAN_POINT('',(-2.535274956699,-3.301878049867));
#1882 = CARTESIAN_POINT('',(-2.62570642432,-3.369705407651));
#1883 = CARTESIAN_POINT('',(-2.715398579207,-3.421400890204));
#1884 = CARTESIAN_POINT('',(-2.804404727474,-3.459677326581));
#1885 = CARTESIAN_POINT('',(-2.892756238189,-3.486512000029));
#1886 = CARTESIAN_POINT('',(-2.980470915878,-3.503126306987));
#1887 = CARTESIAN_POINT('',(-3.067552421842,-3.51008241696));
#1888 = ( GEOMETRIC_REPRESENTATION_CONTEXT(2) 
PARAMETRIC_REPRESENTATION_CONTEXT() REPRESENTATION_CONTEXT('2D SPACE',''
  ) );
#1889 = ORIENTED_EDGE('',*,*,#1890,.F.);
#1890 = EDGE_CURVE('',#1582,#1763,#1891,.T.);
#1891 = SURFACE_CURVE('',#1892,(#1896,#1903),.PCURVE_S1.);
#1892 = LINE('',#1893,#1894);
#1893 = CARTESIAN_POINT('',(6.963568912782,-60.34000737367,8.25));
#1894 = VECTOR('',#1895,1.);
#1895 = DIRECTION('',(-0.,-0.,1.));
#1896 = PCURVE('',#1690,#1897);
#1897 = DEFINITIONAL_REPRESENTATION('',(#1898),#1902);
#1898 = LINE('',#1899,#1900);
#1899 = CARTESIAN_POINT('',(-0.679673818908,0.));
#1900 = VECTOR('',#1901,1.);
#1901 = DIRECTION('',(-0.,1.));
#1902 = ( GEOMETRIC_REPRESENTATION_CONTEXT(2) 
PARAMETRIC_REPRESENTATION_CONTEXT() REPRESENTATION_CONTEXT('2D SPACE',''
  ) );
#1903 = PCURVE('',#1535,#1904);
#1904 = DEFINITIONAL_REPRESENTATION('',(#1905),#1909);
#1905 = LINE('',#1906,#1907);
#1906 = CARTESIAN_POINT('',(1.07304473783,-13.25));
#1907 = VECTOR('',#1908,1.);
#1908 = DIRECTION('',(-0.,1.));
#1909 = ( GEOMETRIC_REPRESENTATION_CONTEXT(2) 
PARAMETRIC_REPRESENTATION_CONTEXT() REPRESENTATION_CONTEXT('2D SPACE',''
  ) );
#1910 = ORIENTED_EDGE('',*,*,#1604,.T.);
#1911 = ADVANCED_FACE('',(#1912),#1535,.F.);
#1912 = FACE_BOUND('',#1913,.T.);
#1913 = EDGE_LOOP('',(#1914,#1915,#1916,#1937));
#1914 = ORIENTED_EDGE('',*,*,#1581,.F.);
#1915 = ORIENTED_EDGE('',*,*,#1519,.T.);
#1916 = ORIENTED_EDGE('',*,*,#1917,.T.);
#1917 = EDGE_CURVE('',#1485,#1763,#1918,.T.);
#1918 = SURFACE_CURVE('',#1919,(#1923,#1930),.PCURVE_S1.);
#1919 = LINE('',#1920,#1921);
#1920 = CARTESIAN_POINT('',(6.833534339995,-58.61795467778,
    24.078099517745));
#1921 = VECTOR('',#1922,1.);
#1922 = DIRECTION('',(-7.529701297771E-02,0.997161150385,-0.));
#1923 = PCURVE('',#1535,#1924);
#1924 = DEFINITIONAL_REPRESENTATION('',(#1925),#1929);
#1925 = LINE('',#1926,#1927);
#1926 = CARTESIAN_POINT('',(2.8,2.578099517745));
#1927 = VECTOR('',#1928,1.);
#1928 = DIRECTION('',(1.,-0.));
#1929 = ( GEOMETRIC_REPRESENTATION_CONTEXT(2) 
PARAMETRIC_REPRESENTATION_CONTEXT() REPRESENTATION_CONTEXT('2D SPACE',''
  ) );
#1930 = PCURVE('',#1507,#1931);
#1931 = DEFINITIONAL_REPRESENTATION('',(#1932),#1936);
#1932 = LINE('',#1933,#1934);
#1933 = CARTESIAN_POINT('',(-1.695778992426,0.));
#1934 = VECTOR('',#1935,1.);
#1935 = DIRECTION('',(-0.,1.));
#1936 = ( GEOMETRIC_REPRESENTATION_CONTEXT(2) 
PARAMETRIC_REPRESENTATION_CONTEXT() REPRESENTATION_CONTEXT('2D SPACE',''
  ) );
#1937 = ORIENTED_EDGE('',*,*,#1890,.F.);
#1938 = ADVANCED_FACE('',(#1939),#1507,.F.);
#1939 = FACE_BOUND('',#1940,.T.);
#1940 = EDGE_LOOP('',(#1941,#1942,#1943,#1944));
#1941 = ORIENTED_EDGE('',*,*,#1762,.F.);
#1942 = ORIENTED_EDGE('',*,*,#1917,.F.);
#1943 = ORIENTED_EDGE('',*,*,#1484,.T.);
#1944 = ORIENTED_EDGE('',*,*,#1737,.F.);
#1945 = ADVANCED_FACE('',(#1946),#1367,.F.);
#1946 = FACE_BOUND('',#1947,.T.);
#1947 = EDGE_LOOP('',(#1948,#1973,#1994,#1995));
#1948 = ORIENTED_EDGE('',*,*,#1949,.T.);
#1949 = EDGE_CURVE('',#1950,#1952,#1954,.T.);
#1950 = VERTEX_POINT('',#1951);
#1951 = CARTESIAN_POINT('',(2.514812443379,-61.85232342295,27.55));
#1952 = VERTEX_POINT('',#1953);
#1953 = CARTESIAN_POINT('',(2.514812443379,-61.85232342295,21.6));
#1954 = SURFACE_CURVE('',#1955,(#1959,#1966),.PCURVE_S1.);
#1955 = LINE('',#1956,#1957);
#1956 = CARTESIAN_POINT('',(2.514812443379,-61.85232342295,21.6));
#1957 = VECTOR('',#1958,1.);
#1958 = DIRECTION('',(-0.,-0.,-1.));
#1959 = PCURVE('',#1367,#1960);
#1960 = DEFINITIONAL_REPRESENTATION('',(#1961),#1965);
#1961 = LINE('',#1962,#1963);
#1962 = CARTESIAN_POINT('',(-0.1,-2.975));
#1963 = VECTOR('',#1964,1.);
#1964 = DIRECTION('',(-0.,-1.));
#1965 = ( GEOMETRIC_REPRESENTATION_CONTEXT(2) 
PARAMETRIC_REPRESENTATION_CONTEXT() REPRESENTATION_CONTEXT('2D SPACE',''
  ) );
#1966 = PCURVE('',#282,#1967);
#1967 = DEFINITIONAL_REPRESENTATION('',(#1968),#1972);
#1968 = LINE('',#1969,#1970);
#1969 = CARTESIAN_POINT('',(1.570796326795,0.));
#1970 = VECTOR('',#1971,1.);
#1971 = DIRECTION('',(0.,1.));
#1972 = ( GEOMETRIC_REPRESENTATION_CONTEXT(2) 
PARAMETRIC_REPRESENTATION_CONTEXT() REPRESENTATION_CONTEXT('2D SPACE',''
  ) );
#1973 = ORIENTED_EDGE('',*,*,#1974,.T.);
#1974 = EDGE_CURVE('',#1952,#1352,#1975,.T.);
#1975 = SURFACE_CURVE('',#1976,(#1980,#1987),.PCURVE_S1.);
#1976 = LINE('',#1977,#1978);
#1977 = CARTESIAN_POINT('',(2.507282742082,-61.75260730791,21.6));
#1978 = VECTOR('',#1979,1.);
#1979 = DIRECTION('',(7.529701297771E-02,-0.997161150385,0.));
#1980 = PCURVE('',#1367,#1981);
#1981 = DEFINITIONAL_REPRESENTATION('',(#1982),#1986);
#1982 = LINE('',#1983,#1984);
#1983 = CARTESIAN_POINT('',(-0.,-2.975));
#1984 = VECTOR('',#1985,1.);
#1985 = DIRECTION('',(-1.,0.));
#1986 = ( GEOMETRIC_REPRESENTATION_CONTEXT(2) 
PARAMETRIC_REPRESENTATION_CONTEXT() REPRESENTATION_CONTEXT('2D SPACE',''
  ) );
#1987 = PCURVE('',#254,#1988);
#1988 = DEFINITIONAL_REPRESENTATION('',(#1989),#1993);
#1989 = LINE('',#1990,#1991);
#1990 = CARTESIAN_POINT('',(-1.8,3.330669073875E-16));
#1991 = VECTOR('',#1992,1.);
#1992 = DIRECTION('',(-1.,0.));
#1993 = ( GEOMETRIC_REPRESENTATION_CONTEXT(2) 
PARAMETRIC_REPRESENTATION_CONTEXT() REPRESENTATION_CONTEXT('2D SPACE',''
  ) );
#1994 = ORIENTED_EDGE('',*,*,#1351,.T.);
#1995 = ORIENTED_EDGE('',*,*,#1996,.F.);
#1996 = EDGE_CURVE('',#1950,#1329,#1997,.T.);
#1997 = SURFACE_CURVE('',#1998,(#2002,#2009),.PCURVE_S1.);
#1998 = LINE('',#1999,#2000);
#1999 = CARTESIAN_POINT('',(2.507282742082,-61.75260730791,27.55));
#2000 = VECTOR('',#2001,1.);
#2001 = DIRECTION('',(7.529701297771E-02,-0.997161150385,0.));
#2002 = PCURVE('',#1367,#2003);
#2003 = DEFINITIONAL_REPRESENTATION('',(#2004),#2008);
#2004 = LINE('',#2005,#2006);
#2005 = CARTESIAN_POINT('',(-0.,2.975));
#2006 = VECTOR('',#2007,1.);
#2007 = DIRECTION('',(-1.,0.));
#2008 = ( GEOMETRIC_REPRESENTATION_CONTEXT(2) 
PARAMETRIC_REPRESENTATION_CONTEXT() REPRESENTATION_CONTEXT('2D SPACE',''
  ) );
#2009 = PCURVE('',#310,#2010);
#2010 = DEFINITIONAL_REPRESENTATION('',(#2011),#2015);
#2011 = LINE('',#2012,#2013);
#2012 = CARTESIAN_POINT('',(-1.8,3.330669073875E-16));
#2013 = VECTOR('',#2014,1.);
#2014 = DIRECTION('',(-1.,0.));
#2015 = ( GEOMETRIC_REPRESENTATION_CONTEXT(2) 
PARAMETRIC_REPRESENTATION_CONTEXT() REPRESENTATION_CONTEXT('2D SPACE',''
  ) );
#2016 = ADVANCED_FACE('',(#2017),#1418,.F.);
#2017 = FACE_BOUND('',#2018,.T.);
#2018 = EDGE_LOOP('',(#2019,#2044,#2067,#2095,#2116,#2117));
#2019 = ORIENTED_EDGE('',*,*,#2020,.F.);
#2020 = EDGE_CURVE('',#2021,#2023,#2025,.T.);
#2021 = VERTEX_POINT('',#2022);
#2022 = CARTESIAN_POINT('',(2.692440763324,-60.22044009473,13.15));
#2023 = VERTEX_POINT('',#2024);
#2024 = CARTESIAN_POINT('',(2.692440763324,-60.22044009473,21.6));
#2025 = SURFACE_CURVE('',#2026,(#2030,#2037),.PCURVE_S1.);
#2026 = LINE('',#2027,#2028);
#2027 = CARTESIAN_POINT('',(2.692440763324,-60.22044009473,8.25));
#2028 = VECTOR('',#2029,1.);
#2029 = DIRECTION('',(-0.,-0.,1.));
#2030 = PCURVE('',#1418,#2031);
#2031 = DEFINITIONAL_REPRESENTATION('',(#2032),#2036);
#2032 = LINE('',#2033,#2034);
#2033 = CARTESIAN_POINT('',(1.513875774943,-13.25));
#2034 = VECTOR('',#2035,1.);
#2035 = DIRECTION('',(-0.,1.));
#2036 = ( GEOMETRIC_REPRESENTATION_CONTEXT(2) 
PARAMETRIC_REPRESENTATION_CONTEXT() REPRESENTATION_CONTEXT('2D SPACE',''
  ) );
#2037 = PCURVE('',#226,#2038);
#2038 = DEFINITIONAL_REPRESENTATION('',(#2039),#2043);
#2039 = LINE('',#2040,#2041);
#2040 = CARTESIAN_POINT('',(-1.478357041443,0.));
#2041 = VECTOR('',#2042,1.);
#2042 = DIRECTION('',(-0.,1.));
#2043 = ( GEOMETRIC_REPRESENTATION_CONTEXT(2) 
PARAMETRIC_REPRESENTATION_CONTEXT() REPRESENTATION_CONTEXT('2D SPACE',''
  ) );
#2044 = ORIENTED_EDGE('',*,*,#2045,.T.);
#2045 = EDGE_CURVE('',#2021,#2046,#2048,.T.);
#2046 = VERTEX_POINT('',#2047);
#2047 = CARTESIAN_POINT('',(2.941965710557,-63.52490827471,13.15));
#2048 = SURFACE_CURVE('',#2049,(#2053,#2060),.PCURVE_S1.);
#2049 = LINE('',#2050,#2051);
#2050 = CARTESIAN_POINT('',(2.806431087197,-61.73001820402,13.15));
#2051 = VECTOR('',#2052,1.);
#2052 = DIRECTION('',(7.529701297771E-02,-0.997161150385,0.));
#2053 = PCURVE('',#1418,#2054);
#2054 = DEFINITIONAL_REPRESENTATION('',(#2055),#2059);
#2055 = LINE('',#2056,#2057);
#2056 = CARTESIAN_POINT('',(-0.,-8.35));
#2057 = VECTOR('',#2058,1.);
#2058 = DIRECTION('',(-1.,0.));
#2059 = ( GEOMETRIC_REPRESENTATION_CONTEXT(2) 
PARAMETRIC_REPRESENTATION_CONTEXT() REPRESENTATION_CONTEXT('2D SPACE',''
  ) );
#2060 = PCURVE('',#198,#2061);
#2061 = DEFINITIONAL_REPRESENTATION('',(#2062),#2066);
#2062 = LINE('',#2063,#2064);
#2063 = CARTESIAN_POINT('',(-1.8,-5.107025913276E-15));
#2064 = VECTOR('',#2065,1.);
#2065 = DIRECTION('',(-1.,0.));
#2066 = ( GEOMETRIC_REPRESENTATION_CONTEXT(2) 
PARAMETRIC_REPRESENTATION_CONTEXT() REPRESENTATION_CONTEXT('2D SPACE',''
  ) );
#2067 = ORIENTED_EDGE('',*,*,#2068,.T.);
#2068 = EDGE_CURVE('',#2046,#2069,#2071,.T.);
#2069 = VERTEX_POINT('',#2070);
#2070 = CARTESIAN_POINT('',(2.701015269028,-60.33399259348,15.25));
#2071 = SURFACE_CURVE('',#2072,(#2076,#2083),.PCURVE_S1.);
#2072 = LINE('',#2073,#2074);
#2073 = CARTESIAN_POINT('',(2.941965710557,-63.52490827471,13.15));
#2074 = VECTOR('',#2075,1.);
#2075 = DIRECTION('',(-6.295191039229E-02,0.833674496547,0.548656441487)
  );
#2076 = PCURVE('',#1418,#2077);
#2077 = DEFINITIONAL_REPRESENTATION('',(#2078),#2082);
#2078 = LINE('',#2079,#2080);
#2079 = CARTESIAN_POINT('',(-1.8,-8.35));
#2080 = VECTOR('',#2081,1.);
#2081 = DIRECTION('',(0.836047910837,0.548656441487));
#2082 = ( GEOMETRIC_REPRESENTATION_CONTEXT(2) 
PARAMETRIC_REPRESENTATION_CONTEXT() REPRESENTATION_CONTEXT('2D SPACE',''
  ) );
#2083 = PCURVE('',#2084,#2089);
#2084 = PLANE('',#2085);
#2085 = AXIS2_PLACEMENT_3D('',#2086,#2087,#2088);
#2086 = CARTESIAN_POINT('',(2.941965710557,-63.52490827471,13.15));
#2087 = DIRECTION('',(-4.131219119494E-02,0.547098888359,-0.836047910837
    ));
#2088 = DIRECTION('',(6.295191039229E-02,-0.833674496547,-0.548656441487
    ));
#2089 = DEFINITIONAL_REPRESENTATION('',(#2090),#2094);
#2090 = LINE('',#2091,#2092);
#2091 = CARTESIAN_POINT('',(3.354751697359E-16,-5.313942088411E-15));
#2092 = VECTOR('',#2093,1.);
#2093 = DIRECTION('',(-1.,0.));
#2094 = ( GEOMETRIC_REPRESENTATION_CONTEXT(2) 
PARAMETRIC_REPRESENTATION_CONTEXT() REPRESENTATION_CONTEXT('2D SPACE',''
  ) );
#2095 = ORIENTED_EDGE('',*,*,#2096,.T.);
#2096 = EDGE_CURVE('',#2069,#1403,#2097,.T.);
#2097 = SURFACE_CURVE('',#2098,(#2102,#2109),.PCURVE_S1.);
#2098 = LINE('',#2099,#2100);
#2099 = CARTESIAN_POINT('',(2.806431087197,-61.73001820402,15.25));
#2100 = VECTOR('',#2101,1.);
#2101 = DIRECTION('',(7.529701297771E-02,-0.997161150385,0.));
#2102 = PCURVE('',#1418,#2103);
#2103 = DEFINITIONAL_REPRESENTATION('',(#2104),#2108);
#2104 = LINE('',#2105,#2106);
#2105 = CARTESIAN_POINT('',(-0.,-6.25));
#2106 = VECTOR('',#2107,1.);
#2107 = DIRECTION('',(-1.,0.));
#2108 = ( GEOMETRIC_REPRESENTATION_CONTEXT(2) 
PARAMETRIC_REPRESENTATION_CONTEXT() REPRESENTATION_CONTEXT('2D SPACE',''
  ) );
#2109 = PCURVE('',#1446,#2110);
#2110 = DEFINITIONAL_REPRESENTATION('',(#2111),#2115);
#2111 = LINE('',#2112,#2113);
#2112 = CARTESIAN_POINT('',(-1.4,4.25));
#2113 = VECTOR('',#2114,1.);
#2114 = DIRECTION('',(-1.,0.));
#2115 = ( GEOMETRIC_REPRESENTATION_CONTEXT(2) 
PARAMETRIC_REPRESENTATION_CONTEXT() REPRESENTATION_CONTEXT('2D SPACE',''
  ) );
#2116 = ORIENTED_EDGE('',*,*,#1402,.T.);
#2117 = ORIENTED_EDGE('',*,*,#2118,.F.);
#2118 = EDGE_CURVE('',#2023,#1380,#2119,.T.);
#2119 = SURFACE_CURVE('',#2120,(#2124,#2131),.PCURVE_S1.);
#2120 = LINE('',#2121,#2122);
#2121 = CARTESIAN_POINT('',(2.670896463837,-59.93512813332,21.6));
#2122 = VECTOR('',#2123,1.);
#2123 = DIRECTION('',(7.529701297771E-02,-0.997161150385,-0.));
#2124 = PCURVE('',#1418,#2125);
#2125 = DEFINITIONAL_REPRESENTATION('',(#2126),#2130);
#2126 = LINE('',#2127,#2128);
#2127 = CARTESIAN_POINT('',(1.8,0.1));
#2128 = VECTOR('',#2129,1.);
#2129 = DIRECTION('',(-1.,0.));
#2130 = ( GEOMETRIC_REPRESENTATION_CONTEXT(2) 
PARAMETRIC_REPRESENTATION_CONTEXT() REPRESENTATION_CONTEXT('2D SPACE',''
  ) );
#2131 = PCURVE('',#254,#2132);
#2132 = DEFINITIONAL_REPRESENTATION('',(#2133),#2137);
#2133 = LINE('',#2134,#2135);
#2134 = CARTESIAN_POINT('',(3.920475055708E-15,-0.3));
#2135 = VECTOR('',#2136,1.);
#2136 = DIRECTION('',(-1.,0.));
#2137 = ( GEOMETRIC_REPRESENTATION_CONTEXT(2) 
PARAMETRIC_REPRESENTATION_CONTEXT() REPRESENTATION_CONTEXT('2D SPACE',''
  ) );
#2138 = ADVANCED_FACE('',(#2139),#2084,.F.);
#2139 = FACE_BOUND('',#2140,.T.);
#2140 = EDGE_LOOP('',(#2141,#2164,#2165,#2188,#2216,#2239,#2267,#2295,
    #2318,#2346));
#2141 = ORIENTED_EDGE('',*,*,#2142,.F.);
#2142 = EDGE_CURVE('',#2069,#2143,#2145,.T.);
#2143 = VERTEX_POINT('',#2144);
#2144 = CARTESIAN_POINT('',(17.907722812396,-59.18571314557,15.25));
#2145 = SURFACE_CURVE('',#2146,(#2150,#2157),.PCURVE_S1.);
#2146 = LINE('',#2147,#2148);
#2147 = CARTESIAN_POINT('',(2.701015269028,-60.33399259348,15.25));
#2148 = VECTOR('',#2149,1.);
#2149 = DIRECTION('',(0.997161150385,7.529701297771E-02,-0.));
#2150 = PCURVE('',#2084,#2151);
#2151 = DEFINITIONAL_REPRESENTATION('',(#2152),#2156);
#2152 = LINE('',#2153,#2154);
#2153 = CARTESIAN_POINT('',(-3.827531841801,-2.775557561563E-16));
#2154 = VECTOR('',#2155,1.);
#2155 = DIRECTION('',(-0.,-1.));
#2156 = ( GEOMETRIC_REPRESENTATION_CONTEXT(2) 
PARAMETRIC_REPRESENTATION_CONTEXT() REPRESENTATION_CONTEXT('2D SPACE',''
  ) );
#2157 = PCURVE('',#1446,#2158);
#2158 = DEFINITIONAL_REPRESENTATION('',(#2159),#2163);
#2159 = LINE('',#2160,#2161);
#2160 = CARTESIAN_POINT('',(2.331468351713E-15,4.25));
#2161 = VECTOR('',#2162,1.);
#2162 = DIRECTION('',(-0.,-1.));
#2163 = ( GEOMETRIC_REPRESENTATION_CONTEXT(2) 
PARAMETRIC_REPRESENTATION_CONTEXT() REPRESENTATION_CONTEXT('2D SPACE',''
  ) );
#2164 = ORIENTED_EDGE('',*,*,#2068,.F.);
#2165 = ORIENTED_EDGE('',*,*,#2166,.T.);
#2166 = EDGE_CURVE('',#2046,#2167,#2169,.T.);
#2167 = VERTEX_POINT('',#2168);
#2168 = CARTESIAN_POINT('',(7.628623117365,-63.17101231371,13.15));
#2169 = SURFACE_CURVE('',#2170,(#2174,#2181),.PCURVE_S1.);
#2170 = LINE('',#2171,#2172);
#2171 = CARTESIAN_POINT('',(2.941965710557,-63.52490827471,13.15));
#2172 = VECTOR('',#2173,1.);
#2173 = DIRECTION('',(0.997161150385,7.529701297771E-02,
    3.779482637022E-16));
#2174 = PCURVE('',#2084,#2175);
#2175 = DEFINITIONAL_REPRESENTATION('',(#2176),#2180);
#2176 = LINE('',#2177,#2178);
#2177 = CARTESIAN_POINT('',(-0.,0.));
#2178 = VECTOR('',#2179,1.);
#2179 = DIRECTION('',(-2.01199320739E-16,-1.));
#2180 = ( GEOMETRIC_REPRESENTATION_CONTEXT(2) 
PARAMETRIC_REPRESENTATION_CONTEXT() REPRESENTATION_CONTEXT('2D SPACE',''
  ) );
#2181 = PCURVE('',#198,#2182);
#2182 = DEFINITIONAL_REPRESENTATION('',(#2183),#2187);
#2183 = LINE('',#2184,#2185);
#2184 = CARTESIAN_POINT('',(-3.6,7.216449660064E-16));
#2185 = VECTOR('',#2186,1.);
#2186 = DIRECTION('',(-0.,-1.));
#2187 = ( GEOMETRIC_REPRESENTATION_CONTEXT(2) 
PARAMETRIC_REPRESENTATION_CONTEXT() REPRESENTATION_CONTEXT('2D SPACE',''
  ) );
#2188 = ORIENTED_EDGE('',*,*,#2189,.T.);
#2189 = EDGE_CURVE('',#2167,#2190,#2192,.T.);
#2190 = VERTEX_POINT('',#2191);
#2191 = CARTESIAN_POINT('',(62.721502440564,-59.0108730546,13.15));
#2192 = SURFACE_CURVE('',#2193,(#2197,#2204),.PCURVE_S1.);
#2193 = LINE('',#2194,#2195);
#2194 = CARTESIAN_POINT('',(7.628623117365,-63.17101231371,13.15));
#2195 = VECTOR('',#2196,1.);
#2196 = DIRECTION('',(0.997161150385,7.529701297771E-02,-0.));
#2197 = PCURVE('',#2084,#2198);
#2198 = DEFINITIONAL_REPRESENTATION('',(#2199),#2203);
#2199 = LINE('',#2200,#2201);
#2200 = CARTESIAN_POINT('',(-0.,-4.7));
#2201 = VECTOR('',#2202,1.);
#2202 = DIRECTION('',(-0.,-1.));
#2203 = ( GEOMETRIC_REPRESENTATION_CONTEXT(2) 
PARAMETRIC_REPRESENTATION_CONTEXT() REPRESENTATION_CONTEXT('2D SPACE',''
  ) );
#2204 = PCURVE('',#2205,#2210);
#2205 = PLANE('',#2206);
#2206 = AXIS2_PLACEMENT_3D('',#2207,#2208,#2209);
#2207 = CARTESIAN_POINT('',(2.941965710557,-63.52490827471,11.35));
#2208 = DIRECTION('',(-7.529701297771E-02,0.997161150385,-0.));
#2209 = DIRECTION('',(0.,0.,-1.));
#2210 = DEFINITIONAL_REPRESENTATION('',(#2211),#2215);
#2211 = LINE('',#2212,#2213);
#2212 = CARTESIAN_POINT('',(-1.8,-4.7));
#2213 = VECTOR('',#2214,1.);
#2214 = DIRECTION('',(-0.,-1.));
#2215 = ( GEOMETRIC_REPRESENTATION_CONTEXT(2) 
PARAMETRIC_REPRESENTATION_CONTEXT() REPRESENTATION_CONTEXT('2D SPACE',''
  ) );
#2216 = ORIENTED_EDGE('',*,*,#2217,.T.);
#2217 = EDGE_CURVE('',#2190,#2218,#2220,.T.);
#2218 = VERTEX_POINT('',#2219);
#2219 = CARTESIAN_POINT('',(67.707308192488,-58.63438798971,13.15));
#2220 = SURFACE_CURVE('',#2221,(#2225,#2232),.PCURVE_S1.);
#2221 = LINE('',#2222,#2223);
#2222 = CARTESIAN_POINT('',(58.533425608948,-59.32712050911,13.15));
#2223 = VECTOR('',#2224,1.);
#2224 = DIRECTION('',(0.997161150385,7.529701297771E-02,-0.));
#2225 = PCURVE('',#2084,#2226);
#2226 = DEFINITIONAL_REPRESENTATION('',(#2227),#2231);
#2227 = LINE('',#2228,#2229);
#2228 = CARTESIAN_POINT('',(1.862788042016E-15,-55.74972498371));
#2229 = VECTOR('',#2230,1.);
#2230 = DIRECTION('',(-0.,-1.));
#2231 = ( GEOMETRIC_REPRESENTATION_CONTEXT(2) 
PARAMETRIC_REPRESENTATION_CONTEXT() REPRESENTATION_CONTEXT('2D SPACE',''
  ) );
#2232 = PCURVE('',#833,#2233);
#2233 = DEFINITIONAL_REPRESENTATION('',(#2234),#2238);
#2234 = LINE('',#2235,#2236);
#2235 = CARTESIAN_POINT('',(-3.6,-4.163336342344E-15));
#2236 = VECTOR('',#2237,1.);
#2237 = DIRECTION('',(-0.,-1.));
#2238 = ( GEOMETRIC_REPRESENTATION_CONTEXT(2) 
PARAMETRIC_REPRESENTATION_CONTEXT() REPRESENTATION_CONTEXT('2D SPACE',''
  ) );
#2239 = ORIENTED_EDGE('',*,*,#2240,.T.);
#2240 = EDGE_CURVE('',#2218,#2241,#2243,.T.);
#2241 = VERTEX_POINT('',#2242);
#2242 = CARTESIAN_POINT('',(67.466357750959,-55.44347230848,15.25));
#2243 = SURFACE_CURVE('',#2244,(#2248,#2255),.PCURVE_S1.);
#2244 = LINE('',#2245,#2246);
#2245 = CARTESIAN_POINT('',(67.707308192488,-58.63438798971,13.15));
#2246 = VECTOR('',#2247,1.);
#2247 = DIRECTION('',(-6.295191039229E-02,0.833674496547,0.548656441487)
  );
#2248 = PCURVE('',#2084,#2249);
#2249 = DEFINITIONAL_REPRESENTATION('',(#2250),#2254);
#2250 = LINE('',#2251,#2252);
#2251 = CARTESIAN_POINT('',(-8.881784197001E-16,-64.94972498371));
#2252 = VECTOR('',#2253,1.);
#2253 = DIRECTION('',(-1.,0.));
#2254 = ( GEOMETRIC_REPRESENTATION_CONTEXT(2) 
PARAMETRIC_REPRESENTATION_CONTEXT() REPRESENTATION_CONTEXT('2D SPACE',''
  ) );
#2255 = PCURVE('',#2256,#2261);
#2256 = PLANE('',#2257);
#2257 = AXIS2_PLACEMENT_3D('',#2258,#2259,#2260);
#2258 = CARTESIAN_POINT('',(67.571773569128,-56.83949791902,21.5));
#2259 = DIRECTION('',(0.997161150385,7.529701297771E-02,-0.));
#2260 = DIRECTION('',(-7.529701297771E-02,0.997161150385,0.));
#2261 = DEFINITIONAL_REPRESENTATION('',(#2262),#2266);
#2262 = LINE('',#2263,#2264);
#2263 = CARTESIAN_POINT('',(-1.8,-8.35));
#2264 = VECTOR('',#2265,1.);
#2265 = DIRECTION('',(0.836047910837,0.548656441487));
#2266 = ( GEOMETRIC_REPRESENTATION_CONTEXT(2) 
PARAMETRIC_REPRESENTATION_CONTEXT() REPRESENTATION_CONTEXT('2D SPACE',''
  ) );
#2267 = ORIENTED_EDGE('',*,*,#2268,.F.);
#2268 = EDGE_CURVE('',#2269,#2241,#2271,.T.);
#2269 = VERTEX_POINT('',#2270);
#2270 = CARTESIAN_POINT('',(58.292475167419,-56.13620482787,15.25));
#2271 = SURFACE_CURVE('',#2272,(#2276,#2283),.PCURVE_S1.);
#2272 = LINE('',#2273,#2274);
#2273 = CARTESIAN_POINT('',(58.292475167419,-56.13620482787,15.25));
#2274 = VECTOR('',#2275,1.);
#2275 = DIRECTION('',(0.997161150385,7.529701297771E-02,-0.));
#2276 = PCURVE('',#2084,#2277);
#2277 = DEFINITIONAL_REPRESENTATION('',(#2278),#2282);
#2278 = LINE('',#2279,#2280);
#2279 = CARTESIAN_POINT('',(-3.827531841801,-55.74972498371));
#2280 = VECTOR('',#2281,1.);
#2281 = DIRECTION('',(-0.,-1.));
#2282 = ( GEOMETRIC_REPRESENTATION_CONTEXT(2) 
PARAMETRIC_REPRESENTATION_CONTEXT() REPRESENTATION_CONTEXT('2D SPACE',''
  ) );
#2283 = PCURVE('',#2284,#2289);
#2284 = PLANE('',#2285);
#2285 = AXIS2_PLACEMENT_3D('',#2286,#2287,#2288);
#2286 = CARTESIAN_POINT('',(58.292475167419,-56.13620482787,15.25));
#2287 = DIRECTION('',(-0.,-0.,1.));
#2288 = DIRECTION('',(-7.529701297771E-02,0.997161150385,0.));
#2289 = DEFINITIONAL_REPRESENTATION('',(#2290),#2294);
#2290 = LINE('',#2291,#2292);
#2291 = CARTESIAN_POINT('',(-0.,-0.));
#2292 = VECTOR('',#2293,1.);
#2293 = DIRECTION('',(-0.,-1.));
#2294 = ( GEOMETRIC_REPRESENTATION_CONTEXT(2) 
PARAMETRIC_REPRESENTATION_CONTEXT() REPRESENTATION_CONTEXT('2D SPACE',''
  ) );
#2295 = ORIENTED_EDGE('',*,*,#2296,.F.);
#2296 = EDGE_CURVE('',#2297,#2269,#2299,.T.);
#2297 = VERTEX_POINT('',#2298);
#2298 = CARTESIAN_POINT('',(37.706357453285,-57.69069095289,15.25));
#2299 = SURFACE_CURVE('',#2300,(#2304,#2311),.PCURVE_S1.);
#2300 = LINE('',#2301,#2302);
#2301 = CARTESIAN_POINT('',(2.701015269028,-60.33399259348,15.25));
#2302 = VECTOR('',#2303,1.);
#2303 = DIRECTION('',(0.997161150385,7.529701297771E-02,-0.));
#2304 = PCURVE('',#2084,#2305);
#2305 = DEFINITIONAL_REPRESENTATION('',(#2306),#2310);
#2306 = LINE('',#2307,#2308);
#2307 = CARTESIAN_POINT('',(-3.827531841801,-2.775557561563E-16));
#2308 = VECTOR('',#2309,1.);
#2309 = DIRECTION('',(-0.,-1.));
#2310 = ( GEOMETRIC_REPRESENTATION_CONTEXT(2) 
PARAMETRIC_REPRESENTATION_CONTEXT() REPRESENTATION_CONTEXT('2D SPACE',''
  ) );
#2311 = PCURVE('',#674,#2312);
#2312 = DEFINITIONAL_REPRESENTATION('',(#2313),#2317);
#2313 = LINE('',#2314,#2315);
#2314 = CARTESIAN_POINT('',(-0.,-0.));
#2315 = VECTOR('',#2316,1.);
#2316 = DIRECTION('',(-0.,-1.));
#2317 = ( GEOMETRIC_REPRESENTATION_CONTEXT(2) 
PARAMETRIC_REPRESENTATION_CONTEXT() REPRESENTATION_CONTEXT('2D SPACE',''
  ) );
#2318 = ORIENTED_EDGE('',*,*,#2319,.F.);
#2319 = EDGE_CURVE('',#2320,#2297,#2322,.T.);
#2320 = VERTEX_POINT('',#2321);
#2321 = CARTESIAN_POINT('',(29.729068250207,-58.29306705672,15.25));
#2322 = SURFACE_CURVE('',#2323,(#2327,#2334),.PCURVE_S1.);
#2323 = LINE('',#2324,#2325);
#2324 = CARTESIAN_POINT('',(29.729068250207,-58.29306705672,15.25));
#2325 = VECTOR('',#2326,1.);
#2326 = DIRECTION('',(0.997161150385,7.529701297771E-02,-0.));
#2327 = PCURVE('',#2084,#2328);
#2328 = DEFINITIONAL_REPRESENTATION('',(#2329),#2333);
#2329 = LINE('',#2330,#2331);
#2330 = CARTESIAN_POINT('',(-3.827531841801,-27.105));
#2331 = VECTOR('',#2332,1.);
#2332 = DIRECTION('',(-0.,-1.));
#2333 = ( GEOMETRIC_REPRESENTATION_CONTEXT(2) 
PARAMETRIC_REPRESENTATION_CONTEXT() REPRESENTATION_CONTEXT('2D SPACE',''
  ) );
#2334 = PCURVE('',#2335,#2340);
#2335 = PLANE('',#2336);
#2336 = AXIS2_PLACEMENT_3D('',#2337,#2338,#2339);
#2337 = CARTESIAN_POINT('',(29.729068250207,-58.29306705672,15.25));
#2338 = DIRECTION('',(-0.,-0.,1.));
#2339 = DIRECTION('',(-7.529701297771E-02,0.997161150385,0.));
#2340 = DEFINITIONAL_REPRESENTATION('',(#2341),#2345);
#2341 = LINE('',#2342,#2343);
#2342 = CARTESIAN_POINT('',(-0.,-0.));
#2343 = VECTOR('',#2344,1.);
#2344 = DIRECTION('',(-0.,-1.));
#2345 = ( GEOMETRIC_REPRESENTATION_CONTEXT(2) 
PARAMETRIC_REPRESENTATION_CONTEXT() REPRESENTATION_CONTEXT('2D SPACE',''
  ) );
#2346 = ORIENTED_EDGE('',*,*,#2347,.F.);
#2347 = EDGE_CURVE('',#2143,#2320,#2348,.T.);
#2348 = SURFACE_CURVE('',#2349,(#2353,#2360),.PCURVE_S1.);
#2349 = LINE('',#2350,#2351);
#2350 = CARTESIAN_POINT('',(2.701015269028,-60.33399259348,15.25));
#2351 = VECTOR('',#2352,1.);
#2352 = DIRECTION('',(0.997161150385,7.529701297771E-02,-0.));
#2353 = PCURVE('',#2084,#2354);
#2354 = DEFINITIONAL_REPRESENTATION('',(#2355),#2359);
#2355 = LINE('',#2356,#2357);
#2356 = CARTESIAN_POINT('',(-3.827531841801,-2.775557561563E-16));
#2357 = VECTOR('',#2358,1.);
#2358 = DIRECTION('',(-0.,-1.));
#2359 = ( GEOMETRIC_REPRESENTATION_CONTEXT(2) 
PARAMETRIC_REPRESENTATION_CONTEXT() REPRESENTATION_CONTEXT('2D SPACE',''
  ) );
#2360 = PCURVE('',#943,#2361);
#2361 = DEFINITIONAL_REPRESENTATION('',(#2362),#2366);
#2362 = LINE('',#2363,#2364);
#2363 = CARTESIAN_POINT('',(-0.,-0.));
#2364 = VECTOR('',#2365,1.);
#2365 = DIRECTION('',(-0.,-1.));
#2366 = ( GEOMETRIC_REPRESENTATION_CONTEXT(2) 
PARAMETRIC_REPRESENTATION_CONTEXT() REPRESENTATION_CONTEXT('2D SPACE',''
  ) );
#2367 = ADVANCED_FACE('',(#2368),#2335,.F.);
#2368 = FACE_BOUND('',#2369,.T.);
#2369 = EDGE_LOOP('',(#2370,#2371,#2394,#2422));
#2370 = ORIENTED_EDGE('',*,*,#2319,.T.);
#2371 = ORIENTED_EDGE('',*,*,#2372,.T.);
#2372 = EDGE_CURVE('',#2297,#2373,#2375,.T.);
#2373 = VERTEX_POINT('',#2374);
#2374 = CARTESIAN_POINT('',(37.947307894813,-60.88160663413,15.25));
#2375 = SURFACE_CURVE('',#2376,(#2380,#2387),.PCURVE_S1.);
#2376 = LINE('',#2377,#2378);
#2377 = CARTESIAN_POINT('',(37.811773271454,-59.08671656343,15.25));
#2378 = VECTOR('',#2379,1.);
#2379 = DIRECTION('',(7.529701297771E-02,-0.997161150385,0.));
#2380 = PCURVE('',#2335,#2381);
#2381 = DEFINITIONAL_REPRESENTATION('',(#2382),#2386);
#2382 = LINE('',#2383,#2384);
#2383 = CARTESIAN_POINT('',(-1.4,-8.));
#2384 = VECTOR('',#2385,1.);
#2385 = DIRECTION('',(-1.,0.));
#2386 = ( GEOMETRIC_REPRESENTATION_CONTEXT(2) 
PARAMETRIC_REPRESENTATION_CONTEXT() REPRESENTATION_CONTEXT('2D SPACE',''
  ) );
#2387 = PCURVE('',#646,#2388);
#2388 = DEFINITIONAL_REPRESENTATION('',(#2389),#2393);
#2389 = LINE('',#2390,#2391);
#2390 = CARTESIAN_POINT('',(-0.,-6.25));
#2391 = VECTOR('',#2392,1.);
#2392 = DIRECTION('',(-1.,0.));
#2393 = ( GEOMETRIC_REPRESENTATION_CONTEXT(2) 
PARAMETRIC_REPRESENTATION_CONTEXT() REPRESENTATION_CONTEXT('2D SPACE',''
  ) );
#2394 = ORIENTED_EDGE('',*,*,#2395,.F.);
#2395 = EDGE_CURVE('',#2396,#2373,#2398,.T.);
#2396 = VERTEX_POINT('',#2397);
#2397 = CARTESIAN_POINT('',(29.970018691735,-61.48398273795,15.25));
#2398 = SURFACE_CURVE('',#2399,(#2403,#2410),.PCURVE_S1.);
#2399 = LINE('',#2400,#2401);
#2400 = CARTESIAN_POINT('',(29.970018691735,-61.48398273795,15.25));
#2401 = VECTOR('',#2402,1.);
#2402 = DIRECTION('',(0.997161150385,7.529701297771E-02,-0.));
#2403 = PCURVE('',#2335,#2404);
#2404 = DEFINITIONAL_REPRESENTATION('',(#2405),#2409);
#2405 = LINE('',#2406,#2407);
#2406 = CARTESIAN_POINT('',(-3.2,2.053912595557E-15));
#2407 = VECTOR('',#2408,1.);
#2408 = DIRECTION('',(-0.,-1.));
#2409 = ( GEOMETRIC_REPRESENTATION_CONTEXT(2) 
PARAMETRIC_REPRESENTATION_CONTEXT() REPRESENTATION_CONTEXT('2D SPACE',''
  ) );
#2410 = PCURVE('',#2411,#2416);
#2411 = PLANE('',#2412);
#2412 = AXIS2_PLACEMENT_3D('',#2413,#2414,#2415);
#2413 = CARTESIAN_POINT('',(29.970018691735,-61.48398273795,15.25));
#2414 = DIRECTION('',(-7.529701297771E-02,0.997161150385,-0.));
#2415 = DIRECTION('',(0.,0.,-1.));
#2416 = DEFINITIONAL_REPRESENTATION('',(#2417),#2421);
#2417 = LINE('',#2418,#2419);
#2418 = CARTESIAN_POINT('',(-0.,-0.));
#2419 = VECTOR('',#2420,1.);
#2420 = DIRECTION('',(-0.,-1.));
#2421 = ( GEOMETRIC_REPRESENTATION_CONTEXT(2) 
PARAMETRIC_REPRESENTATION_CONTEXT() REPRESENTATION_CONTEXT('2D SPACE',''
  ) );
#2422 = ORIENTED_EDGE('',*,*,#2423,.F.);
#2423 = EDGE_CURVE('',#2320,#2396,#2424,.T.);
#2424 = SURFACE_CURVE('',#2425,(#2429,#2436),.PCURVE_S1.);
#2425 = LINE('',#2426,#2427);
#2426 = CARTESIAN_POINT('',(29.834484068376,-59.68909266725,15.25));
#2427 = VECTOR('',#2428,1.);
#2428 = DIRECTION('',(7.529701297771E-02,-0.997161150385,0.));
#2429 = PCURVE('',#2335,#2430);
#2430 = DEFINITIONAL_REPRESENTATION('',(#2431),#2435);
#2431 = LINE('',#2432,#2433);
#2432 = CARTESIAN_POINT('',(-1.4,-1.085243006571E-14));
#2433 = VECTOR('',#2434,1.);
#2434 = DIRECTION('',(-1.,0.));
#2435 = ( GEOMETRIC_REPRESENTATION_CONTEXT(2) 
PARAMETRIC_REPRESENTATION_CONTEXT() REPRESENTATION_CONTEXT('2D SPACE',''
  ) );
#2436 = PCURVE('',#969,#2437);
#2437 = DEFINITIONAL_REPRESENTATION('',(#2438),#2442);
#2438 = LINE('',#2439,#2440);
#2439 = CARTESIAN_POINT('',(-0.,-6.25));
#2440 = VECTOR('',#2441,1.);
#2441 = DIRECTION('',(-1.,0.));
#2442 = ( GEOMETRIC_REPRESENTATION_CONTEXT(2) 
PARAMETRIC_REPRESENTATION_CONTEXT() REPRESENTATION_CONTEXT('2D SPACE',''
  ) );
#2443 = ADVANCED_FACE('',(#2444),#2411,.F.);
#2444 = FACE_BOUND('',#2445,.T.);
#2445 = EDGE_LOOP('',(#2446,#2447,#2470,#2498));
#2446 = ORIENTED_EDGE('',*,*,#2395,.T.);
#2447 = ORIENTED_EDGE('',*,*,#2448,.T.);
#2448 = EDGE_CURVE('',#2373,#2449,#2451,.T.);
#2449 = VERTEX_POINT('',#2450);
#2450 = CARTESIAN_POINT('',(37.947307894813,-60.88160663413,27.75));
#2451 = SURFACE_CURVE('',#2452,(#2456,#2463),.PCURVE_S1.);
#2452 = LINE('',#2453,#2454);
#2453 = CARTESIAN_POINT('',(37.947307894813,-60.88160663413,21.5));
#2454 = VECTOR('',#2455,1.);
#2455 = DIRECTION('',(0.,-0.,1.));
#2456 = PCURVE('',#2411,#2457);
#2457 = DEFINITIONAL_REPRESENTATION('',(#2458),#2462);
#2458 = LINE('',#2459,#2460);
#2459 = CARTESIAN_POINT('',(-6.25,-8.));
#2460 = VECTOR('',#2461,1.);
#2461 = DIRECTION('',(-1.,-0.));
#2462 = ( GEOMETRIC_REPRESENTATION_CONTEXT(2) 
PARAMETRIC_REPRESENTATION_CONTEXT() REPRESENTATION_CONTEXT('2D SPACE',''
  ) );
#2463 = PCURVE('',#646,#2464);
#2464 = DEFINITIONAL_REPRESENTATION('',(#2465),#2469);
#2465 = LINE('',#2466,#2467);
#2466 = CARTESIAN_POINT('',(-1.8,0.));
#2467 = VECTOR('',#2468,1.);
#2468 = DIRECTION('',(-0.,1.));
#2469 = ( GEOMETRIC_REPRESENTATION_CONTEXT(2) 
PARAMETRIC_REPRESENTATION_CONTEXT() REPRESENTATION_CONTEXT('2D SPACE',''
  ) );
#2470 = ORIENTED_EDGE('',*,*,#2471,.F.);
#2471 = EDGE_CURVE('',#2472,#2449,#2474,.T.);
#2472 = VERTEX_POINT('',#2473);
#2473 = CARTESIAN_POINT('',(29.970018691735,-61.48398273795,27.75));
#2474 = SURFACE_CURVE('',#2475,(#2479,#2486),.PCURVE_S1.);
#2475 = LINE('',#2476,#2477);
#2476 = CARTESIAN_POINT('',(29.970018691735,-61.48398273795,27.75));
#2477 = VECTOR('',#2478,1.);
#2478 = DIRECTION('',(0.997161150385,7.529701297771E-02,-0.));
#2479 = PCURVE('',#2411,#2480);
#2480 = DEFINITIONAL_REPRESENTATION('',(#2481),#2485);
#2481 = LINE('',#2482,#2483);
#2482 = CARTESIAN_POINT('',(-12.5,-0.));
#2483 = VECTOR('',#2484,1.);
#2484 = DIRECTION('',(-0.,-1.));
#2485 = ( GEOMETRIC_REPRESENTATION_CONTEXT(2) 
PARAMETRIC_REPRESENTATION_CONTEXT() REPRESENTATION_CONTEXT('2D SPACE',''
  ) );
#2486 = PCURVE('',#2487,#2492);
#2487 = PLANE('',#2488);
#2488 = AXIS2_PLACEMENT_3D('',#2489,#2490,#2491);
#2489 = CARTESIAN_POINT('',(29.729068250207,-58.29306705672,27.75));
#2490 = DIRECTION('',(-0.,-0.,1.));
#2491 = DIRECTION('',(-7.529701297771E-02,0.997161150385,0.));
#2492 = DEFINITIONAL_REPRESENTATION('',(#2493),#2497);
#2493 = LINE('',#2494,#2495);
#2494 = CARTESIAN_POINT('',(-3.2,2.053912595557E-15));
#2495 = VECTOR('',#2496,1.);
#2496 = DIRECTION('',(-0.,-1.));
#2497 = ( GEOMETRIC_REPRESENTATION_CONTEXT(2) 
PARAMETRIC_REPRESENTATION_CONTEXT() REPRESENTATION_CONTEXT('2D SPACE',''
  ) );
#2498 = ORIENTED_EDGE('',*,*,#2499,.F.);
#2499 = EDGE_CURVE('',#2396,#2472,#2500,.T.);
#2500 = SURFACE_CURVE('',#2501,(#2505,#2512),.PCURVE_S1.);
#2501 = LINE('',#2502,#2503);
#2502 = CARTESIAN_POINT('',(29.970018691736,-61.48398273795,21.5));
#2503 = VECTOR('',#2504,1.);
#2504 = DIRECTION('',(0.,-0.,1.));
#2505 = PCURVE('',#2411,#2506);
#2506 = DEFINITIONAL_REPRESENTATION('',(#2507),#2511);
#2507 = LINE('',#2508,#2509);
#2508 = CARTESIAN_POINT('',(-6.25,-1.062788417682E-14));
#2509 = VECTOR('',#2510,1.);
#2510 = DIRECTION('',(-1.,-0.));
#2511 = ( GEOMETRIC_REPRESENTATION_CONTEXT(2) 
PARAMETRIC_REPRESENTATION_CONTEXT() REPRESENTATION_CONTEXT('2D SPACE',''
  ) );
#2512 = PCURVE('',#969,#2513);
#2513 = DEFINITIONAL_REPRESENTATION('',(#2514),#2518);
#2514 = LINE('',#2515,#2516);
#2515 = CARTESIAN_POINT('',(-1.8,0.));
#2516 = VECTOR('',#2517,1.);
#2517 = DIRECTION('',(-0.,1.));
#2518 = ( GEOMETRIC_REPRESENTATION_CONTEXT(2) 
PARAMETRIC_REPRESENTATION_CONTEXT() REPRESENTATION_CONTEXT('2D SPACE',''
  ) );
#2519 = ADVANCED_FACE('',(#2520),#2487,.T.);
#2520 = FACE_BOUND('',#2521,.F.);
#2521 = EDGE_LOOP('',(#2522,#2552,#2573,#2574));
#2522 = ORIENTED_EDGE('',*,*,#2523,.T.);
#2523 = EDGE_CURVE('',#2524,#2526,#2528,.T.);
#2524 = VERTEX_POINT('',#2525);
#2525 = CARTESIAN_POINT('',(29.729068250207,-58.29306705672,27.75));
#2526 = VERTEX_POINT('',#2527);
#2527 = CARTESIAN_POINT('',(37.706357453285,-57.69069095289,27.75));
#2528 = SURFACE_CURVE('',#2529,(#2533,#2540),.PCURVE_S1.);
#2529 = LINE('',#2530,#2531);
#2530 = CARTESIAN_POINT('',(29.729068250207,-58.29306705672,27.75));
#2531 = VECTOR('',#2532,1.);
#2532 = DIRECTION('',(0.997161150385,7.529701297771E-02,-0.));
#2533 = PCURVE('',#2487,#2534);
#2534 = DEFINITIONAL_REPRESENTATION('',(#2535),#2539);
#2535 = LINE('',#2536,#2537);
#2536 = CARTESIAN_POINT('',(-0.,-0.));
#2537 = VECTOR('',#2538,1.);
#2538 = DIRECTION('',(-0.,-1.));
#2539 = ( GEOMETRIC_REPRESENTATION_CONTEXT(2) 
PARAMETRIC_REPRESENTATION_CONTEXT() REPRESENTATION_CONTEXT('2D SPACE',''
  ) );
#2540 = PCURVE('',#2541,#2546);
#2541 = PLANE('',#2542);
#2542 = AXIS2_PLACEMENT_3D('',#2543,#2544,#2545);
#2543 = CARTESIAN_POINT('',(2.701015269028,-60.33399259348,27.75));
#2544 = DIRECTION('',(-4.131219119494E-02,0.547098888359,0.836047910837)
  );
#2545 = DIRECTION('',(-6.295191039229E-02,0.833674496547,-0.548656441487
    ));
#2546 = DEFINITIONAL_REPRESENTATION('',(#2547),#2551);
#2547 = LINE('',#2548,#2549);
#2548 = CARTESIAN_POINT('',(-2.22044604925E-16,-27.105));
#2549 = VECTOR('',#2550,1.);
#2550 = DIRECTION('',(-1.706067975555E-17,-1.));
#2551 = ( GEOMETRIC_REPRESENTATION_CONTEXT(2) 
PARAMETRIC_REPRESENTATION_CONTEXT() REPRESENTATION_CONTEXT('2D SPACE',''
  ) );
#2552 = ORIENTED_EDGE('',*,*,#2553,.T.);
#2553 = EDGE_CURVE('',#2526,#2449,#2554,.T.);
#2554 = SURFACE_CURVE('',#2555,(#2559,#2566),.PCURVE_S1.);
#2555 = LINE('',#2556,#2557);
#2556 = CARTESIAN_POINT('',(37.811773271454,-59.08671656343,27.75));
#2557 = VECTOR('',#2558,1.);
#2558 = DIRECTION('',(7.529701297771E-02,-0.997161150385,0.));
#2559 = PCURVE('',#2487,#2560);
#2560 = DEFINITIONAL_REPRESENTATION('',(#2561),#2565);
#2561 = LINE('',#2562,#2563);
#2562 = CARTESIAN_POINT('',(-1.4,-8.));
#2563 = VECTOR('',#2564,1.);
#2564 = DIRECTION('',(-1.,0.));
#2565 = ( GEOMETRIC_REPRESENTATION_CONTEXT(2) 
PARAMETRIC_REPRESENTATION_CONTEXT() REPRESENTATION_CONTEXT('2D SPACE',''
  ) );
#2566 = PCURVE('',#646,#2567);
#2567 = DEFINITIONAL_REPRESENTATION('',(#2568),#2572);
#2568 = LINE('',#2569,#2570);
#2569 = CARTESIAN_POINT('',(-0.,6.25));
#2570 = VECTOR('',#2571,1.);
#2571 = DIRECTION('',(-1.,0.));
#2572 = ( GEOMETRIC_REPRESENTATION_CONTEXT(2) 
PARAMETRIC_REPRESENTATION_CONTEXT() REPRESENTATION_CONTEXT('2D SPACE',''
  ) );
#2573 = ORIENTED_EDGE('',*,*,#2471,.F.);
#2574 = ORIENTED_EDGE('',*,*,#2575,.F.);
#2575 = EDGE_CURVE('',#2524,#2472,#2576,.T.);
#2576 = SURFACE_CURVE('',#2577,(#2581,#2588),.PCURVE_S1.);
#2577 = LINE('',#2578,#2579);
#2578 = CARTESIAN_POINT('',(29.834484068376,-59.68909266725,27.75));
#2579 = VECTOR('',#2580,1.);
#2580 = DIRECTION('',(7.529701297771E-02,-0.997161150385,0.));
#2581 = PCURVE('',#2487,#2582);
#2582 = DEFINITIONAL_REPRESENTATION('',(#2583),#2587);
#2583 = LINE('',#2584,#2585);
#2584 = CARTESIAN_POINT('',(-1.4,-1.085243006571E-14));
#2585 = VECTOR('',#2586,1.);
#2586 = DIRECTION('',(-1.,0.));
#2587 = ( GEOMETRIC_REPRESENTATION_CONTEXT(2) 
PARAMETRIC_REPRESENTATION_CONTEXT() REPRESENTATION_CONTEXT('2D SPACE',''
  ) );
#2588 = PCURVE('',#969,#2589);
#2589 = DEFINITIONAL_REPRESENTATION('',(#2590),#2594);
#2590 = LINE('',#2591,#2592);
#2591 = CARTESIAN_POINT('',(-0.,6.25));
#2592 = VECTOR('',#2593,1.);
#2593 = DIRECTION('',(-1.,0.));
#2594 = ( GEOMETRIC_REPRESENTATION_CONTEXT(2) 
PARAMETRIC_REPRESENTATION_CONTEXT() REPRESENTATION_CONTEXT('2D SPACE',''
  ) );
#2595 = ADVANCED_FACE('',(#2596),#2541,.F.);
#2596 = FACE_BOUND('',#2597,.T.);
#2597 = EDGE_LOOP('',(#2598,#2628,#2651,#2674,#2697,#2718,#2719,#2742,
    #2770,#2793));
#2598 = ORIENTED_EDGE('',*,*,#2599,.F.);
#2599 = EDGE_CURVE('',#2600,#2602,#2604,.T.);
#2600 = VERTEX_POINT('',#2601);
#2601 = CARTESIAN_POINT('',(7.628623117365,-63.17101231371,29.85));
#2602 = VERTEX_POINT('',#2603);
#2603 = CARTESIAN_POINT('',(62.721502440564,-59.0108730546,29.85));
#2604 = SURFACE_CURVE('',#2605,(#2609,#2616),.PCURVE_S1.);
#2605 = LINE('',#2606,#2607);
#2606 = CARTESIAN_POINT('',(7.628623117365,-63.17101231371,29.85));
#2607 = VECTOR('',#2608,1.);
#2608 = DIRECTION('',(0.997161150385,7.529701297771E-02,-0.));
#2609 = PCURVE('',#2541,#2610);
#2610 = DEFINITIONAL_REPRESENTATION('',(#2611),#2615);
#2611 = LINE('',#2612,#2613);
#2612 = CARTESIAN_POINT('',(-3.827531841801,-4.7));
#2613 = VECTOR('',#2614,1.);
#2614 = DIRECTION('',(-1.706067975555E-17,-1.));
#2615 = ( GEOMETRIC_REPRESENTATION_CONTEXT(2) 
PARAMETRIC_REPRESENTATION_CONTEXT() REPRESENTATION_CONTEXT('2D SPACE',''
  ) );
#2616 = PCURVE('',#2617,#2622);
#2617 = PLANE('',#2618);
#2618 = AXIS2_PLACEMENT_3D('',#2619,#2620,#2621);
#2619 = CARTESIAN_POINT('',(2.941965710557,-63.52490827471,29.85));
#2620 = DIRECTION('',(-7.529701297771E-02,0.997161150385,-0.));
#2621 = DIRECTION('',(0.,0.,-1.));
#2622 = DEFINITIONAL_REPRESENTATION('',(#2623),#2627);
#2623 = LINE('',#2624,#2625);
#2624 = CARTESIAN_POINT('',(-0.,-4.7));
#2625 = VECTOR('',#2626,1.);
#2626 = DIRECTION('',(-0.,-1.));
#2627 = ( GEOMETRIC_REPRESENTATION_CONTEXT(2) 
PARAMETRIC_REPRESENTATION_CONTEXT() REPRESENTATION_CONTEXT('2D SPACE',''
  ) );
#2628 = ORIENTED_EDGE('',*,*,#2629,.F.);
#2629 = EDGE_CURVE('',#2630,#2600,#2632,.T.);
#2630 = VERTEX_POINT('',#2631);
#2631 = CARTESIAN_POINT('',(2.941965710557,-63.52490827471,29.85));
#2632 = SURFACE_CURVE('',#2633,(#2637,#2644),.PCURVE_S1.);
#2633 = LINE('',#2634,#2635);
#2634 = CARTESIAN_POINT('',(2.941965710557,-63.52490827471,29.85));
#2635 = VECTOR('',#2636,1.);
#2636 = DIRECTION('',(0.997161150385,7.529701297771E-02,-0.));
#2637 = PCURVE('',#2541,#2638);
#2638 = DEFINITIONAL_REPRESENTATION('',(#2639),#2643);
#2639 = LINE('',#2640,#2641);
#2640 = CARTESIAN_POINT('',(-3.827531841801,2.775557561563E-16));
#2641 = VECTOR('',#2642,1.);
#2642 = DIRECTION('',(-1.706067975555E-17,-1.));
#2643 = ( GEOMETRIC_REPRESENTATION_CONTEXT(2) 
PARAMETRIC_REPRESENTATION_CONTEXT() REPRESENTATION_CONTEXT('2D SPACE',''
  ) );
#2644 = PCURVE('',#361,#2645);
#2645 = DEFINITIONAL_REPRESENTATION('',(#2646),#2650);
#2646 = LINE('',#2647,#2648);
#2647 = CARTESIAN_POINT('',(-3.6,7.216449660064E-16));
#2648 = VECTOR('',#2649,1.);
#2649 = DIRECTION('',(-0.,-1.));
#2650 = ( GEOMETRIC_REPRESENTATION_CONTEXT(2) 
PARAMETRIC_REPRESENTATION_CONTEXT() REPRESENTATION_CONTEXT('2D SPACE',''
  ) );
#2651 = ORIENTED_EDGE('',*,*,#2652,.F.);
#2652 = EDGE_CURVE('',#2653,#2630,#2655,.T.);
#2653 = VERTEX_POINT('',#2654);
#2654 = CARTESIAN_POINT('',(2.701015269028,-60.33399259348,27.75));
#2655 = SURFACE_CURVE('',#2656,(#2660,#2667),.PCURVE_S1.);
#2656 = LINE('',#2657,#2658);
#2657 = CARTESIAN_POINT('',(2.701015269028,-60.33399259348,27.75));
#2658 = VECTOR('',#2659,1.);
#2659 = DIRECTION('',(6.295191039229E-02,-0.833674496547,0.548656441487)
  );
#2660 = PCURVE('',#2541,#2661);
#2661 = DEFINITIONAL_REPRESENTATION('',(#2662),#2666);
#2662 = LINE('',#2663,#2664);
#2663 = CARTESIAN_POINT('',(-3.354751697359E-16,-5.313942088411E-15));
#2664 = VECTOR('',#2665,1.);
#2665 = DIRECTION('',(-1.,0.));
#2666 = ( GEOMETRIC_REPRESENTATION_CONTEXT(2) 
PARAMETRIC_REPRESENTATION_CONTEXT() REPRESENTATION_CONTEXT('2D SPACE',''
  ) );
#2667 = PCURVE('',#1316,#2668);
#2668 = DEFINITIONAL_REPRESENTATION('',(#2669),#2673);
#2669 = LINE('',#2670,#2671);
#2670 = CARTESIAN_POINT('',(1.4,6.25));
#2671 = VECTOR('',#2672,1.);
#2672 = DIRECTION('',(-0.836047910837,0.548656441487));
#2673 = ( GEOMETRIC_REPRESENTATION_CONTEXT(2) 
PARAMETRIC_REPRESENTATION_CONTEXT() REPRESENTATION_CONTEXT('2D SPACE',''
  ) );
#2674 = ORIENTED_EDGE('',*,*,#2675,.F.);
#2675 = EDGE_CURVE('',#2676,#2653,#2678,.T.);
#2676 = VERTEX_POINT('',#2677);
#2677 = CARTESIAN_POINT('',(17.907722812396,-59.18571314557,27.75));
#2678 = SURFACE_CURVE('',#2679,(#2683,#2690),.PCURVE_S1.);
#2679 = LINE('',#2680,#2681);
#2680 = CARTESIAN_POINT('',(17.907722812396,-59.18571314557,27.75));
#2681 = VECTOR('',#2682,1.);
#2682 = DIRECTION('',(-0.997161150385,-7.529701297771E-02,-0.));
#2683 = PCURVE('',#2541,#2684);
#2684 = DEFINITIONAL_REPRESENTATION('',(#2685),#2689);
#2685 = LINE('',#2686,#2687);
#2686 = CARTESIAN_POINT('',(1.665334536938E-15,-15.25));
#2687 = VECTOR('',#2688,1.);
#2688 = DIRECTION('',(1.706067975555E-17,1.));
#2689 = ( GEOMETRIC_REPRESENTATION_CONTEXT(2) 
PARAMETRIC_REPRESENTATION_CONTEXT() REPRESENTATION_CONTEXT('2D SPACE',''
  ) );
#2690 = PCURVE('',#1288,#2691);
#2691 = DEFINITIONAL_REPRESENTATION('',(#2692),#2696);
#2692 = LINE('',#2693,#2694);
#2693 = CARTESIAN_POINT('',(4.662936703426E-15,-11.));
#2694 = VECTOR('',#2695,1.);
#2695 = DIRECTION('',(-0.,1.));
#2696 = ( GEOMETRIC_REPRESENTATION_CONTEXT(2) 
PARAMETRIC_REPRESENTATION_CONTEXT() REPRESENTATION_CONTEXT('2D SPACE',''
  ) );
#2697 = ORIENTED_EDGE('',*,*,#2698,.T.);
#2698 = EDGE_CURVE('',#2676,#2524,#2699,.T.);
#2699 = SURFACE_CURVE('',#2700,(#2704,#2711),.PCURVE_S1.);
#2700 = LINE('',#2701,#2702);
#2701 = CARTESIAN_POINT('',(2.701015269028,-60.33399259348,27.75));
#2702 = VECTOR('',#2703,1.);
#2703 = DIRECTION('',(0.997161150385,7.529701297771E-02,-0.));
#2704 = PCURVE('',#2541,#2705);
#2705 = DEFINITIONAL_REPRESENTATION('',(#2706),#2710);
#2706 = LINE('',#2707,#2708);
#2707 = CARTESIAN_POINT('',(-0.,-0.));
#2708 = VECTOR('',#2709,1.);
#2709 = DIRECTION('',(-1.706067975555E-17,-1.));
#2710 = ( GEOMETRIC_REPRESENTATION_CONTEXT(2) 
PARAMETRIC_REPRESENTATION_CONTEXT() REPRESENTATION_CONTEXT('2D SPACE',''
  ) );
#2711 = PCURVE('',#887,#2712);
#2712 = DEFINITIONAL_REPRESENTATION('',(#2713),#2717);
#2713 = LINE('',#2714,#2715);
#2714 = CARTESIAN_POINT('',(-0.4,4.544975507059E-16));
#2715 = VECTOR('',#2716,1.);
#2716 = DIRECTION('',(-0.,-1.));
#2717 = ( GEOMETRIC_REPRESENTATION_CONTEXT(2) 
PARAMETRIC_REPRESENTATION_CONTEXT() REPRESENTATION_CONTEXT('2D SPACE',''
  ) );
#2718 = ORIENTED_EDGE('',*,*,#2523,.T.);
#2719 = ORIENTED_EDGE('',*,*,#2720,.T.);
#2720 = EDGE_CURVE('',#2526,#2721,#2723,.T.);
#2721 = VERTEX_POINT('',#2722);
#2722 = CARTESIAN_POINT('',(58.292475167419,-56.13620482787,27.75));
#2723 = SURFACE_CURVE('',#2724,(#2728,#2735),.PCURVE_S1.);
#2724 = LINE('',#2725,#2726);
#2725 = CARTESIAN_POINT('',(2.701015269028,-60.33399259348,27.75));
#2726 = VECTOR('',#2727,1.);
#2727 = DIRECTION('',(0.997161150385,7.529701297771E-02,-0.));
#2728 = PCURVE('',#2541,#2729);
#2729 = DEFINITIONAL_REPRESENTATION('',(#2730),#2734);
#2730 = LINE('',#2731,#2732);
#2731 = CARTESIAN_POINT('',(-0.,-0.));
#2732 = VECTOR('',#2733,1.);
#2733 = DIRECTION('',(-1.706067975555E-17,-1.));
#2734 = ( GEOMETRIC_REPRESENTATION_CONTEXT(2) 
PARAMETRIC_REPRESENTATION_CONTEXT() REPRESENTATION_CONTEXT('2D SPACE',''
  ) );
#2735 = PCURVE('',#618,#2736);
#2736 = DEFINITIONAL_REPRESENTATION('',(#2737),#2741);
#2737 = LINE('',#2738,#2739);
#2738 = CARTESIAN_POINT('',(-0.4,4.544975507059E-16));
#2739 = VECTOR('',#2740,1.);
#2740 = DIRECTION('',(-0.,-1.));
#2741 = ( GEOMETRIC_REPRESENTATION_CONTEXT(2) 
PARAMETRIC_REPRESENTATION_CONTEXT() REPRESENTATION_CONTEXT('2D SPACE',''
  ) );
#2742 = ORIENTED_EDGE('',*,*,#2743,.F.);
#2743 = EDGE_CURVE('',#2744,#2721,#2746,.T.);
#2744 = VERTEX_POINT('',#2745);
#2745 = CARTESIAN_POINT('',(67.466357750959,-55.44347230848,27.75));
#2746 = SURFACE_CURVE('',#2747,(#2751,#2758),.PCURVE_S1.);
#2747 = LINE('',#2748,#2749);
#2748 = CARTESIAN_POINT('',(67.466357750959,-55.44347230848,27.75));
#2749 = VECTOR('',#2750,1.);
#2750 = DIRECTION('',(-0.997161150385,-7.529701297771E-02,-0.));
#2751 = PCURVE('',#2541,#2752);
#2752 = DEFINITIONAL_REPRESENTATION('',(#2753),#2757);
#2753 = LINE('',#2754,#2755);
#2754 = CARTESIAN_POINT('',(8.881784197001E-16,-64.94972498371));
#2755 = VECTOR('',#2756,1.);
#2756 = DIRECTION('',(1.706067975555E-17,1.));
#2757 = ( GEOMETRIC_REPRESENTATION_CONTEXT(2) 
PARAMETRIC_REPRESENTATION_CONTEXT() REPRESENTATION_CONTEXT('2D SPACE',''
  ) );
#2758 = PCURVE('',#2759,#2764);
#2759 = PLANE('',#2760);
#2760 = AXIS2_PLACEMENT_3D('',#2761,#2762,#2763);
#2761 = CARTESIAN_POINT('',(58.292475167419,-56.13620482787,27.75));
#2762 = DIRECTION('',(-0.,-0.,1.));
#2763 = DIRECTION('',(-7.529701297771E-02,0.997161150385,0.));
#2764 = DEFINITIONAL_REPRESENTATION('',(#2765),#2769);
#2765 = LINE('',#2766,#2767);
#2766 = CARTESIAN_POINT('',(1.887379141863E-15,-9.2));
#2767 = VECTOR('',#2768,1.);
#2768 = DIRECTION('',(-0.,1.));
#2769 = ( GEOMETRIC_REPRESENTATION_CONTEXT(2) 
PARAMETRIC_REPRESENTATION_CONTEXT() REPRESENTATION_CONTEXT('2D SPACE',''
  ) );
#2770 = ORIENTED_EDGE('',*,*,#2771,.T.);
#2771 = EDGE_CURVE('',#2744,#2772,#2774,.T.);
#2772 = VERTEX_POINT('',#2773);
#2773 = CARTESIAN_POINT('',(67.707308192488,-58.63438798971,29.85));
#2774 = SURFACE_CURVE('',#2775,(#2779,#2786),.PCURVE_S1.);
#2775 = LINE('',#2776,#2777);
#2776 = CARTESIAN_POINT('',(67.466357750959,-55.44347230848,27.75));
#2777 = VECTOR('',#2778,1.);
#2778 = DIRECTION('',(6.295191039229E-02,-0.833674496547,0.548656441487)
  );
#2779 = PCURVE('',#2541,#2780);
#2780 = DEFINITIONAL_REPRESENTATION('',(#2781),#2785);
#2781 = LINE('',#2782,#2783);
#2782 = CARTESIAN_POINT('',(-0.,-64.94972498371));
#2783 = VECTOR('',#2784,1.);
#2784 = DIRECTION('',(-1.,0.));
#2785 = ( GEOMETRIC_REPRESENTATION_CONTEXT(2) 
PARAMETRIC_REPRESENTATION_CONTEXT() REPRESENTATION_CONTEXT('2D SPACE',''
  ) );
#2786 = PCURVE('',#2256,#2787);
#2787 = DEFINITIONAL_REPRESENTATION('',(#2788),#2792);
#2788 = LINE('',#2789,#2790);
#2789 = CARTESIAN_POINT('',(1.4,6.25));
#2790 = VECTOR('',#2791,1.);
#2791 = DIRECTION('',(-0.836047910837,0.548656441487));
#2792 = ( GEOMETRIC_REPRESENTATION_CONTEXT(2) 
PARAMETRIC_REPRESENTATION_CONTEXT() REPRESENTATION_CONTEXT('2D SPACE',''
  ) );
#2793 = ORIENTED_EDGE('',*,*,#2794,.F.);
#2794 = EDGE_CURVE('',#2602,#2772,#2795,.T.);
#2795 = SURFACE_CURVE('',#2796,(#2800,#2807),.PCURVE_S1.);
#2796 = LINE('',#2797,#2798);
#2797 = CARTESIAN_POINT('',(58.533425608948,-59.32712050911,29.85));
#2798 = VECTOR('',#2799,1.);
#2799 = DIRECTION('',(0.997161150385,7.529701297771E-02,-0.));
#2800 = PCURVE('',#2541,#2801);
#2801 = DEFINITIONAL_REPRESENTATION('',(#2802),#2806);
#2802 = LINE('',#2803,#2804);
#2803 = CARTESIAN_POINT('',(-3.827531841801,-55.74972498371));
#2804 = VECTOR('',#2805,1.);
#2805 = DIRECTION('',(-1.706067975555E-17,-1.));
#2806 = ( GEOMETRIC_REPRESENTATION_CONTEXT(2) 
PARAMETRIC_REPRESENTATION_CONTEXT() REPRESENTATION_CONTEXT('2D SPACE',''
  ) );
#2807 = PCURVE('',#473,#2808);
#2808 = DEFINITIONAL_REPRESENTATION('',(#2809),#2813);
#2809 = LINE('',#2810,#2811);
#2810 = CARTESIAN_POINT('',(-3.6,-4.163336342344E-15));
#2811 = VECTOR('',#2812,1.);
#2812 = DIRECTION('',(-0.,-1.));
#2813 = ( GEOMETRIC_REPRESENTATION_CONTEXT(2) 
PARAMETRIC_REPRESENTATION_CONTEXT() REPRESENTATION_CONTEXT('2D SPACE',''
  ) );
#2814 = ADVANCED_FACE('',(#2815),#2759,.T.);
#2815 = FACE_BOUND('',#2816,.F.);
#2816 = EDGE_LOOP('',(#2817,#2818,#2841,#2869));
#2817 = ORIENTED_EDGE('',*,*,#2743,.F.);
#2818 = ORIENTED_EDGE('',*,*,#2819,.T.);
#2819 = EDGE_CURVE('',#2744,#2820,#2822,.T.);
#2820 = VERTEX_POINT('',#2821);
#2821 = CARTESIAN_POINT('',(67.707308192488,-58.63438798971,27.75));
#2822 = SURFACE_CURVE('',#2823,(#2827,#2834),.PCURVE_S1.);
#2823 = LINE('',#2824,#2825);
#2824 = CARTESIAN_POINT('',(67.571773569128,-56.83949791902,27.75));
#2825 = VECTOR('',#2826,1.);
#2826 = DIRECTION('',(7.529701297771E-02,-0.997161150385,0.));
#2827 = PCURVE('',#2759,#2828);
#2828 = DEFINITIONAL_REPRESENTATION('',(#2829),#2833);
#2829 = LINE('',#2830,#2831);
#2830 = CARTESIAN_POINT('',(-1.4,-9.2));
#2831 = VECTOR('',#2832,1.);
#2832 = DIRECTION('',(-1.,0.));
#2833 = ( GEOMETRIC_REPRESENTATION_CONTEXT(2) 
PARAMETRIC_REPRESENTATION_CONTEXT() REPRESENTATION_CONTEXT('2D SPACE',''
  ) );
#2834 = PCURVE('',#2256,#2835);
#2835 = DEFINITIONAL_REPRESENTATION('',(#2836),#2840);
#2836 = LINE('',#2837,#2838);
#2837 = CARTESIAN_POINT('',(-0.,6.25));
#2838 = VECTOR('',#2839,1.);
#2839 = DIRECTION('',(-1.,0.));
#2840 = ( GEOMETRIC_REPRESENTATION_CONTEXT(2) 
PARAMETRIC_REPRESENTATION_CONTEXT() REPRESENTATION_CONTEXT('2D SPACE',''
  ) );
#2841 = ORIENTED_EDGE('',*,*,#2842,.F.);
#2842 = EDGE_CURVE('',#2843,#2820,#2845,.T.);
#2843 = VERTEX_POINT('',#2844);
#2844 = CARTESIAN_POINT('',(58.533425608948,-59.32712050911,27.75));
#2845 = SURFACE_CURVE('',#2846,(#2850,#2857),.PCURVE_S1.);
#2846 = LINE('',#2847,#2848);
#2847 = CARTESIAN_POINT('',(58.533425608948,-59.32712050911,27.75));
#2848 = VECTOR('',#2849,1.);
#2849 = DIRECTION('',(0.997161150385,7.529701297771E-02,-0.));
#2850 = PCURVE('',#2759,#2851);
#2851 = DEFINITIONAL_REPRESENTATION('',(#2852),#2856);
#2852 = LINE('',#2853,#2854);
#2853 = CARTESIAN_POINT('',(-3.2,-1.498801083244E-15));
#2854 = VECTOR('',#2855,1.);
#2855 = DIRECTION('',(-0.,-1.));
#2856 = ( GEOMETRIC_REPRESENTATION_CONTEXT(2) 
PARAMETRIC_REPRESENTATION_CONTEXT() REPRESENTATION_CONTEXT('2D SPACE',''
  ) );
#2857 = PCURVE('',#2858,#2863);
#2858 = PLANE('',#2859);
#2859 = AXIS2_PLACEMENT_3D('',#2860,#2861,#2862);
#2860 = CARTESIAN_POINT('',(58.533425608948,-59.32712050911,15.25));
#2861 = DIRECTION('',(-7.529701297771E-02,0.997161150385,-0.));
#2862 = DIRECTION('',(0.,0.,-1.));
#2863 = DEFINITIONAL_REPRESENTATION('',(#2864),#2868);
#2864 = LINE('',#2865,#2866);
#2865 = CARTESIAN_POINT('',(-12.5,-0.));
#2866 = VECTOR('',#2867,1.);
#2867 = DIRECTION('',(-0.,-1.));
#2868 = ( GEOMETRIC_REPRESENTATION_CONTEXT(2) 
PARAMETRIC_REPRESENTATION_CONTEXT() REPRESENTATION_CONTEXT('2D SPACE',''
  ) );
#2869 = ORIENTED_EDGE('',*,*,#2870,.F.);
#2870 = EDGE_CURVE('',#2721,#2843,#2871,.T.);
#2871 = SURFACE_CURVE('',#2872,(#2876,#2883),.PCURVE_S1.);
#2872 = LINE('',#2873,#2874);
#2873 = CARTESIAN_POINT('',(58.397890985588,-57.53223043841,27.75));
#2874 = VECTOR('',#2875,1.);
#2875 = DIRECTION('',(7.529701297771E-02,-0.997161150385,0.));
#2876 = PCURVE('',#2759,#2877);
#2877 = DEFINITIONAL_REPRESENTATION('',(#2878),#2882);
#2878 = LINE('',#2879,#2880);
#2879 = CARTESIAN_POINT('',(-1.4,-2.04142258653E-14));
#2880 = VECTOR('',#2881,1.);
#2881 = DIRECTION('',(-1.,0.));
#2882 = ( GEOMETRIC_REPRESENTATION_CONTEXT(2) 
PARAMETRIC_REPRESENTATION_CONTEXT() REPRESENTATION_CONTEXT('2D SPACE',''
  ) );
#2883 = PCURVE('',#590,#2884);
#2884 = DEFINITIONAL_REPRESENTATION('',(#2885),#2889);
#2885 = LINE('',#2886,#2887);
#2886 = CARTESIAN_POINT('',(-0.,6.25));
#2887 = VECTOR('',#2888,1.);
#2888 = DIRECTION('',(-1.,0.));
#2889 = ( GEOMETRIC_REPRESENTATION_CONTEXT(2) 
PARAMETRIC_REPRESENTATION_CONTEXT() REPRESENTATION_CONTEXT('2D SPACE',''
  ) );
#2890 = ADVANCED_FACE('',(#2891,#3012,#3109),#2858,.F.);
#2891 = FACE_BOUND('',#2892,.T.);
#2892 = EDGE_LOOP('',(#2893,#2918,#2941,#2962,#2963,#2986));
#2893 = ORIENTED_EDGE('',*,*,#2894,.F.);
#2894 = EDGE_CURVE('',#2895,#2897,#2899,.T.);
#2895 = VERTEX_POINT('',#2896);
#2896 = CARTESIAN_POINT('',(58.533425608948,-59.32712050911,15.25));
#2897 = VERTEX_POINT('',#2898);
#2898 = CARTESIAN_POINT('',(58.533425608948,-59.32712050911,
    18.505261308035));
#2899 = SURFACE_CURVE('',#2900,(#2904,#2911),.PCURVE_S1.);
#2900 = LINE('',#2901,#2902);
#2901 = CARTESIAN_POINT('',(58.533425608948,-59.32712050911,21.5));
#2902 = VECTOR('',#2903,1.);
#2903 = DIRECTION('',(0.,-0.,1.));
#2904 = PCURVE('',#2858,#2905);
#2905 = DEFINITIONAL_REPRESENTATION('',(#2906),#2910);
#2906 = LINE('',#2907,#2908);
#2907 = CARTESIAN_POINT('',(-6.25,-2.125576835364E-14));
#2908 = VECTOR('',#2909,1.);
#2909 = DIRECTION('',(-1.,-0.));
#2910 = ( GEOMETRIC_REPRESENTATION_CONTEXT(2) 
PARAMETRIC_REPRESENTATION_CONTEXT() REPRESENTATION_CONTEXT('2D SPACE',''
  ) );
#2911 = PCURVE('',#702,#2912);
#2912 = DEFINITIONAL_REPRESENTATION('',(#2913),#2917);
#2913 = LINE('',#2914,#2915);
#2914 = CARTESIAN_POINT('',(-1.8,0.));
#2915 = VECTOR('',#2916,1.);
#2916 = DIRECTION('',(-0.,1.));
#2917 = ( GEOMETRIC_REPRESENTATION_CONTEXT(2) 
PARAMETRIC_REPRESENTATION_CONTEXT() REPRESENTATION_CONTEXT('2D SPACE',''
  ) );
#2918 = ORIENTED_EDGE('',*,*,#2919,.T.);
#2919 = EDGE_CURVE('',#2895,#2920,#2922,.T.);
#2920 = VERTEX_POINT('',#2921);
#2921 = CARTESIAN_POINT('',(67.707308192488,-58.63438798971,15.25));
#2922 = SURFACE_CURVE('',#2923,(#2927,#2934),.PCURVE_S1.);
#2923 = LINE('',#2924,#2925);
#2924 = CARTESIAN_POINT('',(58.533425608948,-59.32712050911,15.25));
#2925 = VECTOR('',#2926,1.);
#2926 = DIRECTION('',(0.997161150385,7.529701297771E-02,-0.));
#2927 = PCURVE('',#2858,#2928);
#2928 = DEFINITIONAL_REPRESENTATION('',(#2929),#2933);
#2929 = LINE('',#2930,#2931);
#2930 = CARTESIAN_POINT('',(-0.,-0.));
#2931 = VECTOR('',#2932,1.);
#2932 = DIRECTION('',(-0.,-1.));
#2933 = ( GEOMETRIC_REPRESENTATION_CONTEXT(2) 
PARAMETRIC_REPRESENTATION_CONTEXT() REPRESENTATION_CONTEXT('2D SPACE',''
  ) );
#2934 = PCURVE('',#2284,#2935);
#2935 = DEFINITIONAL_REPRESENTATION('',(#2936),#2940);
#2936 = LINE('',#2937,#2938);
#2937 = CARTESIAN_POINT('',(-3.2,-1.498801083244E-15));
#2938 = VECTOR('',#2939,1.);
#2939 = DIRECTION('',(-0.,-1.));
#2940 = ( GEOMETRIC_REPRESENTATION_CONTEXT(2) 
PARAMETRIC_REPRESENTATION_CONTEXT() REPRESENTATION_CONTEXT('2D SPACE',''
  ) );
#2941 = ORIENTED_EDGE('',*,*,#2942,.T.);
#2942 = EDGE_CURVE('',#2920,#2820,#2943,.T.);
#2943 = SURFACE_CURVE('',#2944,(#2948,#2955),.PCURVE_S1.);
#2944 = LINE('',#2945,#2946);
#2945 = CARTESIAN_POINT('',(67.707308192488,-58.63438798971,15.25));
#2946 = VECTOR('',#2947,1.);
#2947 = DIRECTION('',(-0.,-0.,1.));
#2948 = PCURVE('',#2858,#2949);
#2949 = DEFINITIONAL_REPRESENTATION('',(#2950),#2954);
#2950 = LINE('',#2951,#2952);
#2951 = CARTESIAN_POINT('',(-0.,-9.2));
#2952 = VECTOR('',#2953,1.);
#2953 = DIRECTION('',(-1.,0.));
#2954 = ( GEOMETRIC_REPRESENTATION_CONTEXT(2) 
PARAMETRIC_REPRESENTATION_CONTEXT() REPRESENTATION_CONTEXT('2D SPACE',''
  ) );
#2955 = PCURVE('',#2256,#2956);
#2956 = DEFINITIONAL_REPRESENTATION('',(#2957),#2961);
#2957 = LINE('',#2958,#2959);
#2958 = CARTESIAN_POINT('',(-1.8,-6.25));
#2959 = VECTOR('',#2960,1.);
#2960 = DIRECTION('',(-0.,1.));
#2961 = ( GEOMETRIC_REPRESENTATION_CONTEXT(2) 
PARAMETRIC_REPRESENTATION_CONTEXT() REPRESENTATION_CONTEXT('2D SPACE',''
  ) );
#2962 = ORIENTED_EDGE('',*,*,#2842,.F.);
#2963 = ORIENTED_EDGE('',*,*,#2964,.F.);
#2964 = EDGE_CURVE('',#2965,#2843,#2967,.T.);
#2965 = VERTEX_POINT('',#2966);
#2966 = CARTESIAN_POINT('',(58.533425608948,-59.32712050911,
    24.494738691965));
#2967 = SURFACE_CURVE('',#2968,(#2972,#2979),.PCURVE_S1.);
#2968 = LINE('',#2969,#2970);
#2969 = CARTESIAN_POINT('',(58.533425608948,-59.32712050911,21.5));
#2970 = VECTOR('',#2971,1.);
#2971 = DIRECTION('',(0.,-0.,1.));
#2972 = PCURVE('',#2858,#2973);
#2973 = DEFINITIONAL_REPRESENTATION('',(#2974),#2978);
#2974 = LINE('',#2975,#2976);
#2975 = CARTESIAN_POINT('',(-6.25,-2.125576835364E-14));
#2976 = VECTOR('',#2977,1.);
#2977 = DIRECTION('',(-1.,-0.));
#2978 = ( GEOMETRIC_REPRESENTATION_CONTEXT(2) 
PARAMETRIC_REPRESENTATION_CONTEXT() REPRESENTATION_CONTEXT('2D SPACE',''
  ) );
#2979 = PCURVE('',#590,#2980);
#2980 = DEFINITIONAL_REPRESENTATION('',(#2981),#2985);
#2981 = LINE('',#2982,#2983);
#2982 = CARTESIAN_POINT('',(-1.8,0.));
#2983 = VECTOR('',#2984,1.);
#2984 = DIRECTION('',(-0.,1.));
#2985 = ( GEOMETRIC_REPRESENTATION_CONTEXT(2) 
PARAMETRIC_REPRESENTATION_CONTEXT() REPRESENTATION_CONTEXT('2D SPACE',''
  ) );
#2986 = ORIENTED_EDGE('',*,*,#2987,.T.);
#2987 = EDGE_CURVE('',#2965,#2897,#2988,.T.);
#2988 = SURFACE_CURVE('',#2989,(#2994,#3005),.PCURVE_S1.);
#2989 = CIRCLE('',#2990,4.1);
#2990 = AXIS2_PLACEMENT_3D('',#2991,#2992,#2993);
#2991 = CARTESIAN_POINT('',(61.325751065584,-59.11626816486,21.5));
#2992 = DIRECTION('',(7.529701297771E-02,-0.997161150385,0.));
#2993 = DIRECTION('',(0.997161150385,7.529701297771E-02,0.));
#2994 = PCURVE('',#2858,#2995);
#2995 = DEFINITIONAL_REPRESENTATION('',(#2996),#3004);
#2996 = ( BOUNDED_CURVE() B_SPLINE_CURVE(2,(#2997,#2998,#2999,#3000,
#3001,#3002,#3003),.UNSPECIFIED.,.T.,.F.) B_SPLINE_CURVE_WITH_KNOTS((1,2
    ,2,2,2,1),(-2.094395102393,0.,2.094395102393,4.188790204786,
6.28318530718,8.377580409573),.UNSPECIFIED.) CURVE() 
GEOMETRIC_REPRESENTATION_ITEM() RATIONAL_B_SPLINE_CURVE((1.,0.5,1.,0.5,
1.,0.5,1.)) REPRESENTATION_ITEM('') );
#2997 = CARTESIAN_POINT('',(-6.25,-6.900275016288));
#2998 = CARTESIAN_POINT('',(-13.35140831103,-6.900275016288));
#2999 = CARTESIAN_POINT('',(-9.800704155516,-0.750275016288));
#3000 = CARTESIAN_POINT('',(-6.25,5.399724983712));
#3001 = CARTESIAN_POINT('',(-2.699295844484,-0.750275016288));
#3002 = CARTESIAN_POINT('',(0.851408311032,-6.900275016288));
#3003 = CARTESIAN_POINT('',(-6.25,-6.900275016288));
#3004 = ( GEOMETRIC_REPRESENTATION_CONTEXT(2) 
PARAMETRIC_REPRESENTATION_CONTEXT() REPRESENTATION_CONTEXT('2D SPACE',''
  ) );
#3005 = PCURVE('',#562,#3006);
#3006 = DEFINITIONAL_REPRESENTATION('',(#3007),#3011);
#3007 = LINE('',#3008,#3009);
#3008 = CARTESIAN_POINT('',(-6.28318530718,-7.6));
#3009 = VECTOR('',#3010,1.);
#3010 = DIRECTION('',(-1.,0.));
#3011 = ( GEOMETRIC_REPRESENTATION_CONTEXT(2) 
PARAMETRIC_REPRESENTATION_CONTEXT() REPRESENTATION_CONTEXT('2D SPACE',''
  ) );
#3012 = FACE_BOUND('',#3013,.T.);
#3013 = EDGE_LOOP('',(#3014,#3049,#3078));
#3014 = ORIENTED_EDGE('',*,*,#3015,.F.);
#3015 = EDGE_CURVE('',#3016,#3018,#3020,.T.);
#3016 = VERTEX_POINT('',#3017);
#3017 = CARTESIAN_POINT('',(64.930603613888,-58.84406077992,
    19.565848701739));
#3018 = VERTEX_POINT('',#3019);
#3019 = CARTESIAN_POINT('',(65.912418121795,-58.76992261307,21.5));
#3020 = SURFACE_CURVE('',#3021,(#3026,#3037),.PCURVE_S1.);
#3021 = CIRCLE('',#3022,2.807692307692);
#3022 = AXIS2_PLACEMENT_3D('',#3023,#3024,#3025);
#3023 = CARTESIAN_POINT('',(63.120366900718,-58.98075424941,
    21.707692307692));
#3024 = DIRECTION('',(7.529701297771E-02,-0.997161150385,0.));
#3025 = DIRECTION('',(0.997161150385,7.529701297771E-02,-0.));
#3026 = PCURVE('',#2858,#3027);
#3027 = DEFINITIONAL_REPRESENTATION('',(#3028),#3036);
#3028 = ( BOUNDED_CURVE() B_SPLINE_CURVE(2,(#3029,#3030,#3031,#3032,
#3033,#3034,#3035),.UNSPECIFIED.,.T.,.F.) B_SPLINE_CURVE_WITH_KNOTS((1,2
    ,2,2,2,1),(-2.094395102393,0.,2.094395102393,4.188790204786,
6.28318530718,8.377580409573),.UNSPECIFIED.) CURVE() 
GEOMETRIC_REPRESENTATION_ITEM() RATIONAL_B_SPLINE_CURVE((1.,0.5,1.,0.5,
1.,0.5,1.)) REPRESENTATION_ITEM('') );
#3029 = CARTESIAN_POINT('',(-6.457692307692,-7.407692307692));
#3030 = CARTESIAN_POINT('',(-11.32075803663,-7.407692307692));
#3031 = CARTESIAN_POINT('',(-8.889225172164,-3.196153846154));
#3032 = CARTESIAN_POINT('',(-6.457692307692,1.015384615385));
#3033 = CARTESIAN_POINT('',(-4.026159443221,-3.196153846154));
#3034 = CARTESIAN_POINT('',(-1.594626578749,-7.407692307692));
#3035 = CARTESIAN_POINT('',(-6.457692307692,-7.407692307692));
#3036 = ( GEOMETRIC_REPRESENTATION_CONTEXT(2) 
PARAMETRIC_REPRESENTATION_CONTEXT() REPRESENTATION_CONTEXT('2D SPACE',''
  ) );
#3037 = PCURVE('',#3038,#3043);
#3038 = CYLINDRICAL_SURFACE('',#3039,2.807692307692);
#3039 = AXIS2_PLACEMENT_3D('',#3040,#3041,#3042);
#3040 = CARTESIAN_POINT('',(62.77400064102,-54.39381295764,
    21.707692307692));
#3041 = DIRECTION('',(-7.529701297771E-02,0.997161150385,-0.));
#3042 = DIRECTION('',(0.997161150385,7.529701297771E-02,-0.));
#3043 = DEFINITIONAL_REPRESENTATION('',(#3044),#3048);
#3044 = LINE('',#3045,#3046);
#3045 = CARTESIAN_POINT('',(-0.,-4.6));
#3046 = VECTOR('',#3047,1.);
#3047 = DIRECTION('',(-1.,0.));
#3048 = ( GEOMETRIC_REPRESENTATION_CONTEXT(2) 
PARAMETRIC_REPRESENTATION_CONTEXT() REPRESENTATION_CONTEXT('2D SPACE',''
  ) );
#3049 = ORIENTED_EDGE('',*,*,#3050,.F.);
#3050 = EDGE_CURVE('',#3051,#3016,#3053,.T.);
#3051 = VERTEX_POINT('',#3052);
#3052 = CARTESIAN_POINT('',(64.930603613888,-58.84406077992,
    23.434151298261));
#3053 = SURFACE_CURVE('',#3054,(#3059,#3066),.PCURVE_S1.);
#3054 = CIRCLE('',#3055,4.1);
#3055 = AXIS2_PLACEMENT_3D('',#3056,#3057,#3058);
#3056 = CARTESIAN_POINT('',(61.325751065584,-59.11626816486,21.5));
#3057 = DIRECTION('',(-7.529701297771E-02,0.997161150385,
    -3.469446951954E-18));
#3058 = DIRECTION('',(0.879232328855,6.639204510791E-02,0.471744219088)
  );
#3059 = PCURVE('',#2858,#3060);
#3060 = DEFINITIONAL_REPRESENTATION('',(#3061),#3065);
#3061 = CIRCLE('',#3062,4.1);
#3062 = AXIS2_PLACEMENT_2D('',#3063,#3064);
#3063 = CARTESIAN_POINT('',(-6.25,-2.800275016288));
#3064 = DIRECTION('',(-0.471744219088,-0.881735443178));
#3065 = ( GEOMETRIC_REPRESENTATION_CONTEXT(2) 
PARAMETRIC_REPRESENTATION_CONTEXT() REPRESENTATION_CONTEXT('2D SPACE',''
  ) );
#3066 = PCURVE('',#3067,#3072);
#3067 = CYLINDRICAL_SURFACE('',#3068,4.1);
#3068 = AXIS2_PLACEMENT_3D('',#3069,#3070,#3071);
#3069 = CARTESIAN_POINT('',(60.753493766953,-51.53784342194,21.5));
#3070 = DIRECTION('',(-7.529701297771E-02,0.997161150385,-0.));
#3071 = DIRECTION('',(0.997161150385,7.529701297771E-02,-0.));
#3072 = DEFINITIONAL_REPRESENTATION('',(#3073),#3077);
#3073 = LINE('',#3074,#3075);
#3074 = CARTESIAN_POINT('',(-6.774453206802,-7.6));
#3075 = VECTOR('',#3076,1.);
#3076 = DIRECTION('',(1.,-0.));
#3077 = ( GEOMETRIC_REPRESENTATION_CONTEXT(2) 
PARAMETRIC_REPRESENTATION_CONTEXT() REPRESENTATION_CONTEXT('2D SPACE',''
  ) );
#3078 = ORIENTED_EDGE('',*,*,#3079,.F.);
#3079 = EDGE_CURVE('',#3018,#3051,#3080,.T.);
#3080 = SURFACE_CURVE('',#3081,(#3086,#3097),.PCURVE_S1.);
#3081 = CIRCLE('',#3082,2.807692307692);
#3082 = AXIS2_PLACEMENT_3D('',#3083,#3084,#3085);
#3083 = CARTESIAN_POINT('',(63.120366900718,-58.98075424941,
    21.292307692308));
#3084 = DIRECTION('',(7.529701297771E-02,-0.997161150385,0.));
#3085 = DIRECTION('',(0.997161150385,7.529701297771E-02,-0.));
#3086 = PCURVE('',#2858,#3087);
#3087 = DEFINITIONAL_REPRESENTATION('',(#3088),#3096);
#3088 = ( BOUNDED_CURVE() B_SPLINE_CURVE(2,(#3089,#3090,#3091,#3092,
#3093,#3094,#3095),.UNSPECIFIED.,.T.,.F.) B_SPLINE_CURVE_WITH_KNOTS((1,2
    ,2,2,2,1),(-2.094395102393,0.,2.094395102393,4.188790204786,
6.28318530718,8.377580409573),.UNSPECIFIED.) CURVE() 
GEOMETRIC_REPRESENTATION_ITEM() RATIONAL_B_SPLINE_CURVE((1.,0.5,1.,0.5,
1.,0.5,1.)) REPRESENTATION_ITEM('') );
#3089 = CARTESIAN_POINT('',(-6.042307692308,-7.407692307692));
#3090 = CARTESIAN_POINT('',(-10.90537342125,-7.407692307692));
#3091 = CARTESIAN_POINT('',(-8.473840556779,-3.196153846154));
#3092 = CARTESIAN_POINT('',(-6.042307692308,1.015384615385));
#3093 = CARTESIAN_POINT('',(-3.610774827836,-3.196153846154));
#3094 = CARTESIAN_POINT('',(-1.179241963364,-7.407692307692));
#3095 = CARTESIAN_POINT('',(-6.042307692308,-7.407692307692));
#3096 = ( GEOMETRIC_REPRESENTATION_CONTEXT(2) 
PARAMETRIC_REPRESENTATION_CONTEXT() REPRESENTATION_CONTEXT('2D SPACE',''
  ) );
#3097 = PCURVE('',#3098,#3103);
#3098 = CYLINDRICAL_SURFACE('',#3099,2.807692307692);
#3099 = AXIS2_PLACEMENT_3D('',#3100,#3101,#3102);
#3100 = CARTESIAN_POINT('',(62.77400064102,-54.39381295764,
    21.292307692308));
#3101 = DIRECTION('',(-7.529701297771E-02,0.997161150385,-0.));
#3102 = DIRECTION('',(0.997161150385,7.529701297771E-02,-0.));
#3103 = DEFINITIONAL_REPRESENTATION('',(#3104),#3108);
#3104 = LINE('',#3105,#3106);
#3105 = CARTESIAN_POINT('',(-0.,-4.6));
#3106 = VECTOR('',#3107,1.);
#3107 = DIRECTION('',(-1.,0.));
#3108 = ( GEOMETRIC_REPRESENTATION_CONTEXT(2) 
PARAMETRIC_REPRESENTATION_CONTEXT() REPRESENTATION_CONTEXT('2D SPACE',''
  ) );
#3109 = FACE_BOUND('',#3110,.T.);
#3110 = EDGE_LOOP('',(#3111));
#3111 = ORIENTED_EDGE('',*,*,#3112,.F.);
#3112 = EDGE_CURVE('',#3113,#3113,#3115,.T.);
#3113 = VERTEX_POINT('',#3114);
#3114 = CARTESIAN_POINT('',(63.868511999065,-58.92426078177,21.5));
#3115 = SURFACE_CURVE('',#3116,(#3121,#3132),.PCURVE_S1.);
#3116 = CIRCLE('',#3117,2.55);
#3117 = AXIS2_PLACEMENT_3D('',#3118,#3119,#3120);
#3118 = CARTESIAN_POINT('',(61.325751065584,-59.11626816486,21.5));
#3119 = DIRECTION('',(7.529701297771E-02,-0.997161150385,0.));
#3120 = DIRECTION('',(0.997161150385,7.529701297771E-02,-0.));
#3121 = PCURVE('',#2858,#3122);
#3122 = DEFINITIONAL_REPRESENTATION('',(#3123),#3131);
#3123 = ( BOUNDED_CURVE() B_SPLINE_CURVE(2,(#3124,#3125,#3126,#3127,
#3128,#3129,#3130),.UNSPECIFIED.,.T.,.F.) B_SPLINE_CURVE_WITH_KNOTS((1,2
    ,2,2,2,1),(-2.094395102393,0.,2.094395102393,4.188790204786,
6.28318530718,8.377580409573),.UNSPECIFIED.) CURVE() 
GEOMETRIC_REPRESENTATION_ITEM() RATIONAL_B_SPLINE_CURVE((1.,0.5,1.,0.5,
1.,0.5,1.)) REPRESENTATION_ITEM('') );
#3124 = CARTESIAN_POINT('',(-6.25,-5.350275016288));
#3125 = CARTESIAN_POINT('',(-10.6667295593,-5.350275016288));
#3126 = CARTESIAN_POINT('',(-8.45836477965,-1.525275016288));
#3127 = CARTESIAN_POINT('',(-6.25,2.299724983712));
#3128 = CARTESIAN_POINT('',(-4.04163522035,-1.525275016288));
#3129 = CARTESIAN_POINT('',(-1.833270440699,-5.350275016288));
#3130 = CARTESIAN_POINT('',(-6.25,-5.350275016288));
#3131 = ( GEOMETRIC_REPRESENTATION_CONTEXT(2) 
PARAMETRIC_REPRESENTATION_CONTEXT() REPRESENTATION_CONTEXT('2D SPACE',''
  ) );
#3132 = PCURVE('',#3133,#3138);
#3133 = CYLINDRICAL_SURFACE('',#3134,2.55);
#3134 = AXIS2_PLACEMENT_3D('',#3135,#3136,#3137);
#3135 = CARTESIAN_POINT('',(61.265513455202,-58.31853924456,21.5));
#3136 = DIRECTION('',(-7.529701297771E-02,0.997161150385,-0.));
#3137 = DIRECTION('',(0.997161150385,7.529701297771E-02,-0.));
#3138 = DEFINITIONAL_REPRESENTATION('',(#3139),#3143);
#3139 = LINE('',#3140,#3141);
#3140 = CARTESIAN_POINT('',(-0.,-0.8));
#3141 = VECTOR('',#3142,1.);
#3142 = DIRECTION('',(-1.,0.));
#3143 = ( GEOMETRIC_REPRESENTATION_CONTEXT(2) 
PARAMETRIC_REPRESENTATION_CONTEXT() REPRESENTATION_CONTEXT('2D SPACE',''
  ) );
#3144 = ADVANCED_FACE('',(#3145),#3133,.F.);
#3145 = FACE_BOUND('',#3146,.T.);
#3146 = EDGE_LOOP('',(#3147,#3180,#3201,#3202));
#3147 = ORIENTED_EDGE('',*,*,#3148,.F.);
#3148 = EDGE_CURVE('',#3149,#3149,#3151,.T.);
#3149 = VERTEX_POINT('',#3150);
#3150 = CARTESIAN_POINT('',(63.808274388683,-58.12653186146,21.5));
#3151 = SURFACE_CURVE('',#3152,(#3157,#3164),.PCURVE_S1.);
#3152 = CIRCLE('',#3153,2.55);
#3153 = AXIS2_PLACEMENT_3D('',#3154,#3155,#3156);
#3154 = CARTESIAN_POINT('',(61.265513455202,-58.31853924456,21.5));
#3155 = DIRECTION('',(7.529701297771E-02,-0.997161150385,0.));
#3156 = DIRECTION('',(0.997161150385,7.529701297771E-02,0.));
#3157 = PCURVE('',#3133,#3158);
#3158 = DEFINITIONAL_REPRESENTATION('',(#3159),#3163);
#3159 = LINE('',#3160,#3161);
#3160 = CARTESIAN_POINT('',(-0.,0.));
#3161 = VECTOR('',#3162,1.);
#3162 = DIRECTION('',(-1.,0.));
#3163 = ( GEOMETRIC_REPRESENTATION_CONTEXT(2) 
PARAMETRIC_REPRESENTATION_CONTEXT() REPRESENTATION_CONTEXT('2D SPACE',''
  ) );
#3164 = PCURVE('',#3165,#3170);
#3165 = PLANE('',#3166);
#3166 = AXIS2_PLACEMENT_3D('',#3167,#3168,#3169);
#3167 = CARTESIAN_POINT('',(61.265513455202,-58.31853924456,21.5));
#3168 = DIRECTION('',(-7.529701297771E-02,0.997161150385,-0.));
#3169 = DIRECTION('',(-0.997161150385,-7.529701297771E-02,0.));
#3170 = DEFINITIONAL_REPRESENTATION('',(#3171),#3179);
#3171 = ( BOUNDED_CURVE() B_SPLINE_CURVE(2,(#3172,#3173,#3174,#3175,
#3176,#3177,#3178),.UNSPECIFIED.,.T.,.F.) B_SPLINE_CURVE_WITH_KNOTS((1,2
    ,2,2,2,1),(-2.094395102393,0.,2.094395102393,4.188790204786,
6.28318530718,8.377580409573),.UNSPECIFIED.) CURVE() 
GEOMETRIC_REPRESENTATION_ITEM() RATIONAL_B_SPLINE_CURVE((1.,0.5,1.,0.5,
1.,0.5,1.)) REPRESENTATION_ITEM('') );
#3172 = CARTESIAN_POINT('',(-2.55,-2.980932963488E-16));
#3173 = CARTESIAN_POINT('',(-2.55,4.416729559301));
#3174 = CARTESIAN_POINT('',(1.275,2.20836477965));
#3175 = CARTESIAN_POINT('',(5.1,3.264765712164E-16));
#3176 = CARTESIAN_POINT('',(1.275,-2.20836477965));
#3177 = CARTESIAN_POINT('',(-2.55,-4.416729559301));
#3178 = CARTESIAN_POINT('',(-2.55,-2.980932963488E-16));
#3179 = ( GEOMETRIC_REPRESENTATION_CONTEXT(2) 
PARAMETRIC_REPRESENTATION_CONTEXT() REPRESENTATION_CONTEXT('2D SPACE',''
  ) );
#3180 = ORIENTED_EDGE('',*,*,#3181,.T.);
#3181 = EDGE_CURVE('',#3149,#3113,#3182,.T.);
#3182 = SEAM_CURVE('',#3183,(#3187,#3194),.PCURVE_S1.);
#3183 = LINE('',#3184,#3185);
#3184 = CARTESIAN_POINT('',(63.808274388683,-58.12653186146,21.5));
#3185 = VECTOR('',#3186,1.);
#3186 = DIRECTION('',(7.529701297771E-02,-0.997161150385,-0.));
#3187 = PCURVE('',#3133,#3188);
#3188 = DEFINITIONAL_REPRESENTATION('',(#3189),#3193);
#3189 = LINE('',#3190,#3191);
#3190 = CARTESIAN_POINT('',(-6.28318530718,0.));
#3191 = VECTOR('',#3192,1.);
#3192 = DIRECTION('',(-0.,-1.));
#3193 = ( GEOMETRIC_REPRESENTATION_CONTEXT(2) 
PARAMETRIC_REPRESENTATION_CONTEXT() REPRESENTATION_CONTEXT('2D SPACE',''
  ) );
#3194 = PCURVE('',#3133,#3195);
#3195 = DEFINITIONAL_REPRESENTATION('',(#3196),#3200);
#3196 = LINE('',#3197,#3198);
#3197 = CARTESIAN_POINT('',(-0.,0.));
#3198 = VECTOR('',#3199,1.);
#3199 = DIRECTION('',(-0.,-1.));
#3200 = ( GEOMETRIC_REPRESENTATION_CONTEXT(2) 
PARAMETRIC_REPRESENTATION_CONTEXT() REPRESENTATION_CONTEXT('2D SPACE',''
  ) );
#3201 = ORIENTED_EDGE('',*,*,#3112,.T.);
#3202 = ORIENTED_EDGE('',*,*,#3181,.F.);
#3203 = ADVANCED_FACE('',(#3204,#3207),#3165,.F.);
#3204 = FACE_BOUND('',#3205,.T.);
#3205 = EDGE_LOOP('',(#3206));
#3206 = ORIENTED_EDGE('',*,*,#3148,.T.);
#3207 = FACE_BOUND('',#3208,.T.);
#3208 = EDGE_LOOP('',(#3209));
#3209 = ORIENTED_EDGE('',*,*,#3210,.F.);
#3210 = EDGE_CURVE('',#3211,#3211,#3213,.T.);
#3211 = VERTEX_POINT('',#3212);
#3212 = CARTESIAN_POINT('',(62.113100433029,-58.25453678352,21.5));
#3213 = SURFACE_CURVE('',#3214,(#3219,#3230),.PCURVE_S1.);
#3214 = CIRCLE('',#3215,0.85);
#3215 = AXIS2_PLACEMENT_3D('',#3216,#3217,#3218);
#3216 = CARTESIAN_POINT('',(61.265513455202,-58.31853924456,21.5));
#3217 = DIRECTION('',(7.529701297771E-02,-0.997161150385,0.));
#3218 = DIRECTION('',(0.997161150385,7.529701297771E-02,-0.));
#3219 = PCURVE('',#3165,#3220);
#3220 = DEFINITIONAL_REPRESENTATION('',(#3221),#3229);
#3221 = ( BOUNDED_CURVE() B_SPLINE_CURVE(2,(#3222,#3223,#3224,#3225,
#3226,#3227,#3228),.UNSPECIFIED.,.T.,.F.) B_SPLINE_CURVE_WITH_KNOTS((1,2
    ,2,2,2,1),(-2.094395102393,0.,2.094395102393,4.188790204786,
6.28318530718,8.377580409573),.UNSPECIFIED.) CURVE() 
GEOMETRIC_REPRESENTATION_ITEM() RATIONAL_B_SPLINE_CURVE((1.,0.5,1.,0.5,
1.,0.5,1.)) REPRESENTATION_ITEM('') );
#3222 = CARTESIAN_POINT('',(-0.85,-2.980932963488E-16));
#3223 = CARTESIAN_POINT('',(-0.85,1.472243186434));
#3224 = CARTESIAN_POINT('',(0.425,0.736121593217));
#3225 = CARTESIAN_POINT('',(1.7,-8.990334049373E-17));
#3226 = CARTESIAN_POINT('',(0.425,-0.736121593217));
#3227 = CARTESIAN_POINT('',(-0.85,-1.472243186434));
#3228 = CARTESIAN_POINT('',(-0.85,-2.980932963488E-16));
#3229 = ( GEOMETRIC_REPRESENTATION_CONTEXT(2) 
PARAMETRIC_REPRESENTATION_CONTEXT() REPRESENTATION_CONTEXT('2D SPACE',''
  ) );
#3230 = PCURVE('',#3231,#3236);
#3231 = CYLINDRICAL_SURFACE('',#3232,0.85);
#3232 = AXIS2_PLACEMENT_3D('',#3233,#3234,#3235);
#3233 = CARTESIAN_POINT('',(60.678196753976,-50.54068227155,21.5));
#3234 = DIRECTION('',(-7.529701297771E-02,0.997161150385,-0.));
#3235 = DIRECTION('',(0.997161150385,7.529701297771E-02,-0.));
#3236 = DEFINITIONAL_REPRESENTATION('',(#3237),#3241);
#3237 = LINE('',#3238,#3239);
#3238 = CARTESIAN_POINT('',(-0.,-7.8));
#3239 = VECTOR('',#3240,1.);
#3240 = DIRECTION('',(-1.,0.));
#3241 = ( GEOMETRIC_REPRESENTATION_CONTEXT(2) 
PARAMETRIC_REPRESENTATION_CONTEXT() REPRESENTATION_CONTEXT('2D SPACE',''
  ) );
#3242 = ADVANCED_FACE('',(#3243),#3231,.F.);
#3243 = FACE_BOUND('',#3244,.T.);
#3244 = EDGE_LOOP('',(#3245,#3278,#3299,#3300));
#3245 = ORIENTED_EDGE('',*,*,#3246,.F.);
#3246 = EDGE_CURVE('',#3247,#3247,#3249,.T.);
#3247 = VERTEX_POINT('',#3248);
#3248 = CARTESIAN_POINT('',(61.60108074478,-51.47384096091,21.5));
#3249 = SURFACE_CURVE('',#3250,(#3255,#3262),.PCURVE_S1.);
#3250 = CIRCLE('',#3251,0.85);
#3251 = AXIS2_PLACEMENT_3D('',#3252,#3253,#3254);
#3252 = CARTESIAN_POINT('',(60.753493766953,-51.53784342194,21.5));
#3253 = DIRECTION('',(7.529701297771E-02,-0.997161150385,0.));
#3254 = DIRECTION('',(0.997161150385,7.529701297771E-02,-0.));
#3255 = PCURVE('',#3231,#3256);
#3256 = DEFINITIONAL_REPRESENTATION('',(#3257),#3261);
#3257 = LINE('',#3258,#3259);
#3258 = CARTESIAN_POINT('',(-0.,-1.));
#3259 = VECTOR('',#3260,1.);
#3260 = DIRECTION('',(-1.,0.));
#3261 = ( GEOMETRIC_REPRESENTATION_CONTEXT(2) 
PARAMETRIC_REPRESENTATION_CONTEXT() REPRESENTATION_CONTEXT('2D SPACE',''
  ) );
#3262 = PCURVE('',#3263,#3268);
#3263 = PLANE('',#3264);
#3264 = AXIS2_PLACEMENT_3D('',#3265,#3266,#3267);
#3265 = CARTESIAN_POINT('',(60.753493766953,-51.53784342194,21.5));
#3266 = DIRECTION('',(-7.529701297771E-02,0.997161150385,-0.));
#3267 = DIRECTION('',(-0.997161150385,-7.529701297771E-02,0.));
#3268 = DEFINITIONAL_REPRESENTATION('',(#3269),#3277);
#3269 = ( BOUNDED_CURVE() B_SPLINE_CURVE(2,(#3270,#3271,#3272,#3273,
#3274,#3275,#3276),.UNSPECIFIED.,.T.,.F.) B_SPLINE_CURVE_WITH_KNOTS((1,2
    ,2,2,2,1),(-2.094395102393,0.,2.094395102393,4.188790204786,
6.28318530718,8.377580409573),.UNSPECIFIED.) CURVE() 
GEOMETRIC_REPRESENTATION_ITEM() RATIONAL_B_SPLINE_CURVE((1.,0.5,1.,0.5,
1.,0.5,1.)) REPRESENTATION_ITEM('') );
#3270 = CARTESIAN_POINT('',(-0.85,-1.661535876627E-16));
#3271 = CARTESIAN_POINT('',(-0.85,1.472243186434));
#3272 = CARTESIAN_POINT('',(0.425,0.736121593217));
#3273 = CARTESIAN_POINT('',(1.7,4.203636819232E-17));
#3274 = CARTESIAN_POINT('',(0.425,-0.736121593217));
#3275 = CARTESIAN_POINT('',(-0.85,-1.472243186434));
#3276 = CARTESIAN_POINT('',(-0.85,-1.661535876627E-16));
#3277 = ( GEOMETRIC_REPRESENTATION_CONTEXT(2) 
PARAMETRIC_REPRESENTATION_CONTEXT() REPRESENTATION_CONTEXT('2D SPACE',''
  ) );
#3278 = ORIENTED_EDGE('',*,*,#3279,.T.);
#3279 = EDGE_CURVE('',#3247,#3211,#3280,.T.);
#3280 = SEAM_CURVE('',#3281,(#3285,#3292),.PCURVE_S1.);
#3281 = LINE('',#3282,#3283);
#3282 = CARTESIAN_POINT('',(61.525783731803,-50.47667981052,21.5));
#3283 = VECTOR('',#3284,1.);
#3284 = DIRECTION('',(7.529701297771E-02,-0.997161150385,-0.));
#3285 = PCURVE('',#3231,#3286);
#3286 = DEFINITIONAL_REPRESENTATION('',(#3287),#3291);
#3287 = LINE('',#3288,#3289);
#3288 = CARTESIAN_POINT('',(-6.28318530718,0.));
#3289 = VECTOR('',#3290,1.);
#3290 = DIRECTION('',(-0.,-1.));
#3291 = ( GEOMETRIC_REPRESENTATION_CONTEXT(2) 
PARAMETRIC_REPRESENTATION_CONTEXT() REPRESENTATION_CONTEXT('2D SPACE',''
  ) );
#3292 = PCURVE('',#3231,#3293);
#3293 = DEFINITIONAL_REPRESENTATION('',(#3294),#3298);
#3294 = LINE('',#3295,#3296);
#3295 = CARTESIAN_POINT('',(-0.,0.));
#3296 = VECTOR('',#3297,1.);
#3297 = DIRECTION('',(-0.,-1.));
#3298 = ( GEOMETRIC_REPRESENTATION_CONTEXT(2) 
PARAMETRIC_REPRESENTATION_CONTEXT() REPRESENTATION_CONTEXT('2D SPACE',''
  ) );
#3299 = ORIENTED_EDGE('',*,*,#3210,.T.);
#3300 = ORIENTED_EDGE('',*,*,#3279,.F.);
#3301 = ADVANCED_FACE('',(#3302,#3402),#3263,.T.);
#3302 = FACE_BOUND('',#3303,.F.);
#3303 = EDGE_LOOP('',(#3304,#3334,#3357,#3381));
#3304 = ORIENTED_EDGE('',*,*,#3305,.T.);
#3305 = EDGE_CURVE('',#3306,#3308,#3310,.T.);
#3306 = VERTEX_POINT('',#3307);
#3307 = CARTESIAN_POINT('',(62.413516538636,-51.41249281423,21.));
#3308 = VERTEX_POINT('',#3309);
#3309 = CARTESIAN_POINT('',(64.068071075851,-51.28755512045,21.));
#3310 = SURFACE_CURVE('',#3311,(#3315,#3322),.PCURVE_S1.);
#3311 = LINE('',#3312,#3313);
#3312 = CARTESIAN_POINT('',(63.944272330405,-51.29690333436,21.));
#3313 = VECTOR('',#3314,1.);
#3314 = DIRECTION('',(0.997161150385,7.529701297771E-02,-0.));
#3315 = PCURVE('',#3263,#3316);
#3316 = DEFINITIONAL_REPRESENTATION('',(#3317),#3321);
#3317 = LINE('',#3318,#3319);
#3318 = CARTESIAN_POINT('',(-3.199862491856,-0.5));
#3319 = VECTOR('',#3320,1.);
#3320 = DIRECTION('',(-1.,0.));
#3321 = ( GEOMETRIC_REPRESENTATION_CONTEXT(2) 
PARAMETRIC_REPRESENTATION_CONTEXT() REPRESENTATION_CONTEXT('2D SPACE',''
  ) );
#3322 = PCURVE('',#3323,#3328);
#3323 = PLANE('',#3324);
#3324 = AXIS2_PLACEMENT_3D('',#3325,#3326,#3327);
#3325 = CARTESIAN_POINT('',(67.214112757484,-52.10298245469,21.));
#3326 = DIRECTION('',(0.,0.,1.));
#3327 = DIRECTION('',(-0.997161150385,-7.529701297771E-02,0.));
#3328 = DEFINITIONAL_REPRESENTATION('',(#3329),#3333);
#3329 = LINE('',#3330,#3331);
#3330 = CARTESIAN_POINT('',(3.199862491856,-1.05));
#3331 = VECTOR('',#3332,1.);
#3332 = DIRECTION('',(-1.,0.));
#3333 = ( GEOMETRIC_REPRESENTATION_CONTEXT(2) 
PARAMETRIC_REPRESENTATION_CONTEXT() REPRESENTATION_CONTEXT('2D SPACE',''
  ) );
#3334 = ORIENTED_EDGE('',*,*,#3335,.T.);
#3335 = EDGE_CURVE('',#3308,#3336,#3338,.T.);
#3336 = VERTEX_POINT('',#3337);
#3337 = CARTESIAN_POINT('',(64.068071075851,-51.28755512045,
    23.900194373269));
#3338 = SURFACE_CURVE('',#3339,(#3343,#3350),.PCURVE_S1.);
#3339 = LINE('',#3340,#3341);
#3340 = CARTESIAN_POINT('',(64.068071075851,-51.28755512045,8.25));
#3341 = VECTOR('',#3342,1.);
#3342 = DIRECTION('',(-0.,-0.,1.));
#3343 = PCURVE('',#3263,#3344);
#3344 = DEFINITIONAL_REPRESENTATION('',(#3345),#3349);
#3345 = LINE('',#3346,#3347);
#3346 = CARTESIAN_POINT('',(-3.324013683866,-13.25));
#3347 = VECTOR('',#3348,1.);
#3348 = DIRECTION('',(-0.,1.));
#3349 = ( GEOMETRIC_REPRESENTATION_CONTEXT(2) 
PARAMETRIC_REPRESENTATION_CONTEXT() REPRESENTATION_CONTEXT('2D SPACE',''
  ) );
#3350 = PCURVE('',#501,#3351);
#3351 = DEFINITIONAL_REPRESENTATION('',(#3352),#3356);
#3352 = LINE('',#3353,#3354);
#3353 = CARTESIAN_POINT('',(-3.470571624685,0.));
#3354 = VECTOR('',#3355,1.);
#3355 = DIRECTION('',(-0.,1.));
#3356 = ( GEOMETRIC_REPRESENTATION_CONTEXT(2) 
PARAMETRIC_REPRESENTATION_CONTEXT() REPRESENTATION_CONTEXT('2D SPACE',''
  ) );
#3357 = ORIENTED_EDGE('',*,*,#3358,.F.);
#3358 = EDGE_CURVE('',#3359,#3336,#3361,.T.);
#3359 = VERTEX_POINT('',#3360);
#3360 = CARTESIAN_POINT('',(62.413516538636,-51.41249281423,
    17.753186470794));
#3361 = SURFACE_CURVE('',#3362,(#3367,#3374),.PCURVE_S1.);
#3362 = CIRCLE('',#3363,4.1);
#3363 = AXIS2_PLACEMENT_3D('',#3364,#3365,#3366);
#3364 = CARTESIAN_POINT('',(60.753493766953,-51.53784342194,21.5));
#3365 = DIRECTION('',(-7.529701297771E-02,0.997161150385,0.));
#3366 = DIRECTION('',(0.404883602849,3.057331895296E-02,-0.913856958343)
  );
#3367 = PCURVE('',#3263,#3368);
#3368 = DEFINITIONAL_REPRESENTATION('',(#3369),#3373);
#3369 = CIRCLE('',#3370,4.1);
#3370 = AXIS2_PLACEMENT_2D('',#3371,#3372);
#3371 = CARTESIAN_POINT('',(2.081293984627E-14,-1.661535876627E-16));
#3372 = DIRECTION('',(-0.406036278783,-0.913856958343));
#3373 = ( GEOMETRIC_REPRESENTATION_CONTEXT(2) 
PARAMETRIC_REPRESENTATION_CONTEXT() REPRESENTATION_CONTEXT('2D SPACE',''
  ) );
#3374 = PCURVE('',#562,#3375);
#3375 = DEFINITIONAL_REPRESENTATION('',(#3376),#3380);
#3376 = LINE('',#3377,#3378);
#3377 = CARTESIAN_POINT('',(-11.4136867946,0.));
#3378 = VECTOR('',#3379,1.);
#3379 = DIRECTION('',(1.,-0.));
#3380 = ( GEOMETRIC_REPRESENTATION_CONTEXT(2) 
PARAMETRIC_REPRESENTATION_CONTEXT() REPRESENTATION_CONTEXT('2D SPACE',''
  ) );
#3381 = ORIENTED_EDGE('',*,*,#3382,.F.);
#3382 = EDGE_CURVE('',#3306,#3359,#3383,.T.);
#3383 = SURFACE_CURVE('',#3384,(#3388,#3395),.PCURVE_S1.);
#3384 = LINE('',#3385,#3386);
#3385 = CARTESIAN_POINT('',(62.413516538636,-51.41249281423,15.45));
#3386 = VECTOR('',#3387,1.);
#3387 = DIRECTION('',(-0.,-0.,-1.));
#3388 = PCURVE('',#3263,#3389);
#3389 = DEFINITIONAL_REPRESENTATION('',(#3390),#3394);
#3390 = LINE('',#3391,#3392);
#3391 = CARTESIAN_POINT('',(-1.664748743011,-6.05));
#3392 = VECTOR('',#3393,1.);
#3393 = DIRECTION('',(-0.,-1.));
#3394 = ( GEOMETRIC_REPRESENTATION_CONTEXT(2) 
PARAMETRIC_REPRESENTATION_CONTEXT() REPRESENTATION_CONTEXT('2D SPACE',''
  ) );
#3395 = PCURVE('',#754,#3396);
#3396 = DEFINITIONAL_REPRESENTATION('',(#3397),#3401);
#3397 = LINE('',#3398,#3399);
#3398 = CARTESIAN_POINT('',(3.359815382859,0.));
#3399 = VECTOR('',#3400,1.);
#3400 = DIRECTION('',(0.,1.));
#3401 = ( GEOMETRIC_REPRESENTATION_CONTEXT(2) 
PARAMETRIC_REPRESENTATION_CONTEXT() REPRESENTATION_CONTEXT('2D SPACE',''
  ) );
#3402 = FACE_BOUND('',#3403,.F.);
#3403 = EDGE_LOOP('',(#3404));
#3404 = ORIENTED_EDGE('',*,*,#3246,.F.);
#3405 = ADVANCED_FACE('',(#3406),#3323,.T.);
#3406 = FACE_BOUND('',#3407,.F.);
#3407 = EDGE_LOOP('',(#3408,#3409,#3437,#3460));
#3408 = ORIENTED_EDGE('',*,*,#3305,.F.);
#3409 = ORIENTED_EDGE('',*,*,#3410,.T.);
#3410 = EDGE_CURVE('',#3306,#3411,#3413,.T.);
#3411 = VERTEX_POINT('',#3412);
#3412 = CARTESIAN_POINT('',(67.579303270426,-56.93921403406,21.));
#3413 = SURFACE_CURVE('',#3414,(#3419,#3430),.PCURVE_S1.);
#3414 = CIRCLE('',#3415,4.85);
#3415 = AXIS2_PLACEMENT_3D('',#3416,#3417,#3418);
#3416 = CARTESIAN_POINT('',(67.214112757484,-52.10298245469,21.));
#3417 = DIRECTION('',(0.,0.,-1.));
#3418 = DIRECTION('',(-0.745694942974,-0.666287514533,-0.));
#3419 = PCURVE('',#3323,#3420);
#3420 = DEFINITIONAL_REPRESENTATION('',(#3421),#3429);
#3421 = ( BOUNDED_CURVE() B_SPLINE_CURVE(2,(#3422,#3423,#3424,#3425,
#3426,#3427,#3428),.UNSPECIFIED.,.T.,.F.) B_SPLINE_CURVE_WITH_KNOTS((1,2
    ,2,2,2,1),(-2.094395102393,0.,2.094395102393,4.188790204786,
6.28318530718,8.377580409573),.UNSPECIFIED.) CURVE() 
GEOMETRIC_REPRESENTATION_ITEM() RATIONAL_B_SPLINE_CURVE((1.,0.5,1.,0.5,
1.,0.5,1.)) REPRESENTATION_ITEM('') );
#3422 = CARTESIAN_POINT('',(3.849675310984,2.95));
#3423 = CARTESIAN_POINT('',(8.959225193312,-3.717833231268));
#3424 = CARTESIAN_POINT('',(0.629937285672,-4.808916615634));
#3425 = CARTESIAN_POINT('',(-7.699350621968,-5.9));
#3426 = CARTESIAN_POINT('',(-4.479612596656,1.858916615634));
#3427 = CARTESIAN_POINT('',(-1.259874571344,9.617833231268));
#3428 = CARTESIAN_POINT('',(3.849675310984,2.95));
#3429 = ( GEOMETRIC_REPRESENTATION_CONTEXT(2) 
PARAMETRIC_REPRESENTATION_CONTEXT() REPRESENTATION_CONTEXT('2D SPACE',''
  ) );
#3430 = PCURVE('',#754,#3431);
#3431 = DEFINITIONAL_REPRESENTATION('',(#3432),#3436);
#3432 = LINE('',#3433,#3434);
#3433 = CARTESIAN_POINT('',(2.487741913967,-5.55));
#3434 = VECTOR('',#3435,1.);
#3435 = DIRECTION('',(1.,0.));
#3436 = ( GEOMETRIC_REPRESENTATION_CONTEXT(2) 
PARAMETRIC_REPRESENTATION_CONTEXT() REPRESENTATION_CONTEXT('2D SPACE',''
  ) );
#3437 = ORIENTED_EDGE('',*,*,#3438,.T.);
#3438 = EDGE_CURVE('',#3411,#3439,#3441,.T.);
#3439 = VERTEX_POINT('',#3440);
#3440 = CARTESIAN_POINT('',(67.458828049661,-55.34375619344,21.));
#3441 = SURFACE_CURVE('',#3442,(#3446,#3453),.PCURVE_S1.);
#3442 = LINE('',#3443,#3444);
#3443 = CARTESIAN_POINT('',(67.392943163306,-54.47124018685,21.));
#3444 = VECTOR('',#3445,1.);
#3445 = DIRECTION('',(-7.529701297771E-02,0.997161150385,-0.));
#3446 = PCURVE('',#3323,#3447);
#3447 = DEFINITIONAL_REPRESENTATION('',(#3448),#3452);
#3448 = LINE('',#3449,#3450);
#3449 = CARTESIAN_POINT('',(2.106648189226E-14,2.375));
#3450 = VECTOR('',#3451,1.);
#3451 = DIRECTION('',(-0.,-1.));
#3452 = ( GEOMETRIC_REPRESENTATION_CONTEXT(2) 
PARAMETRIC_REPRESENTATION_CONTEXT() REPRESENTATION_CONTEXT('2D SPACE',''
  ) );
#3453 = PCURVE('',#2256,#3454);
#3454 = DEFINITIONAL_REPRESENTATION('',(#3455),#3459);
#3455 = LINE('',#3456,#3457);
#3456 = CARTESIAN_POINT('',(2.375,-0.5));
#3457 = VECTOR('',#3458,1.);
#3458 = DIRECTION('',(1.,-0.));
#3459 = ( GEOMETRIC_REPRESENTATION_CONTEXT(2) 
PARAMETRIC_REPRESENTATION_CONTEXT() REPRESENTATION_CONTEXT('2D SPACE',''
  ) );
#3460 = ORIENTED_EDGE('',*,*,#3461,.F.);
#3461 = EDGE_CURVE('',#3308,#3439,#3462,.T.);
#3462 = SURFACE_CURVE('',#3463,(#3468,#3479),.PCURVE_S1.);
#3463 = CIRCLE('',#3464,3.25);
#3464 = AXIS2_PLACEMENT_3D('',#3465,#3466,#3467);
#3465 = CARTESIAN_POINT('',(67.214112757484,-52.10298245469,21.));
#3466 = DIRECTION('',(-0.,0.,-1.));
#3467 = DIRECTION('',(-0.968012825118,0.250900718229,0.));
#3468 = PCURVE('',#3323,#3469);
#3469 = DEFINITIONAL_REPRESENTATION('',(#3470),#3478);
#3470 = ( BOUNDED_CURVE() B_SPLINE_CURVE(2,(#3471,#3472,#3473,#3474,
#3475,#3476,#3477),.UNSPECIFIED.,.T.,.F.) B_SPLINE_CURVE_WITH_KNOTS((1,2
    ,2,2,2,1),(-2.094395102393,0.,2.094395102393,4.188790204786,
6.28318530718,8.377580409573),.UNSPECIFIED.) CURVE() 
GEOMETRIC_REPRESENTATION_ITEM() RATIONAL_B_SPLINE_CURVE((1.,0.5,1.,0.5,
1.,0.5,1.)) REPRESENTATION_ITEM('') );
#3471 = CARTESIAN_POINT('',(3.075711299846,-1.05));
#3472 = CARTESIAN_POINT('',(1.257057951899,-6.377288240747));
#3473 = CARTESIAN_POINT('',(-2.447182323897,-2.138644120373));
#3474 = CARTESIAN_POINT('',(-6.151422599692,2.1));
#3475 = CARTESIAN_POINT('',(-0.628528975949,3.188644120373));
#3476 = CARTESIAN_POINT('',(4.894364647793,4.277288240747));
#3477 = CARTESIAN_POINT('',(3.075711299846,-1.05));
#3478 = ( GEOMETRIC_REPRESENTATION_CONTEXT(2) 
PARAMETRIC_REPRESENTATION_CONTEXT() REPRESENTATION_CONTEXT('2D SPACE',''
  ) );
#3479 = PCURVE('',#501,#3480);
#3480 = DEFINITIONAL_REPRESENTATION('',(#3481),#3485);
#3481 = LINE('',#3482,#3483);
#3482 = CARTESIAN_POINT('',(-3.470571624685,12.75));
#3483 = VECTOR('',#3484,1.);
#3484 = DIRECTION('',(-1.,0.));
#3485 = ( GEOMETRIC_REPRESENTATION_CONTEXT(2) 
PARAMETRIC_REPRESENTATION_CONTEXT() REPRESENTATION_CONTEXT('2D SPACE',''
  ) );
#3486 = ADVANCED_FACE('',(#3487),#3098,.F.);
#3487 = FACE_BOUND('',#3488,.T.);
#3488 = EDGE_LOOP('',(#3489,#3642,#3663,#3664));
#3489 = ORIENTED_EDGE('',*,*,#3490,.F.);
#3490 = EDGE_CURVE('',#3491,#3493,#3495,.T.);
#3491 = VERTEX_POINT('',#3492);
#3492 = CARTESIAN_POINT('',(65.838340362822,-57.78890808893,21.5));
#3493 = VERTEX_POINT('',#3494);
#3494 = CARTESIAN_POINT('',(64.824792467187,-57.44279972015,
    23.434151284366));
#3495 = SURFACE_CURVE('',#3496,(#3541,#3589),.PCURVE_S1.);
#3496 = B_SPLINE_CURVE_WITH_KNOTS('',8,(#3497,#3498,#3499,#3500,#3501,
    #3502,#3503,#3504,#3505,#3506,#3507,#3508,#3509,#3510,#3511,#3512,
    #3513,#3514,#3515,#3516,#3517,#3518,#3519,#3520,#3521,#3522,#3523,
    #3524,#3525,#3526,#3527,#3528,#3529,#3530,#3531,#3532,#3533,#3534,
    #3535,#3536,#3537,#3538,#3539,#3540),.UNSPECIFIED.,.F.,.F.,(9,7,7,7,
    7,7,9),(0.,0.231241351876,0.410284903667,0.503749031022,
    0.550325479716,0.632938803727,1.),.UNSPECIFIED.);
#3497 = CARTESIAN_POINT('',(65.838340362822,-57.78890808893,21.5));
#3498 = CARTESIAN_POINT('',(65.825034672062,-57.78568863035,
    21.675603067917));
#3499 = CARTESIAN_POINT('',(65.798826850345,-57.77930958928,
    21.850831433848));
#3500 = CARTESIAN_POINT('',(65.759625252241,-57.76962130447,
    22.024854854112));
#3501 = CARTESIAN_POINT('',(65.707341390297,-57.75629811454,
    22.196804695585));
#3502 = CARTESIAN_POINT('',(65.641898396149,-57.73883305973,
    22.365764403659));
#3503 = CARTESIAN_POINT('',(65.563244510193,-57.71652588265,
    22.530760521583));
#3504 = CARTESIAN_POINT('',(65.4713715998,-57.68846432811,
    22.690754261193));
#3505 = CARTESIAN_POINT('',(65.285014746553,-57.62642589062,
    22.963778006508));
#3506 = CARTESIAN_POINT('',(65.195581579868,-57.59514056876,
    23.079578932865));
#3507 = CARTESIAN_POINT('',(65.098445686186,-57.55922179025,
    23.190822292739));
#3508 = CARTESIAN_POINT('',(64.994200548734,-57.51824843095,
    23.296492163505));
#3509 = CARTESIAN_POINT('',(64.883586061962,-57.47182723313,
    23.395767963881));
#3510 = CARTESIAN_POINT('',(64.767450950086,-57.41961954431,
    23.48802098045));
#3511 = CARTESIAN_POINT('',(64.646718196015,-57.36136679042,
    23.572810268091));
#3512 = CARTESIAN_POINT('',(64.457432742247,-57.2632694619,
    23.690108701477));
#3513 = CARTESIAN_POINT('',(64.391653393906,-57.2280028552,
    23.728154085372));
#3514 = CARTESIAN_POINT('',(64.325190096821,-57.19112024577,
    23.763973199029));
#3515 = CARTESIAN_POINT('',(64.258223099976,-57.15264081557,
    23.797543730904));
#3516 = CARTESIAN_POINT('',(64.190936432423,-57.11259868496,
    23.828861328827));
#3517 = CARTESIAN_POINT('',(64.123516095539,-57.07104405168,
    23.85793899397));
#3518 = CARTESIAN_POINT('',(64.05614825527,-57.02804432987,
    23.884806474799));
#3519 = CARTESIAN_POINT('',(63.955563794769,-56.96157962507,
    23.921820124087));
#3520 = CARTESIAN_POINT('',(63.9221644126,-56.93913336311,
    23.933594769131));
#3521 = CARTESIAN_POINT('',(63.888836461192,-56.91635310665,
    23.94484112246));
#3522 = CARTESIAN_POINT('',(63.855596950406,-56.89324622091,
    23.95556718986));
#3523 = CARTESIAN_POINT('',(63.822462726655,-56.86982083292,
    23.965781456612));
#3524 = CARTESIAN_POINT('',(63.789450472906,-56.84608583147,
    23.975492887491));
#3525 = CARTESIAN_POINT('',(63.756576708681,-56.82205086709,
    23.984710926764));
#3526 = CARTESIAN_POINT('',(63.665823768531,-56.75458160634,
    24.008938134491));
#3527 = CARTESIAN_POINT('',(63.608290666131,-56.71053627335,
    24.022906003239));
#3528 = CARTESIAN_POINT('',(63.551317186148,-56.66562561286,
    24.035414129747));
#3529 = CARTESIAN_POINT('',(63.494959378239,-56.61988840168,
    24.046527763969));
#3530 = CARTESIAN_POINT('',(63.439270638429,-56.57336693371,
    24.056312380501));
#3531 = CARTESIAN_POINT('',(63.384301709105,-56.52610701997,
    24.064833678587));
#3532 = CARTESIAN_POINT('',(63.330100679021,-56.47815798856,
    24.072157582112));
#3533 = CARTESIAN_POINT('',(63.039504861075,-56.21370218222,
    24.105864981281));
#3534 = CARTESIAN_POINT('',(62.818935905418,-55.98580177002,
    24.110978962719));
#3535 = CARTESIAN_POINT('',(62.616075440782,-55.74809344146,
    24.099997830647));
#3536 = CARTESIAN_POINT('',(62.431030405698,-55.50245872847,
    24.077781157829));
#3537 = CARTESIAN_POINT('',(62.263507618044,-55.25032623896,
    24.048313204644));
#3538 = CARTESIAN_POINT('',(62.112987289913,-54.99266413399,
    24.014847740972));
#3539 = CARTESIAN_POINT('',(61.978983272729,-54.73000125436,
    23.980150055243));
#3540 = CARTESIAN_POINT('',(61.861166267374,-54.46274173776,
    23.94657186986));
#3541 = PCURVE('',#3098,#3542);
#3542 = DEFINITIONAL_REPRESENTATION('',(#3543),#3588);
#3543 = B_SPLINE_CURVE_WITH_KNOTS('',8,(#3544,#3545,#3546,#3547,#3548,
    #3549,#3550,#3551,#3552,#3553,#3554,#3555,#3556,#3557,#3558,#3559,
    #3560,#3561,#3562,#3563,#3564,#3565,#3566,#3567,#3568,#3569,#3570,
    #3571,#3572,#3573,#3574,#3575,#3576,#3577,#3578,#3579,#3580,#3581,
    #3582,#3583,#3584,#3585,#3586,#3587),.UNSPECIFIED.,.F.,.F.,(9,7,7,7,
    7,7,9),(0.,0.231241351876,0.410284903667,0.503749031022,
    0.550325479716,0.632938803727,1.),.UNSPECIFIED.);
#3544 = CARTESIAN_POINT('',(-7.404023174781E-02,-3.616192594584));
#3545 = CARTESIAN_POINT('',(-0.136755613147,-3.611980396798));
#3546 = CARTESIAN_POINT('',(-0.199670578803,-3.603646094175));
#3547 = CARTESIAN_POINT('',(-0.262868300751,-3.591033549702));
#3548 = CARTESIAN_POINT('',(-0.326427781164,-3.573811363673));
#3549 = CARTESIAN_POINT('',(-0.390426270411,-3.551468227549));
#3550 = CARTESIAN_POINT('',(-0.454940529581,-3.523301974523));
#3551 = CARTESIAN_POINT('',(-0.520046937483,-3.488402326785));
#3552 = CARTESIAN_POINT('',(-0.636746981794,-3.412507892691));
#3553 = CARTESIAN_POINT('',(-0.68821109173,-3.374577334843));
#3554 = CARTESIAN_POINT('',(-0.739967743567,-3.331446481701));
#3555 = CARTESIAN_POINT('',(-0.791811620983,-3.282740092136));
#3556 = CARTESIAN_POINT('',(-0.843563899552,-3.228121736666));
#3557 = CARTESIAN_POINT('',(-0.895062446706,-3.167317630596));
#3558 = CARTESIAN_POINT('',(-0.946155441752,-3.10013943177));
#3559 = CARTESIAN_POINT('',(-1.023082806439,-2.988067957544));
#3560 = CARTESIAN_POINT('',(-1.0492639959,-2.947948478988));
#3561 = CARTESIAN_POINT('',(-1.075210198509,-2.906166085995));
#3562 = CARTESIAN_POINT('',(-1.100889883068,-2.862753478279));
#3563 = CARTESIAN_POINT('',(-1.126271699393,-2.817758536175));
#3564 = CARTESIAN_POINT('',(-1.151324404664,-2.771245320275));
#3565 = CARTESIAN_POINT('',(-1.17601678978,-2.723295071066));
#3566 = CARTESIAN_POINT('',(-1.212427553543,-2.649445340133));
#3567 = CARTESIAN_POINT('',(-1.224441926072,-2.624547926031));
#3568 = CARTESIAN_POINT('',(-1.236358885686,-2.599322844096));
#3569 = CARTESIAN_POINT('',(-1.248176544045,-2.573778719458));
#3570 = CARTESIAN_POINT('',(-1.259892962084,-2.547924924548));
#3571 = CARTESIAN_POINT('',(-1.271506150008,-2.521771579093));
#3572 = CARTESIAN_POINT('',(-1.283014067298,-2.495329550114));
#3573 = CARTESIAN_POINT('',(-1.314635953531,-2.421218399136));
#3574 = CARTESIAN_POINT('',(-1.334514804338,-2.372966033469));
#3575 = CARTESIAN_POINT('',(-1.354050749855,-2.323892934728));
#3576 = CARTESIAN_POINT('',(-1.373242794096,-2.274041990016));
#3577 = CARTESIAN_POINT('',(-1.392089370351,-2.223459393737));
#3578 = CARTESIAN_POINT('',(-1.410588341195,-2.172194647599));
#3579 = CARTESIAN_POINT('',(-1.428736998479,-2.12030056061));
#3580 = CARTESIAN_POINT('',(-1.525597733107,-1.834714507462));
#3581 = CARTESIAN_POINT('',(-1.597490613734,-1.590852886744));
#3582 = CARTESIAN_POINT('',(-1.662923654239,-1.338544589336));
#3583 = CARTESIAN_POINT('',(-1.722306641064,-1.079673857957));
#3584 = CARTESIAN_POINT('',(-1.775906278676,-0.81564316915));
#3585 = CARTESIAN_POINT('',(-1.823871340404,-0.547378797046));
#3586 = CARTESIAN_POINT('',(-1.866232790431,-0.275371475607));
#3587 = CARTESIAN_POINT('',(-1.902912898661,5.999999999062E-07));
#3588 = ( GEOMETRIC_REPRESENTATION_CONTEXT(2) 
PARAMETRIC_REPRESENTATION_CONTEXT() REPRESENTATION_CONTEXT('2D SPACE',''
  ) );
#3589 = PCURVE('',#3590,#3595);
#3590 = CYLINDRICAL_SURFACE('',#3591,5.85);
#3591 = AXIS2_PLACEMENT_3D('',#3592,#3593,#3594);
#3592 = CARTESIAN_POINT('',(67.214112757484,-52.10298245469,8.25));
#3593 = DIRECTION('',(-0.,-0.,1.));
#3594 = DIRECTION('',(0.997161150385,7.529701297771E-02,-0.));
#3595 = DEFINITIONAL_REPRESENTATION('',(#3596),#3641);
#3596 = B_SPLINE_CURVE_WITH_KNOTS('',8,(#3597,#3598,#3599,#3600,#3601,
    #3602,#3603,#3604,#3605,#3606,#3607,#3608,#3609,#3610,#3611,#3612,
    #3613,#3614,#3615,#3616,#3617,#3618,#3619,#3620,#3621,#3622,#3623,
    #3624,#3625,#3626,#3627,#3628,#3629,#3630,#3631,#3632,#3633,#3634,
    #3635,#3636,#3637,#3638,#3639,#3640),.UNSPECIFIED.,.F.,.F.,(9,7,7,7,
    7,7,9),(0.,0.231241351876,0.410284903667,0.503749031022,
    0.550325479716,0.632938803727,1.),.UNSPECIFIED.);
#3597 = CARTESIAN_POINT('',(-1.883563048736,13.25));
#3598 = CARTESIAN_POINT('',(-1.885903158618,13.425603067917));
#3599 = CARTESIAN_POINT('',(-1.89051394699,13.600831433848));
#3600 = CARTESIAN_POINT('',(-1.897416562314,13.774854854112));
#3601 = CARTESIAN_POINT('',(-1.906639157571,13.946804695585));
#3602 = CARTESIAN_POINT('',(-1.918215838677,14.115764403659));
#3603 = CARTESIAN_POINT('',(-1.932187315544,14.280760521583));
#3604 = CARTESIAN_POINT('',(-1.948603255807,14.440754261193));
#3605 = CARTESIAN_POINT('',(-1.982177943926,14.713778006508));
#3606 = CARTESIAN_POINT('',(-1.998372199206,14.829578932865));
#3607 = CARTESIAN_POINT('',(-2.016070778694,14.940822292739));
#3608 = CARTESIAN_POINT('',(-2.035209058915,15.046492163505));
#3609 = CARTESIAN_POINT('',(-2.055703330104,15.145767963881));
#3610 = CARTESIAN_POINT('',(-2.077456432481,15.23802098045));
#3611 = CARTESIAN_POINT('',(-2.100361819979,15.322810268091));
#3612 = CARTESIAN_POINT('',(-2.136805394026,15.440108701477));
#3613 = CARTESIAN_POINT('',(-2.149562587627,15.478154085372));
#3614 = CARTESIAN_POINT('',(-2.162553642144,15.513973199029));
#3615 = CARTESIAN_POINT('',(-2.175753210932,15.547543730904));
#3616 = CARTESIAN_POINT('',(-2.189134628114,15.578861328827));
#3617 = CARTESIAN_POINT('',(-2.202669945916,15.60793899397));
#3618 = CARTESIAN_POINT('',(-2.216329972002,15.634806474799));
#3619 = CARTESIAN_POINT('',(-2.236938573656,15.671820124087));
#3620 = CARTESIAN_POINT('',(-2.243817195962,15.683594769131));
#3621 = CARTESIAN_POINT('',(-2.250717601103,15.69484112246));
#3622 = CARTESIAN_POINT('',(-2.257637174626,15.70556718986));
#3623 = CARTESIAN_POINT('',(-2.264573260247,15.715781456612));
#3624 = CARTESIAN_POINT('',(-2.271523159852,15.725492887491));
#3625 = CARTESIAN_POINT('',(-2.278484133499,15.734710926764));
#3626 = CARTESIAN_POINT('',(-2.297814887664,15.758938134491));
#3627 = CARTESIAN_POINT('',(-2.310199461907,15.772906003239));
#3628 = CARTESIAN_POINT('',(-2.322598440541,15.785414129747));
#3629 = CARTESIAN_POINT('',(-2.335003103747,15.796527763969));
#3630 = CARTESIAN_POINT('',(-2.347404693482,15.806312380501));
#3631 = CARTESIAN_POINT('',(-2.359794413487,15.814833678587));
#3632 = CARTESIAN_POINT('',(-2.372163429282,15.822157582112));
#3633 = CARTESIAN_POINT('',(-2.439328518301,15.855864981281));
#3634 = CARTESIAN_POINT('',(-2.493434618098,15.860978962719));
#3635 = CARTESIAN_POINT('',(-2.546681574003,15.849997830647));
#3636 = CARTESIAN_POINT('',(-2.599062332707,15.827781157829));
#3637 = CARTESIAN_POINT('',(-2.650632483578,15.798313204645));
#3638 = CARTESIAN_POINT('',(-2.701503601991,15.764847740972));
#3639 = CARTESIAN_POINT('',(-2.75182830048,15.730150055243));
#3640 = CARTESIAN_POINT('',(-2.801755852921,15.69657186986));
#3641 = ( GEOMETRIC_REPRESENTATION_CONTEXT(2) 
PARAMETRIC_REPRESENTATION_CONTEXT() REPRESENTATION_CONTEXT('2D SPACE',''
  ) );
#3642 = ORIENTED_EDGE('',*,*,#3643,.T.);
#3643 = EDGE_CURVE('',#3491,#3018,#3644,.T.);
#3644 = SURFACE_CURVE('',#3645,(#3649,#3656),.PCURVE_S1.);
#3645 = LINE('',#3646,#3647);
#3646 = CARTESIAN_POINT('',(65.566051862098,-54.1829813213,21.5));
#3647 = VECTOR('',#3648,1.);
#3648 = DIRECTION('',(7.529701297771E-02,-0.997161150385,-0.));
#3649 = PCURVE('',#3098,#3650);
#3650 = DEFINITIONAL_REPRESENTATION('',(#3651),#3655);
#3651 = LINE('',#3652,#3653);
#3652 = CARTESIAN_POINT('',(-7.404023174781E-02,0.));
#3653 = VECTOR('',#3654,1.);
#3654 = DIRECTION('',(-0.,-1.));
#3655 = ( GEOMETRIC_REPRESENTATION_CONTEXT(2) 
PARAMETRIC_REPRESENTATION_CONTEXT() REPRESENTATION_CONTEXT('2D SPACE',''
  ) );
#3656 = PCURVE('',#3038,#3657);
#3657 = DEFINITIONAL_REPRESENTATION('',(#3658),#3662);
#3658 = LINE('',#3659,#3660);
#3659 = CARTESIAN_POINT('',(-6.209145075432,0.));
#3660 = VECTOR('',#3661,1.);
#3661 = DIRECTION('',(-0.,-1.));
#3662 = ( GEOMETRIC_REPRESENTATION_CONTEXT(2) 
PARAMETRIC_REPRESENTATION_CONTEXT() REPRESENTATION_CONTEXT('2D SPACE',''
  ) );
#3663 = ORIENTED_EDGE('',*,*,#3079,.T.);
#3664 = ORIENTED_EDGE('',*,*,#3665,.T.);
#3665 = EDGE_CURVE('',#3051,#3493,#3666,.T.);
#3666 = SURFACE_CURVE('',#3667,(#3671,#3678),.PCURVE_S1.);
#3667 = LINE('',#3668,#3669);
#3668 = CARTESIAN_POINT('',(64.584237354191,-54.25711948815,
    23.434151298261));
#3669 = VECTOR('',#3670,1.);
#3670 = DIRECTION('',(-7.529701297771E-02,0.997161150385,-0.));
#3671 = PCURVE('',#3098,#3672);
#3672 = DEFINITIONAL_REPRESENTATION('',(#3673),#3677);
#3673 = LINE('',#3674,#3675);
#3674 = CARTESIAN_POINT('',(-0.867707101942,0.));
#3675 = VECTOR('',#3676,1.);
#3676 = DIRECTION('',(-0.,1.));
#3677 = ( GEOMETRIC_REPRESENTATION_CONTEXT(2) 
PARAMETRIC_REPRESENTATION_CONTEXT() REPRESENTATION_CONTEXT('2D SPACE',''
  ) );
#3678 = PCURVE('',#3067,#3679);
#3679 = DEFINITIONAL_REPRESENTATION('',(#3680),#3684);
#3680 = LINE('',#3681,#3682);
#3681 = CARTESIAN_POINT('',(-6.774453206802,-3.));
#3682 = VECTOR('',#3683,1.);
#3683 = DIRECTION('',(-0.,1.));
#3684 = ( GEOMETRIC_REPRESENTATION_CONTEXT(2) 
PARAMETRIC_REPRESENTATION_CONTEXT() REPRESENTATION_CONTEXT('2D SPACE',''
  ) );
#3685 = ADVANCED_FACE('',(#3686),#3590,.T.);
#3686 = FACE_BOUND('',#3687,.F.);
#3687 = EDGE_LOOP('',(#3688,#3689,#3835));
#3688 = ORIENTED_EDGE('',*,*,#3490,.F.);
#3689 = ORIENTED_EDGE('',*,*,#3690,.T.);
#3690 = EDGE_CURVE('',#3491,#3691,#3693,.T.);
#3691 = VERTEX_POINT('',#3692);
#3692 = CARTESIAN_POINT('',(64.824792467187,-57.44279972015,
    19.565848715634));
#3693 = SURFACE_CURVE('',#3694,(#3739,#3787),.PCURVE_S1.);
#3694 = B_SPLINE_CURVE_WITH_KNOTS('',8,(#3695,#3696,#3697,#3698,#3699,
    #3700,#3701,#3702,#3703,#3704,#3705,#3706,#3707,#3708,#3709,#3710,
    #3711,#3712,#3713,#3714,#3715,#3716,#3717,#3718,#3719,#3720,#3721,
    #3722,#3723,#3724,#3725,#3726,#3727,#3728,#3729,#3730,#3731,#3732,
    #3733,#3734,#3735,#3736,#3737,#3738),.UNSPECIFIED.,.F.,.F.,(9,7,7,7,
    7,7,9),(0.,0.231241340522,0.410284883521,0.503749006286,
    0.550325455147,0.632938783676,1.),.UNSPECIFIED.);
#3695 = CARTESIAN_POINT('',(65.838340362822,-57.78890808893,21.5));
#3696 = CARTESIAN_POINT('',(65.825034672062,-57.78568863035,
    21.324396932082));
#3697 = CARTESIAN_POINT('',(65.798826850345,-57.77930958928,
    21.149168566152));
#3698 = CARTESIAN_POINT('',(65.759625252241,-57.76962130447,
    20.975145145888));
#3699 = CARTESIAN_POINT('',(65.707341390296,-57.75629811454,
    20.803195304414));
#3700 = CARTESIAN_POINT('',(65.641898396149,-57.73883305973,
    20.634235596341));
#3701 = CARTESIAN_POINT('',(65.563244510193,-57.71652588265,
    20.469239478417));
#3702 = CARTESIAN_POINT('',(65.471371599799,-57.68846432811,
    20.309245738807));
#3703 = CARTESIAN_POINT('',(65.285014746553,-57.62642589062,
    20.036221993491));
#3704 = CARTESIAN_POINT('',(65.195581579868,-57.59514056876,
    19.920421067134));
#3705 = CARTESIAN_POINT('',(65.098445686186,-57.55922179025,
    19.809177707261));
#3706 = CARTESIAN_POINT('',(64.994200548733,-57.51824843095,
    19.703507836494));
#3707 = CARTESIAN_POINT('',(64.883586061961,-57.47182723313,
    19.604232036119));
#3708 = CARTESIAN_POINT('',(64.767450950085,-57.41961954431,
    19.51197901955));
#3709 = CARTESIAN_POINT('',(64.646718196015,-57.36136679042,
    19.427189731909));
#3710 = CARTESIAN_POINT('',(64.457432742246,-57.2632694619,
    19.309891298522));
#3711 = CARTESIAN_POINT('',(64.391653393905,-57.2280028552,
    19.271845914627));
#3712 = CARTESIAN_POINT('',(64.32519009682,-57.19112024577,
    19.23602680097));
#3713 = CARTESIAN_POINT('',(64.258223099975,-57.15264081557,
    19.202456269096));
#3714 = CARTESIAN_POINT('',(64.190936432423,-57.11259868495,
    19.171138671173));
#3715 = CARTESIAN_POINT('',(64.123516095538,-57.07104405168,
    19.14206100603));
#3716 = CARTESIAN_POINT('',(64.056148255269,-57.02804432987,
    19.115193525201));
#3717 = CARTESIAN_POINT('',(63.955563793005,-56.9615796239,
    19.078179875264));
#3718 = CARTESIAN_POINT('',(63.922164411893,-56.9391333627,
    19.066405230544));
#3719 = CARTESIAN_POINT('',(63.88883646206,-56.91635310731,
    19.055158877753));
#3720 = CARTESIAN_POINT('',(63.855596951977,-56.89324622201,
    19.044432810639));
#3721 = CARTESIAN_POINT('',(63.822462727589,-56.86982083353,
    19.034218543745));
#3722 = CARTESIAN_POINT('',(63.789450472305,-56.84608583096,
    19.024507112416));
#3723 = CARTESIAN_POINT('',(63.75657670701,-56.82205086585,
    19.01528907279));
#3724 = CARTESIAN_POINT('',(63.66582376853,-56.75458160634,
    18.991061865509));
#3725 = CARTESIAN_POINT('',(63.608290666131,-56.71053627335,
    18.977093996761));
#3726 = CARTESIAN_POINT('',(63.551317186148,-56.66562561286,
    18.964585870252));
#3727 = CARTESIAN_POINT('',(63.494959378239,-56.61988840168,
    18.953472236031));
#3728 = CARTESIAN_POINT('',(63.439270638428,-56.57336693371,
    18.943687619499));
#3729 = CARTESIAN_POINT('',(63.384301709104,-56.52610701997,
    18.935166321413));
#3730 = CARTESIAN_POINT('',(63.33010067902,-56.47815798856,
    18.927842417888));
#3731 = CARTESIAN_POINT('',(63.039504861087,-56.21370218223,
    18.89413501872));
#3732 = CARTESIAN_POINT('',(62.818935905415,-55.98580177002,
    18.889021037279));
#3733 = CARTESIAN_POINT('',(62.616075440768,-55.74809344144,
    18.900002169352));
#3734 = CARTESIAN_POINT('',(62.431030405696,-55.50245872847,
    18.922218842176));
#3735 = CARTESIAN_POINT('',(62.263507618055,-55.25032623897,
    18.951686795352));
#3736 = CARTESIAN_POINT('',(62.11298728992,-54.99266413401,
    18.985152259026));
#3737 = CARTESIAN_POINT('',(61.97898327272,-54.73000125434,
    19.01984994476));
#3738 = CARTESIAN_POINT('',(61.861166267374,-54.46274173776,
    19.05342813014));
#3739 = PCURVE('',#3590,#3740);
#3740 = DEFINITIONAL_REPRESENTATION('',(#3741),#3786);
#3741 = B_SPLINE_CURVE_WITH_KNOTS('',8,(#3742,#3743,#3744,#3745,#3746,
    #3747,#3748,#3749,#3750,#3751,#3752,#3753,#3754,#3755,#3756,#3757,
    #3758,#3759,#3760,#3761,#3762,#3763,#3764,#3765,#3766,#3767,#3768,
    #3769,#3770,#3771,#3772,#3773,#3774,#3775,#3776,#3777,#3778,#3779,
    #3780,#3781,#3782,#3783,#3784,#3785),.UNSPECIFIED.,.F.,.F.,(9,7,7,7,
    7,7,9),(0.,0.231241340522,0.410284883521,0.503749006286,
    0.550325455147,0.632938783676,1.),.UNSPECIFIED.);
#3742 = CARTESIAN_POINT('',(-1.883563048736,13.25));
#3743 = CARTESIAN_POINT('',(-1.885903158618,13.074396932082));
#3744 = CARTESIAN_POINT('',(-1.89051394699,12.899168566152));
#3745 = CARTESIAN_POINT('',(-1.897416562314,12.725145145888));
#3746 = CARTESIAN_POINT('',(-1.906639157571,12.553195304414));
#3747 = CARTESIAN_POINT('',(-1.918215838677,12.384235596341));
#3748 = CARTESIAN_POINT('',(-1.932187315544,12.219239478417));
#3749 = CARTESIAN_POINT('',(-1.948603255807,12.059245738807));
#3750 = CARTESIAN_POINT('',(-1.982177943926,11.786221993491));
#3751 = CARTESIAN_POINT('',(-1.998372199206,11.670421067134));
#3752 = CARTESIAN_POINT('',(-2.016070778694,11.559177707261));
#3753 = CARTESIAN_POINT('',(-2.035209058915,11.453507836494));
#3754 = CARTESIAN_POINT('',(-2.055703330104,11.354232036119));
#3755 = CARTESIAN_POINT('',(-2.077456432481,11.26197901955));
#3756 = CARTESIAN_POINT('',(-2.100361819979,11.177189731909));
#3757 = CARTESIAN_POINT('',(-2.136805394026,11.059891298522));
#3758 = CARTESIAN_POINT('',(-2.149562587627,11.021845914627));
#3759 = CARTESIAN_POINT('',(-2.162553642144,10.98602680097));
#3760 = CARTESIAN_POINT('',(-2.175753210932,10.952456269096));
#3761 = CARTESIAN_POINT('',(-2.189134628114,10.921138671173));
#3762 = CARTESIAN_POINT('',(-2.202669945916,10.89206100603));
#3763 = CARTESIAN_POINT('',(-2.216329972002,10.865193525201));
#3764 = CARTESIAN_POINT('',(-2.236938574017,10.828179875264));
#3765 = CARTESIAN_POINT('',(-2.243817196101,10.816405230544));
#3766 = CARTESIAN_POINT('',(-2.250717600917,10.805158877753));
#3767 = CARTESIAN_POINT('',(-2.257637174298,10.794432810639));
#3768 = CARTESIAN_POINT('',(-2.264573260057,10.784218543745));
#3769 = CARTESIAN_POINT('',(-2.271523159985,10.774507112416));
#3770 = CARTESIAN_POINT('',(-2.278484133855,10.76528907279));
#3771 = CARTESIAN_POINT('',(-2.297814887664,10.741061865509));
#3772 = CARTESIAN_POINT('',(-2.310199461907,10.727093996761));
#3773 = CARTESIAN_POINT('',(-2.322598440542,10.714585870252));
#3774 = CARTESIAN_POINT('',(-2.335003103747,10.703472236031));
#3775 = CARTESIAN_POINT('',(-2.347404693482,10.693687619499));
#3776 = CARTESIAN_POINT('',(-2.359794413487,10.685166321413));
#3777 = CARTESIAN_POINT('',(-2.372163429282,10.677842417888));
#3778 = CARTESIAN_POINT('',(-2.439328518298,10.64413501872));
#3779 = CARTESIAN_POINT('',(-2.493434618099,10.639021037279));
#3780 = CARTESIAN_POINT('',(-2.546681574007,10.650002169352));
#3781 = CARTESIAN_POINT('',(-2.599062332709,10.672218842176));
#3782 = CARTESIAN_POINT('',(-2.650632483576,10.701686795352));
#3783 = CARTESIAN_POINT('',(-2.701503601987,10.735152259026));
#3784 = CARTESIAN_POINT('',(-2.751828300484,10.76984994476));
#3785 = CARTESIAN_POINT('',(-2.801755852921,10.80342813014));
#3786 = ( GEOMETRIC_REPRESENTATION_CONTEXT(2) 
PARAMETRIC_REPRESENTATION_CONTEXT() REPRESENTATION_CONTEXT('2D SPACE',''
  ) );
#3787 = PCURVE('',#3038,#3788);
#3788 = DEFINITIONAL_REPRESENTATION('',(#3789),#3834);
#3789 = B_SPLINE_CURVE_WITH_KNOTS('',8,(#3790,#3791,#3792,#3793,#3794,
    #3795,#3796,#3797,#3798,#3799,#3800,#3801,#3802,#3803,#3804,#3805,
    #3806,#3807,#3808,#3809,#3810,#3811,#3812,#3813,#3814,#3815,#3816,
    #3817,#3818,#3819,#3820,#3821,#3822,#3823,#3824,#3825,#3826,#3827,
    #3828,#3829,#3830,#3831,#3832,#3833),.UNSPECIFIED.,.F.,.F.,(9,7,7,7,
    7,7,9),(0.,0.231241340522,0.410284883521,0.503749006286,
    0.550325455147,0.632938783676,1.),.UNSPECIFIED.);
#3790 = CARTESIAN_POINT('',(-6.209145075432,-3.616192594584));
#3791 = CARTESIAN_POINT('',(-6.146429694033,-3.611980396798));
#3792 = CARTESIAN_POINT('',(-6.083514728376,-3.603646094175));
#3793 = CARTESIAN_POINT('',(-6.020317006428,-3.591033549702));
#3794 = CARTESIAN_POINT('',(-5.956757526015,-3.573811363673));
#3795 = CARTESIAN_POINT('',(-5.892759036769,-3.551468227549));
#3796 = CARTESIAN_POINT('',(-5.828244777599,-3.523301974523));
#3797 = CARTESIAN_POINT('',(-5.763138369696,-3.488402326784));
#3798 = CARTESIAN_POINT('',(-5.646438325385,-3.412507892691));
#3799 = CARTESIAN_POINT('',(-5.59497421545,-3.374577334843));
#3800 = CARTESIAN_POINT('',(-5.543217563612,-3.331446481701));
#3801 = CARTESIAN_POINT('',(-5.491373686197,-3.282740092136));
#3802 = CARTESIAN_POINT('',(-5.439621407627,-3.228121736666));
#3803 = CARTESIAN_POINT('',(-5.388122860474,-3.167317630596));
#3804 = CARTESIAN_POINT('',(-5.337029865427,-3.10013943177));
#3805 = CARTESIAN_POINT('',(-5.26010250074,-2.988067957543));
#3806 = CARTESIAN_POINT('',(-5.233921311279,-2.947948478988));
#3807 = CARTESIAN_POINT('',(-5.207975108671,-2.906166085995));
#3808 = CARTESIAN_POINT('',(-5.182295424112,-2.862753478279));
#3809 = CARTESIAN_POINT('',(-5.156913607786,-2.817758536175));
#3810 = CARTESIAN_POINT('',(-5.131860902515,-2.771245320275));
#3811 = CARTESIAN_POINT('',(-5.107168517399,-2.723295071066));
#3812 = CARTESIAN_POINT('',(-5.070757752998,-2.649445338838));
#3813 = CARTESIAN_POINT('',(-5.058743380843,-2.624547925566));
#3814 = CARTESIAN_POINT('',(-5.046826421794,-2.599322844819));
#3815 = CARTESIAN_POINT('',(-5.035008763693,-2.573778720676));
#3816 = CARTESIAN_POINT('',(-5.023292345436,-2.547924925222));
#3817 = CARTESIAN_POINT('',(-5.011679156971,-2.521771578547));
#3818 = CARTESIAN_POINT('',(-5.0001712393,-2.495329548749));
#3819 = CARTESIAN_POINT('',(-4.968549353648,-2.421218399136));
#3820 = CARTESIAN_POINT('',(-4.948670502842,-2.372966033469));
#3821 = CARTESIAN_POINT('',(-4.929134557324,-2.323892934728));
#3822 = CARTESIAN_POINT('',(-4.909942513084,-2.274041990016));
#3823 = CARTESIAN_POINT('',(-4.891095936828,-2.223459393737));
#3824 = CARTESIAN_POINT('',(-4.872596965985,-2.172194647598));
#3825 = CARTESIAN_POINT('',(-4.854448308701,-2.12030056061));
#3826 = CARTESIAN_POINT('',(-4.757587574076,-1.834714507474));
#3827 = CARTESIAN_POINT('',(-4.685694693444,-1.590852886744));
#3828 = CARTESIAN_POINT('',(-4.620261652936,-1.338544589321));
#3829 = CARTESIAN_POINT('',(-4.560878666114,-1.079673857948));
#3830 = CARTESIAN_POINT('',(-4.507279028508,-0.815643169162));
#3831 = CARTESIAN_POINT('',(-4.459313966777,-0.547378797068));
#3832 = CARTESIAN_POINT('',(-4.416952516746,-0.275371475585));
#3833 = CARTESIAN_POINT('',(-4.380272408519,5.999999999062E-07));
#3834 = ( GEOMETRIC_REPRESENTATION_CONTEXT(2) 
PARAMETRIC_REPRESENTATION_CONTEXT() REPRESENTATION_CONTEXT('2D SPACE',''
  ) );
#3835 = ORIENTED_EDGE('',*,*,#3836,.T.);
#3836 = EDGE_CURVE('',#3691,#3493,#3837,.T.);
#3837 = SURFACE_CURVE('',#3838,(#3861,#3912),.PCURVE_S1.);
#3838 = B_SPLINE_CURVE_WITH_KNOTS('',6,(#3839,#3840,#3841,#3842,#3843,
    #3844,#3845,#3846,#3847,#3848,#3849,#3850,#3851,#3852,#3853,#3854,
    #3855,#3856,#3857,#3858,#3859,#3860),.UNSPECIFIED.,.F.,.F.,(7,5,5,5,
    7),(0.284064109745,0.325546283744,1.,1.676588748199,1.715930571888),
  .UNSPECIFIED.);
#3839 = CARTESIAN_POINT('',(64.824792453405,-57.44279972521,
    19.56584872203));
#3840 = CARTESIAN_POINT('',(64.834447017855,-57.44711969443,
    19.583234820492));
#3841 = CARTESIAN_POINT('',(64.843993653166,-57.45136622963,
    19.600671317611));
#3842 = CARTESIAN_POINT('',(64.853431699745,-57.45554018118,
    19.618156694116));
#3843 = CARTESIAN_POINT('',(64.862760527936,-57.45964239289,
    19.635689401358));
#3844 = CARTESIAN_POINT('',(64.871979538783,-57.46367370156,
    19.653267861247));
#3845 = CARTESIAN_POINT('',(65.029184227779,-57.53204018136,
    19.957414297071));
#3846 = CARTESIAN_POINT('',(65.148049263708,-57.57789996513,
    20.255510084079));
#3847 = CARTESIAN_POINT('',(65.237126627293,-57.60960086266,
    20.561794151206));
#3848 = CARTESIAN_POINT('',(65.296392566336,-57.62980970222,
    20.873184412412));
#3849 = CARTESIAN_POINT('',(65.325939847855,-57.63988619806,
    21.186828154216));
#3850 = CARTESIAN_POINT('',(65.325939847855,-57.63988619806,
    21.814163213877));
#3851 = CARTESIAN_POINT('',(65.296205213047,-57.62974579925,
    22.128807266965));
#3852 = CARTESIAN_POINT('',(65.236560765276,-57.60940793859,
    22.441177019401));
#3853 = CARTESIAN_POINT('',(65.146913500127,-57.57749577335,
    22.748387792322));
#3854 = CARTESIAN_POINT('',(65.027290824804,-57.5313092128,
    23.047323264755));
#3855 = CARTESIAN_POINT('',(64.869598137684,-57.46263174655,
    23.351266109641));
#3856 = CARTESIAN_POINT('',(64.860833394834,-57.45879458557,
    23.36792843982));
#3857 = CARTESIAN_POINT('',(64.8519699282,-57.4548935201,23.384549457946
    ));
#3858 = CARTESIAN_POINT('',(64.843008252278,-57.45092783581,
    23.401127815917));
#3859 = CARTESIAN_POINT('',(64.833948906468,-57.44689681275,
    23.417662189583));
#3860 = CARTESIAN_POINT('',(64.82479245449,-57.44279972572,
    23.434151278698));
#3861 = PCURVE('',#3590,#3862);
#3862 = DEFINITIONAL_REPRESENTATION('',(#3863),#3911);
#3863 = B_SPLINE_CURVE_WITH_KNOTS('',3,(#3864,#3865,#3866,#3867,#3868,
    #3869,#3870,#3871,#3872,#3873,#3874,#3875,#3876,#3877,#3878,#3879,
    #3880,#3881,#3882,#3883,#3884,#3885,#3886,#3887,#3888,#3889,#3890,
    #3891,#3892,#3893,#3894,#3895,#3896,#3897,#3898,#3899,#3900,#3901,
    #3902,#3903,#3904,#3905,#3906,#3907,#3908,#3909,#3910),
  .UNSPECIFIED.,.F.,.F.,(4,1,1,1,1,1,1,1,1,1,1,1,1,1,1,1,1,1,1,1,1,1,1,1
    ,1,1,1,1,1,1,1,1,1,1,1,1,1,1,1,1,1,1,1,1,4),(0.284064109745,
    0.316606529339,0.349148948934,0.381691368528,0.414233788122,
    0.446776207716,0.47931862731,0.511861046904,0.544403466498,
    0.576945886093,0.609488305687,0.642030725281,0.674573144875,
    0.707115564469,0.739657984063,0.772200403657,0.804742823252,
    0.837285242846,0.86982766244,0.902370082034,0.934912501628,
    0.967454921222,0.999997340816,1.032539760411,1.065082180005,
    1.097624599599,1.130167019193,1.162709438787,1.195251858381,
    1.227794277975,1.26033669757,1.292879117164,1.325421536758,
    1.357963956352,1.390506375946,1.42304879554,1.455591215134,
    1.488133634729,1.520676054323,1.553218473917,1.585760893511,
    1.618303313105,1.650845732699,1.683388152293,1.715930571888),
  .QUASI_UNIFORM_KNOTS.);
#3864 = CARTESIAN_POINT('',(-2.066898969733,11.31584872203));
#3865 = CARTESIAN_POINT('',(-2.064061906007,11.343129825419));
#3866 = CARTESIAN_POINT('',(-2.058523913121,11.397994116721));
#3867 = CARTESIAN_POINT('',(-2.05062389095,11.481133640239));
#3868 = CARTESIAN_POINT('',(-2.043130341872,11.565043078581));
#3869 = CARTESIAN_POINT('',(-2.03603947318,11.649684276583));
#3870 = CARTESIAN_POINT('',(-2.029348564752,11.735011092822));
#3871 = CARTESIAN_POINT('',(-2.023054848736,11.820980227454));
#3872 = CARTESIAN_POINT('',(-2.01715579585,11.907548302631));
#3873 = CARTESIAN_POINT('',(-2.011649026197,11.994672626176));
#3874 = CARTESIAN_POINT('',(-2.006532322038,12.082310967995));
#3875 = CARTESIAN_POINT('',(-2.001803614479,12.170421600683));
#3876 = CARTESIAN_POINT('',(-1.997460978307,12.258963268996));
#3877 = CARTESIAN_POINT('',(-1.993502625716,12.347895178008));
#3878 = CARTESIAN_POINT('',(-1.989926901337,12.437176976066));
#3879 = CARTESIAN_POINT('',(-1.986732277844,12.52676873823));
#3880 = CARTESIAN_POINT('',(-1.983917352268,12.616630951355));
#3881 = CARTESIAN_POINT('',(-1.981480842933,12.706724490495));
#3882 = CARTESIAN_POINT('',(-1.97942158698,12.797010626743));
#3883 = CARTESIAN_POINT('',(-1.977738538437,12.887450916378));
#3884 = CARTESIAN_POINT('',(-1.976430766816,12.978007531748));
#3885 = CARTESIAN_POINT('',(-1.9754974562,13.068641942248));
#3886 = CARTESIAN_POINT('',(-1.974937904809,13.159319751567));
#3887 = CARTESIAN_POINT('',(-1.974751525035,13.249992558143));
#3888 = CARTESIAN_POINT('',(-1.97493784387,13.340665564878));
#3889 = CARTESIAN_POINT('',(-1.97549733894,13.431343947266));
#3890 = CARTESIAN_POINT('',(-1.976430601759,13.521979245316));
#3891 = CARTESIAN_POINT('',(-1.977738337125,13.612537011834));
#3892 = CARTESIAN_POINT('',(-1.979421363143,13.702978662919));
#3893 = CARTESIAN_POINT('',(-1.98148061166,13.793266318245));
#3894 = CARTESIAN_POINT('',(-1.983917129194,13.883361481592));
#3895 = CARTESIAN_POINT('',(-1.986732078348,13.97322537223));
#3896 = CARTESIAN_POINT('',(-1.989926739754,14.06281881429));
#3897 = CARTESIAN_POINT('',(-1.993502514564,14.152102244926));
#3898 = CARTESIAN_POINT('',(-1.997460927526,14.241035691003));
#3899 = CARTESIAN_POINT('',(-2.001803630687,14.329578754479));
#3900 = CARTESIAN_POINT('',(-2.006532407797,14.417690596133));
#3901 = CARTESIAN_POINT('',(-2.011649179302,14.505329918849));
#3902 = CARTESIAN_POINT('',(-2.017156008612,14.592454955943));
#3903 = CARTESIAN_POINT('',(-2.023055107342,14.67902344141));
#3904 = CARTESIAN_POINT('',(-2.029348848416,14.764992649065));
#3905 = CARTESIAN_POINT('',(-2.036039754106,14.85031917583));
#3906 = CARTESIAN_POINT('',(-2.043130582295,14.934959681147));
#3907 = CARTESIAN_POINT('',(-2.050624051103,15.018868059403));
#3908 = CARTESIAN_POINT('',(-2.058523918484,15.102005925797));
#3909 = CARTESIAN_POINT('',(-2.06406188181,15.156869918746));
#3910 = CARTESIAN_POINT('',(-2.066898969528,15.184151278698));
#3911 = ( GEOMETRIC_REPRESENTATION_CONTEXT(2) 
PARAMETRIC_REPRESENTATION_CONTEXT() REPRESENTATION_CONTEXT('2D SPACE',''
  ) );
#3912 = PCURVE('',#3067,#3913);
#3913 = DEFINITIONAL_REPRESENTATION('',(#3914),#3962);
#3914 = B_SPLINE_CURVE_WITH_KNOTS('',3,(#3915,#3916,#3917,#3918,#3919,
    #3920,#3921,#3922,#3923,#3924,#3925,#3926,#3927,#3928,#3929,#3930,
    #3931,#3932,#3933,#3934,#3935,#3936,#3937,#3938,#3939,#3940,#3941,
    #3942,#3943,#3944,#3945,#3946,#3947,#3948,#3949,#3950,#3951,#3952,
    #3953,#3954,#3955,#3956,#3957,#3958,#3959,#3960,#3961),
  .UNSPECIFIED.,.F.,.F.,(4,1,1,1,1,1,1,1,1,1,1,1,1,1,1,1,1,1,1,1,1,1,1,1
    ,1,1,1,1,1,1,1,1,1,1,1,1,1,1,1,1,1,1,1,1,4),(0.284064109745,
    0.316606529339,0.349148948934,0.381691368528,0.414233788122,
    0.446776207716,0.47931862731,0.511861046904,0.544403466498,
    0.576945886093,0.609488305687,0.642030725281,0.674573144875,
    0.707115564469,0.739657984063,0.772200403657,0.804742823252,
    0.837285242846,0.86982766244,0.902370082034,0.934912501628,
    0.967454921222,0.999997340816,1.032539760411,1.065082180005,
    1.097624599599,1.130167019193,1.162709438787,1.195251858381,
    1.227794277975,1.26033669757,1.292879117164,1.325421536758,
    1.357963956352,1.390506375946,1.42304879554,1.455591215134,
    1.488133634729,1.520676054323,1.553218473917,1.585760893511,
    1.618303313105,1.650845732699,1.683388152293,1.715930571888),
  .QUASI_UNIFORM_KNOTS.);
#3915 = CARTESIAN_POINT('',(-5.791917411151,-6.194749650375));
#3916 = CARTESIAN_POINT('',(-5.799463834913,-6.202649571555));
#3917 = CARTESIAN_POINT('',(-5.814548750313,-6.217946840286));
#3918 = CARTESIAN_POINT('',(-5.83714775546,-6.239437233124));
#3919 = CARTESIAN_POINT('',(-5.859711049326,-6.25952275296));
#3920 = CARTESIAN_POINT('',(-5.882240989679,-6.278259543838));
#3921 = CARTESIAN_POINT('',(-5.904737698116,-6.295698442447));
#3922 = CARTESIAN_POINT('',(-5.927202057484,-6.311887778263));
#3923 = CARTESIAN_POINT('',(-5.949634894055,-6.326872700819));
#3924 = CARTESIAN_POINT('',(-5.972037183271,-6.34069543315));
#3925 = CARTESIAN_POINT('',(-5.994409982478,-6.353395272697));
#3926 = CARTESIAN_POINT('',(-6.016754438045,-6.365008655507));
#3927 = CARTESIAN_POINT('',(-6.039071773733,-6.375569199098));
#3928 = CARTESIAN_POINT('',(-6.061363285198,-6.385107746667));
#3929 = CARTESIAN_POINT('',(-6.08363033396,-6.393652406558));
#3930 = CARTESIAN_POINT('',(-6.105874342352,-6.40122858864));
#3931 = CARTESIAN_POINT('',(-6.128096789631,-6.407859037121));
#3932 = CARTESIAN_POINT('',(-6.150299206659,-6.413563859957));
#3933 = CARTESIAN_POINT('',(-6.17248317887,-6.418360554795));
#3934 = CARTESIAN_POINT('',(-6.194650320813,-6.422264031466));
#3935 = CARTESIAN_POINT('',(-6.216802358861,-6.425286631032));
#3936 = CARTESIAN_POINT('',(-6.238940811951,-6.427438141391));
#3937 = CARTESIAN_POINT('',(-6.261068173735,-6.428725809395));
#3938 = CARTESIAN_POINT('',(-6.283183492242,-6.429154349645));
#3939 = CARTESIAN_POINT('',(-6.305298858672,-6.428725949374));
#3940 = CARTESIAN_POINT('',(-6.327426357674,-6.427438410858));
#3941 = CARTESIAN_POINT('',(-6.349565023401,-6.425287011227));
#3942 = CARTESIAN_POINT('',(-6.371717337652,-6.422264496831));
#3943 = CARTESIAN_POINT('',(-6.393884807034,-6.418361074638));
#3944 = CARTESIAN_POINT('',(-6.416069145792,-6.413564400073));
#3945 = CARTESIAN_POINT('',(-6.438271956388,-6.407859561448));
#3946 = CARTESIAN_POINT('',(-6.460494812263,-6.40122906095));
#3947 = CARTESIAN_POINT('',(-6.482739232392,-6.393652792193));
#3948 = CARTESIAN_POINT('',(-6.505006684263,-6.385108014334));
#3949 = CARTESIAN_POINT('',(-6.527298578586,-6.375569322744));
#3950 = CARTESIAN_POINT('',(-6.549616265418,-6.365008616269));
#3951 = CARTESIAN_POINT('',(-6.571961029137,-6.353395060961));
#3952 = CARTESIAN_POINT('',(-6.594334082442,-6.340695050706));
#3953 = CARTESIAN_POINT('',(-6.616736560842,-6.326872163182));
#3954 = CARTESIAN_POINT('',(-6.639169511194,-6.311887116967));
#3955 = CARTESIAN_POINT('',(-6.661633898333,-6.295697708095));
#3956 = CARTESIAN_POINT('',(-6.684130539713,-6.278258807068));
#3957 = CARTESIAN_POINT('',(-6.706660304181,-6.259522113941));
#3958 = CARTESIAN_POINT('',(-6.729223320283,-6.239436800056));
#3959 = CARTESIAN_POINT('',(-6.751821876274,-6.217946824478));
#3960 = CARTESIAN_POINT('',(-6.766906709948,-6.20264963656));
#3961 = CARTESIAN_POINT('',(-6.774453203245,-6.194749650959));
#3962 = ( GEOMETRIC_REPRESENTATION_CONTEXT(2) 
PARAMETRIC_REPRESENTATION_CONTEXT() REPRESENTATION_CONTEXT('2D SPACE',''
  ) );
#3963 = ADVANCED_FACE('',(#3964),#3067,.T.);
#3964 = FACE_BOUND('',#3965,.F.);
#3965 = EDGE_LOOP('',(#3966,#3967,#3968,#3969));
#3966 = ORIENTED_EDGE('',*,*,#3050,.F.);
#3967 = ORIENTED_EDGE('',*,*,#3665,.T.);
#3968 = ORIENTED_EDGE('',*,*,#3836,.F.);
#3969 = ORIENTED_EDGE('',*,*,#3970,.F.);
#3970 = EDGE_CURVE('',#3016,#3691,#3971,.T.);
#3971 = SURFACE_CURVE('',#3972,(#3976,#3983),.PCURVE_S1.);
#3972 = LINE('',#3973,#3974);
#3973 = CARTESIAN_POINT('',(64.584237354191,-54.25711948815,
    19.565848701739));
#3974 = VECTOR('',#3975,1.);
#3975 = DIRECTION('',(-7.529701297771E-02,0.997161150385,-0.));
#3976 = PCURVE('',#3067,#3977);
#3977 = DEFINITIONAL_REPRESENTATION('',(#3978),#3982);
#3978 = LINE('',#3979,#3980);
#3979 = CARTESIAN_POINT('',(-5.791917407557,-3.));
#3980 = VECTOR('',#3981,1.);
#3981 = DIRECTION('',(-0.,1.));
#3982 = ( GEOMETRIC_REPRESENTATION_CONTEXT(2) 
PARAMETRIC_REPRESENTATION_CONTEXT() REPRESENTATION_CONTEXT('2D SPACE',''
  ) );
#3983 = PCURVE('',#3038,#3984);
#3984 = DEFINITIONAL_REPRESENTATION('',(#3985),#3989);
#3985 = LINE('',#3986,#3987);
#3986 = CARTESIAN_POINT('',(-5.415478205237,0.));
#3987 = VECTOR('',#3988,1.);
#3988 = DIRECTION('',(-0.,1.));
#3989 = ( GEOMETRIC_REPRESENTATION_CONTEXT(2) 
PARAMETRIC_REPRESENTATION_CONTEXT() REPRESENTATION_CONTEXT('2D SPACE',''
  ) );
#3990 = ADVANCED_FACE('',(#3991),#3038,.F.);
#3991 = FACE_BOUND('',#3992,.T.);
#3992 = EDGE_LOOP('',(#3993,#3994,#3995,#3996));
#3993 = ORIENTED_EDGE('',*,*,#3690,.T.);
#3994 = ORIENTED_EDGE('',*,*,#3970,.F.);
#3995 = ORIENTED_EDGE('',*,*,#3015,.T.);
#3996 = ORIENTED_EDGE('',*,*,#3643,.F.);
#3997 = ADVANCED_FACE('',(#3998),#2617,.F.);
#3998 = FACE_BOUND('',#3999,.T.);
#3999 = EDGE_LOOP('',(#4000,#4023,#4024,#4047));
#4000 = ORIENTED_EDGE('',*,*,#4001,.F.);
#4001 = EDGE_CURVE('',#2600,#4002,#4004,.T.);
#4002 = VERTEX_POINT('',#4003);
#4003 = CARTESIAN_POINT('',(7.628623117365,-63.17101231371,31.65));
#4004 = SURFACE_CURVE('',#4005,(#4009,#4016),.PCURVE_S1.);
#4005 = LINE('',#4006,#4007);
#4006 = CARTESIAN_POINT('',(7.628623117365,-63.17101231371,19.05));
#4007 = VECTOR('',#4008,1.);
#4008 = DIRECTION('',(-0.,-0.,1.));
#4009 = PCURVE('',#2617,#4010);
#4010 = DEFINITIONAL_REPRESENTATION('',(#4011),#4015);
#4011 = LINE('',#4012,#4013);
#4012 = CARTESIAN_POINT('',(10.8,-4.7));
#4013 = VECTOR('',#4014,1.);
#4014 = DIRECTION('',(-1.,0.));
#4015 = ( GEOMETRIC_REPRESENTATION_CONTEXT(2) 
PARAMETRIC_REPRESENTATION_CONTEXT() REPRESENTATION_CONTEXT('2D SPACE',''
  ) );
#4016 = PCURVE('',#389,#4017);
#4017 = DEFINITIONAL_REPRESENTATION('',(#4018),#4022);
#4018 = LINE('',#4019,#4020);
#4019 = CARTESIAN_POINT('',(-10.8,-4.6));
#4020 = VECTOR('',#4021,1.);
#4021 = DIRECTION('',(-1.,0.));
#4022 = ( GEOMETRIC_REPRESENTATION_CONTEXT(2) 
PARAMETRIC_REPRESENTATION_CONTEXT() REPRESENTATION_CONTEXT('2D SPACE',''
  ) );
#4023 = ORIENTED_EDGE('',*,*,#2599,.T.);
#4024 = ORIENTED_EDGE('',*,*,#4025,.T.);
#4025 = EDGE_CURVE('',#2602,#4026,#4028,.T.);
#4026 = VERTEX_POINT('',#4027);
#4027 = CARTESIAN_POINT('',(62.721502440564,-59.0108730546,31.65));
#4028 = SURFACE_CURVE('',#4029,(#4033,#4040),.PCURVE_S1.);
#4029 = LINE('',#4030,#4031);
#4030 = CARTESIAN_POINT('',(62.721502440564,-59.0108730546,19.05));
#4031 = VECTOR('',#4032,1.);
#4032 = DIRECTION('',(-0.,-0.,1.));
#4033 = PCURVE('',#2617,#4034);
#4034 = DEFINITIONAL_REPRESENTATION('',(#4035),#4039);
#4035 = LINE('',#4036,#4037);
#4036 = CARTESIAN_POINT('',(10.8,-59.94972498371));
#4037 = VECTOR('',#4038,1.);
#4038 = DIRECTION('',(-1.,0.));
#4039 = ( GEOMETRIC_REPRESENTATION_CONTEXT(2) 
PARAMETRIC_REPRESENTATION_CONTEXT() REPRESENTATION_CONTEXT('2D SPACE',''
  ) );
#4040 = PCURVE('',#445,#4041);
#4041 = DEFINITIONAL_REPRESENTATION('',(#4042),#4046);
#4042 = LINE('',#4043,#4044);
#4043 = CARTESIAN_POINT('',(-10.8,-4.6));
#4044 = VECTOR('',#4045,1.);
#4045 = DIRECTION('',(-1.,0.));
#4046 = ( GEOMETRIC_REPRESENTATION_CONTEXT(2) 
PARAMETRIC_REPRESENTATION_CONTEXT() REPRESENTATION_CONTEXT('2D SPACE',''
  ) );
#4047 = ORIENTED_EDGE('',*,*,#4048,.F.);
#4048 = EDGE_CURVE('',#4002,#4026,#4049,.T.);
#4049 = SURFACE_CURVE('',#4050,(#4054,#4061),.PCURVE_S1.);
#4050 = LINE('',#4051,#4052);
#4051 = CARTESIAN_POINT('',(2.941965710557,-63.52490827471,31.65));
#4052 = VECTOR('',#4053,1.);
#4053 = DIRECTION('',(0.997161150385,7.529701297771E-02,-0.));
#4054 = PCURVE('',#2617,#4055);
#4055 = DEFINITIONAL_REPRESENTATION('',(#4056),#4060);
#4056 = LINE('',#4057,#4058);
#4057 = CARTESIAN_POINT('',(-1.8,-0.));
#4058 = VECTOR('',#4059,1.);
#4059 = DIRECTION('',(-0.,-1.));
#4060 = ( GEOMETRIC_REPRESENTATION_CONTEXT(2) 
PARAMETRIC_REPRESENTATION_CONTEXT() REPRESENTATION_CONTEXT('2D SPACE',''
  ) );
#4061 = PCURVE('',#4062,#4067);
#4062 = PLANE('',#4063);
#4063 = AXIS2_PLACEMENT_3D('',#4064,#4065,#4066);
#4064 = CARTESIAN_POINT('',(2.941965710557,-63.52490827471,31.65));
#4065 = DIRECTION('',(-4.131219119494E-02,0.547098888359,-0.836047910837
    ));
#4066 = DIRECTION('',(6.295191039229E-02,-0.833674496547,-0.548656441487
    ));
#4067 = DEFINITIONAL_REPRESENTATION('',(#4068),#4072);
#4068 = LINE('',#4069,#4070);
#4069 = CARTESIAN_POINT('',(-0.,0.));
#4070 = VECTOR('',#4071,1.);
#4071 = DIRECTION('',(1.706067975555E-17,-1.));
#4072 = ( GEOMETRIC_REPRESENTATION_CONTEXT(2) 
PARAMETRIC_REPRESENTATION_CONTEXT() REPRESENTATION_CONTEXT('2D SPACE',''
  ) );
#4073 = ADVANCED_FACE('',(#4074),#4062,.F.);
#4074 = FACE_BOUND('',#4075,.T.);
#4075 = EDGE_LOOP('',(#4076,#4099,#4100,#4123));
#4076 = ORIENTED_EDGE('',*,*,#4077,.F.);
#4077 = EDGE_CURVE('',#4002,#4078,#4080,.T.);
#4078 = VERTEX_POINT('',#4079);
#4079 = CARTESIAN_POINT('',(7.387672675837,-59.98009663248,33.75));
#4080 = SURFACE_CURVE('',#4081,(#4085,#4092),.PCURVE_S1.);
#4081 = LINE('',#4082,#4083);
#4082 = CARTESIAN_POINT('',(7.911678209427,-66.91952145187,
    29.183037542662));
#4083 = VECTOR('',#4084,1.);
#4084 = DIRECTION('',(-6.295191039229E-02,0.833674496547,0.548656441487)
  );
#4085 = PCURVE('',#4062,#4086);
#4086 = DEFINITIONAL_REPRESENTATION('',(#4087),#4091);
#4087 = LINE('',#4088,#4089);
#4088 = CARTESIAN_POINT('',(4.496370170471,-4.7));
#4089 = VECTOR('',#4090,1.);
#4090 = DIRECTION('',(-1.,0.));
#4091 = ( GEOMETRIC_REPRESENTATION_CONTEXT(2) 
PARAMETRIC_REPRESENTATION_CONTEXT() REPRESENTATION_CONTEXT('2D SPACE',''
  ) );
#4092 = PCURVE('',#389,#4093);
#4093 = DEFINITIONAL_REPRESENTATION('',(#4094),#4098);
#4094 = LINE('',#4095,#4096);
#4095 = CARTESIAN_POINT('',(-20.93303754266,-8.359180887372));
#4096 = VECTOR('',#4097,1.);
#4097 = DIRECTION('',(-0.548656441487,0.836047910837));
#4098 = ( GEOMETRIC_REPRESENTATION_CONTEXT(2) 
PARAMETRIC_REPRESENTATION_CONTEXT() REPRESENTATION_CONTEXT('2D SPACE',''
  ) );
#4099 = ORIENTED_EDGE('',*,*,#4048,.T.);
#4100 = ORIENTED_EDGE('',*,*,#4101,.T.);
#4101 = EDGE_CURVE('',#4026,#4102,#4104,.T.);
#4102 = VERTEX_POINT('',#4103);
#4103 = CARTESIAN_POINT('',(62.480551999035,-55.81995737337,33.75));
#4104 = SURFACE_CURVE('',#4105,(#4109,#4116),.PCURVE_S1.);
#4105 = LINE('',#4106,#4107);
#4106 = CARTESIAN_POINT('',(63.004557532626,-62.75938219276,
    29.183037542662));
#4107 = VECTOR('',#4108,1.);
#4108 = DIRECTION('',(-6.295191039229E-02,0.833674496547,0.548656441487)
  );
#4109 = PCURVE('',#4062,#4110);
#4110 = DEFINITIONAL_REPRESENTATION('',(#4111),#4115);
#4111 = LINE('',#4112,#4113);
#4112 = CARTESIAN_POINT('',(4.496370170471,-59.94972498371));
#4113 = VECTOR('',#4114,1.);
#4114 = DIRECTION('',(-1.,0.));
#4115 = ( GEOMETRIC_REPRESENTATION_CONTEXT(2) 
PARAMETRIC_REPRESENTATION_CONTEXT() REPRESENTATION_CONTEXT('2D SPACE',''
  ) );
#4116 = PCURVE('',#445,#4117);
#4117 = DEFINITIONAL_REPRESENTATION('',(#4118),#4122);
#4118 = LINE('',#4119,#4120);
#4119 = CARTESIAN_POINT('',(-20.93303754266,-8.359180887372));
#4120 = VECTOR('',#4121,1.);
#4121 = DIRECTION('',(-0.548656441487,0.836047910837));
#4122 = ( GEOMETRIC_REPRESENTATION_CONTEXT(2) 
PARAMETRIC_REPRESENTATION_CONTEXT() REPRESENTATION_CONTEXT('2D SPACE',''
  ) );
#4123 = ORIENTED_EDGE('',*,*,#4124,.F.);
#4124 = EDGE_CURVE('',#4078,#4102,#4125,.T.);
#4125 = SURFACE_CURVE('',#4126,(#4130,#4137),.PCURVE_S1.);
#4126 = LINE('',#4127,#4128);
#4127 = CARTESIAN_POINT('',(2.701015269028,-60.33399259348,33.75));
#4128 = VECTOR('',#4129,1.);
#4129 = DIRECTION('',(0.997161150385,7.529701297771E-02,-0.));
#4130 = PCURVE('',#4062,#4131);
#4131 = DEFINITIONAL_REPRESENTATION('',(#4132),#4136);
#4132 = LINE('',#4133,#4134);
#4133 = CARTESIAN_POINT('',(-3.827531841801,-2.775557561563E-16));
#4134 = VECTOR('',#4135,1.);
#4135 = DIRECTION('',(1.706067975555E-17,-1.));
#4136 = ( GEOMETRIC_REPRESENTATION_CONTEXT(2) 
PARAMETRIC_REPRESENTATION_CONTEXT() REPRESENTATION_CONTEXT('2D SPACE',''
  ) );
#4137 = PCURVE('',#417,#4138);
#4138 = DEFINITIONAL_REPRESENTATION('',(#4139),#4143);
#4139 = LINE('',#4140,#4141);
#4140 = CARTESIAN_POINT('',(-0.,-0.));
#4141 = VECTOR('',#4142,1.);
#4142 = DIRECTION('',(-0.,-1.));
#4143 = ( GEOMETRIC_REPRESENTATION_CONTEXT(2) 
PARAMETRIC_REPRESENTATION_CONTEXT() REPRESENTATION_CONTEXT('2D SPACE',''
  ) );
#4144 = ADVANCED_FACE('',(#4145),#2284,.F.);
#4145 = FACE_BOUND('',#4146,.T.);
#4146 = EDGE_LOOP('',(#4147,#4148,#4169,#4170));
#4147 = ORIENTED_EDGE('',*,*,#2268,.T.);
#4148 = ORIENTED_EDGE('',*,*,#4149,.T.);
#4149 = EDGE_CURVE('',#2241,#2920,#4150,.T.);
#4150 = SURFACE_CURVE('',#4151,(#4155,#4162),.PCURVE_S1.);
#4151 = LINE('',#4152,#4153);
#4152 = CARTESIAN_POINT('',(67.571773569128,-56.83949791902,15.25));
#4153 = VECTOR('',#4154,1.);
#4154 = DIRECTION('',(7.529701297771E-02,-0.997161150385,0.));
#4155 = PCURVE('',#2284,#4156);
#4156 = DEFINITIONAL_REPRESENTATION('',(#4157),#4161);
#4157 = LINE('',#4158,#4159);
#4158 = CARTESIAN_POINT('',(-1.4,-9.2));
#4159 = VECTOR('',#4160,1.);
#4160 = DIRECTION('',(-1.,0.));
#4161 = ( GEOMETRIC_REPRESENTATION_CONTEXT(2) 
PARAMETRIC_REPRESENTATION_CONTEXT() REPRESENTATION_CONTEXT('2D SPACE',''
  ) );
#4162 = PCURVE('',#2256,#4163);
#4163 = DEFINITIONAL_REPRESENTATION('',(#4164),#4168);
#4164 = LINE('',#4165,#4166);
#4165 = CARTESIAN_POINT('',(-0.,-6.25));
#4166 = VECTOR('',#4167,1.);
#4167 = DIRECTION('',(-1.,0.));
#4168 = ( GEOMETRIC_REPRESENTATION_CONTEXT(2) 
PARAMETRIC_REPRESENTATION_CONTEXT() REPRESENTATION_CONTEXT('2D SPACE',''
  ) );
#4169 = ORIENTED_EDGE('',*,*,#2919,.F.);
#4170 = ORIENTED_EDGE('',*,*,#4171,.F.);
#4171 = EDGE_CURVE('',#2269,#2895,#4172,.T.);
#4172 = SURFACE_CURVE('',#4173,(#4177,#4184),.PCURVE_S1.);
#4173 = LINE('',#4174,#4175);
#4174 = CARTESIAN_POINT('',(58.397890985588,-57.53223043841,15.25));
#4175 = VECTOR('',#4176,1.);
#4176 = DIRECTION('',(7.529701297771E-02,-0.997161150385,0.));
#4177 = PCURVE('',#2284,#4178);
#4178 = DEFINITIONAL_REPRESENTATION('',(#4179),#4183);
#4179 = LINE('',#4180,#4181);
#4180 = CARTESIAN_POINT('',(-1.4,-2.04142258653E-14));
#4181 = VECTOR('',#4182,1.);
#4182 = DIRECTION('',(-1.,0.));
#4183 = ( GEOMETRIC_REPRESENTATION_CONTEXT(2) 
PARAMETRIC_REPRESENTATION_CONTEXT() REPRESENTATION_CONTEXT('2D SPACE',''
  ) );
#4184 = PCURVE('',#702,#4185);
#4185 = DEFINITIONAL_REPRESENTATION('',(#4186),#4190);
#4186 = LINE('',#4187,#4188);
#4187 = CARTESIAN_POINT('',(-0.,-6.25));
#4188 = VECTOR('',#4189,1.);
#4189 = DIRECTION('',(-1.,0.));
#4190 = ( GEOMETRIC_REPRESENTATION_CONTEXT(2) 
PARAMETRIC_REPRESENTATION_CONTEXT() REPRESENTATION_CONTEXT('2D SPACE',''
  ) );
#4191 = ADVANCED_FACE('',(#4192),#2256,.T.);
#4192 = FACE_BOUND('',#4193,.F.);
#4193 = EDGE_LOOP('',(#4194,#4219,#4240,#4241,#4242,#4243,#4244,#4245,
    #4268,#4289,#4290,#4313));
#4194 = ORIENTED_EDGE('',*,*,#4195,.F.);
#4195 = EDGE_CURVE('',#4196,#4198,#4200,.T.);
#4196 = VERTEX_POINT('',#4197);
#4197 = CARTESIAN_POINT('',(67.458828049661,-55.34375619344,13.15));
#4198 = VERTEX_POINT('',#4199);
#4199 = CARTESIAN_POINT('',(67.458828049661,-55.34375619344,15.45));
#4200 = SURFACE_CURVE('',#4201,(#4205,#4212),.PCURVE_S1.);
#4201 = LINE('',#4202,#4203);
#4202 = CARTESIAN_POINT('',(67.458828049661,-55.34375619344,8.25));
#4203 = VECTOR('',#4204,1.);
#4204 = DIRECTION('',(-0.,-0.,1.));
#4205 = PCURVE('',#2256,#4206);
#4206 = DEFINITIONAL_REPRESENTATION('',(#4207),#4211);
#4207 = LINE('',#4208,#4209);
#4208 = CARTESIAN_POINT('',(1.5,-13.25));
#4209 = VECTOR('',#4210,1.);
#4210 = DIRECTION('',(-0.,1.));
#4211 = ( GEOMETRIC_REPRESENTATION_CONTEXT(2) 
PARAMETRIC_REPRESENTATION_CONTEXT() REPRESENTATION_CONTEXT('2D SPACE',''
  ) );
#4212 = PCURVE('',#501,#4213);
#4213 = DEFINITIONAL_REPRESENTATION('',(#4214),#4218);
#4214 = LINE('',#4215,#4216);
#4215 = CARTESIAN_POINT('',(-1.570796326795,0.));
#4216 = VECTOR('',#4217,1.);
#4217 = DIRECTION('',(-0.,1.));
#4218 = ( GEOMETRIC_REPRESENTATION_CONTEXT(2) 
PARAMETRIC_REPRESENTATION_CONTEXT() REPRESENTATION_CONTEXT('2D SPACE',''
  ) );
#4219 = ORIENTED_EDGE('',*,*,#4220,.T.);
#4220 = EDGE_CURVE('',#4196,#2218,#4221,.T.);
#4221 = SURFACE_CURVE('',#4222,(#4226,#4233),.PCURVE_S1.);
#4222 = LINE('',#4223,#4224);
#4223 = CARTESIAN_POINT('',(67.571773569128,-56.83949791902,13.15));
#4224 = VECTOR('',#4225,1.);
#4225 = DIRECTION('',(7.529701297771E-02,-0.997161150385,0.));
#4226 = PCURVE('',#2256,#4227);
#4227 = DEFINITIONAL_REPRESENTATION('',(#4228),#4232);
#4228 = LINE('',#4229,#4230);
#4229 = CARTESIAN_POINT('',(-0.,-8.35));
#4230 = VECTOR('',#4231,1.);
#4231 = DIRECTION('',(-1.,0.));
#4232 = ( GEOMETRIC_REPRESENTATION_CONTEXT(2) 
PARAMETRIC_REPRESENTATION_CONTEXT() REPRESENTATION_CONTEXT('2D SPACE',''
  ) );
#4233 = PCURVE('',#833,#4234);
#4234 = DEFINITIONAL_REPRESENTATION('',(#4235),#4239);
#4235 = LINE('',#4236,#4237);
#4236 = CARTESIAN_POINT('',(-1.8,-9.2));
#4237 = VECTOR('',#4238,1.);
#4238 = DIRECTION('',(-1.,0.));
#4239 = ( GEOMETRIC_REPRESENTATION_CONTEXT(2) 
PARAMETRIC_REPRESENTATION_CONTEXT() REPRESENTATION_CONTEXT('2D SPACE',''
  ) );
#4240 = ORIENTED_EDGE('',*,*,#2240,.T.);
#4241 = ORIENTED_EDGE('',*,*,#4149,.T.);
#4242 = ORIENTED_EDGE('',*,*,#2942,.T.);
#4243 = ORIENTED_EDGE('',*,*,#2819,.F.);
#4244 = ORIENTED_EDGE('',*,*,#2771,.T.);
#4245 = ORIENTED_EDGE('',*,*,#4246,.F.);
#4246 = EDGE_CURVE('',#4247,#2772,#4249,.T.);
#4247 = VERTEX_POINT('',#4248);
#4248 = CARTESIAN_POINT('',(67.458828049661,-55.34375619344,29.85));
#4249 = SURFACE_CURVE('',#4250,(#4254,#4261),.PCURVE_S1.);
#4250 = LINE('',#4251,#4252);
#4251 = CARTESIAN_POINT('',(67.571773569128,-56.83949791902,29.85));
#4252 = VECTOR('',#4253,1.);
#4253 = DIRECTION('',(7.529701297771E-02,-0.997161150385,0.));
#4254 = PCURVE('',#2256,#4255);
#4255 = DEFINITIONAL_REPRESENTATION('',(#4256),#4260);
#4256 = LINE('',#4257,#4258);
#4257 = CARTESIAN_POINT('',(-0.,8.35));
#4258 = VECTOR('',#4259,1.);
#4259 = DIRECTION('',(-1.,0.));
#4260 = ( GEOMETRIC_REPRESENTATION_CONTEXT(2) 
PARAMETRIC_REPRESENTATION_CONTEXT() REPRESENTATION_CONTEXT('2D SPACE',''
  ) );
#4261 = PCURVE('',#473,#4262);
#4262 = DEFINITIONAL_REPRESENTATION('',(#4263),#4267);
#4263 = LINE('',#4264,#4265);
#4264 = CARTESIAN_POINT('',(-1.8,-9.2));
#4265 = VECTOR('',#4266,1.);
#4266 = DIRECTION('',(-1.,0.));
#4267 = ( GEOMETRIC_REPRESENTATION_CONTEXT(2) 
PARAMETRIC_REPRESENTATION_CONTEXT() REPRESENTATION_CONTEXT('2D SPACE',''
  ) );
#4268 = ORIENTED_EDGE('',*,*,#4269,.F.);
#4269 = EDGE_CURVE('',#3439,#4247,#4270,.T.);
#4270 = SURFACE_CURVE('',#4271,(#4275,#4282),.PCURVE_S1.);
#4271 = LINE('',#4272,#4273);
#4272 = CARTESIAN_POINT('',(67.458828049661,-55.34375619344,8.25));
#4273 = VECTOR('',#4274,1.);
#4274 = DIRECTION('',(-0.,-0.,1.));
#4275 = PCURVE('',#2256,#4276);
#4276 = DEFINITIONAL_REPRESENTATION('',(#4277),#4281);
#4277 = LINE('',#4278,#4279);
#4278 = CARTESIAN_POINT('',(1.5,-13.25));
#4279 = VECTOR('',#4280,1.);
#4280 = DIRECTION('',(-0.,1.));
#4281 = ( GEOMETRIC_REPRESENTATION_CONTEXT(2) 
PARAMETRIC_REPRESENTATION_CONTEXT() REPRESENTATION_CONTEXT('2D SPACE',''
  ) );
#4282 = PCURVE('',#501,#4283);
#4283 = DEFINITIONAL_REPRESENTATION('',(#4284),#4288);
#4284 = LINE('',#4285,#4286);
#4285 = CARTESIAN_POINT('',(-1.570796326795,0.));
#4286 = VECTOR('',#4287,1.);
#4287 = DIRECTION('',(-0.,1.));
#4288 = ( GEOMETRIC_REPRESENTATION_CONTEXT(2) 
PARAMETRIC_REPRESENTATION_CONTEXT() REPRESENTATION_CONTEXT('2D SPACE',''
  ) );
#4289 = ORIENTED_EDGE('',*,*,#3438,.F.);
#4290 = ORIENTED_EDGE('',*,*,#4291,.T.);
#4291 = EDGE_CURVE('',#3411,#4292,#4294,.T.);
#4292 = VERTEX_POINT('',#4293);
#4293 = CARTESIAN_POINT('',(67.579303270426,-56.93921403406,15.45));
#4294 = SURFACE_CURVE('',#4295,(#4299,#4306),.PCURVE_S1.);
#4295 = LINE('',#4296,#4297);
#4296 = CARTESIAN_POINT('',(67.579303270426,-56.93921403406,15.45));
#4297 = VECTOR('',#4298,1.);
#4298 = DIRECTION('',(-0.,-0.,-1.));
#4299 = PCURVE('',#2256,#4300);
#4300 = DEFINITIONAL_REPRESENTATION('',(#4301),#4305);
#4301 = LINE('',#4302,#4303);
#4302 = CARTESIAN_POINT('',(-0.1,-6.05));
#4303 = VECTOR('',#4304,1.);
#4304 = DIRECTION('',(-0.,-1.));
#4305 = ( GEOMETRIC_REPRESENTATION_CONTEXT(2) 
PARAMETRIC_REPRESENTATION_CONTEXT() REPRESENTATION_CONTEXT('2D SPACE',''
  ) );
#4306 = PCURVE('',#754,#4307);
#4307 = DEFINITIONAL_REPRESENTATION('',(#4308),#4312);
#4308 = LINE('',#4309,#4310);
#4309 = CARTESIAN_POINT('',(7.853981633974,0.));
#4310 = VECTOR('',#4311,1.);
#4311 = DIRECTION('',(0.,1.));
#4312 = ( GEOMETRIC_REPRESENTATION_CONTEXT(2) 
PARAMETRIC_REPRESENTATION_CONTEXT() REPRESENTATION_CONTEXT('2D SPACE',''
  ) );
#4313 = ORIENTED_EDGE('',*,*,#4314,.T.);
#4314 = EDGE_CURVE('',#4292,#4198,#4315,.T.);
#4315 = SURFACE_CURVE('',#4316,(#4320,#4327),.PCURVE_S1.);
#4316 = LINE('',#4317,#4318);
#4317 = CARTESIAN_POINT('',(67.392943163306,-54.47124018685,15.45));
#4318 = VECTOR('',#4319,1.);
#4319 = DIRECTION('',(-7.529701297771E-02,0.997161150385,-0.));
#4320 = PCURVE('',#2256,#4321);
#4321 = DEFINITIONAL_REPRESENTATION('',(#4322),#4326);
#4322 = LINE('',#4323,#4324);
#4323 = CARTESIAN_POINT('',(2.375,-6.05));
#4324 = VECTOR('',#4325,1.);
#4325 = DIRECTION('',(1.,-0.));
#4326 = ( GEOMETRIC_REPRESENTATION_CONTEXT(2) 
PARAMETRIC_REPRESENTATION_CONTEXT() REPRESENTATION_CONTEXT('2D SPACE',''
  ) );
#4327 = PCURVE('',#782,#4328);
#4328 = DEFINITIONAL_REPRESENTATION('',(#4329),#4333);
#4329 = LINE('',#4330,#4331);
#4330 = CARTESIAN_POINT('',(2.106648189226E-14,2.375));
#4331 = VECTOR('',#4332,1.);
#4332 = DIRECTION('',(-0.,-1.));
#4333 = ( GEOMETRIC_REPRESENTATION_CONTEXT(2) 
PARAMETRIC_REPRESENTATION_CONTEXT() REPRESENTATION_CONTEXT('2D SPACE',''
  ) );
#4334 = ADVANCED_FACE('',(#4335),#2205,.F.);
#4335 = FACE_BOUND('',#4336,.T.);
#4336 = EDGE_LOOP('',(#4337,#4360,#4383,#4404));
#4337 = ORIENTED_EDGE('',*,*,#4338,.F.);
#4338 = EDGE_CURVE('',#4339,#2167,#4341,.T.);
#4339 = VERTEX_POINT('',#4340);
#4340 = CARTESIAN_POINT('',(7.628623117365,-63.17101231371,11.35));
#4341 = SURFACE_CURVE('',#4342,(#4346,#4353),.PCURVE_S1.);
#4342 = LINE('',#4343,#4344);
#4343 = CARTESIAN_POINT('',(7.628623117365,-63.17101231371,9.8));
#4344 = VECTOR('',#4345,1.);
#4345 = DIRECTION('',(-0.,-0.,1.));
#4346 = PCURVE('',#2205,#4347);
#4347 = DEFINITIONAL_REPRESENTATION('',(#4348),#4352);
#4348 = LINE('',#4349,#4350);
#4349 = CARTESIAN_POINT('',(1.55,-4.7));
#4350 = VECTOR('',#4351,1.);
#4351 = DIRECTION('',(-1.,0.));
#4352 = ( GEOMETRIC_REPRESENTATION_CONTEXT(2) 
PARAMETRIC_REPRESENTATION_CONTEXT() REPRESENTATION_CONTEXT('2D SPACE',''
  ) );
#4353 = PCURVE('',#62,#4354);
#4354 = DEFINITIONAL_REPRESENTATION('',(#4355),#4359);
#4355 = LINE('',#4356,#4357);
#4356 = CARTESIAN_POINT('',(-1.55,-4.6));
#4357 = VECTOR('',#4358,1.);
#4358 = DIRECTION('',(-1.,0.));
#4359 = ( GEOMETRIC_REPRESENTATION_CONTEXT(2) 
PARAMETRIC_REPRESENTATION_CONTEXT() REPRESENTATION_CONTEXT('2D SPACE',''
  ) );
#4360 = ORIENTED_EDGE('',*,*,#4361,.T.);
#4361 = EDGE_CURVE('',#4339,#4362,#4364,.T.);
#4362 = VERTEX_POINT('',#4363);
#4363 = CARTESIAN_POINT('',(62.721502440564,-59.0108730546,11.35));
#4364 = SURFACE_CURVE('',#4365,(#4369,#4376),.PCURVE_S1.);
#4365 = LINE('',#4366,#4367);
#4366 = CARTESIAN_POINT('',(2.941965710557,-63.52490827471,11.35));
#4367 = VECTOR('',#4368,1.);
#4368 = DIRECTION('',(0.997161150385,7.529701297771E-02,-0.));
#4369 = PCURVE('',#2205,#4370);
#4370 = DEFINITIONAL_REPRESENTATION('',(#4371),#4375);
#4371 = LINE('',#4372,#4373);
#4372 = CARTESIAN_POINT('',(-0.,-0.));
#4373 = VECTOR('',#4374,1.);
#4374 = DIRECTION('',(-0.,-1.));
#4375 = ( GEOMETRIC_REPRESENTATION_CONTEXT(2) 
PARAMETRIC_REPRESENTATION_CONTEXT() REPRESENTATION_CONTEXT('2D SPACE',''
  ) );
#4376 = PCURVE('',#144,#4377);
#4377 = DEFINITIONAL_REPRESENTATION('',(#4378),#4382);
#4378 = LINE('',#4379,#4380);
#4379 = CARTESIAN_POINT('',(-3.827531841801,2.775557561563E-16));
#4380 = VECTOR('',#4381,1.);
#4381 = DIRECTION('',(-0.,-1.));
#4382 = ( GEOMETRIC_REPRESENTATION_CONTEXT(2) 
PARAMETRIC_REPRESENTATION_CONTEXT() REPRESENTATION_CONTEXT('2D SPACE',''
  ) );
#4383 = ORIENTED_EDGE('',*,*,#4384,.T.);
#4384 = EDGE_CURVE('',#4362,#2190,#4385,.T.);
#4385 = SURFACE_CURVE('',#4386,(#4390,#4397),.PCURVE_S1.);
#4386 = LINE('',#4387,#4388);
#4387 = CARTESIAN_POINT('',(62.721502440564,-59.0108730546,9.8));
#4388 = VECTOR('',#4389,1.);
#4389 = DIRECTION('',(-0.,-0.,1.));
#4390 = PCURVE('',#2205,#4391);
#4391 = DEFINITIONAL_REPRESENTATION('',(#4392),#4396);
#4392 = LINE('',#4393,#4394);
#4393 = CARTESIAN_POINT('',(1.55,-59.94972498371));
#4394 = VECTOR('',#4395,1.);
#4395 = DIRECTION('',(-1.,0.));
#4396 = ( GEOMETRIC_REPRESENTATION_CONTEXT(2) 
PARAMETRIC_REPRESENTATION_CONTEXT() REPRESENTATION_CONTEXT('2D SPACE',''
  ) );
#4397 = PCURVE('',#118,#4398);
#4398 = DEFINITIONAL_REPRESENTATION('',(#4399),#4403);
#4399 = LINE('',#4400,#4401);
#4400 = CARTESIAN_POINT('',(-1.55,-4.6));
#4401 = VECTOR('',#4402,1.);
#4402 = DIRECTION('',(-1.,0.));
#4403 = ( GEOMETRIC_REPRESENTATION_CONTEXT(2) 
PARAMETRIC_REPRESENTATION_CONTEXT() REPRESENTATION_CONTEXT('2D SPACE',''
  ) );
#4404 = ORIENTED_EDGE('',*,*,#2189,.F.);
#4405 = ADVANCED_FACE('',(#4406),#1446,.F.);
#4406 = FACE_BOUND('',#4407,.T.);
#4407 = EDGE_LOOP('',(#4408,#4409,#4410,#4411));
#4408 = ORIENTED_EDGE('',*,*,#1430,.F.);
#4409 = ORIENTED_EDGE('',*,*,#2096,.F.);
#4410 = ORIENTED_EDGE('',*,*,#2142,.T.);
#4411 = ORIENTED_EDGE('',*,*,#4412,.T.);
#4412 = EDGE_CURVE('',#2143,#1431,#4413,.T.);
#4413 = SURFACE_CURVE('',#4414,(#4418,#4425),.PCURVE_S1.);
#4414 = LINE('',#4415,#4416);
#4415 = CARTESIAN_POINT('',(18.013138630564,-60.58173875611,15.25));
#4416 = VECTOR('',#4417,1.);
#4417 = DIRECTION('',(7.529701297771E-02,-0.997161150385,0.));
#4418 = PCURVE('',#1446,#4419);
#4419 = DEFINITIONAL_REPRESENTATION('',(#4420),#4424);
#4420 = LINE('',#4421,#4422);
#4421 = CARTESIAN_POINT('',(-1.4,-11.));
#4422 = VECTOR('',#4423,1.);
#4423 = DIRECTION('',(-1.,0.));
#4424 = ( GEOMETRIC_REPRESENTATION_CONTEXT(2) 
PARAMETRIC_REPRESENTATION_CONTEXT() REPRESENTATION_CONTEXT('2D SPACE',''
  ) );
#4425 = PCURVE('',#915,#4426);
#4426 = DEFINITIONAL_REPRESENTATION('',(#4427),#4431);
#4427 = LINE('',#4428,#4429);
#4428 = CARTESIAN_POINT('',(-0.,-6.25));
#4429 = VECTOR('',#4430,1.);
#4430 = DIRECTION('',(-1.,0.));
#4431 = ( GEOMETRIC_REPRESENTATION_CONTEXT(2) 
PARAMETRIC_REPRESENTATION_CONTEXT() REPRESENTATION_CONTEXT('2D SPACE',''
  ) );
#4432 = ADVANCED_FACE('',(#4433),#1316,.F.);
#4433 = FACE_BOUND('',#4434,.T.);
#4434 = EDGE_LOOP('',(#4435,#4460,#4481,#4482,#4503,#4504));
#4435 = ORIENTED_EDGE('',*,*,#4436,.F.);
#4436 = EDGE_CURVE('',#4437,#4439,#4441,.T.);
#4437 = VERTEX_POINT('',#4438);
#4438 = CARTESIAN_POINT('',(2.692440763324,-60.22044009473,27.55));
#4439 = VERTEX_POINT('',#4440);
#4440 = CARTESIAN_POINT('',(2.692440763324,-60.22044009473,29.85));
#4441 = SURFACE_CURVE('',#4442,(#4446,#4453),.PCURVE_S1.);
#4442 = LINE('',#4443,#4444);
#4443 = CARTESIAN_POINT('',(2.692440763324,-60.22044009473,8.25));
#4444 = VECTOR('',#4445,1.);
#4445 = DIRECTION('',(-0.,-0.,1.));
#4446 = PCURVE('',#1316,#4447);
#4447 = DEFINITIONAL_REPRESENTATION('',(#4448),#4452);
#4448 = LINE('',#4449,#4450);
#4449 = CARTESIAN_POINT('',(1.513875774943,-13.25));
#4450 = VECTOR('',#4451,1.);
#4451 = DIRECTION('',(-0.,1.));
#4452 = ( GEOMETRIC_REPRESENTATION_CONTEXT(2) 
PARAMETRIC_REPRESENTATION_CONTEXT() REPRESENTATION_CONTEXT('2D SPACE',''
  ) );
#4453 = PCURVE('',#226,#4454);
#4454 = DEFINITIONAL_REPRESENTATION('',(#4455),#4459);
#4455 = LINE('',#4456,#4457);
#4456 = CARTESIAN_POINT('',(-1.478357041443,0.));
#4457 = VECTOR('',#4458,1.);
#4458 = DIRECTION('',(-0.,1.));
#4459 = ( GEOMETRIC_REPRESENTATION_CONTEXT(2) 
PARAMETRIC_REPRESENTATION_CONTEXT() REPRESENTATION_CONTEXT('2D SPACE',''
  ) );
#4460 = ORIENTED_EDGE('',*,*,#4461,.T.);
#4461 = EDGE_CURVE('',#4437,#1301,#4462,.T.);
#4462 = SURFACE_CURVE('',#4463,(#4467,#4474),.PCURVE_S1.);
#4463 = LINE('',#4464,#4465);
#4464 = CARTESIAN_POINT('',(2.670896463837,-59.93512813332,27.55));
#4465 = VECTOR('',#4466,1.);
#4466 = DIRECTION('',(7.529701297771E-02,-0.997161150385,-0.));
#4467 = PCURVE('',#1316,#4468);
#4468 = DEFINITIONAL_REPRESENTATION('',(#4469),#4473);
#4469 = LINE('',#4470,#4471);
#4470 = CARTESIAN_POINT('',(1.8,6.05));
#4471 = VECTOR('',#4472,1.);
#4472 = DIRECTION('',(-1.,0.));
#4473 = ( GEOMETRIC_REPRESENTATION_CONTEXT(2) 
PARAMETRIC_REPRESENTATION_CONTEXT() REPRESENTATION_CONTEXT('2D SPACE',''
  ) );
#4474 = PCURVE('',#310,#4475);
#4475 = DEFINITIONAL_REPRESENTATION('',(#4476),#4480);
#4476 = LINE('',#4477,#4478);
#4477 = CARTESIAN_POINT('',(3.920475055708E-15,-0.3));
#4478 = VECTOR('',#4479,1.);
#4479 = DIRECTION('',(-1.,0.));
#4480 = ( GEOMETRIC_REPRESENTATION_CONTEXT(2) 
PARAMETRIC_REPRESENTATION_CONTEXT() REPRESENTATION_CONTEXT('2D SPACE',''
  ) );
#4481 = ORIENTED_EDGE('',*,*,#1300,.T.);
#4482 = ORIENTED_EDGE('',*,*,#4483,.F.);
#4483 = EDGE_CURVE('',#2653,#1273,#4484,.T.);
#4484 = SURFACE_CURVE('',#4485,(#4489,#4496),.PCURVE_S1.);
#4485 = LINE('',#4486,#4487);
#4486 = CARTESIAN_POINT('',(2.806431087197,-61.73001820402,27.75));
#4487 = VECTOR('',#4488,1.);
#4488 = DIRECTION('',(7.529701297771E-02,-0.997161150385,0.));
#4489 = PCURVE('',#1316,#4490);
#4490 = DEFINITIONAL_REPRESENTATION('',(#4491),#4495);
#4491 = LINE('',#4492,#4493);
#4492 = CARTESIAN_POINT('',(-0.,6.25));
#4493 = VECTOR('',#4494,1.);
#4494 = DIRECTION('',(-1.,0.));
#4495 = ( GEOMETRIC_REPRESENTATION_CONTEXT(2) 
PARAMETRIC_REPRESENTATION_CONTEXT() REPRESENTATION_CONTEXT('2D SPACE',''
  ) );
#4496 = PCURVE('',#1288,#4497);
#4497 = DEFINITIONAL_REPRESENTATION('',(#4498),#4502);
#4498 = LINE('',#4499,#4500);
#4499 = CARTESIAN_POINT('',(-1.4,4.25));
#4500 = VECTOR('',#4501,1.);
#4501 = DIRECTION('',(-1.,0.));
#4502 = ( GEOMETRIC_REPRESENTATION_CONTEXT(2) 
PARAMETRIC_REPRESENTATION_CONTEXT() REPRESENTATION_CONTEXT('2D SPACE',''
  ) );
#4503 = ORIENTED_EDGE('',*,*,#2652,.T.);
#4504 = ORIENTED_EDGE('',*,*,#4505,.F.);
#4505 = EDGE_CURVE('',#4439,#2630,#4506,.T.);
#4506 = SURFACE_CURVE('',#4507,(#4511,#4518),.PCURVE_S1.);
#4507 = LINE('',#4508,#4509);
#4508 = CARTESIAN_POINT('',(2.806431087197,-61.73001820402,29.85));
#4509 = VECTOR('',#4510,1.);
#4510 = DIRECTION('',(7.529701297771E-02,-0.997161150385,0.));
#4511 = PCURVE('',#1316,#4512);
#4512 = DEFINITIONAL_REPRESENTATION('',(#4513),#4517);
#4513 = LINE('',#4514,#4515);
#4514 = CARTESIAN_POINT('',(-0.,8.35));
#4515 = VECTOR('',#4516,1.);
#4516 = DIRECTION('',(-1.,0.));
#4517 = ( GEOMETRIC_REPRESENTATION_CONTEXT(2) 
PARAMETRIC_REPRESENTATION_CONTEXT() REPRESENTATION_CONTEXT('2D SPACE',''
  ) );
#4518 = PCURVE('',#361,#4519);
#4519 = DEFINITIONAL_REPRESENTATION('',(#4520),#4524);
#4520 = LINE('',#4521,#4522);
#4521 = CARTESIAN_POINT('',(-1.8,-5.107025913276E-15));
#4522 = VECTOR('',#4523,1.);
#4523 = DIRECTION('',(-1.,0.));
#4524 = ( GEOMETRIC_REPRESENTATION_CONTEXT(2) 
PARAMETRIC_REPRESENTATION_CONTEXT() REPRESENTATION_CONTEXT('2D SPACE',''
  ) );
#4525 = ADVANCED_FACE('',(#4526),#1288,.T.);
#4526 = FACE_BOUND('',#4527,.F.);
#4527 = EDGE_LOOP('',(#4528,#4529,#4530,#4531));
#4528 = ORIENTED_EDGE('',*,*,#1270,.T.);
#4529 = ORIENTED_EDGE('',*,*,#4483,.F.);
#4530 = ORIENTED_EDGE('',*,*,#2675,.F.);
#4531 = ORIENTED_EDGE('',*,*,#4532,.T.);
#4532 = EDGE_CURVE('',#2676,#1271,#4533,.T.);
#4533 = SURFACE_CURVE('',#4534,(#4538,#4545),.PCURVE_S1.);
#4534 = LINE('',#4535,#4536);
#4535 = CARTESIAN_POINT('',(18.013138630564,-60.58173875611,27.75));
#4536 = VECTOR('',#4537,1.);
#4537 = DIRECTION('',(7.529701297771E-02,-0.997161150385,0.));
#4538 = PCURVE('',#1288,#4539);
#4539 = DEFINITIONAL_REPRESENTATION('',(#4540),#4544);
#4540 = LINE('',#4541,#4542);
#4541 = CARTESIAN_POINT('',(-1.4,-11.));
#4542 = VECTOR('',#4543,1.);
#4543 = DIRECTION('',(-1.,0.));
#4544 = ( GEOMETRIC_REPRESENTATION_CONTEXT(2) 
PARAMETRIC_REPRESENTATION_CONTEXT() REPRESENTATION_CONTEXT('2D SPACE',''
  ) );
#4545 = PCURVE('',#915,#4546);
#4546 = DEFINITIONAL_REPRESENTATION('',(#4547),#4551);
#4547 = LINE('',#4548,#4549);
#4548 = CARTESIAN_POINT('',(-0.,6.25));
#4549 = VECTOR('',#4550,1.);
#4550 = DIRECTION('',(-1.,0.));
#4551 = ( GEOMETRIC_REPRESENTATION_CONTEXT(2) 
PARAMETRIC_REPRESENTATION_CONTEXT() REPRESENTATION_CONTEXT('2D SPACE',''
  ) );
#4552 = ADVANCED_FACE('',(#4553),#943,.F.);
#4553 = FACE_BOUND('',#4554,.T.);
#4554 = EDGE_LOOP('',(#4555,#4576,#4577,#4598));
#4555 = ORIENTED_EDGE('',*,*,#4556,.F.);
#4556 = EDGE_CURVE('',#2143,#900,#4557,.T.);
#4557 = SURFACE_CURVE('',#4558,(#4562,#4569),.PCURVE_S1.);
#4558 = LINE('',#4559,#4560);
#4559 = CARTESIAN_POINT('',(17.96043072148,-59.88372595084,15.25));
#4560 = VECTOR('',#4561,1.);
#4561 = DIRECTION('',(-7.529701297771E-02,0.997161150385,-0.));
#4562 = PCURVE('',#943,#4563);
#4563 = DEFINITIONAL_REPRESENTATION('',(#4564),#4568);
#4564 = LINE('',#4565,#4566);
#4565 = CARTESIAN_POINT('',(0.7,-15.25));
#4566 = VECTOR('',#4567,1.);
#4567 = DIRECTION('',(-1.,0.));
#4568 = ( GEOMETRIC_REPRESENTATION_CONTEXT(2) 
PARAMETRIC_REPRESENTATION_CONTEXT() REPRESENTATION_CONTEXT('2D SPACE',''
  ) );
#4569 = PCURVE('',#915,#4570);
#4570 = DEFINITIONAL_REPRESENTATION('',(#4571),#4575);
#4571 = LINE('',#4572,#4573);
#4572 = CARTESIAN_POINT('',(0.7,-6.25));
#4573 = VECTOR('',#4574,1.);
#4574 = DIRECTION('',(1.,-0.));
#4575 = ( GEOMETRIC_REPRESENTATION_CONTEXT(2) 
PARAMETRIC_REPRESENTATION_CONTEXT() REPRESENTATION_CONTEXT('2D SPACE',''
  ) );
#4576 = ORIENTED_EDGE('',*,*,#2347,.T.);
#4577 = ORIENTED_EDGE('',*,*,#4578,.T.);
#4578 = EDGE_CURVE('',#2320,#928,#4579,.T.);
#4579 = SURFACE_CURVE('',#4580,(#4584,#4591),.PCURVE_S1.);
#4580 = LINE('',#4581,#4582);
#4581 = CARTESIAN_POINT('',(29.781776159291,-58.99107986199,15.25));
#4582 = VECTOR('',#4583,1.);
#4583 = DIRECTION('',(-7.529701297771E-02,0.997161150385,-0.));
#4584 = PCURVE('',#943,#4585);
#4585 = DEFINITIONAL_REPRESENTATION('',(#4586),#4590);
#4586 = LINE('',#4587,#4588);
#4587 = CARTESIAN_POINT('',(0.7,-27.105));
#4588 = VECTOR('',#4589,1.);
#4589 = DIRECTION('',(-1.,0.));
#4590 = ( GEOMETRIC_REPRESENTATION_CONTEXT(2) 
PARAMETRIC_REPRESENTATION_CONTEXT() REPRESENTATION_CONTEXT('2D SPACE',''
  ) );
#4591 = PCURVE('',#969,#4592);
#4592 = DEFINITIONAL_REPRESENTATION('',(#4593),#4597);
#4593 = LINE('',#4594,#4595);
#4594 = CARTESIAN_POINT('',(0.7,-6.25));
#4595 = VECTOR('',#4596,1.);
#4596 = DIRECTION('',(1.,-0.));
#4597 = ( GEOMETRIC_REPRESENTATION_CONTEXT(2) 
PARAMETRIC_REPRESENTATION_CONTEXT() REPRESENTATION_CONTEXT('2D SPACE',''
  ) );
#4598 = ORIENTED_EDGE('',*,*,#927,.F.);
#4599 = ADVANCED_FACE('',(#4600),#969,.F.);
#4600 = FACE_BOUND('',#4601,.T.);
#4601 = EDGE_LOOP('',(#4602,#4603,#4604,#4605,#4606,#4607));
#4602 = ORIENTED_EDGE('',*,*,#955,.F.);
#4603 = ORIENTED_EDGE('',*,*,#4578,.F.);
#4604 = ORIENTED_EDGE('',*,*,#2423,.T.);
#4605 = ORIENTED_EDGE('',*,*,#2499,.T.);
#4606 = ORIENTED_EDGE('',*,*,#2575,.F.);
#4607 = ORIENTED_EDGE('',*,*,#4608,.F.);
#4608 = EDGE_CURVE('',#872,#2524,#4609,.T.);
#4609 = SURFACE_CURVE('',#4610,(#4614,#4621),.PCURVE_S1.);
#4610 = LINE('',#4611,#4612);
#4611 = CARTESIAN_POINT('',(29.766716756696,-58.79164763191,27.75));
#4612 = VECTOR('',#4613,1.);
#4613 = DIRECTION('',(7.529701297771E-02,-0.997161150385,-0.));
#4614 = PCURVE('',#969,#4615);
#4615 = DEFINITIONAL_REPRESENTATION('',(#4616),#4620);
#4616 = LINE('',#4617,#4618);
#4617 = CARTESIAN_POINT('',(0.9,6.25));
#4618 = VECTOR('',#4619,1.);
#4619 = DIRECTION('',(-1.,0.));
#4620 = ( GEOMETRIC_REPRESENTATION_CONTEXT(2) 
PARAMETRIC_REPRESENTATION_CONTEXT() REPRESENTATION_CONTEXT('2D SPACE',''
  ) );
#4621 = PCURVE('',#887,#4622);
#4622 = DEFINITIONAL_REPRESENTATION('',(#4623),#4627);
#4623 = LINE('',#4624,#4625);
#4624 = CARTESIAN_POINT('',(-0.9,-27.105));
#4625 = VECTOR('',#4626,1.);
#4626 = DIRECTION('',(-1.,0.));
#4627 = ( GEOMETRIC_REPRESENTATION_CONTEXT(2) 
PARAMETRIC_REPRESENTATION_CONTEXT() REPRESENTATION_CONTEXT('2D SPACE',''
  ) );
#4628 = ADVANCED_FACE('',(#4629),#915,.T.);
#4629 = FACE_BOUND('',#4630,.F.);
#4630 = EDGE_LOOP('',(#4631,#4632,#4633,#4634,#4635,#4636));
#4631 = ORIENTED_EDGE('',*,*,#899,.F.);
#4632 = ORIENTED_EDGE('',*,*,#4556,.F.);
#4633 = ORIENTED_EDGE('',*,*,#4412,.T.);
#4634 = ORIENTED_EDGE('',*,*,#1458,.T.);
#4635 = ORIENTED_EDGE('',*,*,#4532,.F.);
#4636 = ORIENTED_EDGE('',*,*,#4637,.F.);
#4637 = EDGE_CURVE('',#870,#2676,#4638,.T.);
#4638 = SURFACE_CURVE('',#4639,(#4643,#4650),.PCURVE_S1.);
#4639 = LINE('',#4640,#4641);
#4640 = CARTESIAN_POINT('',(17.945371318884,-59.68429372076,27.75));
#4641 = VECTOR('',#4642,1.);
#4642 = DIRECTION('',(7.529701297771E-02,-0.997161150385,-0.));
#4643 = PCURVE('',#915,#4644);
#4644 = DEFINITIONAL_REPRESENTATION('',(#4645),#4649);
#4645 = LINE('',#4646,#4647);
#4646 = CARTESIAN_POINT('',(0.9,6.25));
#4647 = VECTOR('',#4648,1.);
#4648 = DIRECTION('',(-1.,0.));
#4649 = ( GEOMETRIC_REPRESENTATION_CONTEXT(2) 
PARAMETRIC_REPRESENTATION_CONTEXT() REPRESENTATION_CONTEXT('2D SPACE',''
  ) );
#4650 = PCURVE('',#887,#4651);
#4651 = DEFINITIONAL_REPRESENTATION('',(#4652),#4656);
#4652 = LINE('',#4653,#4654);
#4653 = CARTESIAN_POINT('',(-0.9,-15.25));
#4654 = VECTOR('',#4655,1.);
#4655 = DIRECTION('',(-1.,0.));
#4656 = ( GEOMETRIC_REPRESENTATION_CONTEXT(2) 
PARAMETRIC_REPRESENTATION_CONTEXT() REPRESENTATION_CONTEXT('2D SPACE',''
  ) );
#4657 = ADVANCED_FACE('',(#4658),#887,.F.);
#4658 = FACE_BOUND('',#4659,.T.);
#4659 = EDGE_LOOP('',(#4660,#4661,#4662,#4663));
#4660 = ORIENTED_EDGE('',*,*,#4637,.F.);
#4661 = ORIENTED_EDGE('',*,*,#869,.T.);
#4662 = ORIENTED_EDGE('',*,*,#4608,.T.);
#4663 = ORIENTED_EDGE('',*,*,#2698,.F.);
#4664 = ADVANCED_FACE('',(#4665),#198,.F.);
#4665 = FACE_BOUND('',#4666,.T.);
#4666 = EDGE_LOOP('',(#4667,#4668,#4669,#4695,#4696));
#4667 = ORIENTED_EDGE('',*,*,#2166,.F.);
#4668 = ORIENTED_EDGE('',*,*,#2045,.F.);
#4669 = ORIENTED_EDGE('',*,*,#4670,.F.);
#4670 = EDGE_CURVE('',#183,#2021,#4671,.T.);
#4671 = SURFACE_CURVE('',#4672,(#4677,#4688),.PCURVE_S1.);
#4672 = CIRCLE('',#4673,3.25);
#4673 = AXIS2_PLACEMENT_3D('',#4674,#4675,#4676);
#4674 = CARTESIAN_POINT('',(2.149621930437,-57.01609184358,13.15));
#4675 = DIRECTION('',(-0.,0.,-1.));
#4676 = DIRECTION('',(0.997161150385,7.529701297771E-02,-0.));
#4677 = PCURVE('',#198,#4678);
#4678 = DEFINITIONAL_REPRESENTATION('',(#4679),#4687);
#4679 = ( BOUNDED_CURVE() B_SPLINE_CURVE(2,(#4680,#4681,#4682,#4683,
#4684,#4685,#4686),.UNSPECIFIED.,.T.,.F.) B_SPLINE_CURVE_WITH_KNOTS((1,2
    ,2,2,2,1),(-2.094395102393,0.,2.094395102393,4.188790204786,
6.28318530718,8.377580409573),.UNSPECIFIED.) CURVE() 
GEOMETRIC_REPRESENTATION_ITEM() RATIONAL_B_SPLINE_CURVE((1.,0.5,1.,0.5,
1.,0.5,1.)) REPRESENTATION_ITEM('') );
#4680 = CARTESIAN_POINT('',(2.95,-2.95));
#4681 = CARTESIAN_POINT('',(-2.679165124599,-2.95));
#4682 = CARTESIAN_POINT('',(0.135417437701,1.925));
#4683 = CARTESIAN_POINT('',(2.95,6.8));
#4684 = CARTESIAN_POINT('',(5.764582562299,1.925));
#4685 = CARTESIAN_POINT('',(8.579165124599,-2.95));
#4686 = CARTESIAN_POINT('',(2.95,-2.95));
#4687 = ( GEOMETRIC_REPRESENTATION_CONTEXT(2) 
PARAMETRIC_REPRESENTATION_CONTEXT() REPRESENTATION_CONTEXT('2D SPACE',''
  ) );
#4688 = PCURVE('',#226,#4689);
#4689 = DEFINITIONAL_REPRESENTATION('',(#4690),#4694);
#4690 = LINE('',#4691,#4692);
#4691 = CARTESIAN_POINT('',(-0.,4.9));
#4692 = VECTOR('',#4693,1.);
#4693 = DIRECTION('',(-1.,0.));
#4694 = ( GEOMETRIC_REPRESENTATION_CONTEXT(2) 
PARAMETRIC_REPRESENTATION_CONTEXT() REPRESENTATION_CONTEXT('2D SPACE',''
  ) );
#4695 = ORIENTED_EDGE('',*,*,#182,.T.);
#4696 = ORIENTED_EDGE('',*,*,#4697,.F.);
#4697 = EDGE_CURVE('',#2167,#160,#4698,.T.);
#4698 = SURFACE_CURVE('',#4699,(#4703,#4710),.PCURVE_S1.);
#4699 = LINE('',#4700,#4701);
#4700 = CARTESIAN_POINT('',(7.319905364157,-59.08265159714,13.15));
#4701 = VECTOR('',#4702,1.);
#4702 = DIRECTION('',(-7.529701297771E-02,0.997161150385,-0.));
#4703 = PCURVE('',#198,#4704);
#4704 = DEFINITIONAL_REPRESENTATION('',(#4705),#4709);
#4705 = LINE('',#4706,#4707);
#4706 = CARTESIAN_POINT('',(0.5,-4.7));
#4707 = VECTOR('',#4708,1.);
#4708 = DIRECTION('',(1.,-0.));
#4709 = ( GEOMETRIC_REPRESENTATION_CONTEXT(2) 
PARAMETRIC_REPRESENTATION_CONTEXT() REPRESENTATION_CONTEXT('2D SPACE',''
  ) );
#4710 = PCURVE('',#62,#4711);
#4711 = DEFINITIONAL_REPRESENTATION('',(#4712),#4716);
#4712 = LINE('',#4713,#4714);
#4713 = CARTESIAN_POINT('',(-4.9,-0.5));
#4714 = VECTOR('',#4715,1.);
#4715 = DIRECTION('',(-0.,1.));
#4716 = ( GEOMETRIC_REPRESENTATION_CONTEXT(2) 
PARAMETRIC_REPRESENTATION_CONTEXT() REPRESENTATION_CONTEXT('2D SPACE',''
  ) );
#4717 = ADVANCED_FACE('',(#4718),#254,.F.);
#4718 = FACE_BOUND('',#4719,.T.);
#4719 = EDGE_LOOP('',(#4720,#4755,#4781,#4782,#4783,#4784,#4806,#4807));
#4720 = ORIENTED_EDGE('',*,*,#4721,.F.);
#4721 = EDGE_CURVE('',#4722,#4724,#4726,.T.);
#4722 = VERTEX_POINT('',#4723);
#4723 = CARTESIAN_POINT('',(2.394337222615,-60.25686558233,21.6));
#4724 = VERTEX_POINT('',#4725);
#4725 = CARTESIAN_POINT('',(5.390395669188,-56.7713765514,21.6));
#4726 = SURFACE_CURVE('',#4727,(#4732,#4743),.PCURVE_S1.);
#4727 = CIRCLE('',#4728,3.25);
#4728 = AXIS2_PLACEMENT_3D('',#4729,#4730,#4731);
#4729 = CARTESIAN_POINT('',(2.149621930437,-57.01609184358,21.6));
#4730 = DIRECTION('',(0.,0.,-1.));
#4731 = DIRECTION('',(7.529701297773E-02,-0.997161150385,-0.));
#4732 = PCURVE('',#254,#4733);
#4733 = DEFINITIONAL_REPRESENTATION('',(#4734),#4742);
#4734 = ( BOUNDED_CURVE() B_SPLINE_CURVE(2,(#4735,#4736,#4737,#4738,
#4739,#4740,#4741),.UNSPECIFIED.,.T.,.F.) B_SPLINE_CURVE_WITH_KNOTS((1,2
    ,2,2,2,1),(-2.094395102393,0.,2.094395102393,4.188790204786,
6.28318530718,8.377580409573),.UNSPECIFIED.) CURVE() 
GEOMETRIC_REPRESENTATION_ITEM() RATIONAL_B_SPLINE_CURVE((1.,0.5,1.,0.5,
1.,0.5,1.)) REPRESENTATION_ITEM('') );
#4735 = CARTESIAN_POINT('',(-0.3,-5.723893581333E-14));
#4736 = CARTESIAN_POINT('',(-0.3,5.629165124599));
#4737 = CARTESIAN_POINT('',(4.575,2.814582562299));
#4738 = CARTESIAN_POINT('',(9.45,1.148575584119E-13));
#4739 = CARTESIAN_POINT('',(4.575,-2.814582562299));
#4740 = CARTESIAN_POINT('',(-0.3,-5.629165124599));
#4741 = CARTESIAN_POINT('',(-0.3,-5.723893581333E-14));
#4742 = ( GEOMETRIC_REPRESENTATION_CONTEXT(2) 
PARAMETRIC_REPRESENTATION_CONTEXT() REPRESENTATION_CONTEXT('2D SPACE',''
  ) );
#4743 = PCURVE('',#4744,#4749);
#4744 = CYLINDRICAL_SURFACE('',#4745,3.25);
#4745 = AXIS2_PLACEMENT_3D('',#4746,#4747,#4748);
#4746 = CARTESIAN_POINT('',(2.149621930437,-57.01609184358,21.6));
#4747 = DIRECTION('',(-0.,-0.,-1.));
#4748 = DIRECTION('',(0.997161150385,7.529701297771E-02,-0.));
#4749 = DEFINITIONAL_REPRESENTATION('',(#4750),#4754);
#4750 = LINE('',#4751,#4752);
#4751 = CARTESIAN_POINT('',(1.570796326795,0.));
#4752 = VECTOR('',#4753,1.);
#4753 = DIRECTION('',(1.,0.));
#4754 = ( GEOMETRIC_REPRESENTATION_CONTEXT(2) 
PARAMETRIC_REPRESENTATION_CONTEXT() REPRESENTATION_CONTEXT('2D SPACE',''
  ) );
#4755 = ORIENTED_EDGE('',*,*,#4756,.F.);
#4756 = EDGE_CURVE('',#2023,#4722,#4757,.T.);
#4757 = SURFACE_CURVE('',#4758,(#4763,#4774),.PCURVE_S1.);
#4758 = CIRCLE('',#4759,3.25);
#4759 = AXIS2_PLACEMENT_3D('',#4760,#4761,#4762);
#4760 = CARTESIAN_POINT('',(2.149621930437,-57.01609184358,21.6));
#4761 = DIRECTION('',(-0.,0.,-1.));
#4762 = DIRECTION('',(0.997161150385,7.529701297771E-02,-0.));
#4763 = PCURVE('',#254,#4764);
#4764 = DEFINITIONAL_REPRESENTATION('',(#4765),#4773);
#4765 = ( BOUNDED_CURVE() B_SPLINE_CURVE(2,(#4766,#4767,#4768,#4769,
#4770,#4771,#4772),.UNSPECIFIED.,.T.,.F.) B_SPLINE_CURVE_WITH_KNOTS((1,2
    ,2,2,2,1),(-2.094395102393,0.,2.094395102393,4.188790204786,
6.28318530718,8.377580409573),.UNSPECIFIED.) CURVE() 
GEOMETRIC_REPRESENTATION_ITEM() RATIONAL_B_SPLINE_CURVE((1.,0.5,1.,0.5,
1.,0.5,1.)) REPRESENTATION_ITEM('') );
#4766 = CARTESIAN_POINT('',(2.95,-3.25));
#4767 = CARTESIAN_POINT('',(-2.679165124599,-3.25));
#4768 = CARTESIAN_POINT('',(0.135417437701,1.625));
#4769 = CARTESIAN_POINT('',(2.95,6.5));
#4770 = CARTESIAN_POINT('',(5.764582562299,1.625));
#4771 = CARTESIAN_POINT('',(8.579165124599,-3.25));
#4772 = CARTESIAN_POINT('',(2.95,-3.25));
#4773 = ( GEOMETRIC_REPRESENTATION_CONTEXT(2) 
PARAMETRIC_REPRESENTATION_CONTEXT() REPRESENTATION_CONTEXT('2D SPACE',''
  ) );
#4774 = PCURVE('',#226,#4775);
#4775 = DEFINITIONAL_REPRESENTATION('',(#4776),#4780);
#4776 = LINE('',#4777,#4778);
#4777 = CARTESIAN_POINT('',(-0.,13.35));
#4778 = VECTOR('',#4779,1.);
#4779 = DIRECTION('',(-1.,0.));
#4780 = ( GEOMETRIC_REPRESENTATION_CONTEXT(2) 
PARAMETRIC_REPRESENTATION_CONTEXT() REPRESENTATION_CONTEXT('2D SPACE',''
  ) );
#4781 = ORIENTED_EDGE('',*,*,#2118,.T.);
#4782 = ORIENTED_EDGE('',*,*,#1379,.F.);
#4783 = ORIENTED_EDGE('',*,*,#1974,.F.);
#4784 = ORIENTED_EDGE('',*,*,#4785,.F.);
#4785 = EDGE_CURVE('',#239,#1952,#4786,.T.);
#4786 = SURFACE_CURVE('',#4787,(#4792,#4799),.PCURVE_S1.);
#4787 = CIRCLE('',#4788,4.85);
#4788 = AXIS2_PLACEMENT_3D('',#4789,#4790,#4791);
#4789 = CARTESIAN_POINT('',(2.149621930437,-57.01609184358,21.6));
#4790 = DIRECTION('',(0.,0.,1.));
#4791 = DIRECTION('',(0.837293371133,-0.546753884904,-0.));
#4792 = PCURVE('',#254,#4793);
#4793 = DEFINITIONAL_REPRESENTATION('',(#4794),#4798);
#4794 = CIRCLE('',#4795,4.85);
#4795 = AXIS2_PLACEMENT_2D('',#4796,#4797);
#4796 = CARTESIAN_POINT('',(2.95,-1.387778780781E-16));
#4797 = DIRECTION('',(-0.60824742268,-0.793747486801));
#4798 = ( GEOMETRIC_REPRESENTATION_CONTEXT(2) 
PARAMETRIC_REPRESENTATION_CONTEXT() REPRESENTATION_CONTEXT('2D SPACE',''
  ) );
#4799 = PCURVE('',#282,#4800);
#4800 = DEFINITIONAL_REPRESENTATION('',(#4801),#4805);
#4801 = LINE('',#4802,#4803);
#4802 = CARTESIAN_POINT('',(6.937036046802,0.));
#4803 = VECTOR('',#4804,1.);
#4804 = DIRECTION('',(-1.,-0.));
#4805 = ( GEOMETRIC_REPRESENTATION_CONTEXT(2) 
PARAMETRIC_REPRESENTATION_CONTEXT() REPRESENTATION_CONTEXT('2D SPACE',''
  ) );
#4806 = ORIENTED_EDGE('',*,*,#238,.F.);
#4807 = ORIENTED_EDGE('',*,*,#4808,.F.);
#4808 = EDGE_CURVE('',#4724,#211,#4809,.T.);
#4809 = SURFACE_CURVE('',#4810,(#4815,#4826),.PCURVE_S1.);
#4810 = CIRCLE('',#4811,3.25);
#4811 = AXIS2_PLACEMENT_3D('',#4812,#4813,#4814);
#4812 = CARTESIAN_POINT('',(2.149621930437,-57.01609184358,21.6));
#4813 = DIRECTION('',(0.,0.,-1.));
#4814 = DIRECTION('',(7.529701297773E-02,-0.997161150385,-0.));
#4815 = PCURVE('',#254,#4816);
#4816 = DEFINITIONAL_REPRESENTATION('',(#4817),#4825);
#4817 = ( BOUNDED_CURVE() B_SPLINE_CURVE(2,(#4818,#4819,#4820,#4821,
#4822,#4823,#4824),.UNSPECIFIED.,.T.,.F.) B_SPLINE_CURVE_WITH_KNOTS((1,2
    ,2,2,2,1),(-2.094395102393,0.,2.094395102393,4.188790204786,
6.28318530718,8.377580409573),.UNSPECIFIED.) CURVE() 
GEOMETRIC_REPRESENTATION_ITEM() RATIONAL_B_SPLINE_CURVE((1.,0.5,1.,0.5,
1.,0.5,1.)) REPRESENTATION_ITEM('') );
#4818 = CARTESIAN_POINT('',(-0.3,-5.723893581333E-14));
#4819 = CARTESIAN_POINT('',(-0.3,5.629165124599));
#4820 = CARTESIAN_POINT('',(4.575,2.814582562299));
#4821 = CARTESIAN_POINT('',(9.45,1.148575584119E-13));
#4822 = CARTESIAN_POINT('',(4.575,-2.814582562299));
#4823 = CARTESIAN_POINT('',(-0.3,-5.629165124599));
#4824 = CARTESIAN_POINT('',(-0.3,-5.723893581333E-14));
#4825 = ( GEOMETRIC_REPRESENTATION_CONTEXT(2) 
PARAMETRIC_REPRESENTATION_CONTEXT() REPRESENTATION_CONTEXT('2D SPACE',''
  ) );
#4826 = PCURVE('',#4827,#4832);
#4827 = CYLINDRICAL_SURFACE('',#4828,3.25);
#4828 = AXIS2_PLACEMENT_3D('',#4829,#4830,#4831);
#4829 = CARTESIAN_POINT('',(2.149621930437,-57.01609184358,21.6));
#4830 = DIRECTION('',(-0.,-0.,-1.));
#4831 = DIRECTION('',(0.997161150385,7.529701297771E-02,-0.));
#4832 = DEFINITIONAL_REPRESENTATION('',(#4833),#4837);
#4833 = LINE('',#4834,#4835);
#4834 = CARTESIAN_POINT('',(1.570796326795,0.));
#4835 = VECTOR('',#4836,1.);
#4836 = DIRECTION('',(1.,0.));
#4837 = ( GEOMETRIC_REPRESENTATION_CONTEXT(2) 
PARAMETRIC_REPRESENTATION_CONTEXT() REPRESENTATION_CONTEXT('2D SPACE',''
  ) );
#4838 = ADVANCED_FACE('',(#4839),#4827,.F.);
#4839 = FACE_BOUND('',#4840,.F.);
#4840 = EDGE_LOOP('',(#4841,#4842,#4865,#4887));
#4841 = ORIENTED_EDGE('',*,*,#4808,.F.);
#4842 = ORIENTED_EDGE('',*,*,#4843,.T.);
#4843 = EDGE_CURVE('',#4724,#4844,#4846,.T.);
#4844 = VERTEX_POINT('',#4845);
#4845 = CARTESIAN_POINT('',(5.390395669188,-56.7713765514,27.55));
#4846 = SURFACE_CURVE('',#4847,(#4851,#4858),.PCURVE_S1.);
#4847 = LINE('',#4848,#4849);
#4848 = CARTESIAN_POINT('',(5.390395669188,-56.7713765514,8.25));
#4849 = VECTOR('',#4850,1.);
#4850 = DIRECTION('',(-0.,-0.,1.));
#4851 = PCURVE('',#4827,#4852);
#4852 = DEFINITIONAL_REPRESENTATION('',(#4853),#4857);
#4853 = LINE('',#4854,#4855);
#4854 = CARTESIAN_POINT('',(6.28318530718,13.35));
#4855 = VECTOR('',#4856,1.);
#4856 = DIRECTION('',(0.,-1.));
#4857 = ( GEOMETRIC_REPRESENTATION_CONTEXT(2) 
PARAMETRIC_REPRESENTATION_CONTEXT() REPRESENTATION_CONTEXT('2D SPACE',''
  ) );
#4858 = PCURVE('',#4744,#4859);
#4859 = DEFINITIONAL_REPRESENTATION('',(#4860),#4864);
#4860 = LINE('',#4861,#4862);
#4861 = CARTESIAN_POINT('',(6.28318530718,13.35));
#4862 = VECTOR('',#4863,1.);
#4863 = DIRECTION('',(0.,-1.));
#4864 = ( GEOMETRIC_REPRESENTATION_CONTEXT(2) 
PARAMETRIC_REPRESENTATION_CONTEXT() REPRESENTATION_CONTEXT('2D SPACE',''
  ) );
#4865 = ORIENTED_EDGE('',*,*,#4866,.F.);
#4866 = EDGE_CURVE('',#295,#4844,#4867,.T.);
#4867 = SURFACE_CURVE('',#4868,(#4873,#4880),.PCURVE_S1.);
#4868 = CIRCLE('',#4869,3.25);
#4869 = AXIS2_PLACEMENT_3D('',#4870,#4871,#4872);
#4870 = CARTESIAN_POINT('',(2.149621930437,-57.01609184358,27.55));
#4871 = DIRECTION('',(0.,0.,1.));
#4872 = DIRECTION('',(0.48679159486,-0.873518141296,-0.));
#4873 = PCURVE('',#4827,#4874);
#4874 = DEFINITIONAL_REPRESENTATION('',(#4875),#4879);
#4875 = LINE('',#4876,#4877);
#4876 = CARTESIAN_POINT('',(7.420936971463,-5.95));
#4877 = VECTOR('',#4878,1.);
#4878 = DIRECTION('',(-1.,-0.));
#4879 = ( GEOMETRIC_REPRESENTATION_CONTEXT(2) 
PARAMETRIC_REPRESENTATION_CONTEXT() REPRESENTATION_CONTEXT('2D SPACE',''
  ) );
#4880 = PCURVE('',#310,#4881);
#4881 = DEFINITIONAL_REPRESENTATION('',(#4882),#4886);
#4882 = CIRCLE('',#4883,3.25);
#4883 = AXIS2_PLACEMENT_2D('',#4884,#4885);
#4884 = CARTESIAN_POINT('',(2.95,-1.387778780781E-16));
#4885 = DIRECTION('',(-0.907692307692,-0.419636359907));
#4886 = ( GEOMETRIC_REPRESENTATION_CONTEXT(2) 
PARAMETRIC_REPRESENTATION_CONTEXT() REPRESENTATION_CONTEXT('2D SPACE',''
  ) );
#4887 = ORIENTED_EDGE('',*,*,#4888,.T.);
#4888 = EDGE_CURVE('',#295,#211,#4889,.T.);
#4889 = SURFACE_CURVE('',#4890,(#4894,#4901),.PCURVE_S1.);
#4890 = LINE('',#4891,#4892);
#4891 = CARTESIAN_POINT('',(3.731694613734,-59.85502580279,21.6));
#4892 = VECTOR('',#4893,1.);
#4893 = DIRECTION('',(-0.,-0.,-1.));
#4894 = PCURVE('',#4827,#4895);
#4895 = DEFINITIONAL_REPRESENTATION('',(#4896),#4900);
#4896 = LINE('',#4897,#4898);
#4897 = CARTESIAN_POINT('',(7.420936971463,0.));
#4898 = VECTOR('',#4899,1.);
#4899 = DIRECTION('',(0.,1.));
#4900 = ( GEOMETRIC_REPRESENTATION_CONTEXT(2) 
PARAMETRIC_REPRESENTATION_CONTEXT() REPRESENTATION_CONTEXT('2D SPACE',''
  ) );
#4901 = PCURVE('',#226,#4902);
#4902 = DEFINITIONAL_REPRESENTATION('',(#4903),#4907);
#4903 = LINE('',#4904,#4905);
#4904 = CARTESIAN_POINT('',(-1.137751664283,13.35));
#4905 = VECTOR('',#4906,1.);
#4906 = DIRECTION('',(-0.,-1.));
#4907 = ( GEOMETRIC_REPRESENTATION_CONTEXT(2) 
PARAMETRIC_REPRESENTATION_CONTEXT() REPRESENTATION_CONTEXT('2D SPACE',''
  ) );
#4908 = ADVANCED_FACE('',(#4909),#4744,.F.);
#4909 = FACE_BOUND('',#4910,.F.);
#4910 = EDGE_LOOP('',(#4911,#4912,#4913,#4936));
#4911 = ORIENTED_EDGE('',*,*,#4843,.F.);
#4912 = ORIENTED_EDGE('',*,*,#4721,.F.);
#4913 = ORIENTED_EDGE('',*,*,#4914,.F.);
#4914 = EDGE_CURVE('',#4915,#4722,#4917,.T.);
#4915 = VERTEX_POINT('',#4916);
#4916 = CARTESIAN_POINT('',(2.394337222615,-60.25686558233,27.55));
#4917 = SURFACE_CURVE('',#4918,(#4922,#4929),.PCURVE_S1.);
#4918 = LINE('',#4919,#4920);
#4919 = CARTESIAN_POINT('',(2.394337222615,-60.25686558233,21.6));
#4920 = VECTOR('',#4921,1.);
#4921 = DIRECTION('',(-0.,-0.,-1.));
#4922 = PCURVE('',#4744,#4923);
#4923 = DEFINITIONAL_REPRESENTATION('',(#4924),#4928);
#4924 = LINE('',#4925,#4926);
#4925 = CARTESIAN_POINT('',(1.570796326795,0.));
#4926 = VECTOR('',#4927,1.);
#4927 = DIRECTION('',(0.,1.));
#4928 = ( GEOMETRIC_REPRESENTATION_CONTEXT(2) 
PARAMETRIC_REPRESENTATION_CONTEXT() REPRESENTATION_CONTEXT('2D SPACE',''
  ) );
#4929 = PCURVE('',#226,#4930);
#4930 = DEFINITIONAL_REPRESENTATION('',(#4931),#4935);
#4931 = LINE('',#4932,#4933);
#4932 = CARTESIAN_POINT('',(-1.570796326795,13.35));
#4933 = VECTOR('',#4934,1.);
#4934 = DIRECTION('',(-0.,-1.));
#4935 = ( GEOMETRIC_REPRESENTATION_CONTEXT(2) 
PARAMETRIC_REPRESENTATION_CONTEXT() REPRESENTATION_CONTEXT('2D SPACE',''
  ) );
#4936 = ORIENTED_EDGE('',*,*,#4937,.F.);
#4937 = EDGE_CURVE('',#4844,#4915,#4938,.T.);
#4938 = SURFACE_CURVE('',#4939,(#4944,#4951),.PCURVE_S1.);
#4939 = CIRCLE('',#4940,3.25);
#4940 = AXIS2_PLACEMENT_3D('',#4941,#4942,#4943);
#4941 = CARTESIAN_POINT('',(2.149621930437,-57.01609184358,27.55));
#4942 = DIRECTION('',(0.,0.,1.));
#4943 = DIRECTION('',(0.48679159486,-0.873518141296,-0.));
#4944 = PCURVE('',#4744,#4945);
#4945 = DEFINITIONAL_REPRESENTATION('',(#4946),#4950);
#4946 = LINE('',#4947,#4948);
#4947 = CARTESIAN_POINT('',(7.420936971463,-5.95));
#4948 = VECTOR('',#4949,1.);
#4949 = DIRECTION('',(-1.,-0.));
#4950 = ( GEOMETRIC_REPRESENTATION_CONTEXT(2) 
PARAMETRIC_REPRESENTATION_CONTEXT() REPRESENTATION_CONTEXT('2D SPACE',''
  ) );
#4951 = PCURVE('',#310,#4952);
#4952 = DEFINITIONAL_REPRESENTATION('',(#4953),#4957);
#4953 = CIRCLE('',#4954,3.25);
#4954 = AXIS2_PLACEMENT_2D('',#4955,#4956);
#4955 = CARTESIAN_POINT('',(2.95,-1.387778780781E-16));
#4956 = DIRECTION('',(-0.907692307692,-0.419636359907));
#4957 = ( GEOMETRIC_REPRESENTATION_CONTEXT(2) 
PARAMETRIC_REPRESENTATION_CONTEXT() REPRESENTATION_CONTEXT('2D SPACE',''
  ) );
#4958 = ADVANCED_FACE('',(#4959),#282,.T.);
#4959 = FACE_BOUND('',#4960,.T.);
#4960 = EDGE_LOOP('',(#4961,#4962,#4963,#4989));
#4961 = ORIENTED_EDGE('',*,*,#4785,.T.);
#4962 = ORIENTED_EDGE('',*,*,#1949,.F.);
#4963 = ORIENTED_EDGE('',*,*,#4964,.T.);
#4964 = EDGE_CURVE('',#1950,#267,#4965,.T.);
#4965 = SURFACE_CURVE('',#4966,(#4971,#4978),.PCURVE_S1.);
#4966 = CIRCLE('',#4967,4.85);
#4967 = AXIS2_PLACEMENT_3D('',#4968,#4969,#4970);
#4968 = CARTESIAN_POINT('',(2.149621930437,-57.01609184358,27.55));
#4969 = DIRECTION('',(-6.752823362807E-16,-7.855952137978E-16,-1.));
#4970 = DIRECTION('',(7.529701297772E-02,-0.997161150385,
    7.325182842888E-16));
#4971 = PCURVE('',#282,#4972);
#4972 = DEFINITIONAL_REPRESENTATION('',(#4973),#4977);
#4973 = LINE('',#4974,#4975);
#4974 = CARTESIAN_POINT('',(1.570796326795,-5.95));
#4975 = VECTOR('',#4976,1.);
#4976 = DIRECTION('',(1.,0.));
#4977 = ( GEOMETRIC_REPRESENTATION_CONTEXT(2) 
PARAMETRIC_REPRESENTATION_CONTEXT() REPRESENTATION_CONTEXT('2D SPACE',''
  ) );
#4978 = PCURVE('',#310,#4979);
#4979 = DEFINITIONAL_REPRESENTATION('',(#4980),#4988);
#4980 = ( BOUNDED_CURVE() B_SPLINE_CURVE(2,(#4981,#4982,#4983,#4984,
#4985,#4986,#4987),.UNSPECIFIED.,.T.,.F.) B_SPLINE_CURVE_WITH_KNOTS((1,2
    ,2,2,2,1),(-2.094395102393,0.,2.094395102393,4.188790204786,
6.28318530718,8.377580409573),.UNSPECIFIED.) CURVE() 
GEOMETRIC_REPRESENTATION_ITEM() RATIONAL_B_SPLINE_CURVE((1.,0.5,1.,0.5,
1.,0.5,1.)) REPRESENTATION_ITEM('') );
#4981 = CARTESIAN_POINT('',(-1.9,-3.904238043972E-14));
#4982 = CARTESIAN_POINT('',(-1.9,8.400446416709));
#4983 = CARTESIAN_POINT('',(5.375,4.200223208355));
#4984 = CARTESIAN_POINT('',(12.65,7.885633464039E-14));
#4985 = CARTESIAN_POINT('',(5.375,-4.200223208355));
#4986 = CARTESIAN_POINT('',(-1.9,-8.400446416709));
#4987 = CARTESIAN_POINT('',(-1.9,-3.904238043972E-14));
#4988 = ( GEOMETRIC_REPRESENTATION_CONTEXT(2) 
PARAMETRIC_REPRESENTATION_CONTEXT() REPRESENTATION_CONTEXT('2D SPACE',''
  ) );
#4989 = ORIENTED_EDGE('',*,*,#266,.T.);
#4990 = ADVANCED_FACE('',(#4991),#310,.T.);
#4991 = FACE_BOUND('',#4992,.F.);
#4992 = EDGE_LOOP('',(#4993,#4994,#5020,#5021,#5022,#5023,#5024,#5025));
#4993 = ORIENTED_EDGE('',*,*,#4937,.T.);
#4994 = ORIENTED_EDGE('',*,*,#4995,.F.);
#4995 = EDGE_CURVE('',#4437,#4915,#4996,.T.);
#4996 = SURFACE_CURVE('',#4997,(#5002,#5013),.PCURVE_S1.);
#4997 = CIRCLE('',#4998,3.25);
#4998 = AXIS2_PLACEMENT_3D('',#4999,#5000,#5001);
#4999 = CARTESIAN_POINT('',(2.149621930437,-57.01609184358,27.55));
#5000 = DIRECTION('',(-0.,0.,-1.));
#5001 = DIRECTION('',(0.997161150385,7.529701297771E-02,-0.));
#5002 = PCURVE('',#310,#5003);
#5003 = DEFINITIONAL_REPRESENTATION('',(#5004),#5012);
#5004 = ( BOUNDED_CURVE() B_SPLINE_CURVE(2,(#5005,#5006,#5007,#5008,
#5009,#5010,#5011),.UNSPECIFIED.,.T.,.F.) B_SPLINE_CURVE_WITH_KNOTS((1,2
    ,2,2,2,1),(-2.094395102393,0.,2.094395102393,4.188790204786,
6.28318530718,8.377580409573),.UNSPECIFIED.) CURVE() 
GEOMETRIC_REPRESENTATION_ITEM() RATIONAL_B_SPLINE_CURVE((1.,0.5,1.,0.5,
1.,0.5,1.)) REPRESENTATION_ITEM('') );
#5005 = CARTESIAN_POINT('',(2.95,-3.25));
#5006 = CARTESIAN_POINT('',(-2.679165124599,-3.25));
#5007 = CARTESIAN_POINT('',(0.135417437701,1.625));
#5008 = CARTESIAN_POINT('',(2.95,6.5));
#5009 = CARTESIAN_POINT('',(5.764582562299,1.625));
#5010 = CARTESIAN_POINT('',(8.579165124599,-3.25));
#5011 = CARTESIAN_POINT('',(2.95,-3.25));
#5012 = ( GEOMETRIC_REPRESENTATION_CONTEXT(2) 
PARAMETRIC_REPRESENTATION_CONTEXT() REPRESENTATION_CONTEXT('2D SPACE',''
  ) );
#5013 = PCURVE('',#226,#5014);
#5014 = DEFINITIONAL_REPRESENTATION('',(#5015),#5019);
#5015 = LINE('',#5016,#5017);
#5016 = CARTESIAN_POINT('',(-0.,19.3));
#5017 = VECTOR('',#5018,1.);
#5018 = DIRECTION('',(-1.,0.));
#5019 = ( GEOMETRIC_REPRESENTATION_CONTEXT(2) 
PARAMETRIC_REPRESENTATION_CONTEXT() REPRESENTATION_CONTEXT('2D SPACE',''
  ) );
#5020 = ORIENTED_EDGE('',*,*,#4461,.T.);
#5021 = ORIENTED_EDGE('',*,*,#1328,.F.);
#5022 = ORIENTED_EDGE('',*,*,#1996,.F.);
#5023 = ORIENTED_EDGE('',*,*,#4964,.T.);
#5024 = ORIENTED_EDGE('',*,*,#294,.F.);
#5025 = ORIENTED_EDGE('',*,*,#4866,.T.);
#5026 = ADVANCED_FACE('',(#5027),#226,.F.);
#5027 = FACE_BOUND('',#5028,.T.);
#5028 = EDGE_LOOP('',(#5029,#5030,#5031,#5032,#5033,#5034,#5035,#5036,
    #5037,#5038));
#5029 = ORIENTED_EDGE('',*,*,#322,.F.);
#5030 = ORIENTED_EDGE('',*,*,#4888,.T.);
#5031 = ORIENTED_EDGE('',*,*,#210,.F.);
#5032 = ORIENTED_EDGE('',*,*,#4670,.T.);
#5033 = ORIENTED_EDGE('',*,*,#2020,.T.);
#5034 = ORIENTED_EDGE('',*,*,#4756,.T.);
#5035 = ORIENTED_EDGE('',*,*,#4914,.F.);
#5036 = ORIENTED_EDGE('',*,*,#4995,.F.);
#5037 = ORIENTED_EDGE('',*,*,#4436,.T.);
#5038 = ORIENTED_EDGE('',*,*,#5039,.F.);
#5039 = EDGE_CURVE('',#323,#4439,#5040,.T.);
#5040 = SURFACE_CURVE('',#5041,(#5046,#5053),.PCURVE_S1.);
#5041 = CIRCLE('',#5042,3.25);
#5042 = AXIS2_PLACEMENT_3D('',#5043,#5044,#5045);
#5043 = CARTESIAN_POINT('',(2.149621930437,-57.01609184358,29.85));
#5044 = DIRECTION('',(-0.,0.,-1.));
#5045 = DIRECTION('',(0.997161150385,7.529701297771E-02,-0.));
#5046 = PCURVE('',#226,#5047);
#5047 = DEFINITIONAL_REPRESENTATION('',(#5048),#5052);
#5048 = LINE('',#5049,#5050);
#5049 = CARTESIAN_POINT('',(-0.,21.6));
#5050 = VECTOR('',#5051,1.);
#5051 = DIRECTION('',(-1.,0.));
#5052 = ( GEOMETRIC_REPRESENTATION_CONTEXT(2) 
PARAMETRIC_REPRESENTATION_CONTEXT() REPRESENTATION_CONTEXT('2D SPACE',''
  ) );
#5053 = PCURVE('',#361,#5054);
#5054 = DEFINITIONAL_REPRESENTATION('',(#5055),#5063);
#5055 = ( BOUNDED_CURVE() B_SPLINE_CURVE(2,(#5056,#5057,#5058,#5059,
#5060,#5061,#5062),.UNSPECIFIED.,.T.,.F.) B_SPLINE_CURVE_WITH_KNOTS((1,2
    ,2,2,2,1),(-2.094395102393,0.,2.094395102393,4.188790204786,
6.28318530718,8.377580409573),.UNSPECIFIED.) CURVE() 
GEOMETRIC_REPRESENTATION_ITEM() RATIONAL_B_SPLINE_CURVE((1.,0.5,1.,0.5,
1.,0.5,1.)) REPRESENTATION_ITEM('') );
#5056 = CARTESIAN_POINT('',(2.95,-2.95));
#5057 = CARTESIAN_POINT('',(-2.679165124599,-2.95));
#5058 = CARTESIAN_POINT('',(0.135417437701,1.925));
#5059 = CARTESIAN_POINT('',(2.95,6.8));
#5060 = CARTESIAN_POINT('',(5.764582562299,1.925));
#5061 = CARTESIAN_POINT('',(8.579165124599,-2.95));
#5062 = CARTESIAN_POINT('',(2.95,-2.95));
#5063 = ( GEOMETRIC_REPRESENTATION_CONTEXT(2) 
PARAMETRIC_REPRESENTATION_CONTEXT() REPRESENTATION_CONTEXT('2D SPACE',''
  ) );
#5064 = ADVANCED_FACE('',(#5065),#361,.T.);
#5065 = FACE_BOUND('',#5066,.F.);
#5066 = EDGE_LOOP('',(#5067,#5068,#5069,#5070,#5071));
#5067 = ORIENTED_EDGE('',*,*,#2629,.F.);
#5068 = ORIENTED_EDGE('',*,*,#4505,.F.);
#5069 = ORIENTED_EDGE('',*,*,#5039,.F.);
#5070 = ORIENTED_EDGE('',*,*,#345,.F.);
#5071 = ORIENTED_EDGE('',*,*,#5072,.F.);
#5072 = EDGE_CURVE('',#2600,#346,#5073,.T.);
#5073 = SURFACE_CURVE('',#5074,(#5078,#5085),.PCURVE_S1.);
#5074 = LINE('',#5075,#5076);
#5075 = CARTESIAN_POINT('',(7.319905364157,-59.08265159714,29.85));
#5076 = VECTOR('',#5077,1.);
#5077 = DIRECTION('',(-7.529701297771E-02,0.997161150385,-0.));
#5078 = PCURVE('',#361,#5079);
#5079 = DEFINITIONAL_REPRESENTATION('',(#5080),#5084);
#5080 = LINE('',#5081,#5082);
#5081 = CARTESIAN_POINT('',(0.5,-4.7));
#5082 = VECTOR('',#5083,1.);
#5083 = DIRECTION('',(1.,-0.));
#5084 = ( GEOMETRIC_REPRESENTATION_CONTEXT(2) 
PARAMETRIC_REPRESENTATION_CONTEXT() REPRESENTATION_CONTEXT('2D SPACE',''
  ) );
#5085 = PCURVE('',#389,#5086);
#5086 = DEFINITIONAL_REPRESENTATION('',(#5087),#5091);
#5087 = LINE('',#5088,#5089);
#5088 = CARTESIAN_POINT('',(-21.6,-0.5));
#5089 = VECTOR('',#5090,1.);
#5090 = DIRECTION('',(-0.,1.));
#5091 = ( GEOMETRIC_REPRESENTATION_CONTEXT(2) 
PARAMETRIC_REPRESENTATION_CONTEXT() REPRESENTATION_CONTEXT('2D SPACE',''
  ) );
#5092 = ADVANCED_FACE('',(#5093),#389,.F.);
#5093 = FACE_BOUND('',#5094,.T.);
#5094 = EDGE_LOOP('',(#5095,#5116,#5117,#5118,#5119));
#5095 = ORIENTED_EDGE('',*,*,#5096,.T.);
#5096 = EDGE_CURVE('',#4078,#374,#5097,.T.);
#5097 = SURFACE_CURVE('',#5098,(#5102,#5109),.PCURVE_S1.);
#5098 = LINE('',#5099,#5100);
#5099 = CARTESIAN_POINT('',(7.334964766752,-59.28208382721,33.75));
#5100 = VECTOR('',#5101,1.);
#5101 = DIRECTION('',(-7.529701297771E-02,0.997161150385,-0.));
#5102 = PCURVE('',#389,#5103);
#5103 = DEFINITIONAL_REPRESENTATION('',(#5104),#5108);
#5104 = LINE('',#5105,#5106);
#5105 = CARTESIAN_POINT('',(-25.5,-0.7));
#5106 = VECTOR('',#5107,1.);
#5107 = DIRECTION('',(-0.,1.));
#5108 = ( GEOMETRIC_REPRESENTATION_CONTEXT(2) 
PARAMETRIC_REPRESENTATION_CONTEXT() REPRESENTATION_CONTEXT('2D SPACE',''
  ) );
#5109 = PCURVE('',#417,#5110);
#5110 = DEFINITIONAL_REPRESENTATION('',(#5111),#5115);
#5111 = LINE('',#5112,#5113);
#5112 = CARTESIAN_POINT('',(-0.7,-4.7));
#5113 = VECTOR('',#5114,1.);
#5114 = DIRECTION('',(-1.,0.));
#5115 = ( GEOMETRIC_REPRESENTATION_CONTEXT(2) 
PARAMETRIC_REPRESENTATION_CONTEXT() REPRESENTATION_CONTEXT('2D SPACE',''
  ) );
#5116 = ORIENTED_EDGE('',*,*,#373,.T.);
#5117 = ORIENTED_EDGE('',*,*,#5072,.F.);
#5118 = ORIENTED_EDGE('',*,*,#4001,.T.);
#5119 = ORIENTED_EDGE('',*,*,#4077,.T.);
#5120 = ADVANCED_FACE('',(#5121),#417,.F.);
#5121 = FACE_BOUND('',#5122,.T.);
#5122 = EDGE_LOOP('',(#5123,#5124,#5125,#5146));
#5123 = ORIENTED_EDGE('',*,*,#5096,.F.);
#5124 = ORIENTED_EDGE('',*,*,#4124,.T.);
#5125 = ORIENTED_EDGE('',*,*,#5126,.T.);
#5126 = EDGE_CURVE('',#4102,#402,#5127,.T.);
#5127 = SURFACE_CURVE('',#5128,(#5132,#5139),.PCURVE_S1.);
#5128 = LINE('',#5129,#5130);
#5129 = CARTESIAN_POINT('',(62.427844089951,-55.1219445681,33.75));
#5130 = VECTOR('',#5131,1.);
#5131 = DIRECTION('',(-7.529701297771E-02,0.997161150385,-0.));
#5132 = PCURVE('',#417,#5133);
#5133 = DEFINITIONAL_REPRESENTATION('',(#5134),#5138);
#5134 = LINE('',#5135,#5136);
#5135 = CARTESIAN_POINT('',(-0.7,-59.94972498371));
#5136 = VECTOR('',#5137,1.);
#5137 = DIRECTION('',(-1.,0.));
#5138 = ( GEOMETRIC_REPRESENTATION_CONTEXT(2) 
PARAMETRIC_REPRESENTATION_CONTEXT() REPRESENTATION_CONTEXT('2D SPACE',''
  ) );
#5139 = PCURVE('',#445,#5140);
#5140 = DEFINITIONAL_REPRESENTATION('',(#5141),#5145);
#5141 = LINE('',#5142,#5143);
#5142 = CARTESIAN_POINT('',(-25.5,-0.7));
#5143 = VECTOR('',#5144,1.);
#5144 = DIRECTION('',(-0.,1.));
#5145 = ( GEOMETRIC_REPRESENTATION_CONTEXT(2) 
PARAMETRIC_REPRESENTATION_CONTEXT() REPRESENTATION_CONTEXT('2D SPACE',''
  ) );
#5146 = ORIENTED_EDGE('',*,*,#401,.F.);
#5147 = ADVANCED_FACE('',(#5148),#445,.T.);
#5148 = FACE_BOUND('',#5149,.F.);
#5149 = EDGE_LOOP('',(#5150,#5151,#5152,#5173,#5174));
#5150 = ORIENTED_EDGE('',*,*,#5126,.T.);
#5151 = ORIENTED_EDGE('',*,*,#429,.T.);
#5152 = ORIENTED_EDGE('',*,*,#5153,.F.);
#5153 = EDGE_CURVE('',#2602,#430,#5154,.T.);
#5154 = SURFACE_CURVE('',#5155,(#5159,#5166),.PCURVE_S1.);
#5155 = LINE('',#5156,#5157);
#5156 = CARTESIAN_POINT('',(62.412784687355,-54.92251233802,29.85));
#5157 = VECTOR('',#5158,1.);
#5158 = DIRECTION('',(-7.529701297771E-02,0.997161150385,-0.));
#5159 = PCURVE('',#445,#5160);
#5160 = DEFINITIONAL_REPRESENTATION('',(#5161),#5165);
#5161 = LINE('',#5162,#5163);
#5162 = CARTESIAN_POINT('',(-21.6,-0.5));
#5163 = VECTOR('',#5164,1.);
#5164 = DIRECTION('',(-0.,1.));
#5165 = ( GEOMETRIC_REPRESENTATION_CONTEXT(2) 
PARAMETRIC_REPRESENTATION_CONTEXT() REPRESENTATION_CONTEXT('2D SPACE',''
  ) );
#5166 = PCURVE('',#473,#5167);
#5167 = DEFINITIONAL_REPRESENTATION('',(#5168),#5172);
#5168 = LINE('',#5169,#5170);
#5169 = CARTESIAN_POINT('',(0.5,-4.2));
#5170 = VECTOR('',#5171,1.);
#5171 = DIRECTION('',(1.,-0.));
#5172 = ( GEOMETRIC_REPRESENTATION_CONTEXT(2) 
PARAMETRIC_REPRESENTATION_CONTEXT() REPRESENTATION_CONTEXT('2D SPACE',''
  ) );
#5173 = ORIENTED_EDGE('',*,*,#4025,.T.);
#5174 = ORIENTED_EDGE('',*,*,#4101,.T.);
#5175 = ADVANCED_FACE('',(#5176),#473,.T.);
#5176 = FACE_BOUND('',#5177,.F.);
#5177 = EDGE_LOOP('',(#5178,#5179,#5180,#5181,#5207));
#5178 = ORIENTED_EDGE('',*,*,#2794,.F.);
#5179 = ORIENTED_EDGE('',*,*,#5153,.T.);
#5180 = ORIENTED_EDGE('',*,*,#457,.T.);
#5181 = ORIENTED_EDGE('',*,*,#5182,.F.);
#5182 = EDGE_CURVE('',#4247,#458,#5183,.T.);
#5183 = SURFACE_CURVE('',#5184,(#5189,#5200),.PCURVE_S1.);
#5184 = CIRCLE('',#5185,3.25);
#5185 = AXIS2_PLACEMENT_3D('',#5186,#5187,#5188);
#5186 = CARTESIAN_POINT('',(67.214112757484,-52.10298245469,29.85));
#5187 = DIRECTION('',(-0.,0.,-1.));
#5188 = DIRECTION('',(0.997161150385,7.529701297771E-02,-0.));
#5189 = PCURVE('',#473,#5190);
#5190 = DEFINITIONAL_REPRESENTATION('',(#5191),#5199);
#5191 = ( BOUNDED_CURVE() B_SPLINE_CURVE(2,(#5192,#5193,#5194,#5195,
#5196,#5197,#5198),.UNSPECIFIED.,.T.,.F.) B_SPLINE_CURVE_WITH_KNOTS((1,2
    ,2,2,2,1),(-2.094395102393,0.,2.094395102393,4.188790204786,
6.28318530718,8.377580409573),.UNSPECIFIED.) CURVE() 
GEOMETRIC_REPRESENTATION_ITEM() RATIONAL_B_SPLINE_CURVE((1.,0.5,1.,0.5,
1.,0.5,1.)) REPRESENTATION_ITEM('') );
#5192 = CARTESIAN_POINT('',(2.95,-12.45));
#5193 = CARTESIAN_POINT('',(-2.679165124599,-12.45));
#5194 = CARTESIAN_POINT('',(0.135417437701,-7.575));
#5195 = CARTESIAN_POINT('',(2.95,-2.7));
#5196 = CARTESIAN_POINT('',(5.764582562299,-7.575));
#5197 = CARTESIAN_POINT('',(8.579165124599,-12.45));
#5198 = CARTESIAN_POINT('',(2.95,-12.45));
#5199 = ( GEOMETRIC_REPRESENTATION_CONTEXT(2) 
PARAMETRIC_REPRESENTATION_CONTEXT() REPRESENTATION_CONTEXT('2D SPACE',''
  ) );
#5200 = PCURVE('',#501,#5201);
#5201 = DEFINITIONAL_REPRESENTATION('',(#5202),#5206);
#5202 = LINE('',#5203,#5204);
#5203 = CARTESIAN_POINT('',(-0.,21.6));
#5204 = VECTOR('',#5205,1.);
#5205 = DIRECTION('',(-1.,0.));
#5206 = ( GEOMETRIC_REPRESENTATION_CONTEXT(2) 
PARAMETRIC_REPRESENTATION_CONTEXT() REPRESENTATION_CONTEXT('2D SPACE',''
  ) );
#5207 = ORIENTED_EDGE('',*,*,#4246,.T.);
#5208 = ADVANCED_FACE('',(#5209),#529,.T.);
#5209 = FACE_BOUND('',#5210,.F.);
#5210 = EDGE_LOOP('',(#5211,#5212,#5235));
#5211 = ORIENTED_EDGE('',*,*,#513,.F.);
#5212 = ORIENTED_EDGE('',*,*,#5213,.T.);
#5213 = EDGE_CURVE('',#514,#5214,#5216,.T.);
#5214 = VERTEX_POINT('',#5215);
#5215 = CARTESIAN_POINT('',(65.060979711906,-54.53742655716,21.));
#5216 = SURFACE_CURVE('',#5217,(#5221,#5228),.PCURVE_S1.);
#5217 = LINE('',#5218,#5219);
#5218 = CARTESIAN_POINT('',(64.811339347911,-51.23142990868,21.));
#5219 = VECTOR('',#5220,1.);
#5220 = DIRECTION('',(-7.529701297771E-02,0.997161150385,-0.));
#5221 = PCURVE('',#529,#5222);
#5222 = DEFINITIONAL_REPRESENTATION('',(#5223),#5227);
#5223 = LINE('',#5224,#5225);
#5224 = CARTESIAN_POINT('',(2.330326993836,-1.05));
#5225 = VECTOR('',#5226,1.);
#5226 = DIRECTION('',(-0.,-1.));
#5227 = ( GEOMETRIC_REPRESENTATION_CONTEXT(2) 
PARAMETRIC_REPRESENTATION_CONTEXT() REPRESENTATION_CONTEXT('2D SPACE',''
  ) );
#5228 = PCURVE('',#562,#5229);
#5229 = DEFINITIONAL_REPRESENTATION('',(#5230),#5234);
#5230 = LINE('',#5231,#5232);
#5231 = CARTESIAN_POINT('',(-6.16092976814,0.));
#5232 = VECTOR('',#5233,1.);
#5233 = DIRECTION('',(-0.,1.));
#5234 = ( GEOMETRIC_REPRESENTATION_CONTEXT(2) 
PARAMETRIC_REPRESENTATION_CONTEXT() REPRESENTATION_CONTEXT('2D SPACE',''
  ) );
#5235 = ORIENTED_EDGE('',*,*,#5236,.T.);
#5236 = EDGE_CURVE('',#5214,#486,#5237,.T.);
#5237 = SURFACE_CURVE('',#5238,(#5243,#5250),.PCURVE_S1.);
#5238 = CIRCLE('',#5239,3.25);
#5239 = AXIS2_PLACEMENT_3D('',#5240,#5241,#5242);
#5240 = CARTESIAN_POINT('',(67.214112757484,-52.10298245469,21.));
#5241 = DIRECTION('',(0.,0.,1.));
#5242 = DIRECTION('',(7.529701297771E-02,-0.997161150385,-0.));
#5243 = PCURVE('',#529,#5244);
#5244 = DEFINITIONAL_REPRESENTATION('',(#5245),#5249);
#5245 = CIRCLE('',#5246,3.25);
#5246 = AXIS2_PLACEMENT_2D('',#5247,#5248);
#5247 = CARTESIAN_POINT('',(1.372768372839E-14,-1.036596320918E-15));
#5248 = DIRECTION('',(-0.,1.));
#5249 = ( GEOMETRIC_REPRESENTATION_CONTEXT(2) 
PARAMETRIC_REPRESENTATION_CONTEXT() REPRESENTATION_CONTEXT('2D SPACE',''
  ) );
#5250 = PCURVE('',#501,#5251);
#5251 = DEFINITIONAL_REPRESENTATION('',(#5252),#5256);
#5252 = LINE('',#5253,#5254);
#5253 = CARTESIAN_POINT('',(-7.853981633974,12.75));
#5254 = VECTOR('',#5255,1.);
#5255 = DIRECTION('',(1.,-0.));
#5256 = ( GEOMETRIC_REPRESENTATION_CONTEXT(2) 
PARAMETRIC_REPRESENTATION_CONTEXT() REPRESENTATION_CONTEXT('2D SPACE',''
  ) );
#5257 = ADVANCED_FACE('',(#5258),#590,.F.);
#5258 = FACE_BOUND('',#5259,.T.);
#5259 = EDGE_LOOP('',(#5260,#5261,#5282,#5283,#5284));
#5260 = ORIENTED_EDGE('',*,*,#574,.F.);
#5261 = ORIENTED_EDGE('',*,*,#5262,.F.);
#5262 = EDGE_CURVE('',#2965,#542,#5263,.T.);
#5263 = SURFACE_CURVE('',#5264,(#5268,#5275),.PCURVE_S1.);
#5264 = LINE('',#5265,#5266);
#5265 = CARTESIAN_POINT('',(57.961168310317,-51.74869576618,
    24.494738691965));
#5266 = VECTOR('',#5267,1.);
#5267 = DIRECTION('',(-7.529701297771E-02,0.997161150385,-0.));
#5268 = PCURVE('',#590,#5269);
#5269 = DEFINITIONAL_REPRESENTATION('',(#5270),#5274);
#5270 = LINE('',#5271,#5272);
#5271 = CARTESIAN_POINT('',(5.8,2.994738691965));
#5272 = VECTOR('',#5273,1.);
#5273 = DIRECTION('',(1.,-0.));
#5274 = ( GEOMETRIC_REPRESENTATION_CONTEXT(2) 
PARAMETRIC_REPRESENTATION_CONTEXT() REPRESENTATION_CONTEXT('2D SPACE',''
  ) );
#5275 = PCURVE('',#562,#5276);
#5276 = DEFINITIONAL_REPRESENTATION('',(#5277),#5281);
#5277 = LINE('',#5278,#5279);
#5278 = CARTESIAN_POINT('',(-8.605835315675,0.));
#5279 = VECTOR('',#5280,1.);
#5280 = DIRECTION('',(-0.,1.));
#5281 = ( GEOMETRIC_REPRESENTATION_CONTEXT(2) 
PARAMETRIC_REPRESENTATION_CONTEXT() REPRESENTATION_CONTEXT('2D SPACE',''
  ) );
#5282 = ORIENTED_EDGE('',*,*,#2964,.T.);
#5283 = ORIENTED_EDGE('',*,*,#2870,.F.);
#5284 = ORIENTED_EDGE('',*,*,#5285,.F.);
#5285 = EDGE_CURVE('',#575,#2721,#5286,.T.);
#5286 = SURFACE_CURVE('',#5287,(#5291,#5298),.PCURVE_S1.);
#5287 = LINE('',#5288,#5289);
#5288 = CARTESIAN_POINT('',(58.330123673908,-56.63478540307,27.75));
#5289 = VECTOR('',#5290,1.);
#5290 = DIRECTION('',(7.529701297771E-02,-0.997161150385,-0.));
#5291 = PCURVE('',#590,#5292);
#5292 = DEFINITIONAL_REPRESENTATION('',(#5293),#5297);
#5293 = LINE('',#5294,#5295);
#5294 = CARTESIAN_POINT('',(0.9,6.25));
#5295 = VECTOR('',#5296,1.);
#5296 = DIRECTION('',(-1.,0.));
#5297 = ( GEOMETRIC_REPRESENTATION_CONTEXT(2) 
PARAMETRIC_REPRESENTATION_CONTEXT() REPRESENTATION_CONTEXT('2D SPACE',''
  ) );
#5298 = PCURVE('',#618,#5299);
#5299 = DEFINITIONAL_REPRESENTATION('',(#5300),#5304);
#5300 = LINE('',#5301,#5302);
#5301 = CARTESIAN_POINT('',(-0.9,-55.74972498371));
#5302 = VECTOR('',#5303,1.);
#5303 = DIRECTION('',(-1.,0.));
#5304 = ( GEOMETRIC_REPRESENTATION_CONTEXT(2) 
PARAMETRIC_REPRESENTATION_CONTEXT() REPRESENTATION_CONTEXT('2D SPACE',''
  ) );
#5305 = ADVANCED_FACE('',(#5306),#618,.F.);
#5306 = FACE_BOUND('',#5307,.T.);
#5307 = EDGE_LOOP('',(#5308,#5329,#5330,#5331));
#5308 = ORIENTED_EDGE('',*,*,#5309,.F.);
#5309 = EDGE_CURVE('',#603,#2526,#5310,.T.);
#5310 = SURFACE_CURVE('',#5311,(#5315,#5322),.PCURVE_S1.);
#5311 = LINE('',#5312,#5313);
#5312 = CARTESIAN_POINT('',(37.744005959774,-58.18927152809,27.75));
#5313 = VECTOR('',#5314,1.);
#5314 = DIRECTION('',(7.529701297771E-02,-0.997161150385,-0.));
#5315 = PCURVE('',#618,#5316);
#5316 = DEFINITIONAL_REPRESENTATION('',(#5317),#5321);
#5317 = LINE('',#5318,#5319);
#5318 = CARTESIAN_POINT('',(-0.9,-35.105));
#5319 = VECTOR('',#5320,1.);
#5320 = DIRECTION('',(-1.,0.));
#5321 = ( GEOMETRIC_REPRESENTATION_CONTEXT(2) 
PARAMETRIC_REPRESENTATION_CONTEXT() REPRESENTATION_CONTEXT('2D SPACE',''
  ) );
#5322 = PCURVE('',#646,#5323);
#5323 = DEFINITIONAL_REPRESENTATION('',(#5324),#5328);
#5324 = LINE('',#5325,#5326);
#5325 = CARTESIAN_POINT('',(0.9,6.25));
#5326 = VECTOR('',#5327,1.);
#5327 = DIRECTION('',(-1.,0.));
#5328 = ( GEOMETRIC_REPRESENTATION_CONTEXT(2) 
PARAMETRIC_REPRESENTATION_CONTEXT() REPRESENTATION_CONTEXT('2D SPACE',''
  ) );
#5329 = ORIENTED_EDGE('',*,*,#602,.T.);
#5330 = ORIENTED_EDGE('',*,*,#5285,.T.);
#5331 = ORIENTED_EDGE('',*,*,#2720,.F.);
#5332 = ADVANCED_FACE('',(#5333),#646,.T.);
#5333 = FACE_BOUND('',#5334,.F.);
#5334 = EDGE_LOOP('',(#5335,#5336,#5357,#5358,#5359,#5360));
#5335 = ORIENTED_EDGE('',*,*,#630,.F.);
#5336 = ORIENTED_EDGE('',*,*,#5337,.F.);
#5337 = EDGE_CURVE('',#2297,#631,#5338,.T.);
#5338 = SURFACE_CURVE('',#5339,(#5343,#5350),.PCURVE_S1.);
#5339 = LINE('',#5340,#5341);
#5340 = CARTESIAN_POINT('',(37.759065362369,-58.38870375816,15.25));
#5341 = VECTOR('',#5342,1.);
#5342 = DIRECTION('',(-7.529701297771E-02,0.997161150385,-0.));
#5343 = PCURVE('',#646,#5344);
#5344 = DEFINITIONAL_REPRESENTATION('',(#5345),#5349);
#5345 = LINE('',#5346,#5347);
#5346 = CARTESIAN_POINT('',(0.7,-6.25));
#5347 = VECTOR('',#5348,1.);
#5348 = DIRECTION('',(1.,-0.));
#5349 = ( GEOMETRIC_REPRESENTATION_CONTEXT(2) 
PARAMETRIC_REPRESENTATION_CONTEXT() REPRESENTATION_CONTEXT('2D SPACE',''
  ) );
#5350 = PCURVE('',#674,#5351);
#5351 = DEFINITIONAL_REPRESENTATION('',(#5352),#5356);
#5352 = LINE('',#5353,#5354);
#5353 = CARTESIAN_POINT('',(0.7,-35.105));
#5354 = VECTOR('',#5355,1.);
#5355 = DIRECTION('',(-1.,0.));
#5356 = ( GEOMETRIC_REPRESENTATION_CONTEXT(2) 
PARAMETRIC_REPRESENTATION_CONTEXT() REPRESENTATION_CONTEXT('2D SPACE',''
  ) );
#5357 = ORIENTED_EDGE('',*,*,#2372,.T.);
#5358 = ORIENTED_EDGE('',*,*,#2448,.T.);
#5359 = ORIENTED_EDGE('',*,*,#2553,.F.);
#5360 = ORIENTED_EDGE('',*,*,#5309,.F.);
#5361 = ADVANCED_FACE('',(#5362),#674,.F.);
#5362 = FACE_BOUND('',#5363,.T.);
#5363 = EDGE_LOOP('',(#5364,#5365,#5366,#5387));
#5364 = ORIENTED_EDGE('',*,*,#5337,.F.);
#5365 = ORIENTED_EDGE('',*,*,#2296,.T.);
#5366 = ORIENTED_EDGE('',*,*,#5367,.T.);
#5367 = EDGE_CURVE('',#2269,#659,#5368,.T.);
#5368 = SURFACE_CURVE('',#5369,(#5373,#5380),.PCURVE_S1.);
#5369 = LINE('',#5370,#5371);
#5370 = CARTESIAN_POINT('',(58.345183076504,-56.83421763314,15.25));
#5371 = VECTOR('',#5372,1.);
#5372 = DIRECTION('',(-7.529701297771E-02,0.997161150385,-0.));
#5373 = PCURVE('',#674,#5374);
#5374 = DEFINITIONAL_REPRESENTATION('',(#5375),#5379);
#5375 = LINE('',#5376,#5377);
#5376 = CARTESIAN_POINT('',(0.7,-55.74972498371));
#5377 = VECTOR('',#5378,1.);
#5378 = DIRECTION('',(-1.,0.));
#5379 = ( GEOMETRIC_REPRESENTATION_CONTEXT(2) 
PARAMETRIC_REPRESENTATION_CONTEXT() REPRESENTATION_CONTEXT('2D SPACE',''
  ) );
#5380 = PCURVE('',#702,#5381);
#5381 = DEFINITIONAL_REPRESENTATION('',(#5382),#5386);
#5382 = LINE('',#5383,#5384);
#5383 = CARTESIAN_POINT('',(0.7,-6.25));
#5384 = VECTOR('',#5385,1.);
#5385 = DIRECTION('',(1.,-0.));
#5386 = ( GEOMETRIC_REPRESENTATION_CONTEXT(2) 
PARAMETRIC_REPRESENTATION_CONTEXT() REPRESENTATION_CONTEXT('2D SPACE',''
  ) );
#5387 = ORIENTED_EDGE('',*,*,#658,.F.);
#5388 = ADVANCED_FACE('',(#5389),#702,.F.);
#5389 = FACE_BOUND('',#5390,.T.);
#5390 = EDGE_LOOP('',(#5391,#5392,#5393,#5394,#5395));
#5391 = ORIENTED_EDGE('',*,*,#686,.F.);
#5392 = ORIENTED_EDGE('',*,*,#5367,.F.);
#5393 = ORIENTED_EDGE('',*,*,#4171,.T.);
#5394 = ORIENTED_EDGE('',*,*,#2894,.T.);
#5395 = ORIENTED_EDGE('',*,*,#5396,.T.);
#5396 = EDGE_CURVE('',#2897,#687,#5397,.T.);
#5397 = SURFACE_CURVE('',#5398,(#5402,#5409),.PCURVE_S1.);
#5398 = LINE('',#5399,#5400);
#5399 = CARTESIAN_POINT('',(57.961168310317,-51.74869576618,
    18.505261308035));
#5400 = VECTOR('',#5401,1.);
#5401 = DIRECTION('',(-7.529701297771E-02,0.997161150385,-0.));
#5402 = PCURVE('',#702,#5403);
#5403 = DEFINITIONAL_REPRESENTATION('',(#5404),#5408);
#5404 = LINE('',#5405,#5406);
#5405 = CARTESIAN_POINT('',(5.8,-2.994738691965));
#5406 = VECTOR('',#5407,1.);
#5407 = DIRECTION('',(1.,-0.));
#5408 = ( GEOMETRIC_REPRESENTATION_CONTEXT(2) 
PARAMETRIC_REPRESENTATION_CONTEXT() REPRESENTATION_CONTEXT('2D SPACE',''
  ) );
#5409 = PCURVE('',#562,#5410);
#5410 = DEFINITIONAL_REPRESENTATION('',(#5411),#5415);
#5411 = LINE('',#5412,#5413);
#5412 = CARTESIAN_POINT('',(-10.24372060586,0.));
#5413 = VECTOR('',#5414,1.);
#5414 = DIRECTION('',(-0.,1.));
#5415 = ( GEOMETRIC_REPRESENTATION_CONTEXT(2) 
PARAMETRIC_REPRESENTATION_CONTEXT() REPRESENTATION_CONTEXT('2D SPACE',''
  ) );
#5416 = ADVANCED_FACE('',(#5417),#562,.T.);
#5417 = FACE_BOUND('',#5418,.F.);
#5418 = EDGE_LOOP('',(#5419,#5491,#5492,#5689,#5690,#5691,#5692,#5693,
    #5694));
#5419 = ORIENTED_EDGE('',*,*,#5420,.T.);
#5420 = EDGE_CURVE('',#715,#3359,#5421,.T.);
#5421 = SURFACE_CURVE('',#5422,(#5443,#5467),.PCURVE_S1.);
#5422 = B_SPLINE_CURVE_WITH_KNOTS('',7,(#5423,#5424,#5425,#5426,#5427,
    #5428,#5429,#5430,#5431,#5432,#5433,#5434,#5435,#5436,#5437,#5438,
    #5439,#5440,#5441,#5442),.UNSPECIFIED.,.F.,.F.,(8,6,6,8),(0.,
    0.225856449521,0.74909574559,1.),.UNSPECIFIED.);
#5423 = CARTESIAN_POINT('',(63.597492284059,-55.33447690018,
    18.289509902426));
#5424 = CARTESIAN_POINT('',(63.509419690292,-55.23590790953,
    18.225648758401));
#5425 = CARTESIAN_POINT('',(63.423236463191,-55.13314528576,
    18.167365590955));
#5426 = CARTESIAN_POINT('',(63.339446071598,-55.02643161016,
    18.114348626229));
#5427 = CARTESIAN_POINT('',(63.258515620587,-54.91607527342,
    18.066279268742));
#5428 = CARTESIAN_POINT('',(63.180866575778,-54.80245248308,
    18.022836667438));
#5429 = CARTESIAN_POINT('',(63.106865487629,-54.68600927085,
    17.983702281724));
#5430 = CARTESIAN_POINT('',(62.874528818454,-54.29216640337,
    17.867160991109));
#5431 = CARTESIAN_POINT('',(62.733484684739,-54.00477939798,
    17.807228113543));
#5432 = CARTESIAN_POINT('',(62.615191458979,-53.70777774323,
    17.763765233196));
#5433 = CARTESIAN_POINT('',(62.520280739865,-53.40357665143,
    17.733384567175));
#5434 = CARTESIAN_POINT('',(62.449040676008,-53.09431022479,
    17.713887492663));
#5435 = CARTESIAN_POINT('',(62.40157111065,-52.78189962746,
    17.704166432144));
#5436 = CARTESIAN_POINT('',(62.366521356897,-52.31773443164,
    17.704166432144));
#5437 = CARTESIAN_POINT('',(62.360620759648,-52.16687944946,
    17.706401404313));
#5438 = CARTESIAN_POINT('',(62.3601926089,-52.01577461956,
    17.710872839496));
#5439 = CARTESIAN_POINT('',(62.365253092064,-51.86459495397,
    17.717638611278));
#5440 = CARTESIAN_POINT('',(62.375818704112,-51.71352421704,
    17.726815846654));
#5441 = CARTESIAN_POINT('',(62.391903590255,-51.56275526424,
    17.738583796704));
#5442 = CARTESIAN_POINT('',(62.413516888622,-51.41249038097,
    17.75318670726));
#5443 = PCURVE('',#562,#5444);
#5444 = DEFINITIONAL_REPRESENTATION('',(#5445),#5466);
#5445 = B_SPLINE_CURVE_WITH_KNOTS('',7,(#5446,#5447,#5448,#5449,#5450,
    #5451,#5452,#5453,#5454,#5455,#5456,#5457,#5458,#5459,#5460,#5461,
    #5462,#5463,#5464,#5465),.UNSPECIFIED.,.F.,.F.,(8,6,6,8),(0.,
    0.225856449521,0.74909574559,1.),.UNSPECIFIED.);
#5446 = CARTESIAN_POINT('',(-11.66682180506,-4.));
#5447 = CARTESIAN_POINT('',(-11.641778707,-3.89507922866));
#5448 = CARTESIAN_POINT('',(-11.61800191824,-3.786118992958));
#5449 = CARTESIAN_POINT('',(-11.59551084055,-3.673399095227));
#5450 = CARTESIAN_POINT('',(-11.57432773426,-3.557262222316));
#5451 = CARTESIAN_POINT('',(-11.55447412054,-3.438115248852));
#5452 = CARTESIAN_POINT('',(-11.53596718376,-3.316430540494));
#5453 = CARTESIAN_POINT('',(-11.47908260686,-2.906211476497));
#5454 = CARTESIAN_POINT('',(-11.44663618774,-2.609020117628));
#5455 = CARTESIAN_POINT('',(-11.42104111063,-2.303954479359));
#5456 = CARTESIAN_POINT('',(-11.40204288926,-1.993470475059));
#5457 = CARTESIAN_POINT('',(-11.38946245856,-1.67971784528));
#5458 = CARTESIAN_POINT('',(-11.38318958517,-1.364619818176));
#5459 = CARTESIAN_POINT('',(-11.38318958517,-0.899133175785));
#5460 = CARTESIAN_POINT('',(-11.38463188212,-0.748262150858));
#5461 = CARTESIAN_POINT('',(-11.38751699044,-0.597554046375));
#5462 = CARTESIAN_POINT('',(-11.39185065816,-0.447184596387));
#5463 = CARTESIAN_POINT('',(-11.39764424471,-0.297338285586));
#5464 = CARTESIAN_POINT('',(-11.40491509888,-0.148208487052));
#5465 = CARTESIAN_POINT('',(-11.41368693664,2.399999999625E-06));
#5466 = ( GEOMETRIC_REPRESENTATION_CONTEXT(2) 
PARAMETRIC_REPRESENTATION_CONTEXT() REPRESENTATION_CONTEXT('2D SPACE',''
  ) );
#5467 = PCURVE('',#754,#5468);
#5468 = DEFINITIONAL_REPRESENTATION('',(#5469),#5490);
#5469 = B_SPLINE_CURVE_WITH_KNOTS('',7,(#5470,#5471,#5472,#5473,#5474,
    #5475,#5476,#5477,#5478,#5479,#5480,#5481,#5482,#5483,#5484,#5485,
    #5486,#5487,#5488,#5489),.UNSPECIFIED.,.F.,.F.,(8,6,6,8),(0.,
    0.225856449521,0.74909574559,1.),.UNSPECIFIED.);
#5470 = CARTESIAN_POINT('',(2.487741913967,-2.839509902426));
#5471 = CARTESIAN_POINT('',(2.514996360866,-2.775648758401));
#5472 = CARTESIAN_POINT('',(2.542636076566,-2.717365590955));
#5473 = CARTESIAN_POINT('',(2.570587471416,-2.664348626229));
#5474 = CARTESIAN_POINT('',(2.598776467755,-2.616279268742));
#5475 = CARTESIAN_POINT('',(2.627126766533,-2.572836667438));
#5476 = CARTESIAN_POINT('',(2.655558113929,-2.533702281724));
#5477 = CARTESIAN_POINT('',(2.74983983947,-2.417160991109));
#5478 = CARTESIAN_POINT('',(2.815652268887,-2.357228113543));
#5479 = CARTESIAN_POINT('',(2.881255384084,-2.313765233196));
#5480 = CARTESIAN_POINT('',(2.946616960148,-2.283384567175));
#5481 = CARTESIAN_POINT('',(3.011753880084,-2.263887492663));
#5482 = CARTESIAN_POINT('',(3.076722587986,-2.254166432144));
#5483 = CARTESIAN_POINT('',(3.172699215284,-2.254166432144));
#5484 = CARTESIAN_POINT('',(3.203806657255,-2.256401404313));
#5485 = CARTESIAN_POINT('',(3.234929631615,-2.260872839496));
#5486 = CARTESIAN_POINT('',(3.26608114076,-2.267638611278));
#5487 = CARTESIAN_POINT('',(3.297272715206,-2.276815846654));
#5488 = CARTESIAN_POINT('',(3.328514591434,-2.288583796704));
#5489 = CARTESIAN_POINT('',(3.359815889725,-2.30318670726));
#5490 = ( GEOMETRIC_REPRESENTATION_CONTEXT(2) 
PARAMETRIC_REPRESENTATION_CONTEXT() REPRESENTATION_CONTEXT('2D SPACE',''
  ) );
#5491 = ORIENTED_EDGE('',*,*,#3358,.T.);
#5492 = ORIENTED_EDGE('',*,*,#5493,.T.);
#5493 = EDGE_CURVE('',#3336,#5214,#5494,.T.);
#5494 = SURFACE_CURVE('',#5495,(#5543,#5616),.PCURVE_S1.);
#5495 = B_SPLINE_CURVE_WITH_KNOTS('',6,(#5496,#5497,#5498,#5499,#5500,
    #5501,#5502,#5503,#5504,#5505,#5506,#5507,#5508,#5509,#5510,#5511,
    #5512,#5513,#5514,#5515,#5516,#5517,#5518,#5519,#5520,#5521,#5522,
    #5523,#5524,#5525,#5526,#5527,#5528,#5529,#5530,#5531,#5532,#5533,
    #5534,#5535,#5536,#5537,#5538,#5539,#5540,#5541,#5542),
  .UNSPECIFIED.,.F.,.F.,(7,5,5,5,5,5,5,5,5,7),(0.,7.715198995222E-02,
    0.213652958221,0.322733796329,0.373571273521,0.510678688919,
    0.608867312911,0.72909629761,0.99999986669,1.097815144975),
  .UNSPECIFIED.);
#5496 = CARTESIAN_POINT('',(64.068071075851,-51.28755512045,
    23.900194373269));
#5497 = CARTESIAN_POINT('',(64.052727630461,-51.34675244768,
    23.927556088281));
#5498 = CARTESIAN_POINT('',(64.038537206606,-51.40700473771,
    23.952866058523));
#5499 = CARTESIAN_POINT('',(64.025590758264,-51.46820805734,
    23.976132811415));
#5500 = CARTESIAN_POINT('',(64.01396820895,-51.53024951019,
    23.997367951367));
#5501 = CARTESIAN_POINT('',(64.003736584677,-51.59300741763,
    24.016585532037));
#5502 = CARTESIAN_POINT('',(63.979399225048,-51.76842286059,
    24.064260611174));
#5503 = CARTESIAN_POINT('',(63.968371379741,-51.88230464643,
    24.088447022358));
#5504 = CARTESIAN_POINT('',(63.962123132768,-51.9974634984,
    24.106507876946));
#5505 = CARTESIAN_POINT('',(63.960814585636,-52.11334823496,
    24.118546080075));
#5506 = CARTESIAN_POINT('',(63.964502897995,-52.22939256356,
    24.124618363221));
#5507 = CARTESIAN_POINT('',(63.980038073426,-52.43741638156,
    24.124825364708));
#5508 = CARTESIAN_POINT('',(63.990100966069,-52.52959830913,
    24.121113289585));
#5509 = CARTESIAN_POINT('',(64.003307482992,-52.62127940132,
    24.113595477201));
#5510 = CARTESIAN_POINT('',(64.019598195474,-52.71218472062,
    24.102248635141));
#5511 = CARTESIAN_POINT('',(64.038874232139,-52.80204909999,
    24.087028314871));
#5512 = CARTESIAN_POINT('',(64.071309299287,-52.93189534875,
    24.058940223758));
#5513 = CARTESIAN_POINT('',(64.082237666684,-52.97288684554,
    24.049156769154));
#5514 = CARTESIAN_POINT('',(64.093768584485,-53.01356338689,
    24.038513145542));
#5515 = CARTESIAN_POINT('',(64.105884596709,-53.05389578759,
    24.027003788515));
#5516 = CARTESIAN_POINT('',(64.118565613164,-53.0938544578,
    24.014623390307));
#5517 = CARTESIAN_POINT('',(64.167451811611,-53.24008810936,
    23.965614473593));
#5518 = CARTESIAN_POINT('',(64.207104338311,-53.3439669573,
    23.923444343641));
#5519 = CARTESIAN_POINT('',(64.250256626761,-53.44426257341,
    23.87479633572));
#5520 = CARTESIAN_POINT('',(64.296265543535,-53.54034709648,
    23.819671178224));
#5521 = CARTESIAN_POINT('',(64.34439147008,-53.63174218093,
    23.758146499367));
#5522 = CARTESIAN_POINT('',(64.429278151167,-53.77996692599,
    23.641871450875));
#5523 = CARTESIAN_POINT('',(64.465358134512,-53.83919316705,
    23.590195593185));
#5524 = CARTESIAN_POINT('',(64.501787500787,-53.89564241186,
    23.53546426207));
#5525 = CARTESIAN_POINT('',(64.538246856655,-53.94921121913,
    23.477815396979));
#5526 = CARTESIAN_POINT('',(64.574420423284,-53.99983851767,
    23.417428771638));
#5527 = CARTESIAN_POINT('',(64.653591706233,-54.10586472151,
    23.277509918784));
#5528 = CARTESIAN_POINT('',(64.696268639938,-54.1597436293,
    23.196775750093));
#5529 = CARTESIAN_POINT('',(64.737569036117,-54.20920152914,
    23.112624241599));
#5530 = CARTESIAN_POINT('',(64.777054709245,-54.25433792905,
    23.025415009929));
#5531 = CARTESIAN_POINT('',(64.814343002389,-54.2952819083,
    22.93557148859));
#5532 = CARTESIAN_POINT('',(64.927504097971,-54.41533576718,
    22.63631169001));
#5533 = CARTESIAN_POINT('',(64.992983190753,-54.47777581879,
    22.418634868638));
#5534 = CARTESIAN_POINT('',(65.04323440959,-54.52254068533,
    22.193423003982));
#5535 = CARTESIAN_POINT('',(65.07702902192,-54.55162693459,
    21.963406441503));
#5536 = CARTESIAN_POINT('',(65.093833523436,-54.56609348947,
    21.731373480971));
#5537 = CARTESIAN_POINT('',(65.093833523436,-54.56609348947,
    21.416457869101));
#5538 = CARTESIAN_POINT('',(65.091642688725,-54.56420745727,
    21.332829758187));
#5539 = CARTESIAN_POINT('',(65.087252282329,-54.56042818437,
    21.249241632863));
#5540 = CARTESIAN_POINT('',(65.08066578957,-54.55473306645,
    21.165821366924));
#5541 = CARTESIAN_POINT('',(65.071898771815,-54.5470839082,
    21.082697698835));
#5542 = CARTESIAN_POINT('',(65.060979672845,-54.53742657367,
    21.000000003229));
#5543 = PCURVE('',#562,#5544);
#5544 = DEFINITIONAL_REPRESENTATION('',(#5545),#5615);
#5545 = B_SPLINE_CURVE_WITH_KNOTS('',3,(#5546,#5547,#5548,#5549,#5550,
    #5551,#5552,#5553,#5554,#5555,#5556,#5557,#5558,#5559,#5560,#5561,
    #5562,#5563,#5564,#5565,#5566,#5567,#5568,#5569,#5570,#5571,#5572,
    #5573,#5574,#5575,#5576,#5577,#5578,#5579,#5580,#5581,#5582,#5583,
    #5584,#5585,#5586,#5587,#5588,#5589,#5590,#5591,#5592,#5593,#5594,
    #5595,#5596,#5597,#5598,#5599,#5600,#5601,#5602,#5603,#5604,#5605,
    #5606,#5607,#5608,#5609,#5610,#5611,#5612,#5613,#5614),
  .UNSPECIFIED.,.F.,.F.,(4,1,1,1,1,1,1,1,1,1,1,1,1,1,1,1,1,1,1,1,1,1,1,1
    ,1,1,1,1,1,1,1,1,1,1,1,1,1,1,1,1,1,1,1,1,1,1,1,1,1,1,1,1,1,1,1,1,1,1
    ,1,1,1,1,1,1,1,1,4),(0.,1.663356280265E-02,3.326712560531E-02,
    4.990068840796E-02,6.653425121062E-02,8.316781401327E-02,
    9.980137681592E-02,0.116434939619,0.133068502421,0.149702065224,
    0.166335628027,0.182969190829,0.199602753632,0.216236316435,
    0.232869879237,0.24950344204,0.266137004842,0.282770567645,
    0.299404130448,0.31603769325,0.332671256053,0.349304818856,
    0.365938381658,0.382571944461,0.399205507264,0.415839070066,
    0.432472632869,0.449106195672,0.465739758474,0.482373321277,
    0.49900688408,0.515640446882,0.532274009685,0.548907572488,
    0.56554113529,0.582174698093,0.598808260896,0.615441823698,
    0.632075386501,0.648708949304,0.665342512106,0.681976074909,
    0.698609637711,0.715243200514,0.731876763317,0.748510326119,
    0.765143888922,0.781777451725,0.798411014527,0.81504457733,
    0.831678140133,0.848311702935,0.864945265738,0.881578828541,
    0.898212391343,0.914845954146,0.931479516949,0.948113079751,
    0.964746642554,0.981380205357,0.998013768159,1.014647330962,
    1.031280893765,1.047914456567,1.06454801937,1.081181582173,
    1.097815144975),.QUASI_UNIFORM_KNOTS.);
#5546 = CARTESIAN_POINT('',(-6.90857500834,-6.661338147751E-16));
#5547 = CARTESIAN_POINT('',(-6.9121244608,-2.495401000968E-02));
#5548 = CARTESIAN_POINT('',(-6.918963361078,-7.539374753289E-02));
#5549 = CARTESIAN_POINT('',(-6.928429946261,-0.152520015498));
#5550 = CARTESIAN_POINT('',(-6.937092484747,-0.230987329778));
#5551 = CARTESIAN_POINT('',(-6.944940550581,-0.310660010879));
#5552 = CARTESIAN_POINT('',(-6.951964925851,-0.391394335178));
#5553 = CARTESIAN_POINT('',(-6.958158379624,-0.47304118828));
#5554 = CARTESIAN_POINT('',(-6.963518296068,-0.555491563289));
#5555 = CARTESIAN_POINT('',(-6.968041845314,-0.638629511352));
#5556 = CARTESIAN_POINT('',(-6.97172675326,-0.722338483778));
#5557 = CARTESIAN_POINT('',(-6.974571165811,-0.806499927248));
#5558 = CARTESIAN_POINT('',(-6.976573747428,-0.890992835222));
#5559 = CARTESIAN_POINT('',(-6.977733697811,-0.975697221474));
#5560 = CARTESIAN_POINT('',(-6.978050810859,-1.060480948889));
#5561 = CARTESIAN_POINT('',(-6.977525394263,-1.145251814057));
#5562 = CARTESIAN_POINT('',(-6.976157402482,-1.229901301886));
#5563 = CARTESIAN_POINT('',(-6.973947295013,-1.314307096375));
#5564 = CARTESIAN_POINT('',(-6.970895951525,-1.398352147763));
#5565 = CARTESIAN_POINT('',(-6.967004642511,-1.481919808095));
#5566 = CARTESIAN_POINT('',(-6.962275064734,-1.564894439023));
#5567 = CARTESIAN_POINT('',(-6.956709009688,-1.647164062251));
#5568 = CARTESIAN_POINT('',(-6.950310872031,-1.728590011699));
#5569 = CARTESIAN_POINT('',(-6.943085576468,-1.809046153992));
#5570 = CARTESIAN_POINT('',(-6.93504005663,-1.888400737031));
#5571 = CARTESIAN_POINT('',(-6.926176736611,-1.966571510722));
#5572 = CARTESIAN_POINT('',(-6.916509967878,-2.043381616195));
#5573 = CARTESIAN_POINT('',(-6.906054898914,-2.11868208373));
#5574 = CARTESIAN_POINT('',(-6.894829110271,-2.19233063524));
#5575 = CARTESIAN_POINT('',(-6.882852032799,-2.264197002766));
#5576 = CARTESIAN_POINT('',(-6.870144617146,-2.334162658603));
#5577 = CARTESIAN_POINT('',(-6.856730251826,-2.402116382862));
#5578 = CARTESIAN_POINT('',(-6.842630481272,-2.467972069677));
#5579 = CARTESIAN_POINT('',(-6.827883142864,-2.531589138769));
#5580 = CARTESIAN_POINT('',(-6.81252300175,-2.592871328233));
#5581 = CARTESIAN_POINT('',(-6.796584783353,-2.651743511635));
#5582 = CARTESIAN_POINT('',(-6.780105527305,-2.708141275018));
#5583 = CARTESIAN_POINT('',(-6.76312408305,-2.762012776657));
#5584 = CARTESIAN_POINT('',(-6.745680115183,-2.813320329583));
#5585 = CARTESIAN_POINT('',(-6.727821345382,-2.862021520348));
#5586 = CARTESIAN_POINT('',(-6.709578984894,-2.908133727162));
#5587 = CARTESIAN_POINT('',(-6.690986264286,-2.951673841449));
#5588 = CARTESIAN_POINT('',(-6.672076591427,-2.992664801312));
#5589 = CARTESIAN_POINT('',(-6.652883799061,-3.031134002952));
#5590 = CARTESIAN_POINT('',(-6.633443161861,-3.06711187836));
#5591 = CARTESIAN_POINT('',(-6.613787335088,-3.100637929957));
#5592 = CARTESIAN_POINT('',(-6.59396302278,-3.131734979576));
#5593 = CARTESIAN_POINT('',(-6.573988806684,-3.160475183878));
#5594 = CARTESIAN_POINT('',(-6.553878701539,-3.186930700529));
#5595 = CARTESIAN_POINT('',(-6.533646875405,-3.211167609237));
#5596 = CARTESIAN_POINT('',(-6.513306499502,-3.233247592378));
#5597 = CARTESIAN_POINT('',(-6.492870163323,-3.253227534642));
#5598 = CARTESIAN_POINT('',(-6.472349862478,-3.271159678467));
#5599 = CARTESIAN_POINT('',(-6.451757093427,-3.287091628728));
#5600 = CARTESIAN_POINT('',(-6.431102911131,-3.301066396041));
#5601 = CARTESIAN_POINT('',(-6.41039799173,-3.313122427806));
#5602 = CARTESIAN_POINT('',(-6.389652676525,-3.323293641112));
#5603 = CARTESIAN_POINT('',(-6.368877051145,-3.331609451871));
#5604 = CARTESIAN_POINT('',(-6.348080869511,-3.338094808649));
#5605 = CARTESIAN_POINT('',(-6.327274032058,-3.342770202865));
#5606 = CARTESIAN_POINT('',(-6.306464972877,-3.345651760299));
#5607 = CARTESIAN_POINT('',(-6.285666830091,-3.346751022408));
#5608 = CARTESIAN_POINT('',(-6.264874550306,-3.346075878551));
#5609 = CARTESIAN_POINT('',(-6.244065836581,-3.343620871495));
#5610 = CARTESIAN_POINT('',(-6.223257993699,-3.339375159895));
#5611 = CARTESIAN_POINT('',(-6.202458299829,-3.333323674199));
#5612 = CARTESIAN_POINT('',(-6.181676897071,-3.325447304976));
#5613 = CARTESIAN_POINT('',(-6.167841278624,-3.318963010098));
#5614 = CARTESIAN_POINT('',(-6.160929767726,-3.315408608413));
#5615 = ( GEOMETRIC_REPRESENTATION_CONTEXT(2) 
PARAMETRIC_REPRESENTATION_CONTEXT() REPRESENTATION_CONTEXT('2D SPACE',''
  ) );
#5616 = PCURVE('',#501,#5617);
#5617 = DEFINITIONAL_REPRESENTATION('',(#5618),#5688);
#5618 = B_SPLINE_CURVE_WITH_KNOTS('',3,(#5619,#5620,#5621,#5622,#5623,
    #5624,#5625,#5626,#5627,#5628,#5629,#5630,#5631,#5632,#5633,#5634,
    #5635,#5636,#5637,#5638,#5639,#5640,#5641,#5642,#5643,#5644,#5645,
    #5646,#5647,#5648,#5649,#5650,#5651,#5652,#5653,#5654,#5655,#5656,
    #5657,#5658,#5659,#5660,#5661,#5662,#5663,#5664,#5665,#5666,#5667,
    #5668,#5669,#5670,#5671,#5672,#5673,#5674,#5675,#5676,#5677,#5678,
    #5679,#5680,#5681,#5682,#5683,#5684,#5685,#5686,#5687),
  .UNSPECIFIED.,.F.,.F.,(4,1,1,1,1,1,1,1,1,1,1,1,1,1,1,1,1,1,1,1,1,1,1,1
    ,1,1,1,1,1,1,1,1,1,1,1,1,1,1,1,1,1,1,1,1,1,1,1,1,1,1,1,1,1,1,1,1,1,1
    ,1,1,1,1,1,1,1,1,4),(0.,1.663356280265E-02,3.326712560531E-02,
    4.990068840796E-02,6.653425121062E-02,8.316781401327E-02,
    9.980137681592E-02,0.116434939619,0.133068502421,0.149702065224,
    0.166335628027,0.182969190829,0.199602753632,0.216236316435,
    0.232869879237,0.24950344204,0.266137004842,0.282770567645,
    0.299404130448,0.31603769325,0.332671256053,0.349304818856,
    0.365938381658,0.382571944461,0.399205507264,0.415839070066,
    0.432472632869,0.449106195672,0.465739758474,0.482373321277,
    0.49900688408,0.515640446882,0.532274009685,0.548907572488,
    0.56554113529,0.582174698093,0.598808260896,0.615441823698,
    0.632075386501,0.648708949304,0.665342512106,0.681976074909,
    0.698609637711,0.715243200514,0.731876763317,0.748510326119,
    0.765143888922,0.781777451725,0.798411014527,0.81504457733,
    0.831678140133,0.848311702935,0.864945265738,0.881578828541,
    0.898212391343,0.914845954146,0.931479516949,0.948113079751,
    0.964746642554,0.981380205357,0.998013768159,1.014647330962,
    1.031280893765,1.047914456567,1.06454801937,1.081181582173,
    1.097815144975),.QUASI_UNIFORM_KNOTS.);
#5619 = CARTESIAN_POINT('',(-3.470571624685,15.650194373269));
#5620 = CARTESIAN_POINT('',(-3.462458205993,15.661992635027));
#5621 = CARTESIAN_POINT('',(-3.446126559902,15.684634801136));
#5622 = CARTESIAN_POINT('',(-3.421346528891,15.71574876619));
#5623 = CARTESIAN_POINT('',(-3.396315637999,15.744026407339));
#5624 = CARTESIAN_POINT('',(-3.371066157122,15.769483582463));
#5625 = CARTESIAN_POINT('',(-3.34563136409,15.792137219615));
#5626 = CARTESIAN_POINT('',(-3.320044593713,15.812006998122));
#5627 = CARTESIAN_POINT('',(-3.294325354995,15.829123286072));
#5628 = CARTESIAN_POINT('',(-3.268494387021,15.8435110528));
#5629 = CARTESIAN_POINT('',(-3.242571776323,15.855192156513));
#5630 = CARTESIAN_POINT('',(-3.21657754536,15.864184684406));
#5631 = CARTESIAN_POINT('',(-3.190531927742,15.870503088219));
#5632 = CARTESIAN_POINT('',(-3.164454445452,15.874158085538));
#5633 = CARTESIAN_POINT('',(-3.138368106612,15.875156702665));
#5634 = CARTESIAN_POINT('',(-3.11228352963,15.873501987475));
#5635 = CARTESIAN_POINT('',(-3.086216371398,15.869190340963));
#5636 = CARTESIAN_POINT('',(-3.060186678659,15.862214143416));
#5637 = CARTESIAN_POINT('',(-3.034213164356,15.852561601871));
#5638 = CARTESIAN_POINT('',(-3.008314840783,15.84021676155));
#5639 = CARTESIAN_POINT('',(-2.982510977158,15.825159761795));
#5640 = CARTESIAN_POINT('',(-2.956820392556,15.807365949994));
#5641 = CARTESIAN_POINT('',(-2.931271133661,15.786814140037));
#5642 = CARTESIAN_POINT('',(-2.905888459485,15.763480439286));
#5643 = CARTESIAN_POINT('',(-2.880700735725,15.737343391622));
#5644 = CARTESIAN_POINT('',(-2.855721926073,15.708363069239));
#5645 = CARTESIAN_POINT('',(-2.830997794067,15.676535374504));
#5646 = CARTESIAN_POINT('',(-2.806567455407,15.641856746251));
#5647 = CARTESIAN_POINT('',(-2.782470172834,15.604330341072));
#5648 = CARTESIAN_POINT('',(-2.758743792032,15.563965019295));
#5649 = CARTESIAN_POINT('',(-2.735424858012,15.520775035909));
#5650 = CARTESIAN_POINT('',(-2.712550186604,15.474784107044));
#5651 = CARTESIAN_POINT('',(-2.690150756292,15.426011269254));
#5652 = CARTESIAN_POINT('',(-2.668278996897,15.374534986814));
#5653 = CARTESIAN_POINT('',(-2.646975508365,15.320427910353));
#5654 = CARTESIAN_POINT('',(-2.626276445173,15.263767562503));
#5655 = CARTESIAN_POINT('',(-2.606216943703,15.204645351773));
#5656 = CARTESIAN_POINT('',(-2.586830279104,15.143165546011));
#5657 = CARTESIAN_POINT('',(-2.568146980956,15.079442115864));
#5658 = CARTESIAN_POINT('',(-2.550201571193,15.013626124157));
#5659 = CARTESIAN_POINT('',(-2.533008340077,14.945815256334));
#5660 = CARTESIAN_POINT('',(-2.516582714293,14.876120828741));
#5661 = CARTESIAN_POINT('',(-2.500938693064,14.804661269732));
#5662 = CARTESIAN_POINT('',(-2.486089123067,14.731562882371));
#5663 = CARTESIAN_POINT('',(-2.472046008126,14.656963761022));
#5664 = CARTESIAN_POINT('',(-2.458817792795,14.58099781078));
#5665 = CARTESIAN_POINT('',(-2.446419388374,14.50385944122));
#5666 = CARTESIAN_POINT('',(-2.434845505176,14.425639254642));
#5667 = CARTESIAN_POINT('',(-2.424089593078,14.346412914294));
#5668 = CARTESIAN_POINT('',(-2.414146266633,14.266259449816));
#5669 = CARTESIAN_POINT('',(-2.405010552062,14.185256465858));
#5670 = CARTESIAN_POINT('',(-2.396677996094,14.103481521502));
#5671 = CARTESIAN_POINT('',(-2.389144553431,14.021011837992));
#5672 = CARTESIAN_POINT('',(-2.382406542424,13.937924437153));
#5673 = CARTESIAN_POINT('',(-2.376460590658,13.854296143442));
#5674 = CARTESIAN_POINT('',(-2.371303590876,13.770203615485));
#5675 = CARTESIAN_POINT('',(-2.366932660955,13.685723310746));
#5676 = CARTESIAN_POINT('',(-2.363345109921,13.600931602898));
#5677 = CARTESIAN_POINT('',(-2.360538405922,13.515904269941));
#5678 = CARTESIAN_POINT('',(-2.358510158428,13.430718261356));
#5679 = CARTESIAN_POINT('',(-2.357258067943,13.345444893067));
#5680 = CARTESIAN_POINT('',(-2.356780016418,13.260174966831));
#5681 = CARTESIAN_POINT('',(-2.357073651388,13.174924678823));
#5682 = CARTESIAN_POINT('',(-2.358140686748,13.089639499125));
#5683 = CARTESIAN_POINT('',(-2.359983383184,13.004427334846));
#5684 = CARTESIAN_POINT('',(-2.362603974825,12.91935481138));
#5685 = CARTESIAN_POINT('',(-2.366004823319,12.834500030188));
#5686 = CARTESIAN_POINT('',(-2.368793918884,12.77812563515));
#5687 = CARTESIAN_POINT('',(-2.370319347078,12.750000003229));
#5688 = ( GEOMETRIC_REPRESENTATION_CONTEXT(2) 
PARAMETRIC_REPRESENTATION_CONTEXT() REPRESENTATION_CONTEXT('2D SPACE',''
  ) );
#5689 = ORIENTED_EDGE('',*,*,#5213,.F.);
#5690 = ORIENTED_EDGE('',*,*,#541,.F.);
#5691 = ORIENTED_EDGE('',*,*,#5262,.F.);
#5692 = ORIENTED_EDGE('',*,*,#2987,.T.);
#5693 = ORIENTED_EDGE('',*,*,#5396,.T.);
#5694 = ORIENTED_EDGE('',*,*,#714,.T.);
#5695 = ADVANCED_FACE('',(#5696),#754,.T.);
#5696 = FACE_BOUND('',#5697,.T.);
#5697 = EDGE_LOOP('',(#5698,#5699,#5700,#5701,#5723,#5724));
#5698 = ORIENTED_EDGE('',*,*,#3382,.F.);
#5699 = ORIENTED_EDGE('',*,*,#3410,.T.);
#5700 = ORIENTED_EDGE('',*,*,#4291,.T.);
#5701 = ORIENTED_EDGE('',*,*,#5702,.T.);
#5702 = EDGE_CURVE('',#4292,#739,#5703,.T.);
#5703 = SURFACE_CURVE('',#5704,(#5709,#5716),.PCURVE_S1.);
#5704 = CIRCLE('',#5705,4.85);
#5705 = AXIS2_PLACEMENT_3D('',#5706,#5707,#5708);
#5706 = CARTESIAN_POINT('',(67.214112757484,-52.10298245469,15.45));
#5707 = DIRECTION('',(0.,0.,1.));
#5708 = DIRECTION('',(7.529701297771E-02,-0.997161150385,-0.));
#5709 = PCURVE('',#754,#5710);
#5710 = DEFINITIONAL_REPRESENTATION('',(#5711),#5715);
#5711 = LINE('',#5712,#5713);
#5712 = CARTESIAN_POINT('',(7.853981633974,0.));
#5713 = VECTOR('',#5714,1.);
#5714 = DIRECTION('',(-1.,-0.));
#5715 = ( GEOMETRIC_REPRESENTATION_CONTEXT(2) 
PARAMETRIC_REPRESENTATION_CONTEXT() REPRESENTATION_CONTEXT('2D SPACE',''
  ) );
#5716 = PCURVE('',#782,#5717);
#5717 = DEFINITIONAL_REPRESENTATION('',(#5718),#5722);
#5718 = CIRCLE('',#5719,4.85);
#5719 = AXIS2_PLACEMENT_2D('',#5720,#5721);
#5720 = CARTESIAN_POINT('',(1.372768372839E-14,-1.036596320918E-15));
#5721 = DIRECTION('',(-0.,1.));
#5722 = ( GEOMETRIC_REPRESENTATION_CONTEXT(2) 
PARAMETRIC_REPRESENTATION_CONTEXT() REPRESENTATION_CONTEXT('2D SPACE',''
  ) );
#5723 = ORIENTED_EDGE('',*,*,#738,.F.);
#5724 = ORIENTED_EDGE('',*,*,#5420,.T.);
#5725 = ADVANCED_FACE('',(#5726),#782,.F.);
#5726 = FACE_BOUND('',#5727,.T.);
#5727 = EDGE_LOOP('',(#5728,#5729,#5730,#5731));
#5728 = ORIENTED_EDGE('',*,*,#766,.F.);
#5729 = ORIENTED_EDGE('',*,*,#5702,.F.);
#5730 = ORIENTED_EDGE('',*,*,#4314,.T.);
#5731 = ORIENTED_EDGE('',*,*,#5732,.T.);
#5732 = EDGE_CURVE('',#4198,#767,#5733,.T.);
#5733 = SURFACE_CURVE('',#5734,(#5739,#5746),.PCURVE_S1.);
#5734 = CIRCLE('',#5735,3.25);
#5735 = AXIS2_PLACEMENT_3D('',#5736,#5737,#5738);
#5736 = CARTESIAN_POINT('',(67.214112757484,-52.10298245469,15.45));
#5737 = DIRECTION('',(0.,0.,1.));
#5738 = DIRECTION('',(7.529701297771E-02,-0.997161150385,-0.));
#5739 = PCURVE('',#782,#5740);
#5740 = DEFINITIONAL_REPRESENTATION('',(#5741),#5745);
#5741 = CIRCLE('',#5742,3.25);
#5742 = AXIS2_PLACEMENT_2D('',#5743,#5744);
#5743 = CARTESIAN_POINT('',(1.372768372839E-14,-1.036596320918E-15));
#5744 = DIRECTION('',(-0.,1.));
#5745 = ( GEOMETRIC_REPRESENTATION_CONTEXT(2) 
PARAMETRIC_REPRESENTATION_CONTEXT() REPRESENTATION_CONTEXT('2D SPACE',''
  ) );
#5746 = PCURVE('',#501,#5747);
#5747 = DEFINITIONAL_REPRESENTATION('',(#5748),#5752);
#5748 = LINE('',#5749,#5750);
#5749 = CARTESIAN_POINT('',(-7.853981633974,7.2));
#5750 = VECTOR('',#5751,1.);
#5751 = DIRECTION('',(1.,-0.));
#5752 = ( GEOMETRIC_REPRESENTATION_CONTEXT(2) 
PARAMETRIC_REPRESENTATION_CONTEXT() REPRESENTATION_CONTEXT('2D SPACE',''
  ) );
#5753 = ADVANCED_FACE('',(#5754),#501,.F.);
#5754 = FACE_BOUND('',#5755,.T.);
#5755 = EDGE_LOOP('',(#5756,#5757,#5758,#5759,#5760,#5761,#5762,#5783,
    #5784,#5810,#5811,#5812,#5813));
#5756 = ORIENTED_EDGE('',*,*,#3335,.T.);
#5757 = ORIENTED_EDGE('',*,*,#5493,.T.);
#5758 = ORIENTED_EDGE('',*,*,#5236,.T.);
#5759 = ORIENTED_EDGE('',*,*,#485,.T.);
#5760 = ORIENTED_EDGE('',*,*,#5182,.F.);
#5761 = ORIENTED_EDGE('',*,*,#4269,.F.);
#5762 = ORIENTED_EDGE('',*,*,#5763,.T.);
#5763 = EDGE_CURVE('',#3439,#4198,#5764,.T.);
#5764 = SEAM_CURVE('',#5765,(#5769,#5776),.PCURVE_S1.);
#5765 = LINE('',#5766,#5767);
#5766 = CARTESIAN_POINT('',(67.458828049661,-55.34375619344,15.45));
#5767 = VECTOR('',#5768,1.);
#5768 = DIRECTION('',(-0.,-0.,-1.));
#5769 = PCURVE('',#501,#5770);
#5770 = DEFINITIONAL_REPRESENTATION('',(#5771),#5775);
#5771 = LINE('',#5772,#5773);
#5772 = CARTESIAN_POINT('',(-1.570796326795,7.2));
#5773 = VECTOR('',#5774,1.);
#5774 = DIRECTION('',(-0.,-1.));
#5775 = ( GEOMETRIC_REPRESENTATION_CONTEXT(2) 
PARAMETRIC_REPRESENTATION_CONTEXT() REPRESENTATION_CONTEXT('2D SPACE',''
  ) );
#5776 = PCURVE('',#501,#5777);
#5777 = DEFINITIONAL_REPRESENTATION('',(#5778),#5782);
#5778 = LINE('',#5779,#5780);
#5779 = CARTESIAN_POINT('',(-7.853981633974,7.2));
#5780 = VECTOR('',#5781,1.);
#5781 = DIRECTION('',(-0.,-1.));
#5782 = ( GEOMETRIC_REPRESENTATION_CONTEXT(2) 
PARAMETRIC_REPRESENTATION_CONTEXT() REPRESENTATION_CONTEXT('2D SPACE',''
  ) );
#5783 = ORIENTED_EDGE('',*,*,#4195,.F.);
#5784 = ORIENTED_EDGE('',*,*,#5785,.T.);
#5785 = EDGE_CURVE('',#4196,#795,#5786,.T.);
#5786 = SURFACE_CURVE('',#5787,(#5792,#5799),.PCURVE_S1.);
#5787 = CIRCLE('',#5788,3.25);
#5788 = AXIS2_PLACEMENT_3D('',#5789,#5790,#5791);
#5789 = CARTESIAN_POINT('',(67.214112757484,-52.10298245469,13.15));
#5790 = DIRECTION('',(-0.,0.,-1.));
#5791 = DIRECTION('',(0.997161150385,7.529701297771E-02,-0.));
#5792 = PCURVE('',#501,#5793);
#5793 = DEFINITIONAL_REPRESENTATION('',(#5794),#5798);
#5794 = LINE('',#5795,#5796);
#5795 = CARTESIAN_POINT('',(-0.,4.9));
#5796 = VECTOR('',#5797,1.);
#5797 = DIRECTION('',(-1.,0.));
#5798 = ( GEOMETRIC_REPRESENTATION_CONTEXT(2) 
PARAMETRIC_REPRESENTATION_CONTEXT() REPRESENTATION_CONTEXT('2D SPACE',''
  ) );
#5799 = PCURVE('',#833,#5800);
#5800 = DEFINITIONAL_REPRESENTATION('',(#5801),#5809);
#5801 = ( BOUNDED_CURVE() B_SPLINE_CURVE(2,(#5802,#5803,#5804,#5805,
#5806,#5807,#5808),.UNSPECIFIED.,.T.,.F.) B_SPLINE_CURVE_WITH_KNOTS((1,2
    ,2,2,2,1),(-2.094395102393,0.,2.094395102393,4.188790204786,
6.28318530718,8.377580409573),.UNSPECIFIED.) CURVE() 
GEOMETRIC_REPRESENTATION_ITEM() RATIONAL_B_SPLINE_CURVE((1.,0.5,1.,0.5,
1.,0.5,1.)) REPRESENTATION_ITEM('') );
#5802 = CARTESIAN_POINT('',(2.95,-12.45));
#5803 = CARTESIAN_POINT('',(-2.679165124599,-12.45));
#5804 = CARTESIAN_POINT('',(0.135417437701,-7.575));
#5805 = CARTESIAN_POINT('',(2.95,-2.7));
#5806 = CARTESIAN_POINT('',(5.764582562299,-7.575));
#5807 = CARTESIAN_POINT('',(8.579165124599,-12.45));
#5808 = CARTESIAN_POINT('',(2.95,-12.45));
#5809 = ( GEOMETRIC_REPRESENTATION_CONTEXT(2) 
PARAMETRIC_REPRESENTATION_CONTEXT() REPRESENTATION_CONTEXT('2D SPACE',''
  ) );
#5810 = ORIENTED_EDGE('',*,*,#794,.T.);
#5811 = ORIENTED_EDGE('',*,*,#5732,.F.);
#5812 = ORIENTED_EDGE('',*,*,#5763,.F.);
#5813 = ORIENTED_EDGE('',*,*,#3461,.F.);
#5814 = ADVANCED_FACE('',(#5815),#833,.F.);
#5815 = FACE_BOUND('',#5816,.T.);
#5816 = EDGE_LOOP('',(#5817,#5818,#5839,#5840,#5841));
#5817 = ORIENTED_EDGE('',*,*,#2217,.F.);
#5818 = ORIENTED_EDGE('',*,*,#5819,.T.);
#5819 = EDGE_CURVE('',#2190,#818,#5820,.T.);
#5820 = SURFACE_CURVE('',#5821,(#5825,#5832),.PCURVE_S1.);
#5821 = LINE('',#5822,#5823);
#5822 = CARTESIAN_POINT('',(62.412784687355,-54.92251233802,13.15));
#5823 = VECTOR('',#5824,1.);
#5824 = DIRECTION('',(-7.529701297771E-02,0.997161150385,-0.));
#5825 = PCURVE('',#833,#5826);
#5826 = DEFINITIONAL_REPRESENTATION('',(#5827),#5831);
#5827 = LINE('',#5828,#5829);
#5828 = CARTESIAN_POINT('',(0.5,-4.2));
#5829 = VECTOR('',#5830,1.);
#5830 = DIRECTION('',(1.,-0.));
#5831 = ( GEOMETRIC_REPRESENTATION_CONTEXT(2) 
PARAMETRIC_REPRESENTATION_CONTEXT() REPRESENTATION_CONTEXT('2D SPACE',''
  ) );
#5832 = PCURVE('',#118,#5833);
#5833 = DEFINITIONAL_REPRESENTATION('',(#5834),#5838);
#5834 = LINE('',#5835,#5836);
#5835 = CARTESIAN_POINT('',(-4.9,-0.5));
#5836 = VECTOR('',#5837,1.);
#5837 = DIRECTION('',(-0.,1.));
#5838 = ( GEOMETRIC_REPRESENTATION_CONTEXT(2) 
PARAMETRIC_REPRESENTATION_CONTEXT() REPRESENTATION_CONTEXT('2D SPACE',''
  ) );
#5839 = ORIENTED_EDGE('',*,*,#817,.T.);
#5840 = ORIENTED_EDGE('',*,*,#5785,.F.);
#5841 = ORIENTED_EDGE('',*,*,#4220,.T.);
#5842 = ADVANCED_FACE('',(#5843),#118,.T.);
#5843 = FACE_BOUND('',#5844,.F.);
#5844 = EDGE_LOOP('',(#5845,#5846,#5847,#5848,#5869));
#5845 = ORIENTED_EDGE('',*,*,#5819,.T.);
#5846 = ORIENTED_EDGE('',*,*,#845,.T.);
#5847 = ORIENTED_EDGE('',*,*,#102,.T.);
#5848 = ORIENTED_EDGE('',*,*,#5849,.T.);
#5849 = EDGE_CURVE('',#103,#4362,#5850,.T.);
#5850 = SURFACE_CURVE('',#5851,(#5855,#5862),.PCURVE_S1.);
#5851 = LINE('',#5852,#5853);
#5852 = CARTESIAN_POINT('',(62.426440944248,-55.10336265724,
    8.778395904437));
#5853 = VECTOR('',#5854,1.);
#5854 = DIRECTION('',(6.295191039229E-02,-0.833674496547,0.548656441487)
  );
#5855 = PCURVE('',#118,#5856);
#5856 = DEFINITIONAL_REPRESENTATION('',(#5857),#5861);
#5857 = LINE('',#5858,#5859);
#5858 = CARTESIAN_POINT('',(-0.528395904437,-0.681365187713));
#5859 = VECTOR('',#5860,1.);
#5860 = DIRECTION('',(-0.548656441487,-0.836047910837));
#5861 = ( GEOMETRIC_REPRESENTATION_CONTEXT(2) 
PARAMETRIC_REPRESENTATION_CONTEXT() REPRESENTATION_CONTEXT('2D SPACE',''
  ) );
#5862 = PCURVE('',#144,#5863);
#5863 = DEFINITIONAL_REPRESENTATION('',(#5864),#5868);
#5864 = LINE('',#5865,#5866);
#5865 = CARTESIAN_POINT('',(0.859561758329,-59.94972498371));
#5866 = VECTOR('',#5867,1.);
#5867 = DIRECTION('',(-1.,0.));
#5868 = ( GEOMETRIC_REPRESENTATION_CONTEXT(2) 
PARAMETRIC_REPRESENTATION_CONTEXT() REPRESENTATION_CONTEXT('2D SPACE',''
  ) );
#5869 = ORIENTED_EDGE('',*,*,#4384,.T.);
#5870 = ADVANCED_FACE('',(#5871),#144,.F.);
#5871 = FACE_BOUND('',#5872,.T.);
#5872 = EDGE_LOOP('',(#5873,#5894,#5895,#5896));
#5873 = ORIENTED_EDGE('',*,*,#5874,.F.);
#5874 = EDGE_CURVE('',#42,#4339,#5875,.T.);
#5875 = SURFACE_CURVE('',#5876,(#5880,#5887),.PCURVE_S1.);
#5876 = LINE('',#5877,#5878);
#5877 = CARTESIAN_POINT('',(7.33356162105,-59.26350191636,8.778395904437
    ));
#5878 = VECTOR('',#5879,1.);
#5879 = DIRECTION('',(6.295191039229E-02,-0.833674496547,0.548656441487)
  );
#5880 = PCURVE('',#144,#5881);
#5881 = DEFINITIONAL_REPRESENTATION('',(#5882),#5886);
#5882 = LINE('',#5883,#5884);
#5883 = CARTESIAN_POINT('',(0.859561758329,-4.7));
#5884 = VECTOR('',#5885,1.);
#5885 = DIRECTION('',(-1.,0.));
#5886 = ( GEOMETRIC_REPRESENTATION_CONTEXT(2) 
PARAMETRIC_REPRESENTATION_CONTEXT() REPRESENTATION_CONTEXT('2D SPACE',''
  ) );
#5887 = PCURVE('',#62,#5888);
#5888 = DEFINITIONAL_REPRESENTATION('',(#5889),#5893);
#5889 = LINE('',#5890,#5891);
#5890 = CARTESIAN_POINT('',(-0.528395904437,-0.681365187713));
#5891 = VECTOR('',#5892,1.);
#5892 = DIRECTION('',(-0.548656441487,-0.836047910837));
#5893 = ( GEOMETRIC_REPRESENTATION_CONTEXT(2) 
PARAMETRIC_REPRESENTATION_CONTEXT() REPRESENTATION_CONTEXT('2D SPACE',''
  ) );
#5894 = ORIENTED_EDGE('',*,*,#130,.T.);
#5895 = ORIENTED_EDGE('',*,*,#5849,.T.);
#5896 = ORIENTED_EDGE('',*,*,#4361,.F.);
#5897 = ADVANCED_FACE('',(#5898),#62,.F.);
#5898 = FACE_BOUND('',#5899,.T.);
#5899 = EDGE_LOOP('',(#5900,#5901,#5902,#5903,#5904));
#5900 = ORIENTED_EDGE('',*,*,#4697,.T.);
#5901 = ORIENTED_EDGE('',*,*,#159,.T.);
#5902 = ORIENTED_EDGE('',*,*,#39,.T.);
#5903 = ORIENTED_EDGE('',*,*,#5874,.T.);
#5904 = ORIENTED_EDGE('',*,*,#4338,.T.);
#5905 = ( GEOMETRIC_REPRESENTATION_CONTEXT(3) 
GLOBAL_UNCERTAINTY_ASSIGNED_CONTEXT((#5909)) 
GLOBAL_UNIT_ASSIGNED_CONTEXT((#5906,#5907,#5908)) REPRESENTATION_CONTEXT
('Context #1','3D Context with UNIT and UNCERTAINTY') );
#5906 = ( LENGTH_UNIT() NAMED_UNIT(*) SI_UNIT(.MILLI.,.METRE.) );
#5907 = ( NAMED_UNIT(*) PLANE_ANGLE_UNIT() SI_UNIT($,.RADIAN.) );
#5908 = ( NAMED_UNIT(*) SI_UNIT($,.STERADIAN.) SOLID_ANGLE_UNIT() );
#5909 = UNCERTAINTY_MEASURE_WITH_UNIT(LENGTH_MEASURE(2.E-07),#5906,
  'distance_accuracy_value','confusion accuracy');
#5910 = CONTEXT_DEPENDENT_SHAPE_REPRESENTATION(#5911,#5913);
#5911 = ( REPRESENTATION_RELATIONSHIP('','',#32,#10) 
REPRESENTATION_RELATIONSHIP_WITH_TRANSFORMATION(#5912) 
SHAPE_REPRESENTATION_RELATIONSHIP() );
#5912 = ITEM_DEFINED_TRANSFORMATION('','',#11,#15);
#5913 = PRODUCT_DEFINITION_SHAPE('Placement','Placement of an item',
  #5914);
#5914 = NEXT_ASSEMBLY_USAGE_OCCURRENCE('66',
  'side_carcass_centre_l__bolted','',#5,#27,$);
#5915 = PRODUCT_RELATED_PRODUCT_CATEGORY('part',$,(#29));
ENDSEC;
END-ISO-10303-21;
