ISO-10303-21;
HEADER;
FILE_DESCRIPTION(('Open CASCADE Model'),'2;1');
FILE_NAME('side_skin_tail_vented_r__bolted','2000-01-01T00:00:00',(
    'Author'),('Open CASCADE'),'Open CASCADE STEP processor 7.9',
  'build123d','Unknown');
FILE_SCHEMA(('AUTOMOTIVE_DESIGN { 1 0 10303 214 1 1 1 1 }'));
ENDSEC;
DATA;
#1 = APPLICATION_PROTOCOL_DEFINITION('international standard',
  'automotive_design',2000,#2);
#2 = APPLICATION_CONTEXT(
  'core data for automotive mechanical design processes');
#3 = SHAPE_DEFINITION_REPRESENTATION(#4,#10);
#4 = PRODUCT_DEFINITION_SHAPE('','',#5);
#5 = PRODUCT_DEFINITION('design','',#6,#9);
#6 = PRODUCT_DEFINITION_FORMATION('','',#7);
#7 = PRODUCT('side_skin_tail_vented_r__bolted',
  'side_skin_tail_vented_r__bolted','',(#8));
#8 = PRODUCT_CONTEXT('',#2,'mechanical');
#9 = PRODUCT_DEFINITION_CONTEXT('part definition',#2,'design');
#10 = SHAPE_REPRESENTATION('',(#11,#15),#19);
#11 = AXIS2_PLACEMENT_3D('',#12,#13,#14);
#12 = CARTESIAN_POINT('',(0.,0.,0.));
#13 = DIRECTION('',(0.,0.,1.));
#14 = DIRECTION('',(1.,0.,-0.));
#15 = AXIS2_PLACEMENT_3D('',#16,#17,#18);
#16 = CARTESIAN_POINT('',(-2.278032508553,22.12579027092,55.978061907215
    ));
#17 = DIRECTION('',(-0.15591897603,-0.98776984815,-1.758378790088E-16));
#18 = DIRECTION('',(7.532585216685E-08,-1.18901478767E-08,-1.));
#19 = ( GEOMETRIC_REPRESENTATION_CONTEXT(3) 
GLOBAL_UNCERTAINTY_ASSIGNED_CONTEXT((#23)) GLOBAL_UNIT_ASSIGNED_CONTEXT(
(#20,#21,#22)) REPRESENTATION_CONTEXT('Context #1',
  '3D Context with UNIT and UNCERTAINTY') );
#20 = ( LENGTH_UNIT() NAMED_UNIT(*) SI_UNIT(.MILLI.,.METRE.) );
#21 = ( NAMED_UNIT(*) PLANE_ANGLE_UNIT() SI_UNIT($,.RADIAN.) );
#22 = ( NAMED_UNIT(*) SI_UNIT($,.STERADIAN.) SOLID_ANGLE_UNIT() );
#23 = UNCERTAINTY_MEASURE_WITH_UNIT(LENGTH_MEASURE(1.E-07),#20,
  'distance_accuracy_value','confusion accuracy');
#24 = PRODUCT_RELATED_PRODUCT_CATEGORY('part',$,(#7));
#25 = SHAPE_DEFINITION_REPRESENTATION(#26,#32);
#26 = PRODUCT_DEFINITION_SHAPE('','',#27);
#27 = PRODUCT_DEFINITION('design','',#28,#31);
#28 = PRODUCT_DEFINITION_FORMATION('','',#29);
#29 = PRODUCT('side_skin_tail_vented_r__bolted',
  'side_skin_tail_vented_r__bolted','',(#30));
#30 = PRODUCT_CONTEXT('',#2,'mechanical');
#31 = PRODUCT_DEFINITION_CONTEXT('part definition',#2,'design');
#32 = ADVANCED_BREP_SHAPE_REPRESENTATION('',(#11,#33),#2921);
#33 = MANIFOLD_SOLID_BREP('',#34);
#34 = CLOSED_SHELL('',(#35,#155,#231,#392,#492,#519,#547,#1124,#1199,
    #1701,#1728,#1756,#1783,#1833,#1972,#2019,#2046,#2073,#2080,#2135,
    #2182,#2209,#2236,#2263,#2270,#2325,#2372,#2399,#2426,#2453,#2460,
    #2487,#2542,#2597,#2675,#2724,#2773,#2800,#2830,#2860,#2887,#2914));
#35 = ADVANCED_FACE('',(#36),#50,.T.);
#36 = FACE_BOUND('',#37,.T.);
#37 = EDGE_LOOP('',(#38,#73,#101,#129));
#38 = ORIENTED_EDGE('',*,*,#39,.T.);
#39 = EDGE_CURVE('',#40,#42,#44,.T.);
#40 = VERTEX_POINT('',#41);
#41 = CARTESIAN_POINT('',(6.65,5.05,9.25));
#42 = VERTEX_POINT('',#43);
#43 = CARTESIAN_POINT('',(55.978062292321,5.05,9.25));
#44 = SURFACE_CURVE('',#45,(#49,#61),.PCURVE_S1.);
#45 = LINE('',#46,#47);
#46 = CARTESIAN_POINT('',(6.65,5.05,9.25));
#47 = VECTOR('',#48,1.);
#48 = DIRECTION('',(1.,0.,0.));
#49 = PCURVE('',#50,#55);
#50 = PLANE('',#51);
#51 = AXIS2_PLACEMENT_3D('',#52,#53,#54);
#52 = CARTESIAN_POINT('',(6.65,5.05,9.25));
#53 = DIRECTION('',(0.,-1.,0.));
#54 = DIRECTION('',(0.,0.,1.));
#55 = DEFINITIONAL_REPRESENTATION('',(#56),#60);
#56 = LINE('',#57,#58);
#57 = CARTESIAN_POINT('',(0.,0.));
#58 = VECTOR('',#59,1.);
#59 = DIRECTION('',(0.,-1.));
#60 = ( GEOMETRIC_REPRESENTATION_CONTEXT(2) 
PARAMETRIC_REPRESENTATION_CONTEXT() REPRESENTATION_CONTEXT('2D SPACE',''
  ) );
#61 = PCURVE('',#62,#67);
#62 = PLANE('',#63);
#63 = AXIS2_PLACEMENT_3D('',#64,#65,#66);
#64 = CARTESIAN_POINT('',(6.65,5.05,9.25));
#65 = DIRECTION('',(0.,0.,1.));
#66 = DIRECTION('',(0.,1.,0.));
#67 = DEFINITIONAL_REPRESENTATION('',(#68),#72);
#68 = LINE('',#69,#70);
#69 = CARTESIAN_POINT('',(0.,0.));
#70 = VECTOR('',#71,1.);
#71 = DIRECTION('',(0.,-1.));
#72 = ( GEOMETRIC_REPRESENTATION_CONTEXT(2) 
PARAMETRIC_REPRESENTATION_CONTEXT() REPRESENTATION_CONTEXT('2D SPACE',''
  ) );
#73 = ORIENTED_EDGE('',*,*,#74,.T.);
#74 = EDGE_CURVE('',#42,#75,#77,.T.);
#75 = VERTEX_POINT('',#76);
#76 = CARTESIAN_POINT('',(55.978062292321,5.05,15.25));
#77 = SURFACE_CURVE('',#78,(#82,#89),.PCURVE_S1.);
#78 = LINE('',#79,#80);
#79 = CARTESIAN_POINT('',(55.978062292321,5.05,12.25));
#80 = VECTOR('',#81,1.);
#81 = DIRECTION('',(0.,0.,1.));
#82 = PCURVE('',#50,#83);
#83 = DEFINITIONAL_REPRESENTATION('',(#84),#88);
#84 = LINE('',#85,#86);
#85 = CARTESIAN_POINT('',(3.,-49.32806229232));
#86 = VECTOR('',#87,1.);
#87 = DIRECTION('',(1.,0.));
#88 = ( GEOMETRIC_REPRESENTATION_CONTEXT(2) 
PARAMETRIC_REPRESENTATION_CONTEXT() REPRESENTATION_CONTEXT('2D SPACE',''
  ) );
#89 = PCURVE('',#90,#95);
#90 = PLANE('',#91);
#91 = AXIS2_PLACEMENT_3D('',#92,#93,#94);
#92 = CARTESIAN_POINT('',(55.978062292321,5.7,12.25));
#93 = DIRECTION('',(1.,0.,0.));
#94 = DIRECTION('',(0.,1.,0.));
#95 = DEFINITIONAL_REPRESENTATION('',(#96),#100);
#96 = LINE('',#97,#98);
#97 = CARTESIAN_POINT('',(-0.65,0.));
#98 = VECTOR('',#99,1.);
#99 = DIRECTION('',(0.,1.));
#100 = ( GEOMETRIC_REPRESENTATION_CONTEXT(2) 
PARAMETRIC_REPRESENTATION_CONTEXT() REPRESENTATION_CONTEXT('2D SPACE',''
  ) );
#101 = ORIENTED_EDGE('',*,*,#102,.T.);
#102 = EDGE_CURVE('',#75,#103,#105,.T.);
#103 = VERTEX_POINT('',#104);
#104 = CARTESIAN_POINT('',(6.65,5.05,15.25));
#105 = SURFACE_CURVE('',#106,(#110,#117),.PCURVE_S1.);
#106 = LINE('',#107,#108);
#107 = CARTESIAN_POINT('',(55.978062292321,5.05,15.25));
#108 = VECTOR('',#109,1.);
#109 = DIRECTION('',(-1.,0.,0.));
#110 = PCURVE('',#50,#111);
#111 = DEFINITIONAL_REPRESENTATION('',(#112),#116);
#112 = LINE('',#113,#114);
#113 = CARTESIAN_POINT('',(6.,-49.32806229232));
#114 = VECTOR('',#115,1.);
#115 = DIRECTION('',(0.,1.));
#116 = ( GEOMETRIC_REPRESENTATION_CONTEXT(2) 
PARAMETRIC_REPRESENTATION_CONTEXT() REPRESENTATION_CONTEXT('2D SPACE',''
  ) );
#117 = PCURVE('',#118,#123);
#118 = PLANE('',#119);
#119 = AXIS2_PLACEMENT_3D('',#120,#121,#122);
#120 = CARTESIAN_POINT('',(6.65,5.05,15.25));
#121 = DIRECTION('',(0.,0.,1.));
#122 = DIRECTION('',(0.,1.,0.));
#123 = DEFINITIONAL_REPRESENTATION('',(#124),#128);
#124 = LINE('',#125,#126);
#125 = CARTESIAN_POINT('',(0.,-49.32806229232));
#126 = VECTOR('',#127,1.);
#127 = DIRECTION('',(0.,1.));
#128 = ( GEOMETRIC_REPRESENTATION_CONTEXT(2) 
PARAMETRIC_REPRESENTATION_CONTEXT() REPRESENTATION_CONTEXT('2D SPACE',''
  ) );
#129 = ORIENTED_EDGE('',*,*,#130,.F.);
#130 = EDGE_CURVE('',#40,#103,#131,.T.);
#131 = SURFACE_CURVE('',#132,(#136,#143),.PCURVE_S1.);
#132 = LINE('',#133,#134);
#133 = CARTESIAN_POINT('',(6.65,5.05,12.25));
#134 = VECTOR('',#135,1.);
#135 = DIRECTION('',(0.,0.,1.));
#136 = PCURVE('',#50,#137);
#137 = DEFINITIONAL_REPRESENTATION('',(#138),#142);
#138 = LINE('',#139,#140);
#139 = CARTESIAN_POINT('',(3.,0.));
#140 = VECTOR('',#141,1.);
#141 = DIRECTION('',(1.,0.));
#142 = ( GEOMETRIC_REPRESENTATION_CONTEXT(2) 
PARAMETRIC_REPRESENTATION_CONTEXT() REPRESENTATION_CONTEXT('2D SPACE',''
  ) );
#143 = PCURVE('',#144,#149);
#144 = PLANE('',#145);
#145 = AXIS2_PLACEMENT_3D('',#146,#147,#148);
#146 = CARTESIAN_POINT('',(6.65,5.7,12.25));
#147 = DIRECTION('',(1.,0.,0.));
#148 = DIRECTION('',(0.,1.,0.));
#149 = DEFINITIONAL_REPRESENTATION('',(#150),#154);
#150 = LINE('',#151,#152);
#151 = CARTESIAN_POINT('',(-0.65,0.));
#152 = VECTOR('',#153,1.);
#153 = DIRECTION('',(0.,1.));
#154 = ( GEOMETRIC_REPRESENTATION_CONTEXT(2) 
PARAMETRIC_REPRESENTATION_CONTEXT() REPRESENTATION_CONTEXT('2D SPACE',''
  ) );
#155 = ADVANCED_FACE('',(#156),#62,.F.);
#156 = FACE_BOUND('',#157,.F.);
#157 = EDGE_LOOP('',(#158,#159,#182,#210));
#158 = ORIENTED_EDGE('',*,*,#39,.T.);
#159 = ORIENTED_EDGE('',*,*,#160,.T.);
#160 = EDGE_CURVE('',#42,#161,#163,.T.);
#161 = VERTEX_POINT('',#162);
#162 = CARTESIAN_POINT('',(55.978062292321,6.35,9.25));
#163 = SURFACE_CURVE('',#164,(#168,#175),.PCURVE_S1.);
#164 = LINE('',#165,#166);
#165 = CARTESIAN_POINT('',(55.978062292321,5.7,9.25));
#166 = VECTOR('',#167,1.);
#167 = DIRECTION('',(0.,1.,0.));
#168 = PCURVE('',#62,#169);
#169 = DEFINITIONAL_REPRESENTATION('',(#170),#174);
#170 = LINE('',#171,#172);
#171 = CARTESIAN_POINT('',(0.65,-49.32806229232));
#172 = VECTOR('',#173,1.);
#173 = DIRECTION('',(1.,0.));
#174 = ( GEOMETRIC_REPRESENTATION_CONTEXT(2) 
PARAMETRIC_REPRESENTATION_CONTEXT() REPRESENTATION_CONTEXT('2D SPACE',''
  ) );
#175 = PCURVE('',#90,#176);
#176 = DEFINITIONAL_REPRESENTATION('',(#177),#181);
#177 = LINE('',#178,#179);
#178 = CARTESIAN_POINT('',(0.,-3.));
#179 = VECTOR('',#180,1.);
#180 = DIRECTION('',(1.,0.));
#181 = ( GEOMETRIC_REPRESENTATION_CONTEXT(2) 
PARAMETRIC_REPRESENTATION_CONTEXT() REPRESENTATION_CONTEXT('2D SPACE',''
  ) );
#182 = ORIENTED_EDGE('',*,*,#183,.F.);
#183 = EDGE_CURVE('',#184,#161,#186,.T.);
#184 = VERTEX_POINT('',#185);
#185 = CARTESIAN_POINT('',(6.65,6.35,9.25));
#186 = SURFACE_CURVE('',#187,(#191,#198),.PCURVE_S1.);
#187 = LINE('',#188,#189);
#188 = CARTESIAN_POINT('',(6.65,6.35,9.25));
#189 = VECTOR('',#190,1.);
#190 = DIRECTION('',(1.,0.,0.));
#191 = PCURVE('',#62,#192);
#192 = DEFINITIONAL_REPRESENTATION('',(#193),#197);
#193 = LINE('',#194,#195);
#194 = CARTESIAN_POINT('',(1.3,0.));
#195 = VECTOR('',#196,1.);
#196 = DIRECTION('',(0.,-1.));
#197 = ( GEOMETRIC_REPRESENTATION_CONTEXT(2) 
PARAMETRIC_REPRESENTATION_CONTEXT() REPRESENTATION_CONTEXT('2D SPACE',''
  ) );
#198 = PCURVE('',#199,#204);
#199 = PLANE('',#200);
#200 = AXIS2_PLACEMENT_3D('',#201,#202,#203);
#201 = CARTESIAN_POINT('',(6.65,6.35,9.25));
#202 = DIRECTION('',(0.,-1.,0.));
#203 = DIRECTION('',(0.,0.,1.));
#204 = DEFINITIONAL_REPRESENTATION('',(#205),#209);
#205 = LINE('',#206,#207);
#206 = CARTESIAN_POINT('',(0.,0.));
#207 = VECTOR('',#208,1.);
#208 = DIRECTION('',(0.,-1.));
#209 = ( GEOMETRIC_REPRESENTATION_CONTEXT(2) 
PARAMETRIC_REPRESENTATION_CONTEXT() REPRESENTATION_CONTEXT('2D SPACE',''
  ) );
#210 = ORIENTED_EDGE('',*,*,#211,.F.);
#211 = EDGE_CURVE('',#40,#184,#212,.T.);
#212 = SURFACE_CURVE('',#213,(#217,#224),.PCURVE_S1.);
#213 = LINE('',#214,#215);
#214 = CARTESIAN_POINT('',(6.65,5.7,9.25));
#215 = VECTOR('',#216,1.);
#216 = DIRECTION('',(0.,1.,0.));
#217 = PCURVE('',#62,#218);
#218 = DEFINITIONAL_REPRESENTATION('',(#219),#223);
#219 = LINE('',#220,#221);
#220 = CARTESIAN_POINT('',(0.65,0.));
#221 = VECTOR('',#222,1.);
#222 = DIRECTION('',(1.,0.));
#223 = ( GEOMETRIC_REPRESENTATION_CONTEXT(2) 
PARAMETRIC_REPRESENTATION_CONTEXT() REPRESENTATION_CONTEXT('2D SPACE',''
  ) );
#224 = PCURVE('',#144,#225);
#225 = DEFINITIONAL_REPRESENTATION('',(#226),#230);
#226 = LINE('',#227,#228);
#227 = CARTESIAN_POINT('',(0.,-3.));
#228 = VECTOR('',#229,1.);
#229 = DIRECTION('',(1.,0.));
#230 = ( GEOMETRIC_REPRESENTATION_CONTEXT(2) 
PARAMETRIC_REPRESENTATION_CONTEXT() REPRESENTATION_CONTEXT('2D SPACE',''
  ) );
#231 = ADVANCED_FACE('',(#232),#90,.T.);
#232 = FACE_BOUND('',#233,.T.);
#233 = EDGE_LOOP('',(#234,#235,#236,#259,#287,#315,#343,#371));
#234 = ORIENTED_EDGE('',*,*,#74,.F.);
#235 = ORIENTED_EDGE('',*,*,#160,.T.);
#236 = ORIENTED_EDGE('',*,*,#237,.T.);
#237 = EDGE_CURVE('',#161,#238,#240,.T.);
#238 = VERTEX_POINT('',#239);
#239 = CARTESIAN_POINT('',(55.978062292321,6.35,15.25));
#240 = SURFACE_CURVE('',#241,(#245,#252),.PCURVE_S1.);
#241 = LINE('',#242,#243);
#242 = CARTESIAN_POINT('',(55.978062292321,6.35,12.25));
#243 = VECTOR('',#244,1.);
#244 = DIRECTION('',(0.,0.,1.));
#245 = PCURVE('',#90,#246);
#246 = DEFINITIONAL_REPRESENTATION('',(#247),#251);
#247 = LINE('',#248,#249);
#248 = CARTESIAN_POINT('',(0.65,0.));
#249 = VECTOR('',#250,1.);
#250 = DIRECTION('',(0.,1.));
#251 = ( GEOMETRIC_REPRESENTATION_CONTEXT(2) 
PARAMETRIC_REPRESENTATION_CONTEXT() REPRESENTATION_CONTEXT('2D SPACE',''
  ) );
#252 = PCURVE('',#199,#253);
#253 = DEFINITIONAL_REPRESENTATION('',(#254),#258);
#254 = LINE('',#255,#256);
#255 = CARTESIAN_POINT('',(3.,-49.32806229232));
#256 = VECTOR('',#257,1.);
#257 = DIRECTION('',(1.,0.));
#258 = ( GEOMETRIC_REPRESENTATION_CONTEXT(2) 
PARAMETRIC_REPRESENTATION_CONTEXT() REPRESENTATION_CONTEXT('2D SPACE',''
  ) );
#259 = ORIENTED_EDGE('',*,*,#260,.T.);
#260 = EDGE_CURVE('',#238,#261,#263,.T.);
#261 = VERTEX_POINT('',#262);
#262 = CARTESIAN_POINT('',(55.978062292321,6.5,15.25));
#263 = SURFACE_CURVE('',#264,(#268,#275),.PCURVE_S1.);
#264 = LINE('',#265,#266);
#265 = CARTESIAN_POINT('',(55.978062292321,5.85,15.25));
#266 = VECTOR('',#267,1.);
#267 = DIRECTION('',(0.,1.,0.));
#268 = PCURVE('',#90,#269);
#269 = DEFINITIONAL_REPRESENTATION('',(#270),#274);
#270 = LINE('',#271,#272);
#271 = CARTESIAN_POINT('',(0.15,3.));
#272 = VECTOR('',#273,1.);
#273 = DIRECTION('',(1.,0.));
#274 = ( GEOMETRIC_REPRESENTATION_CONTEXT(2) 
PARAMETRIC_REPRESENTATION_CONTEXT() REPRESENTATION_CONTEXT('2D SPACE',''
  ) );
#275 = PCURVE('',#276,#281);
#276 = PLANE('',#277);
#277 = AXIS2_PLACEMENT_3D('',#278,#279,#280);
#278 = CARTESIAN_POINT('',(6.65,6.35,15.25));
#279 = DIRECTION('',(0.,0.,1.));
#280 = DIRECTION('',(0.,1.,0.));
#281 = DEFINITIONAL_REPRESENTATION('',(#282),#286);
#282 = LINE('',#283,#284);
#283 = CARTESIAN_POINT('',(-0.5,-49.32806229232));
#284 = VECTOR('',#285,1.);
#285 = DIRECTION('',(1.,0.));
#286 = ( GEOMETRIC_REPRESENTATION_CONTEXT(2) 
PARAMETRIC_REPRESENTATION_CONTEXT() REPRESENTATION_CONTEXT('2D SPACE',''
  ) );
#287 = ORIENTED_EDGE('',*,*,#288,.T.);
#288 = EDGE_CURVE('',#261,#289,#291,.T.);
#289 = VERTEX_POINT('',#290);
#290 = CARTESIAN_POINT('',(55.978062292321,6.5,21.85));
#291 = SURFACE_CURVE('',#292,(#296,#303),.PCURVE_S1.);
#292 = LINE('',#293,#294);
#293 = CARTESIAN_POINT('',(55.978062292321,6.5,21.5));
#294 = VECTOR('',#295,1.);
#295 = DIRECTION('',(0.,0.,1.));
#296 = PCURVE('',#90,#297);
#297 = DEFINITIONAL_REPRESENTATION('',(#298),#302);
#298 = LINE('',#299,#300);
#299 = CARTESIAN_POINT('',(0.8,9.25));
#300 = VECTOR('',#301,1.);
#301 = DIRECTION('',(0.,1.));
#302 = ( GEOMETRIC_REPRESENTATION_CONTEXT(2) 
PARAMETRIC_REPRESENTATION_CONTEXT() REPRESENTATION_CONTEXT('2D SPACE',''
  ) );
#303 = PCURVE('',#304,#309);
#304 = PLANE('',#305);
#305 = AXIS2_PLACEMENT_3D('',#306,#307,#308);
#306 = CARTESIAN_POINT('',(6.65,6.5,15.25));
#307 = DIRECTION('',(0.,-1.,0.));
#308 = DIRECTION('',(0.,0.,1.));
#309 = DEFINITIONAL_REPRESENTATION('',(#310),#314);
#310 = LINE('',#311,#312);
#311 = CARTESIAN_POINT('',(6.25,-49.32806229232));
#312 = VECTOR('',#313,1.);
#313 = DIRECTION('',(1.,0.));
#314 = ( GEOMETRIC_REPRESENTATION_CONTEXT(2) 
PARAMETRIC_REPRESENTATION_CONTEXT() REPRESENTATION_CONTEXT('2D SPACE',''
  ) );
#315 = ORIENTED_EDGE('',*,*,#316,.F.);
#316 = EDGE_CURVE('',#317,#289,#319,.T.);
#317 = VERTEX_POINT('',#318);
#318 = CARTESIAN_POINT('',(55.978062292321,5.2,21.85));
#319 = SURFACE_CURVE('',#320,(#324,#331),.PCURVE_S1.);
#320 = LINE('',#321,#322);
#321 = CARTESIAN_POINT('',(55.978062292321,2.878,21.85));
#322 = VECTOR('',#323,1.);
#323 = DIRECTION('',(-0.,1.,-0.));
#324 = PCURVE('',#90,#325);
#325 = DEFINITIONAL_REPRESENTATION('',(#326),#330);
#326 = LINE('',#327,#328);
#327 = CARTESIAN_POINT('',(-2.822,9.6));
#328 = VECTOR('',#329,1.);
#329 = DIRECTION('',(1.,0.));
#330 = ( GEOMETRIC_REPRESENTATION_CONTEXT(2) 
PARAMETRIC_REPRESENTATION_CONTEXT() REPRESENTATION_CONTEXT('2D SPACE',''
  ) );
#331 = PCURVE('',#332,#337);
#332 = PLANE('',#333);
#333 = AXIS2_PLACEMENT_3D('',#334,#335,#336);
#334 = CARTESIAN_POINT('',(55.978062292321,2.878,21.85));
#335 = DIRECTION('',(0.644472056026,0.,0.764627863082));
#336 = DIRECTION('',(-0.764627863082,0.,0.644472056026));
#337 = DEFINITIONAL_REPRESENTATION('',(#338),#342);
#338 = LINE('',#339,#340);
#339 = CARTESIAN_POINT('',(-1.001225711482E-14,0.));
#340 = VECTOR('',#341,1.);
#341 = DIRECTION('',(0.,-1.));
#342 = ( GEOMETRIC_REPRESENTATION_CONTEXT(2) 
PARAMETRIC_REPRESENTATION_CONTEXT() REPRESENTATION_CONTEXT('2D SPACE',''
  ) );
#343 = ORIENTED_EDGE('',*,*,#344,.F.);
#344 = EDGE_CURVE('',#345,#317,#347,.T.);
#345 = VERTEX_POINT('',#346);
#346 = CARTESIAN_POINT('',(55.978062292321,5.2,15.25));
#347 = SURFACE_CURVE('',#348,(#352,#359),.PCURVE_S1.);
#348 = LINE('',#349,#350);
#349 = CARTESIAN_POINT('',(55.978062292321,5.2,21.5));
#350 = VECTOR('',#351,1.);
#351 = DIRECTION('',(0.,0.,1.));
#352 = PCURVE('',#90,#353);
#353 = DEFINITIONAL_REPRESENTATION('',(#354),#358);
#354 = LINE('',#355,#356);
#355 = CARTESIAN_POINT('',(-0.5,9.25));
#356 = VECTOR('',#357,1.);
#357 = DIRECTION('',(0.,1.));
#358 = ( GEOMETRIC_REPRESENTATION_CONTEXT(2) 
PARAMETRIC_REPRESENTATION_CONTEXT() REPRESENTATION_CONTEXT('2D SPACE',''
  ) );
#359 = PCURVE('',#360,#365);
#360 = PLANE('',#361);
#361 = AXIS2_PLACEMENT_3D('',#362,#363,#364);
#362 = CARTESIAN_POINT('',(6.65,5.2,15.25));
#363 = DIRECTION('',(0.,-1.,0.));
#364 = DIRECTION('',(0.,0.,1.));
#365 = DEFINITIONAL_REPRESENTATION('',(#366),#370);
#366 = LINE('',#367,#368);
#367 = CARTESIAN_POINT('',(6.25,-49.32806229232));
#368 = VECTOR('',#369,1.);
#369 = DIRECTION('',(1.,0.));
#370 = ( GEOMETRIC_REPRESENTATION_CONTEXT(2) 
PARAMETRIC_REPRESENTATION_CONTEXT() REPRESENTATION_CONTEXT('2D SPACE',''
  ) );
#371 = ORIENTED_EDGE('',*,*,#372,.F.);
#372 = EDGE_CURVE('',#75,#345,#373,.T.);
#373 = SURFACE_CURVE('',#374,(#378,#385),.PCURVE_S1.);
#374 = LINE('',#375,#376);
#375 = CARTESIAN_POINT('',(55.978062292321,5.7,15.25));
#376 = VECTOR('',#377,1.);
#377 = DIRECTION('',(0.,1.,0.));
#378 = PCURVE('',#90,#379);
#379 = DEFINITIONAL_REPRESENTATION('',(#380),#384);
#380 = LINE('',#381,#382);
#381 = CARTESIAN_POINT('',(0.,3.));
#382 = VECTOR('',#383,1.);
#383 = DIRECTION('',(1.,0.));
#384 = ( GEOMETRIC_REPRESENTATION_CONTEXT(2) 
PARAMETRIC_REPRESENTATION_CONTEXT() REPRESENTATION_CONTEXT('2D SPACE',''
  ) );
#385 = PCURVE('',#118,#386);
#386 = DEFINITIONAL_REPRESENTATION('',(#387),#391);
#387 = LINE('',#388,#389);
#388 = CARTESIAN_POINT('',(0.65,-49.32806229232));
#389 = VECTOR('',#390,1.);
#390 = DIRECTION('',(1.,0.));
#391 = ( GEOMETRIC_REPRESENTATION_CONTEXT(2) 
PARAMETRIC_REPRESENTATION_CONTEXT() REPRESENTATION_CONTEXT('2D SPACE',''
  ) );
#392 = ADVANCED_FACE('',(#393),#118,.T.);
#393 = FACE_BOUND('',#394,.T.);
#394 = EDGE_LOOP('',(#395,#396,#397,#420,#448,#471));
#395 = ORIENTED_EDGE('',*,*,#102,.F.);
#396 = ORIENTED_EDGE('',*,*,#372,.T.);
#397 = ORIENTED_EDGE('',*,*,#398,.F.);
#398 = EDGE_CURVE('',#399,#345,#401,.T.);
#399 = VERTEX_POINT('',#400);
#400 = CARTESIAN_POINT('',(7.65,5.2,15.250000000285));
#401 = SURFACE_CURVE('',#402,(#406,#413),.PCURVE_S1.);
#402 = LINE('',#403,#404);
#403 = CARTESIAN_POINT('',(6.65,5.2,15.25));
#404 = VECTOR('',#405,1.);
#405 = DIRECTION('',(1.,0.,0.));
#406 = PCURVE('',#118,#407);
#407 = DEFINITIONAL_REPRESENTATION('',(#408),#412);
#408 = LINE('',#409,#410);
#409 = CARTESIAN_POINT('',(0.15,0.));
#410 = VECTOR('',#411,1.);
#411 = DIRECTION('',(0.,-1.));
#412 = ( GEOMETRIC_REPRESENTATION_CONTEXT(2) 
PARAMETRIC_REPRESENTATION_CONTEXT() REPRESENTATION_CONTEXT('2D SPACE',''
  ) );
#413 = PCURVE('',#360,#414);
#414 = DEFINITIONAL_REPRESENTATION('',(#415),#419);
#415 = LINE('',#416,#417);
#416 = CARTESIAN_POINT('',(0.,0.));
#417 = VECTOR('',#418,1.);
#418 = DIRECTION('',(0.,-1.));
#419 = ( GEOMETRIC_REPRESENTATION_CONTEXT(2) 
PARAMETRIC_REPRESENTATION_CONTEXT() REPRESENTATION_CONTEXT('2D SPACE',''
  ) );
#420 = ORIENTED_EDGE('',*,*,#421,.T.);
#421 = EDGE_CURVE('',#399,#422,#424,.T.);
#422 = VERTEX_POINT('',#423);
#423 = CARTESIAN_POINT('',(7.65,6.35,15.250000000285));
#424 = SURFACE_CURVE('',#425,(#429,#436),.PCURVE_S1.);
#425 = LINE('',#426,#427);
#426 = CARTESIAN_POINT('',(7.65,2.878,15.250000000569));
#427 = VECTOR('',#428,1.);
#428 = DIRECTION('',(-0.,1.,-0.));
#429 = PCURVE('',#118,#430);
#430 = DEFINITIONAL_REPRESENTATION('',(#431),#435);
#431 = LINE('',#432,#433);
#432 = CARTESIAN_POINT('',(-2.172,-1.));
#433 = VECTOR('',#434,1.);
#434 = DIRECTION('',(1.,0.));
#435 = ( GEOMETRIC_REPRESENTATION_CONTEXT(2) 
PARAMETRIC_REPRESENTATION_CONTEXT() REPRESENTATION_CONTEXT('2D SPACE',''
  ) );
#436 = PCURVE('',#437,#442);
#437 = CYLINDRICAL_SURFACE('',#438,1.);
#438 = AXIS2_PLACEMENT_3D('',#439,#440,#441);
#439 = CARTESIAN_POINT('',(7.65,2.878,16.250000001138));
#440 = DIRECTION('',(-0.,-1.,0.));
#441 = DIRECTION('',(-1.,0.,0.));
#442 = DEFINITIONAL_REPRESENTATION('',(#443),#447);
#443 = LINE('',#444,#445);
#444 = CARTESIAN_POINT('',(-4.712388980385,0.));
#445 = VECTOR('',#446,1.);
#446 = DIRECTION('',(-0.,-1.));
#447 = ( GEOMETRIC_REPRESENTATION_CONTEXT(2) 
PARAMETRIC_REPRESENTATION_CONTEXT() REPRESENTATION_CONTEXT('2D SPACE',''
  ) );
#448 = ORIENTED_EDGE('',*,*,#449,.F.);
#449 = EDGE_CURVE('',#450,#422,#452,.T.);
#450 = VERTEX_POINT('',#451);
#451 = CARTESIAN_POINT('',(6.65,6.35,15.25));
#452 = SURFACE_CURVE('',#453,(#457,#464),.PCURVE_S1.);
#453 = LINE('',#454,#455);
#454 = CARTESIAN_POINT('',(6.65,6.35,15.25));
#455 = VECTOR('',#456,1.);
#456 = DIRECTION('',(1.,0.,0.));
#457 = PCURVE('',#118,#458);
#458 = DEFINITIONAL_REPRESENTATION('',(#459),#463);
#459 = LINE('',#460,#461);
#460 = CARTESIAN_POINT('',(1.3,0.));
#461 = VECTOR('',#462,1.);
#462 = DIRECTION('',(0.,-1.));
#463 = ( GEOMETRIC_REPRESENTATION_CONTEXT(2) 
PARAMETRIC_REPRESENTATION_CONTEXT() REPRESENTATION_CONTEXT('2D SPACE',''
  ) );
#464 = PCURVE('',#199,#465);
#465 = DEFINITIONAL_REPRESENTATION('',(#466),#470);
#466 = LINE('',#467,#468);
#467 = CARTESIAN_POINT('',(6.,0.));
#468 = VECTOR('',#469,1.);
#469 = DIRECTION('',(0.,-1.));
#470 = ( GEOMETRIC_REPRESENTATION_CONTEXT(2) 
PARAMETRIC_REPRESENTATION_CONTEXT() REPRESENTATION_CONTEXT('2D SPACE',''
  ) );
#471 = ORIENTED_EDGE('',*,*,#472,.T.);
#472 = EDGE_CURVE('',#450,#103,#473,.T.);
#473 = SURFACE_CURVE('',#474,(#478,#485),.PCURVE_S1.);
#474 = LINE('',#475,#476);
#475 = CARTESIAN_POINT('',(6.65,6.35,15.25));
#476 = VECTOR('',#477,1.);
#477 = DIRECTION('',(0.,-1.,0.));
#478 = PCURVE('',#118,#479);
#479 = DEFINITIONAL_REPRESENTATION('',(#480),#484);
#480 = LINE('',#481,#482);
#481 = CARTESIAN_POINT('',(1.3,0.));
#482 = VECTOR('',#483,1.);
#483 = DIRECTION('',(-1.,0.));
#484 = ( GEOMETRIC_REPRESENTATION_CONTEXT(2) 
PARAMETRIC_REPRESENTATION_CONTEXT() REPRESENTATION_CONTEXT('2D SPACE',''
  ) );
#485 = PCURVE('',#144,#486);
#486 = DEFINITIONAL_REPRESENTATION('',(#487),#491);
#487 = LINE('',#488,#489);
#488 = CARTESIAN_POINT('',(0.65,3.));
#489 = VECTOR('',#490,1.);
#490 = DIRECTION('',(-1.,0.));
#491 = ( GEOMETRIC_REPRESENTATION_CONTEXT(2) 
PARAMETRIC_REPRESENTATION_CONTEXT() REPRESENTATION_CONTEXT('2D SPACE',''
  ) );
#492 = ADVANCED_FACE('',(#493),#144,.F.);
#493 = FACE_BOUND('',#494,.F.);
#494 = EDGE_LOOP('',(#495,#496,#497,#518));
#495 = ORIENTED_EDGE('',*,*,#130,.F.);
#496 = ORIENTED_EDGE('',*,*,#211,.T.);
#497 = ORIENTED_EDGE('',*,*,#498,.T.);
#498 = EDGE_CURVE('',#184,#450,#499,.T.);
#499 = SURFACE_CURVE('',#500,(#504,#511),.PCURVE_S1.);
#500 = LINE('',#501,#502);
#501 = CARTESIAN_POINT('',(6.65,6.35,12.25));
#502 = VECTOR('',#503,1.);
#503 = DIRECTION('',(0.,0.,1.));
#504 = PCURVE('',#144,#505);
#505 = DEFINITIONAL_REPRESENTATION('',(#506),#510);
#506 = LINE('',#507,#508);
#507 = CARTESIAN_POINT('',(0.65,0.));
#508 = VECTOR('',#509,1.);
#509 = DIRECTION('',(0.,1.));
#510 = ( GEOMETRIC_REPRESENTATION_CONTEXT(2) 
PARAMETRIC_REPRESENTATION_CONTEXT() REPRESENTATION_CONTEXT('2D SPACE',''
  ) );
#511 = PCURVE('',#199,#512);
#512 = DEFINITIONAL_REPRESENTATION('',(#513),#517);
#513 = LINE('',#514,#515);
#514 = CARTESIAN_POINT('',(3.,0.));
#515 = VECTOR('',#516,1.);
#516 = DIRECTION('',(1.,0.));
#517 = ( GEOMETRIC_REPRESENTATION_CONTEXT(2) 
PARAMETRIC_REPRESENTATION_CONTEXT() REPRESENTATION_CONTEXT('2D SPACE',''
  ) );
#518 = ORIENTED_EDGE('',*,*,#472,.T.);
#519 = ADVANCED_FACE('',(#520),#199,.F.);
#520 = FACE_BOUND('',#521,.F.);
#521 = EDGE_LOOP('',(#522,#523,#524,#545,#546));
#522 = ORIENTED_EDGE('',*,*,#183,.T.);
#523 = ORIENTED_EDGE('',*,*,#237,.T.);
#524 = ORIENTED_EDGE('',*,*,#525,.F.);
#525 = EDGE_CURVE('',#422,#238,#526,.T.);
#526 = SURFACE_CURVE('',#527,(#531,#538),.PCURVE_S1.);
#527 = LINE('',#528,#529);
#528 = CARTESIAN_POINT('',(6.65,6.35,15.25));
#529 = VECTOR('',#530,1.);
#530 = DIRECTION('',(1.,0.,0.));
#531 = PCURVE('',#199,#532);
#532 = DEFINITIONAL_REPRESENTATION('',(#533),#537);
#533 = LINE('',#534,#535);
#534 = CARTESIAN_POINT('',(6.,0.));
#535 = VECTOR('',#536,1.);
#536 = DIRECTION('',(0.,-1.));
#537 = ( GEOMETRIC_REPRESENTATION_CONTEXT(2) 
PARAMETRIC_REPRESENTATION_CONTEXT() REPRESENTATION_CONTEXT('2D SPACE',''
  ) );
#538 = PCURVE('',#276,#539);
#539 = DEFINITIONAL_REPRESENTATION('',(#540),#544);
#540 = LINE('',#541,#542);
#541 = CARTESIAN_POINT('',(0.,0.));
#542 = VECTOR('',#543,1.);
#543 = DIRECTION('',(0.,-1.));
#544 = ( GEOMETRIC_REPRESENTATION_CONTEXT(2) 
PARAMETRIC_REPRESENTATION_CONTEXT() REPRESENTATION_CONTEXT('2D SPACE',''
  ) );
#545 = ORIENTED_EDGE('',*,*,#449,.F.);
#546 = ORIENTED_EDGE('',*,*,#498,.F.);
#547 = ADVANCED_FACE('',(#548,#680,#792,#823,#958,#989),#360,.T.);
#548 = FACE_BOUND('',#549,.T.);
#549 = EDGE_LOOP('',(#550,#574,#575,#576,#597,#625,#654));
#550 = ORIENTED_EDGE('',*,*,#551,.T.);
#551 = EDGE_CURVE('',#552,#399,#554,.T.);
#552 = VERTEX_POINT('',#553);
#553 = CARTESIAN_POINT('',(6.65,5.2,16.250000001138));
#554 = SURFACE_CURVE('',#555,(#560,#567),.PCURVE_S1.);
#555 = CIRCLE('',#556,1.);
#556 = AXIS2_PLACEMENT_3D('',#557,#558,#559);
#557 = CARTESIAN_POINT('',(7.65,5.2,16.250000001138));
#558 = DIRECTION('',(-0.,-1.,0.));
#559 = DIRECTION('',(-1.,0.,0.));
#560 = PCURVE('',#360,#561);
#561 = DEFINITIONAL_REPRESENTATION('',(#562),#566);
#562 = CIRCLE('',#563,1.);
#563 = AXIS2_PLACEMENT_2D('',#564,#565);
#564 = CARTESIAN_POINT('',(1.000000001138,-1.));
#565 = DIRECTION('',(0.,1.));
#566 = ( GEOMETRIC_REPRESENTATION_CONTEXT(2) 
PARAMETRIC_REPRESENTATION_CONTEXT() REPRESENTATION_CONTEXT('2D SPACE',''
  ) );
#567 = PCURVE('',#437,#568);
#568 = DEFINITIONAL_REPRESENTATION('',(#569),#573);
#569 = LINE('',#570,#571);
#570 = CARTESIAN_POINT('',(-6.28318530718,-2.322));
#571 = VECTOR('',#572,1.);
#572 = DIRECTION('',(1.,-0.));
#573 = ( GEOMETRIC_REPRESENTATION_CONTEXT(2) 
PARAMETRIC_REPRESENTATION_CONTEXT() REPRESENTATION_CONTEXT('2D SPACE',''
  ) );
#574 = ORIENTED_EDGE('',*,*,#398,.T.);
#575 = ORIENTED_EDGE('',*,*,#344,.T.);
#576 = ORIENTED_EDGE('',*,*,#577,.T.);
#577 = EDGE_CURVE('',#317,#578,#580,.T.);
#578 = VERTEX_POINT('',#579);
#579 = CARTESIAN_POINT('',(48.978062292321,5.2,27.75));
#580 = SURFACE_CURVE('',#581,(#585,#591),.PCURVE_S1.);
#581 = LINE('',#582,#583);
#582 = CARTESIAN_POINT('',(43.184272456241,5.2,32.633337147553));
#583 = VECTOR('',#584,1.);
#584 = DIRECTION('',(-0.764627863082,0.,0.644472056026));
#585 = PCURVE('',#360,#586);
#586 = DEFINITIONAL_REPRESENTATION('',(#587),#590);
#587 = B_SPLINE_CURVE_WITH_KNOTS('',1,(#588,#589),.UNSPECIFIED.,.F.,.F.,
  (2,2),(-16.73204764538,-7.577267473261),.PIECEWISE_BEZIER_KNOTS.);
#588 = CARTESIAN_POINT('',(6.6,-49.32806229232));
#589 = CARTESIAN_POINT('',(12.5,-42.32806229232));
#590 = ( GEOMETRIC_REPRESENTATION_CONTEXT(2) 
PARAMETRIC_REPRESENTATION_CONTEXT() REPRESENTATION_CONTEXT('2D SPACE',''
  ) );
#591 = PCURVE('',#332,#592);
#592 = DEFINITIONAL_REPRESENTATION('',(#593),#596);
#593 = B_SPLINE_CURVE_WITH_KNOTS('',1,(#594,#595),.UNSPECIFIED.,.F.,.F.,
  (2,2),(-16.73204764538,-7.577267473261),.PIECEWISE_BEZIER_KNOTS.);
#594 = CARTESIAN_POINT('',(-3.552713678801E-15,-2.322));
#595 = CARTESIAN_POINT('',(9.154780172129,-2.322));
#596 = ( GEOMETRIC_REPRESENTATION_CONTEXT(2) 
PARAMETRIC_REPRESENTATION_CONTEXT() REPRESENTATION_CONTEXT('2D SPACE',''
  ) );
#597 = ORIENTED_EDGE('',*,*,#598,.F.);
#598 = EDGE_CURVE('',#599,#578,#601,.T.);
#599 = VERTEX_POINT('',#600);
#600 = CARTESIAN_POINT('',(7.65,5.2,27.75));
#601 = SURFACE_CURVE('',#602,(#606,#613),.PCURVE_S1.);
#602 = LINE('',#603,#604);
#603 = CARTESIAN_POINT('',(6.65,5.2,27.75));
#604 = VECTOR('',#605,1.);
#605 = DIRECTION('',(1.,0.,0.));
#606 = PCURVE('',#360,#607);
#607 = DEFINITIONAL_REPRESENTATION('',(#608),#612);
#608 = LINE('',#609,#610);
#609 = CARTESIAN_POINT('',(12.5,0.));
#610 = VECTOR('',#611,1.);
#611 = DIRECTION('',(0.,-1.));
#612 = ( GEOMETRIC_REPRESENTATION_CONTEXT(2) 
PARAMETRIC_REPRESENTATION_CONTEXT() REPRESENTATION_CONTEXT('2D SPACE',''
  ) );
#613 = PCURVE('',#614,#619);
#614 = PLANE('',#615);
#615 = AXIS2_PLACEMENT_3D('',#616,#617,#618);
#616 = CARTESIAN_POINT('',(6.65,5.05,27.75));
#617 = DIRECTION('',(0.,0.,1.));
#618 = DIRECTION('',(0.,1.,0.));
#619 = DEFINITIONAL_REPRESENTATION('',(#620),#624);
#620 = LINE('',#621,#622);
#621 = CARTESIAN_POINT('',(0.15,0.));
#622 = VECTOR('',#623,1.);
#623 = DIRECTION('',(0.,-1.));
#624 = ( GEOMETRIC_REPRESENTATION_CONTEXT(2) 
PARAMETRIC_REPRESENTATION_CONTEXT() REPRESENTATION_CONTEXT('2D SPACE',''
  ) );
#625 = ORIENTED_EDGE('',*,*,#626,.T.);
#626 = EDGE_CURVE('',#599,#627,#629,.T.);
#627 = VERTEX_POINT('',#628);
#628 = CARTESIAN_POINT('',(6.65,5.2,26.75));
#629 = SURFACE_CURVE('',#630,(#635,#642),.PCURVE_S1.);
#630 = CIRCLE('',#631,1.);
#631 = AXIS2_PLACEMENT_3D('',#632,#633,#634);
#632 = CARTESIAN_POINT('',(7.65,5.2,26.75));
#633 = DIRECTION('',(-0.,-1.,0.));
#634 = DIRECTION('',(-1.,0.,0.));
#635 = PCURVE('',#360,#636);
#636 = DEFINITIONAL_REPRESENTATION('',(#637),#641);
#637 = CIRCLE('',#638,1.);
#638 = AXIS2_PLACEMENT_2D('',#639,#640);
#639 = CARTESIAN_POINT('',(11.5,-1.));
#640 = DIRECTION('',(0.,1.));
#641 = ( GEOMETRIC_REPRESENTATION_CONTEXT(2) 
PARAMETRIC_REPRESENTATION_CONTEXT() REPRESENTATION_CONTEXT('2D SPACE',''
  ) );
#642 = PCURVE('',#643,#648);
#643 = CYLINDRICAL_SURFACE('',#644,1.);
#644 = AXIS2_PLACEMENT_3D('',#645,#646,#647);
#645 = CARTESIAN_POINT('',(7.65,2.878,26.75));
#646 = DIRECTION('',(-0.,-1.,0.));
#647 = DIRECTION('',(-1.,0.,0.));
#648 = DEFINITIONAL_REPRESENTATION('',(#649),#653);
#649 = LINE('',#650,#651);
#650 = CARTESIAN_POINT('',(-6.28318530718,-2.322));
#651 = VECTOR('',#652,1.);
#652 = DIRECTION('',(1.,-0.));
#653 = ( GEOMETRIC_REPRESENTATION_CONTEXT(2) 
PARAMETRIC_REPRESENTATION_CONTEXT() REPRESENTATION_CONTEXT('2D SPACE',''
  ) );
#654 = ORIENTED_EDGE('',*,*,#655,.F.);
#655 = EDGE_CURVE('',#552,#627,#656,.T.);
#656 = SURFACE_CURVE('',#657,(#661,#668),.PCURVE_S1.);
#657 = LINE('',#658,#659);
#658 = CARTESIAN_POINT('',(6.65,5.2,21.5));
#659 = VECTOR('',#660,1.);
#660 = DIRECTION('',(0.,0.,1.));
#661 = PCURVE('',#360,#662);
#662 = DEFINITIONAL_REPRESENTATION('',(#663),#667);
#663 = LINE('',#664,#665);
#664 = CARTESIAN_POINT('',(6.25,0.));
#665 = VECTOR('',#666,1.);
#666 = DIRECTION('',(1.,0.));
#667 = ( GEOMETRIC_REPRESENTATION_CONTEXT(2) 
PARAMETRIC_REPRESENTATION_CONTEXT() REPRESENTATION_CONTEXT('2D SPACE',''
  ) );
#668 = PCURVE('',#669,#674);
#669 = PLANE('',#670);
#670 = AXIS2_PLACEMENT_3D('',#671,#672,#673);
#671 = CARTESIAN_POINT('',(6.65,5.7,12.25));
#672 = DIRECTION('',(1.,0.,0.));
#673 = DIRECTION('',(0.,1.,0.));
#674 = DEFINITIONAL_REPRESENTATION('',(#675),#679);
#675 = LINE('',#676,#677);
#676 = CARTESIAN_POINT('',(-0.5,9.25));
#677 = VECTOR('',#678,1.);
#678 = DIRECTION('',(0.,1.));
#679 = ( GEOMETRIC_REPRESENTATION_CONTEXT(2) 
PARAMETRIC_REPRESENTATION_CONTEXT() REPRESENTATION_CONTEXT('2D SPACE',''
  ) );
#680 = FACE_BOUND('',#681,.T.);
#681 = EDGE_LOOP('',(#682,#713,#739,#768));
#682 = ORIENTED_EDGE('',*,*,#683,.F.);
#683 = EDGE_CURVE('',#684,#686,#688,.T.);
#684 = VERTEX_POINT('',#685);
#685 = CARTESIAN_POINT('',(47.778062292321,5.2,19.45));
#686 = VERTEX_POINT('',#687);
#687 = CARTESIAN_POINT('',(47.778062292321,5.2,23.65));
#688 = SURFACE_CURVE('',#689,(#694,#701),.PCURVE_S1.);
#689 = CIRCLE('',#690,2.1);
#690 = AXIS2_PLACEMENT_3D('',#691,#692,#693);
#691 = CARTESIAN_POINT('',(47.778062292321,5.2,21.55));
#692 = DIRECTION('',(0.,-1.,-0.));
#693 = DIRECTION('',(-1.,-0.,0.));
#694 = PCURVE('',#360,#695);
#695 = DEFINITIONAL_REPRESENTATION('',(#696),#700);
#696 = CIRCLE('',#697,2.1);
#697 = AXIS2_PLACEMENT_2D('',#698,#699);
#698 = CARTESIAN_POINT('',(6.3,-41.12806229232));
#699 = DIRECTION('',(0.,1.));
#700 = ( GEOMETRIC_REPRESENTATION_CONTEXT(2) 
PARAMETRIC_REPRESENTATION_CONTEXT() REPRESENTATION_CONTEXT('2D SPACE',''
  ) );
#701 = PCURVE('',#702,#707);
#702 = CYLINDRICAL_SURFACE('',#703,2.1);
#703 = AXIS2_PLACEMENT_3D('',#704,#705,#706);
#704 = CARTESIAN_POINT('',(47.778062292321,2.878,21.55));
#705 = DIRECTION('',(0.,-1.,-0.));
#706 = DIRECTION('',(-1.,-0.,0.));
#707 = DEFINITIONAL_REPRESENTATION('',(#708),#712);
#708 = LINE('',#709,#710);
#709 = CARTESIAN_POINT('',(-6.28318530718,-2.322));
#710 = VECTOR('',#711,1.);
#711 = DIRECTION('',(1.,-0.));
#712 = ( GEOMETRIC_REPRESENTATION_CONTEXT(2) 
PARAMETRIC_REPRESENTATION_CONTEXT() REPRESENTATION_CONTEXT('2D SPACE',''
  ) );
#713 = ORIENTED_EDGE('',*,*,#714,.F.);
#714 = EDGE_CURVE('',#715,#684,#717,.T.);
#715 = VERTEX_POINT('',#716);
#716 = CARTESIAN_POINT('',(42.978062292321,5.2,19.45));
#717 = SURFACE_CURVE('',#718,(#722,#728),.PCURVE_S1.);
#718 = LINE('',#719,#720);
#719 = CARTESIAN_POINT('',(24.81403114616,5.2,19.45));
#720 = VECTOR('',#721,1.);
#721 = DIRECTION('',(1.,0.,0.));
#722 = PCURVE('',#360,#723);
#723 = DEFINITIONAL_REPRESENTATION('',(#724),#727);
#724 = B_SPLINE_CURVE_WITH_KNOTS('',1,(#725,#726),.UNSPECIFIED.,.F.,.F.,
  (2,2),(18.16403114616,22.96403114616),.PIECEWISE_BEZIER_KNOTS.);
#725 = CARTESIAN_POINT('',(4.2,-36.32806229232));
#726 = CARTESIAN_POINT('',(4.2,-41.12806229232));
#727 = ( GEOMETRIC_REPRESENTATION_CONTEXT(2) 
PARAMETRIC_REPRESENTATION_CONTEXT() REPRESENTATION_CONTEXT('2D SPACE',''
  ) );
#728 = PCURVE('',#729,#734);
#729 = PLANE('',#730);
#730 = AXIS2_PLACEMENT_3D('',#731,#732,#733);
#731 = CARTESIAN_POINT('',(42.978062292321,2.878,19.45));
#732 = DIRECTION('',(0.,0.,-1.));
#733 = DIRECTION('',(1.,0.,0.));
#734 = DEFINITIONAL_REPRESENTATION('',(#735),#738);
#735 = B_SPLINE_CURVE_WITH_KNOTS('',1,(#736,#737),.UNSPECIFIED.,.F.,.F.,
  (2,2),(18.16403114616,22.96403114616),.PIECEWISE_BEZIER_KNOTS.);
#736 = CARTESIAN_POINT('',(0.,-2.322));
#737 = CARTESIAN_POINT('',(4.8,-2.322));
#738 = ( GEOMETRIC_REPRESENTATION_CONTEXT(2) 
PARAMETRIC_REPRESENTATION_CONTEXT() REPRESENTATION_CONTEXT('2D SPACE',''
  ) );
#739 = ORIENTED_EDGE('',*,*,#740,.F.);
#740 = EDGE_CURVE('',#741,#715,#743,.T.);
#741 = VERTEX_POINT('',#742);
#742 = CARTESIAN_POINT('',(42.978062292321,5.2,23.65));
#743 = SURFACE_CURVE('',#744,(#749,#756),.PCURVE_S1.);
#744 = CIRCLE('',#745,2.1);
#745 = AXIS2_PLACEMENT_3D('',#746,#747,#748);
#746 = CARTESIAN_POINT('',(42.978062292321,5.2,21.55));
#747 = DIRECTION('',(0.,-1.,-0.));
#748 = DIRECTION('',(1.,0.,0.));
#749 = PCURVE('',#360,#750);
#750 = DEFINITIONAL_REPRESENTATION('',(#751),#755);
#751 = CIRCLE('',#752,2.1);
#752 = AXIS2_PLACEMENT_2D('',#753,#754);
#753 = CARTESIAN_POINT('',(6.3,-36.32806229232));
#754 = DIRECTION('',(0.,-1.));
#755 = ( GEOMETRIC_REPRESENTATION_CONTEXT(2) 
PARAMETRIC_REPRESENTATION_CONTEXT() REPRESENTATION_CONTEXT('2D SPACE',''
  ) );
#756 = PCURVE('',#757,#762);
#757 = CYLINDRICAL_SURFACE('',#758,2.1);
#758 = AXIS2_PLACEMENT_3D('',#759,#760,#761);
#759 = CARTESIAN_POINT('',(42.978062292321,2.878,21.55));
#760 = DIRECTION('',(0.,-1.,-0.));
#761 = DIRECTION('',(1.,0.,0.));
#762 = DEFINITIONAL_REPRESENTATION('',(#763),#767);
#763 = LINE('',#764,#765);
#764 = CARTESIAN_POINT('',(-6.28318530718,-2.322));
#765 = VECTOR('',#766,1.);
#766 = DIRECTION('',(1.,-0.));
#767 = ( GEOMETRIC_REPRESENTATION_CONTEXT(2) 
PARAMETRIC_REPRESENTATION_CONTEXT() REPRESENTATION_CONTEXT('2D SPACE',''
  ) );
#768 = ORIENTED_EDGE('',*,*,#769,.F.);
#769 = EDGE_CURVE('',#686,#741,#770,.T.);
#770 = SURFACE_CURVE('',#771,(#775,#781),.PCURVE_S1.);
#771 = LINE('',#772,#773);
#772 = CARTESIAN_POINT('',(27.21403114616,5.2,23.65));
#773 = VECTOR('',#774,1.);
#774 = DIRECTION('',(-1.,0.,0.));
#775 = PCURVE('',#360,#776);
#776 = DEFINITIONAL_REPRESENTATION('',(#777),#780);
#777 = B_SPLINE_CURVE_WITH_KNOTS('',1,(#778,#779),.UNSPECIFIED.,.F.,.F.,
  (2,2),(-20.56403114616,-15.76403114616),.PIECEWISE_BEZIER_KNOTS.);
#778 = CARTESIAN_POINT('',(8.4,-41.12806229232));
#779 = CARTESIAN_POINT('',(8.4,-36.32806229232));
#780 = ( GEOMETRIC_REPRESENTATION_CONTEXT(2) 
PARAMETRIC_REPRESENTATION_CONTEXT() REPRESENTATION_CONTEXT('2D SPACE',''
  ) );
#781 = PCURVE('',#782,#787);
#782 = PLANE('',#783);
#783 = AXIS2_PLACEMENT_3D('',#784,#785,#786);
#784 = CARTESIAN_POINT('',(47.778062292321,2.878,23.65));
#785 = DIRECTION('',(0.,0.,1.));
#786 = DIRECTION('',(-1.,0.,0.));
#787 = DEFINITIONAL_REPRESENTATION('',(#788),#791);
#788 = B_SPLINE_CURVE_WITH_KNOTS('',1,(#789,#790),.UNSPECIFIED.,.F.,.F.,
  (2,2),(-20.56403114616,-15.76403114616),.PIECEWISE_BEZIER_KNOTS.);
#789 = CARTESIAN_POINT('',(0.,-2.322));
#790 = CARTESIAN_POINT('',(4.8,-2.322));
#791 = ( GEOMETRIC_REPRESENTATION_CONTEXT(2) 
PARAMETRIC_REPRESENTATION_CONTEXT() REPRESENTATION_CONTEXT('2D SPACE',''
  ) );
#792 = FACE_BOUND('',#793,.T.);
#793 = EDGE_LOOP('',(#794));
#794 = ORIENTED_EDGE('',*,*,#795,.F.);
#795 = EDGE_CURVE('',#796,#796,#798,.T.);
#796 = VERTEX_POINT('',#797);
#797 = CARTESIAN_POINT('',(35.778,5.2,21.5));
#798 = SURFACE_CURVE('',#799,(#804,#811),.PCURVE_S1.);
#799 = CIRCLE('',#800,2.4);
#800 = AXIS2_PLACEMENT_3D('',#801,#802,#803);
#801 = CARTESIAN_POINT('',(33.378,5.2,21.5));
#802 = DIRECTION('',(0.,-1.,0.));
#803 = DIRECTION('',(1.,0.,0.));
#804 = PCURVE('',#360,#805);
#805 = DEFINITIONAL_REPRESENTATION('',(#806),#810);
#806 = CIRCLE('',#807,2.4);
#807 = AXIS2_PLACEMENT_2D('',#808,#809);
#808 = CARTESIAN_POINT('',(6.25,-26.728));
#809 = DIRECTION('',(0.,-1.));
#810 = ( GEOMETRIC_REPRESENTATION_CONTEXT(2) 
PARAMETRIC_REPRESENTATION_CONTEXT() REPRESENTATION_CONTEXT('2D SPACE',''
  ) );
#811 = PCURVE('',#812,#817);
#812 = CYLINDRICAL_SURFACE('',#813,2.4);
#813 = AXIS2_PLACEMENT_3D('',#814,#815,#816);
#814 = CARTESIAN_POINT('',(33.378,4.25,21.5));
#815 = DIRECTION('',(0.,-1.,0.));
#816 = DIRECTION('',(1.,0.,0.));
#817 = DEFINITIONAL_REPRESENTATION('',(#818),#822);
#818 = LINE('',#819,#820);
#819 = CARTESIAN_POINT('',(0.,-0.95));
#820 = VECTOR('',#821,1.);
#821 = DIRECTION('',(1.,0.));
#822 = ( GEOMETRIC_REPRESENTATION_CONTEXT(2) 
PARAMETRIC_REPRESENTATION_CONTEXT() REPRESENTATION_CONTEXT('2D SPACE',''
  ) );
#823 = FACE_BOUND('',#824,.T.);
#824 = EDGE_LOOP('',(#825,#853,#879,#905,#934));
#825 = ORIENTED_EDGE('',*,*,#826,.F.);
#826 = EDGE_CURVE('',#827,#829,#831,.T.);
#827 = VERTEX_POINT('',#828);
#828 = CARTESIAN_POINT('',(12.151408311032,5.2,18.117949192431));
#829 = VERTEX_POINT('',#830);
#830 = CARTESIAN_POINT('',(13.017433714817,5.2,19.617949192431));
#831 = SURFACE_CURVE('',#832,(#836,#842),.PCURVE_S1.);
#832 = LINE('',#833,#834);
#833 = CARTESIAN_POINT('',(10.842803057801,5.2,15.851378406783));
#834 = VECTOR('',#835,1.);
#835 = DIRECTION('',(0.5,0.,0.866025403784));
#836 = PCURVE('',#360,#837);
#837 = DEFINITIONAL_REPRESENTATION('',(#838),#841);
#838 = B_SPLINE_CURVE_WITH_KNOTS('',1,(#839,#840),.UNSPECIFIED.,.F.,.F.,
  (2,2),(2.617210506462,4.349261314031),.PIECEWISE_BEZIER_KNOTS.);
#839 = CARTESIAN_POINT('',(2.867949192431,-5.501408311032));
#840 = CARTESIAN_POINT('',(4.367949192431,-6.367433714817));
#841 = ( GEOMETRIC_REPRESENTATION_CONTEXT(2) 
PARAMETRIC_REPRESENTATION_CONTEXT() REPRESENTATION_CONTEXT('2D SPACE',''
  ) );
#842 = PCURVE('',#843,#848);
#843 = PLANE('',#844);
#844 = AXIS2_PLACEMENT_3D('',#845,#846,#847);
#845 = CARTESIAN_POINT('',(12.151408311032,2.878,18.117949192431));
#846 = DIRECTION('',(0.866025403784,0.,-0.5));
#847 = DIRECTION('',(0.5,0.,0.866025403784));
#848 = DEFINITIONAL_REPRESENTATION('',(#849),#852);
#849 = B_SPLINE_CURVE_WITH_KNOTS('',1,(#850,#851),.UNSPECIFIED.,.F.,.F.,
  (2,2),(2.617210506462,4.349261314031),.PIECEWISE_BEZIER_KNOTS.);
#850 = CARTESIAN_POINT('',(0.,-2.322));
#851 = CARTESIAN_POINT('',(1.732050807569,-2.322));
#852 = ( GEOMETRIC_REPRESENTATION_CONTEXT(2) 
PARAMETRIC_REPRESENTATION_CONTEXT() REPRESENTATION_CONTEXT('2D SPACE',''
  ) );
#853 = ORIENTED_EDGE('',*,*,#854,.F.);
#854 = EDGE_CURVE('',#855,#827,#857,.T.);
#855 = VERTEX_POINT('',#856);
#856 = CARTESIAN_POINT('',(10.419357503464,5.2,18.117949192431));
#857 = SURFACE_CURVE('',#858,(#862,#868),.PCURVE_S1.);
#858 = LINE('',#859,#860);
#859 = CARTESIAN_POINT('',(8.534678751732,5.2,18.117949192431));
#860 = VECTOR('',#861,1.);
#861 = DIRECTION('',(1.,0.,-2.563950248511E-16));
#862 = PCURVE('',#360,#863);
#863 = DEFINITIONAL_REPRESENTATION('',(#864),#867);
#864 = B_SPLINE_CURVE_WITH_KNOTS('',1,(#865,#866),.UNSPECIFIED.,.F.,.F.,
  (2,2),(1.884678751732,3.616729559301),.PIECEWISE_BEZIER_KNOTS.);
#865 = CARTESIAN_POINT('',(2.867949192431,-3.769357503464));
#866 = CARTESIAN_POINT('',(2.867949192431,-5.501408311032));
#867 = ( GEOMETRIC_REPRESENTATION_CONTEXT(2) 
PARAMETRIC_REPRESENTATION_CONTEXT() REPRESENTATION_CONTEXT('2D SPACE',''
  ) );
#868 = PCURVE('',#869,#874);
#869 = PLANE('',#870);
#870 = AXIS2_PLACEMENT_3D('',#871,#872,#873);
#871 = CARTESIAN_POINT('',(10.419357503464,2.878,18.117949192431));
#872 = DIRECTION('',(-2.563950248511E-16,-0.,-1.));
#873 = DIRECTION('',(1.,0.,-2.563950248511E-16));
#874 = DEFINITIONAL_REPRESENTATION('',(#875),#878);
#875 = B_SPLINE_CURVE_WITH_KNOTS('',1,(#876,#877),.UNSPECIFIED.,.F.,.F.,
  (2,2),(1.884678751732,3.616729559301),.PIECEWISE_BEZIER_KNOTS.);
#876 = CARTESIAN_POINT('',(0.,-2.322));
#877 = CARTESIAN_POINT('',(1.732050807569,-2.322));
#878 = ( GEOMETRIC_REPRESENTATION_CONTEXT(2) 
PARAMETRIC_REPRESENTATION_CONTEXT() REPRESENTATION_CONTEXT('2D SPACE',''
  ) );
#879 = ORIENTED_EDGE('',*,*,#880,.F.);
#880 = EDGE_CURVE('',#881,#855,#883,.T.);
#881 = VERTEX_POINT('',#882);
#882 = CARTESIAN_POINT('',(10.418177349957,5.2,18.119993278264));
#883 = SURFACE_CURVE('',#884,(#888,#894),.PCURVE_S1.);
#884 = LINE('',#885,#886);
#885 = CARTESIAN_POINT('',(10.56852695313,5.2,17.859580126672));
#886 = VECTOR('',#887,1.);
#887 = DIRECTION('',(0.5,0.,-0.866025403784));
#888 = PCURVE('',#360,#889);
#889 = DEFINITIONAL_REPRESENTATION('',(#890),#893);
#890 = B_SPLINE_CURVE_WITH_KNOTS('',1,(#891,#892),.UNSPECIFIED.,.F.,.F.,
  (2,2),(-0.300699206344,-0.298338899332),.PIECEWISE_BEZIER_KNOTS.);
#891 = CARTESIAN_POINT('',(2.869993278264,-3.768177349957));
#892 = CARTESIAN_POINT('',(2.867949192431,-3.769357503464));
#893 = ( GEOMETRIC_REPRESENTATION_CONTEXT(2) 
PARAMETRIC_REPRESENTATION_CONTEXT() REPRESENTATION_CONTEXT('2D SPACE',''
  ) );
#894 = PCURVE('',#895,#900);
#895 = PLANE('',#896);
#896 = AXIS2_PLACEMENT_3D('',#897,#898,#899);
#897 = CARTESIAN_POINT('',(10.418177349957,2.878,18.119993278264));
#898 = DIRECTION('',(-0.866025403784,-0.,-0.5));
#899 = DIRECTION('',(0.5,0.,-0.866025403784));
#900 = DEFINITIONAL_REPRESENTATION('',(#901),#904);
#901 = B_SPLINE_CURVE_WITH_KNOTS('',1,(#902,#903),.UNSPECIFIED.,.F.,.F.,
  (2,2),(-0.300699206344,-0.298338899332),.PIECEWISE_BEZIER_KNOTS.);
#902 = CARTESIAN_POINT('',(0.,-2.322));
#903 = CARTESIAN_POINT('',(2.360307012095E-03,-2.322));
#904 = ( GEOMETRIC_REPRESENTATION_CONTEXT(2) 
PARAMETRIC_REPRESENTATION_CONTEXT() REPRESENTATION_CONTEXT('2D SPACE',''
  ) );
#905 = ORIENTED_EDGE('',*,*,#906,.T.);
#906 = EDGE_CURVE('',#881,#907,#909,.T.);
#907 = VERTEX_POINT('',#908);
#908 = CARTESIAN_POINT('',(12.952841157323,5.2,19.729826783801));
#909 = SURFACE_CURVE('',#910,(#915,#922),.PCURVE_S1.);
#910 = CIRCLE('',#911,3.4);
#911 = AXIS2_PLACEMENT_3D('',#912,#913,#914);
#912 = CARTESIAN_POINT('',(10.05,5.2,21.5));
#913 = DIRECTION('',(0.,-1.,0.));
#914 = DIRECTION('',(1.,0.,0.));
#915 = PCURVE('',#360,#916);
#916 = DEFINITIONAL_REPRESENTATION('',(#917),#921);
#917 = CIRCLE('',#918,3.4);
#918 = AXIS2_PLACEMENT_2D('',#919,#920);
#919 = CARTESIAN_POINT('',(6.25,-3.4));
#920 = DIRECTION('',(0.,-1.));
#921 = ( GEOMETRIC_REPRESENTATION_CONTEXT(2) 
PARAMETRIC_REPRESENTATION_CONTEXT() REPRESENTATION_CONTEXT('2D SPACE',''
  ) );
#922 = PCURVE('',#923,#928);
#923 = CYLINDRICAL_SURFACE('',#924,3.4);
#924 = AXIS2_PLACEMENT_3D('',#925,#926,#927);
#925 = CARTESIAN_POINT('',(10.05,2.878,21.5));
#926 = DIRECTION('',(0.,-1.,0.));
#927 = DIRECTION('',(1.,0.,0.));
#928 = DEFINITIONAL_REPRESENTATION('',(#929),#933);
#929 = LINE('',#930,#931);
#930 = CARTESIAN_POINT('',(0.,-2.322));
#931 = VECTOR('',#932,1.);
#932 = DIRECTION('',(1.,0.));
#933 = ( GEOMETRIC_REPRESENTATION_CONTEXT(2) 
PARAMETRIC_REPRESENTATION_CONTEXT() REPRESENTATION_CONTEXT('2D SPACE',''
  ) );
#934 = ORIENTED_EDGE('',*,*,#935,.F.);
#935 = EDGE_CURVE('',#829,#907,#936,.T.);
#936 = SURFACE_CURVE('',#937,(#941,#947),.PCURVE_S1.);
#937 = LINE('',#938,#939);
#938 = CARTESIAN_POINT('',(13.167193241236,5.2,19.358558083756));
#939 = VECTOR('',#940,1.);
#940 = DIRECTION('',(-0.5,0.,0.866025403784));
#941 = PCURVE('',#360,#942);
#942 = DEFINITIONAL_REPRESENTATION('',(#943),#946);
#943 = B_SPLINE_CURVE_WITH_KNOTS('',1,(#944,#945),.UNSPECIFIED.,.F.,.F.,
  (2,2),(0.299519052838,0.428704167825),.PIECEWISE_BEZIER_KNOTS.);
#944 = CARTESIAN_POINT('',(4.367949192431,-6.367433714817));
#945 = CARTESIAN_POINT('',(4.479826783801,-6.302841157323));
#946 = ( GEOMETRIC_REPRESENTATION_CONTEXT(2) 
PARAMETRIC_REPRESENTATION_CONTEXT() REPRESENTATION_CONTEXT('2D SPACE',''
  ) );
#947 = PCURVE('',#948,#953);
#948 = PLANE('',#949);
#949 = AXIS2_PLACEMENT_3D('',#950,#951,#952);
#950 = CARTESIAN_POINT('',(13.017433714817,2.878,19.617949192431));
#951 = DIRECTION('',(0.866025403784,0.,0.5));
#952 = DIRECTION('',(-0.5,0.,0.866025403784));
#953 = DEFINITIONAL_REPRESENTATION('',(#954),#957);
#954 = B_SPLINE_CURVE_WITH_KNOTS('',1,(#955,#956),.UNSPECIFIED.,.F.,.F.,
  (2,2),(0.299519052838,0.428704167825),.PIECEWISE_BEZIER_KNOTS.);
#955 = CARTESIAN_POINT('',(0.,-2.322));
#956 = CARTESIAN_POINT('',(0.129185114987,-2.322));
#957 = ( GEOMETRIC_REPRESENTATION_CONTEXT(2) 
PARAMETRIC_REPRESENTATION_CONTEXT() REPRESENTATION_CONTEXT('2D SPACE',''
  ) );
#958 = FACE_BOUND('',#959,.T.);
#959 = EDGE_LOOP('',(#960));
#960 = ORIENTED_EDGE('',*,*,#961,.F.);
#961 = EDGE_CURVE('',#962,#962,#964,.T.);
#962 = VERTEX_POINT('',#963);
#963 = CARTESIAN_POINT('',(12.45,5.2,21.5));
#964 = SURFACE_CURVE('',#965,(#970,#977),.PCURVE_S1.);
#965 = CIRCLE('',#966,2.4);
#966 = AXIS2_PLACEMENT_3D('',#967,#968,#969);
#967 = CARTESIAN_POINT('',(10.05,5.2,21.5));
#968 = DIRECTION('',(0.,-1.,0.));
#969 = DIRECTION('',(1.,0.,0.));
#970 = PCURVE('',#360,#971);
#971 = DEFINITIONAL_REPRESENTATION('',(#972),#976);
#972 = CIRCLE('',#973,2.4);
#973 = AXIS2_PLACEMENT_2D('',#974,#975);
#974 = CARTESIAN_POINT('',(6.25,-3.4));
#975 = DIRECTION('',(0.,-1.));
#976 = ( GEOMETRIC_REPRESENTATION_CONTEXT(2) 
PARAMETRIC_REPRESENTATION_CONTEXT() REPRESENTATION_CONTEXT('2D SPACE',''
  ) );
#977 = PCURVE('',#978,#983);
#978 = CYLINDRICAL_SURFACE('',#979,2.4);
#979 = AXIS2_PLACEMENT_3D('',#980,#981,#982);
#980 = CARTESIAN_POINT('',(10.05,4.25,21.5));
#981 = DIRECTION('',(0.,-1.,0.));
#982 = DIRECTION('',(1.,0.,0.));
#983 = DEFINITIONAL_REPRESENTATION('',(#984),#988);
#984 = LINE('',#985,#986);
#985 = CARTESIAN_POINT('',(0.,-0.95));
#986 = VECTOR('',#987,1.);
#987 = DIRECTION('',(1.,0.));
#988 = ( GEOMETRIC_REPRESENTATION_CONTEXT(2) 
PARAMETRIC_REPRESENTATION_CONTEXT() REPRESENTATION_CONTEXT('2D SPACE',''
  ) );
#989 = FACE_BOUND('',#990,.T.);
#990 = EDGE_LOOP('',(#991,#1019,#1048,#1074,#1100));
#991 = ORIENTED_EDGE('',*,*,#992,.F.);
#992 = EDGE_CURVE('',#993,#995,#997,.T.);
#993 = VERTEX_POINT('',#994);
#994 = CARTESIAN_POINT('',(12.68719993185,5.2,23.645967501956));
#995 = VERTEX_POINT('',#996);
#996 = CARTESIAN_POINT('',(13.017433714817,5.2,24.217949192431));
#997 = SURFACE_CURVE('',#998,(#1002,#1008),.PCURVE_S1.);
#998 = LINE('',#999,#1000);
#999 = CARTESIAN_POINT('',(10.114769653858,5.2,19.190387561546));
#1000 = VECTOR('',#1001,1.);
#1001 = DIRECTION('',(0.5,0.,0.866025403784));
#1002 = PCURVE('',#360,#1003);
#1003 = DEFINITIONAL_REPRESENTATION('',(#1004),#1007);
#1004 = B_SPLINE_CURVE_WITH_KNOTS('',1,(#1005,#1006),.UNSPECIFIED.,.F.,
  .F.,(2,2),(5.144860555984,5.805328121918),.PIECEWISE_BEZIER_KNOTS.);
#1005 = CARTESIAN_POINT('',(8.395967501956,-6.03719993185));
#1006 = CARTESIAN_POINT('',(8.967949192431,-6.367433714817));
#1007 = ( GEOMETRIC_REPRESENTATION_CONTEXT(2) 
PARAMETRIC_REPRESENTATION_CONTEXT() REPRESENTATION_CONTEXT('2D SPACE',''
  ) );
#1008 = PCURVE('',#1009,#1014);
#1009 = PLANE('',#1010);
#1010 = AXIS2_PLACEMENT_3D('',#1011,#1012,#1013);
#1011 = CARTESIAN_POINT('',(12.68719993185,2.878,23.645967501956));
#1012 = DIRECTION('',(0.866025403784,0.,-0.5));
#1013 = DIRECTION('',(0.5,0.,0.866025403784));
#1014 = DEFINITIONAL_REPRESENTATION('',(#1015),#1018);
#1015 = B_SPLINE_CURVE_WITH_KNOTS('',1,(#1016,#1017),.UNSPECIFIED.,.F.,
  .F.,(2,2),(5.144860555984,5.805328121918),.PIECEWISE_BEZIER_KNOTS.);
#1016 = CARTESIAN_POINT('',(-1.7763568394E-15,-2.322));
#1017 = CARTESIAN_POINT('',(0.660467565935,-2.322));
#1018 = ( GEOMETRIC_REPRESENTATION_CONTEXT(2) 
PARAMETRIC_REPRESENTATION_CONTEXT() REPRESENTATION_CONTEXT('2D SPACE',''
  ) );
#1019 = ORIENTED_EDGE('',*,*,#1020,.T.);
#1020 = EDGE_CURVE('',#993,#1021,#1023,.T.);
#1021 = VERTEX_POINT('',#1022);
#1022 = CARTESIAN_POINT('',(9.946199293395,5.2,24.898415132574));
#1023 = SURFACE_CURVE('',#1024,(#1029,#1036),.PCURVE_S1.);
#1024 = CIRCLE('',#1025,3.4);
#1025 = AXIS2_PLACEMENT_3D('',#1026,#1027,#1028);
#1026 = CARTESIAN_POINT('',(10.05,5.2,21.5));
#1027 = DIRECTION('',(0.,-1.,0.));
#1028 = DIRECTION('',(1.,0.,0.));
#1029 = PCURVE('',#360,#1030);
#1030 = DEFINITIONAL_REPRESENTATION('',(#1031),#1035);
#1031 = CIRCLE('',#1032,3.4);
#1032 = AXIS2_PLACEMENT_2D('',#1033,#1034);
#1033 = CARTESIAN_POINT('',(6.25,-3.4));
#1034 = DIRECTION('',(0.,-1.));
#1035 = ( GEOMETRIC_REPRESENTATION_CONTEXT(2) 
PARAMETRIC_REPRESENTATION_CONTEXT() REPRESENTATION_CONTEXT('2D SPACE',''
  ) );
#1036 = PCURVE('',#1037,#1042);
#1037 = CYLINDRICAL_SURFACE('',#1038,3.4);
#1038 = AXIS2_PLACEMENT_3D('',#1039,#1040,#1041);
#1039 = CARTESIAN_POINT('',(10.05,2.878,21.5));
#1040 = DIRECTION('',(0.,-1.,0.));
#1041 = DIRECTION('',(1.,0.,0.));
#1042 = DEFINITIONAL_REPRESENTATION('',(#1043),#1047);
#1043 = LINE('',#1044,#1045);
#1044 = CARTESIAN_POINT('',(0.,-2.322));
#1045 = VECTOR('',#1046,1.);
#1046 = DIRECTION('',(1.,0.));
#1047 = ( GEOMETRIC_REPRESENTATION_CONTEXT(2) 
PARAMETRIC_REPRESENTATION_CONTEXT() REPRESENTATION_CONTEXT('2D SPACE',''
  ) );
#1048 = ORIENTED_EDGE('',*,*,#1049,.F.);
#1049 = EDGE_CURVE('',#1050,#1021,#1052,.T.);
#1050 = VERTEX_POINT('',#1051);
#1051 = CARTESIAN_POINT('',(10.419357503464,5.2,25.717949192431));
#1052 = SURFACE_CURVE('',#1053,(#1057,#1063),.PCURVE_S1.);
#1053 = LINE('',#1054,#1055);
#1054 = CARTESIAN_POINT('',(7.681810333988,5.2,20.976378406783));
#1055 = VECTOR('',#1056,1.);
#1056 = DIRECTION('',(-0.5,-0.,-0.866025403784));
#1057 = PCURVE('',#360,#1058);
#1058 = DEFINITIONAL_REPRESENTATION('',(#1059),#1062);
#1059 = B_SPLINE_CURVE_WITH_KNOTS('',1,(#1060,#1061),.UNSPECIFIED.,.F.,
  .F.,(2,2),(-5.475094338951,-4.528777918814),.PIECEWISE_BEZIER_KNOTS.);
#1060 = CARTESIAN_POINT('',(10.467949192431,-3.769357503464));
#1061 = CARTESIAN_POINT('',(9.648415132574,-3.296199293395));
#1062 = ( GEOMETRIC_REPRESENTATION_CONTEXT(2) 
PARAMETRIC_REPRESENTATION_CONTEXT() REPRESENTATION_CONTEXT('2D SPACE',''
  ) );
#1063 = PCURVE('',#1064,#1069);
#1064 = PLANE('',#1065);
#1065 = AXIS2_PLACEMENT_3D('',#1066,#1067,#1068);
#1066 = CARTESIAN_POINT('',(10.419357503464,2.878,25.717949192431));
#1067 = DIRECTION('',(-0.866025403784,0.,0.5));
#1068 = DIRECTION('',(-0.5,0.,-0.866025403784));
#1069 = DEFINITIONAL_REPRESENTATION('',(#1070),#1073);
#1070 = B_SPLINE_CURVE_WITH_KNOTS('',1,(#1071,#1072),.UNSPECIFIED.,.F.,
  .F.,(2,2),(-5.475094338951,-4.528777918814),.PIECEWISE_BEZIER_KNOTS.);
#1071 = CARTESIAN_POINT('',(0.,-2.322));
#1072 = CARTESIAN_POINT('',(0.946316420137,-2.322));
#1073 = ( GEOMETRIC_REPRESENTATION_CONTEXT(2) 
PARAMETRIC_REPRESENTATION_CONTEXT() REPRESENTATION_CONTEXT('2D SPACE',''
  ) );
#1074 = ORIENTED_EDGE('',*,*,#1075,.F.);
#1075 = EDGE_CURVE('',#1076,#1050,#1078,.T.);
#1076 = VERTEX_POINT('',#1077);
#1077 = CARTESIAN_POINT('',(12.151408311032,5.2,25.717949192431));
#1078 = SURFACE_CURVE('',#1079,(#1083,#1089),.PCURVE_S1.);
#1079 = LINE('',#1080,#1081);
#1080 = CARTESIAN_POINT('',(9.400704155516,5.2,25.717949192431));
#1081 = VECTOR('',#1082,1.);
#1082 = DIRECTION('',(-1.,0.,1.281975124256E-16));
#1083 = PCURVE('',#360,#1084);
#1084 = DEFINITIONAL_REPRESENTATION('',(#1085),#1088);
#1085 = B_SPLINE_CURVE_WITH_KNOTS('',1,(#1086,#1087),.UNSPECIFIED.,.F.,
  .F.,(2,2),(-2.750704155516,-1.018653347947),.PIECEWISE_BEZIER_KNOTS.);
#1086 = CARTESIAN_POINT('',(10.467949192431,-5.501408311032));
#1087 = CARTESIAN_POINT('',(10.467949192431,-3.769357503464));
#1088 = ( GEOMETRIC_REPRESENTATION_CONTEXT(2) 
PARAMETRIC_REPRESENTATION_CONTEXT() REPRESENTATION_CONTEXT('2D SPACE',''
  ) );
#1089 = PCURVE('',#1090,#1095);
#1090 = PLANE('',#1091);
#1091 = AXIS2_PLACEMENT_3D('',#1092,#1093,#1094);
#1092 = CARTESIAN_POINT('',(12.151408311032,2.878,25.717949192431));
#1093 = DIRECTION('',(1.281975124256E-16,0.,1.));
#1094 = DIRECTION('',(-1.,0.,1.281975124256E-16));
#1095 = DEFINITIONAL_REPRESENTATION('',(#1096),#1099);
#1096 = B_SPLINE_CURVE_WITH_KNOTS('',1,(#1097,#1098),.UNSPECIFIED.,.F.,
  .F.,(2,2),(-2.750704155516,-1.018653347947),.PIECEWISE_BEZIER_KNOTS.);
#1097 = CARTESIAN_POINT('',(0.,-2.322));
#1098 = CARTESIAN_POINT('',(1.732050807569,-2.322));
#1099 = ( GEOMETRIC_REPRESENTATION_CONTEXT(2) 
PARAMETRIC_REPRESENTATION_CONTEXT() REPRESENTATION_CONTEXT('2D SPACE',''
  ) );
#1100 = ORIENTED_EDGE('',*,*,#1101,.F.);
#1101 = EDGE_CURVE('',#995,#1076,#1102,.T.);
#1102 = SURFACE_CURVE('',#1103,(#1107,#1113),.PCURVE_S1.);
#1103 = LINE('',#1104,#1105);
#1104 = CARTESIAN_POINT('',(14.163122455588,5.2,22.233558083756));
#1105 = VECTOR('',#1106,1.);
#1106 = DIRECTION('',(-0.5,0.,0.866025403784));
#1107 = PCURVE('',#360,#1108);
#1108 = DEFINITIONAL_REPRESENTATION('',(#1109),#1112);
#1109 = B_SPLINE_CURVE_WITH_KNOTS('',1,(#1110,#1111),.UNSPECIFIED.,.F.,
  .F.,(2,2),(2.291377481543,4.023428289111),.PIECEWISE_BEZIER_KNOTS.);
#1110 = CARTESIAN_POINT('',(8.967949192431,-6.367433714817));
#1111 = CARTESIAN_POINT('',(10.467949192431,-5.501408311032));
#1112 = ( GEOMETRIC_REPRESENTATION_CONTEXT(2) 
PARAMETRIC_REPRESENTATION_CONTEXT() REPRESENTATION_CONTEXT('2D SPACE',''
  ) );
#1113 = PCURVE('',#1114,#1119);
#1114 = PLANE('',#1115);
#1115 = AXIS2_PLACEMENT_3D('',#1116,#1117,#1118);
#1116 = CARTESIAN_POINT('',(13.017433714817,2.878,24.217949192431));
#1117 = DIRECTION('',(0.866025403784,0.,0.5));
#1118 = DIRECTION('',(-0.5,0.,0.866025403784));
#1119 = DEFINITIONAL_REPRESENTATION('',(#1120),#1123);
#1120 = B_SPLINE_CURVE_WITH_KNOTS('',1,(#1121,#1122),.UNSPECIFIED.,.F.,
  .F.,(2,2),(2.291377481543,4.023428289111),.PIECEWISE_BEZIER_KNOTS.);
#1121 = CARTESIAN_POINT('',(0.,-2.322));
#1122 = CARTESIAN_POINT('',(1.732050807569,-2.322));
#1123 = ( GEOMETRIC_REPRESENTATION_CONTEXT(2) 
PARAMETRIC_REPRESENTATION_CONTEXT() REPRESENTATION_CONTEXT('2D SPACE',''
  ) );
#1124 = ADVANCED_FACE('',(#1125),#332,.T.);
#1125 = FACE_BOUND('',#1126,.T.);
#1126 = EDGE_LOOP('',(#1127,#1128,#1129,#1150,#1178));
#1127 = ORIENTED_EDGE('',*,*,#577,.F.);
#1128 = ORIENTED_EDGE('',*,*,#316,.T.);
#1129 = ORIENTED_EDGE('',*,*,#1130,.T.);
#1130 = EDGE_CURVE('',#289,#1131,#1133,.T.);
#1131 = VERTEX_POINT('',#1132);
#1132 = CARTESIAN_POINT('',(48.978062292321,6.5,27.75));
#1133 = SURFACE_CURVE('',#1134,(#1138,#1144),.PCURVE_S1.);
#1134 = LINE('',#1135,#1136);
#1135 = CARTESIAN_POINT('',(43.184272456241,6.5,32.633337147553));
#1136 = VECTOR('',#1137,1.);
#1137 = DIRECTION('',(-0.764627863082,0.,0.644472056026));
#1138 = PCURVE('',#332,#1139);
#1139 = DEFINITIONAL_REPRESENTATION('',(#1140),#1143);
#1140 = B_SPLINE_CURVE_WITH_KNOTS('',1,(#1141,#1142),.UNSPECIFIED.,.F.,
  .F.,(2,2),(-16.73204764538,-7.577267473261),.PIECEWISE_BEZIER_KNOTS.);
#1141 = CARTESIAN_POINT('',(-3.552713678801E-15,-3.622));
#1142 = CARTESIAN_POINT('',(9.154780172129,-3.622));
#1143 = ( GEOMETRIC_REPRESENTATION_CONTEXT(2) 
PARAMETRIC_REPRESENTATION_CONTEXT() REPRESENTATION_CONTEXT('2D SPACE',''
  ) );
#1144 = PCURVE('',#304,#1145);
#1145 = DEFINITIONAL_REPRESENTATION('',(#1146),#1149);
#1146 = B_SPLINE_CURVE_WITH_KNOTS('',1,(#1147,#1148),.UNSPECIFIED.,.F.,
  .F.,(2,2),(-16.73204764538,-7.577267473261),.PIECEWISE_BEZIER_KNOTS.);
#1147 = CARTESIAN_POINT('',(6.6,-49.32806229232));
#1148 = CARTESIAN_POINT('',(12.5,-42.32806229232));
#1149 = ( GEOMETRIC_REPRESENTATION_CONTEXT(2) 
PARAMETRIC_REPRESENTATION_CONTEXT() REPRESENTATION_CONTEXT('2D SPACE',''
  ) );
#1150 = ORIENTED_EDGE('',*,*,#1151,.F.);
#1151 = EDGE_CURVE('',#1152,#1131,#1154,.T.);
#1152 = VERTEX_POINT('',#1153);
#1153 = CARTESIAN_POINT('',(48.978062292321,6.35,27.75));
#1154 = SURFACE_CURVE('',#1155,(#1159,#1166),.PCURVE_S1.);
#1155 = LINE('',#1156,#1157);
#1156 = CARTESIAN_POINT('',(48.978062292321,2.878,27.75));
#1157 = VECTOR('',#1158,1.);
#1158 = DIRECTION('',(-0.,1.,-0.));
#1159 = PCURVE('',#332,#1160);
#1160 = DEFINITIONAL_REPRESENTATION('',(#1161),#1165);
#1161 = LINE('',#1162,#1163);
#1162 = CARTESIAN_POINT('',(9.154780172129,0.));
#1163 = VECTOR('',#1164,1.);
#1164 = DIRECTION('',(0.,-1.));
#1165 = ( GEOMETRIC_REPRESENTATION_CONTEXT(2) 
PARAMETRIC_REPRESENTATION_CONTEXT() REPRESENTATION_CONTEXT('2D SPACE',''
  ) );
#1166 = PCURVE('',#1167,#1172);
#1167 = PLANE('',#1168);
#1168 = AXIS2_PLACEMENT_3D('',#1169,#1170,#1171);
#1169 = CARTESIAN_POINT('',(6.65,6.35,27.75));
#1170 = DIRECTION('',(0.,0.,1.));
#1171 = DIRECTION('',(0.,1.,0.));
#1172 = DEFINITIONAL_REPRESENTATION('',(#1173),#1177);
#1173 = LINE('',#1174,#1175);
#1174 = CARTESIAN_POINT('',(-3.472,-42.32806229232));
#1175 = VECTOR('',#1176,1.);
#1176 = DIRECTION('',(1.,0.));
#1177 = ( GEOMETRIC_REPRESENTATION_CONTEXT(2) 
PARAMETRIC_REPRESENTATION_CONTEXT() REPRESENTATION_CONTEXT('2D SPACE',''
  ) );
#1178 = ORIENTED_EDGE('',*,*,#1179,.F.);
#1179 = EDGE_CURVE('',#578,#1152,#1180,.T.);
#1180 = SURFACE_CURVE('',#1181,(#1185,#1192),.PCURVE_S1.);
#1181 = LINE('',#1182,#1183);
#1182 = CARTESIAN_POINT('',(48.978062292321,2.878,27.75));
#1183 = VECTOR('',#1184,1.);
#1184 = DIRECTION('',(-0.,1.,-0.));
#1185 = PCURVE('',#332,#1186);
#1186 = DEFINITIONAL_REPRESENTATION('',(#1187),#1191);
#1187 = LINE('',#1188,#1189);
#1188 = CARTESIAN_POINT('',(9.154780172129,0.));
#1189 = VECTOR('',#1190,1.);
#1190 = DIRECTION('',(0.,-1.));
#1191 = ( GEOMETRIC_REPRESENTATION_CONTEXT(2) 
PARAMETRIC_REPRESENTATION_CONTEXT() REPRESENTATION_CONTEXT('2D SPACE',''
  ) );
#1192 = PCURVE('',#614,#1193);
#1193 = DEFINITIONAL_REPRESENTATION('',(#1194),#1198);
#1194 = LINE('',#1195,#1196);
#1195 = CARTESIAN_POINT('',(-2.172,-42.32806229232));
#1196 = VECTOR('',#1197,1.);
#1197 = DIRECTION('',(1.,0.));
#1198 = ( GEOMETRIC_REPRESENTATION_CONTEXT(2) 
PARAMETRIC_REPRESENTATION_CONTEXT() REPRESENTATION_CONTEXT('2D SPACE',''
  ) );
#1199 = ADVANCED_FACE('',(#1200,#1319,#1411,#1446,#1556,#1591),#304,.F.
  );
#1200 = FACE_BOUND('',#1201,.F.);
#1201 = EDGE_LOOP('',(#1202,#1228,#1249,#1250,#1251,#1274,#1298));
#1202 = ORIENTED_EDGE('',*,*,#1203,.T.);
#1203 = EDGE_CURVE('',#1204,#1206,#1208,.T.);
#1204 = VERTEX_POINT('',#1205);
#1205 = CARTESIAN_POINT('',(6.65,6.5,16.250000001138));
#1206 = VERTEX_POINT('',#1207);
#1207 = CARTESIAN_POINT('',(7.65,6.5,15.250000000285));
#1208 = SURFACE_CURVE('',#1209,(#1214,#1221),.PCURVE_S1.);
#1209 = CIRCLE('',#1210,1.);
#1210 = AXIS2_PLACEMENT_3D('',#1211,#1212,#1213);
#1211 = CARTESIAN_POINT('',(7.65,6.5,16.250000001138));
#1212 = DIRECTION('',(-0.,-1.,0.));
#1213 = DIRECTION('',(-1.,0.,0.));
#1214 = PCURVE('',#304,#1215);
#1215 = DEFINITIONAL_REPRESENTATION('',(#1216),#1220);
#1216 = CIRCLE('',#1217,1.);
#1217 = AXIS2_PLACEMENT_2D('',#1218,#1219);
#1218 = CARTESIAN_POINT('',(1.000000001138,-1.));
#1219 = DIRECTION('',(0.,1.));
#1220 = ( GEOMETRIC_REPRESENTATION_CONTEXT(2) 
PARAMETRIC_REPRESENTATION_CONTEXT() REPRESENTATION_CONTEXT('2D SPACE',''
  ) );
#1221 = PCURVE('',#437,#1222);
#1222 = DEFINITIONAL_REPRESENTATION('',(#1223),#1227);
#1223 = LINE('',#1224,#1225);
#1224 = CARTESIAN_POINT('',(-6.28318530718,-3.622));
#1225 = VECTOR('',#1226,1.);
#1226 = DIRECTION('',(1.,-0.));
#1227 = ( GEOMETRIC_REPRESENTATION_CONTEXT(2) 
PARAMETRIC_REPRESENTATION_CONTEXT() REPRESENTATION_CONTEXT('2D SPACE',''
  ) );
#1228 = ORIENTED_EDGE('',*,*,#1229,.T.);
#1229 = EDGE_CURVE('',#1206,#261,#1230,.T.);
#1230 = SURFACE_CURVE('',#1231,(#1235,#1242),.PCURVE_S1.);
#1231 = LINE('',#1232,#1233);
#1232 = CARTESIAN_POINT('',(6.65,6.5,15.25));
#1233 = VECTOR('',#1234,1.);
#1234 = DIRECTION('',(1.,0.,0.));
#1235 = PCURVE('',#304,#1236);
#1236 = DEFINITIONAL_REPRESENTATION('',(#1237),#1241);
#1237 = LINE('',#1238,#1239);
#1238 = CARTESIAN_POINT('',(0.,0.));
#1239 = VECTOR('',#1240,1.);
#1240 = DIRECTION('',(0.,-1.));
#1241 = ( GEOMETRIC_REPRESENTATION_CONTEXT(2) 
PARAMETRIC_REPRESENTATION_CONTEXT() REPRESENTATION_CONTEXT('2D SPACE',''
  ) );
#1242 = PCURVE('',#276,#1243);
#1243 = DEFINITIONAL_REPRESENTATION('',(#1244),#1248);
#1244 = LINE('',#1245,#1246);
#1245 = CARTESIAN_POINT('',(0.15,0.));
#1246 = VECTOR('',#1247,1.);
#1247 = DIRECTION('',(0.,-1.));
#1248 = ( GEOMETRIC_REPRESENTATION_CONTEXT(2) 
PARAMETRIC_REPRESENTATION_CONTEXT() REPRESENTATION_CONTEXT('2D SPACE',''
  ) );
#1249 = ORIENTED_EDGE('',*,*,#288,.T.);
#1250 = ORIENTED_EDGE('',*,*,#1130,.T.);
#1251 = ORIENTED_EDGE('',*,*,#1252,.F.);
#1252 = EDGE_CURVE('',#1253,#1131,#1255,.T.);
#1253 = VERTEX_POINT('',#1254);
#1254 = CARTESIAN_POINT('',(7.65,6.5,27.75));
#1255 = SURFACE_CURVE('',#1256,(#1260,#1267),.PCURVE_S1.);
#1256 = LINE('',#1257,#1258);
#1257 = CARTESIAN_POINT('',(6.65,6.5,27.75));
#1258 = VECTOR('',#1259,1.);
#1259 = DIRECTION('',(1.,0.,0.));
#1260 = PCURVE('',#304,#1261);
#1261 = DEFINITIONAL_REPRESENTATION('',(#1262),#1266);
#1262 = LINE('',#1263,#1264);
#1263 = CARTESIAN_POINT('',(12.5,0.));
#1264 = VECTOR('',#1265,1.);
#1265 = DIRECTION('',(0.,-1.));
#1266 = ( GEOMETRIC_REPRESENTATION_CONTEXT(2) 
PARAMETRIC_REPRESENTATION_CONTEXT() REPRESENTATION_CONTEXT('2D SPACE',''
  ) );
#1267 = PCURVE('',#1167,#1268);
#1268 = DEFINITIONAL_REPRESENTATION('',(#1269),#1273);
#1269 = LINE('',#1270,#1271);
#1270 = CARTESIAN_POINT('',(0.15,0.));
#1271 = VECTOR('',#1272,1.);
#1272 = DIRECTION('',(0.,-1.));
#1273 = ( GEOMETRIC_REPRESENTATION_CONTEXT(2) 
PARAMETRIC_REPRESENTATION_CONTEXT() REPRESENTATION_CONTEXT('2D SPACE',''
  ) );
#1274 = ORIENTED_EDGE('',*,*,#1275,.T.);
#1275 = EDGE_CURVE('',#1253,#1276,#1278,.T.);
#1276 = VERTEX_POINT('',#1277);
#1277 = CARTESIAN_POINT('',(6.65,6.5,26.75));
#1278 = SURFACE_CURVE('',#1279,(#1284,#1291),.PCURVE_S1.);
#1279 = CIRCLE('',#1280,1.);
#1280 = AXIS2_PLACEMENT_3D('',#1281,#1282,#1283);
#1281 = CARTESIAN_POINT('',(7.65,6.5,26.75));
#1282 = DIRECTION('',(-0.,-1.,0.));
#1283 = DIRECTION('',(-1.,0.,0.));
#1284 = PCURVE('',#304,#1285);
#1285 = DEFINITIONAL_REPRESENTATION('',(#1286),#1290);
#1286 = CIRCLE('',#1287,1.);
#1287 = AXIS2_PLACEMENT_2D('',#1288,#1289);
#1288 = CARTESIAN_POINT('',(11.5,-1.));
#1289 = DIRECTION('',(0.,1.));
#1290 = ( GEOMETRIC_REPRESENTATION_CONTEXT(2) 
PARAMETRIC_REPRESENTATION_CONTEXT() REPRESENTATION_CONTEXT('2D SPACE',''
  ) );
#1291 = PCURVE('',#643,#1292);
#1292 = DEFINITIONAL_REPRESENTATION('',(#1293),#1297);
#1293 = LINE('',#1294,#1295);
#1294 = CARTESIAN_POINT('',(-6.28318530718,-3.622));
#1295 = VECTOR('',#1296,1.);
#1296 = DIRECTION('',(1.,-0.));
#1297 = ( GEOMETRIC_REPRESENTATION_CONTEXT(2) 
PARAMETRIC_REPRESENTATION_CONTEXT() REPRESENTATION_CONTEXT('2D SPACE',''
  ) );
#1298 = ORIENTED_EDGE('',*,*,#1299,.F.);
#1299 = EDGE_CURVE('',#1204,#1276,#1300,.T.);
#1300 = SURFACE_CURVE('',#1301,(#1305,#1312),.PCURVE_S1.);
#1301 = LINE('',#1302,#1303);
#1302 = CARTESIAN_POINT('',(6.65,6.5,21.5));
#1303 = VECTOR('',#1304,1.);
#1304 = DIRECTION('',(0.,0.,1.));
#1305 = PCURVE('',#304,#1306);
#1306 = DEFINITIONAL_REPRESENTATION('',(#1307),#1311);
#1307 = LINE('',#1308,#1309);
#1308 = CARTESIAN_POINT('',(6.25,0.));
#1309 = VECTOR('',#1310,1.);
#1310 = DIRECTION('',(1.,0.));
#1311 = ( GEOMETRIC_REPRESENTATION_CONTEXT(2) 
PARAMETRIC_REPRESENTATION_CONTEXT() REPRESENTATION_CONTEXT('2D SPACE',''
  ) );
#1312 = PCURVE('',#669,#1313);
#1313 = DEFINITIONAL_REPRESENTATION('',(#1314),#1318);
#1314 = LINE('',#1315,#1316);
#1315 = CARTESIAN_POINT('',(0.8,9.25));
#1316 = VECTOR('',#1317,1.);
#1317 = DIRECTION('',(0.,1.));
#1318 = ( GEOMETRIC_REPRESENTATION_CONTEXT(2) 
PARAMETRIC_REPRESENTATION_CONTEXT() REPRESENTATION_CONTEXT('2D SPACE',''
  ) );
#1319 = FACE_BOUND('',#1320,.F.);
#1320 = EDGE_LOOP('',(#1321,#1347,#1368,#1392));
#1321 = ORIENTED_EDGE('',*,*,#1322,.F.);
#1322 = EDGE_CURVE('',#1323,#1325,#1327,.T.);
#1323 = VERTEX_POINT('',#1324);
#1324 = CARTESIAN_POINT('',(47.778062292321,6.5,19.45));
#1325 = VERTEX_POINT('',#1326);
#1326 = CARTESIAN_POINT('',(47.778062292321,6.5,23.65));
#1327 = SURFACE_CURVE('',#1328,(#1333,#1340),.PCURVE_S1.);
#1328 = CIRCLE('',#1329,2.1);
#1329 = AXIS2_PLACEMENT_3D('',#1330,#1331,#1332);
#1330 = CARTESIAN_POINT('',(47.778062292321,6.5,21.55));
#1331 = DIRECTION('',(0.,-1.,-0.));
#1332 = DIRECTION('',(-1.,-0.,0.));
#1333 = PCURVE('',#304,#1334);
#1334 = DEFINITIONAL_REPRESENTATION('',(#1335),#1339);
#1335 = CIRCLE('',#1336,2.1);
#1336 = AXIS2_PLACEMENT_2D('',#1337,#1338);
#1337 = CARTESIAN_POINT('',(6.3,-41.12806229232));
#1338 = DIRECTION('',(0.,1.));
#1339 = ( GEOMETRIC_REPRESENTATION_CONTEXT(2) 
PARAMETRIC_REPRESENTATION_CONTEXT() REPRESENTATION_CONTEXT('2D SPACE',''
  ) );
#1340 = PCURVE('',#702,#1341);
#1341 = DEFINITIONAL_REPRESENTATION('',(#1342),#1346);
#1342 = LINE('',#1343,#1344);
#1343 = CARTESIAN_POINT('',(-6.28318530718,-3.622));
#1344 = VECTOR('',#1345,1.);
#1345 = DIRECTION('',(1.,-0.));
#1346 = ( GEOMETRIC_REPRESENTATION_CONTEXT(2) 
PARAMETRIC_REPRESENTATION_CONTEXT() REPRESENTATION_CONTEXT('2D SPACE',''
  ) );
#1347 = ORIENTED_EDGE('',*,*,#1348,.F.);
#1348 = EDGE_CURVE('',#1349,#1323,#1351,.T.);
#1349 = VERTEX_POINT('',#1350);
#1350 = CARTESIAN_POINT('',(42.978062292321,6.5,19.45));
#1351 = SURFACE_CURVE('',#1352,(#1356,#1362),.PCURVE_S1.);
#1352 = LINE('',#1353,#1354);
#1353 = CARTESIAN_POINT('',(24.81403114616,6.5,19.45));
#1354 = VECTOR('',#1355,1.);
#1355 = DIRECTION('',(1.,0.,0.));
#1356 = PCURVE('',#304,#1357);
#1357 = DEFINITIONAL_REPRESENTATION('',(#1358),#1361);
#1358 = B_SPLINE_CURVE_WITH_KNOTS('',1,(#1359,#1360),.UNSPECIFIED.,.F.,
  .F.,(2,2),(18.16403114616,22.96403114616),.PIECEWISE_BEZIER_KNOTS.);
#1359 = CARTESIAN_POINT('',(4.2,-36.32806229232));
#1360 = CARTESIAN_POINT('',(4.2,-41.12806229232));
#1361 = ( GEOMETRIC_REPRESENTATION_CONTEXT(2) 
PARAMETRIC_REPRESENTATION_CONTEXT() REPRESENTATION_CONTEXT('2D SPACE',''
  ) );
#1362 = PCURVE('',#729,#1363);
#1363 = DEFINITIONAL_REPRESENTATION('',(#1364),#1367);
#1364 = B_SPLINE_CURVE_WITH_KNOTS('',1,(#1365,#1366),.UNSPECIFIED.,.F.,
  .F.,(2,2),(18.16403114616,22.96403114616),.PIECEWISE_BEZIER_KNOTS.);
#1365 = CARTESIAN_POINT('',(0.,-3.622));
#1366 = CARTESIAN_POINT('',(4.8,-3.622));
#1367 = ( GEOMETRIC_REPRESENTATION_CONTEXT(2) 
PARAMETRIC_REPRESENTATION_CONTEXT() REPRESENTATION_CONTEXT('2D SPACE',''
  ) );
#1368 = ORIENTED_EDGE('',*,*,#1369,.F.);
#1369 = EDGE_CURVE('',#1370,#1349,#1372,.T.);
#1370 = VERTEX_POINT('',#1371);
#1371 = CARTESIAN_POINT('',(42.978062292321,6.5,23.65));
#1372 = SURFACE_CURVE('',#1373,(#1378,#1385),.PCURVE_S1.);
#1373 = CIRCLE('',#1374,2.1);
#1374 = AXIS2_PLACEMENT_3D('',#1375,#1376,#1377);
#1375 = CARTESIAN_POINT('',(42.978062292321,6.5,21.55));
#1376 = DIRECTION('',(0.,-1.,-0.));
#1377 = DIRECTION('',(1.,0.,0.));
#1378 = PCURVE('',#304,#1379);
#1379 = DEFINITIONAL_REPRESENTATION('',(#1380),#1384);
#1380 = CIRCLE('',#1381,2.1);
#1381 = AXIS2_PLACEMENT_2D('',#1382,#1383);
#1382 = CARTESIAN_POINT('',(6.3,-36.32806229232));
#1383 = DIRECTION('',(0.,-1.));
#1384 = ( GEOMETRIC_REPRESENTATION_CONTEXT(2) 
PARAMETRIC_REPRESENTATION_CONTEXT() REPRESENTATION_CONTEXT('2D SPACE',''
  ) );
#1385 = PCURVE('',#757,#1386);
#1386 = DEFINITIONAL_REPRESENTATION('',(#1387),#1391);
#1387 = LINE('',#1388,#1389);
#1388 = CARTESIAN_POINT('',(-6.28318530718,-3.622));
#1389 = VECTOR('',#1390,1.);
#1390 = DIRECTION('',(1.,-0.));
#1391 = ( GEOMETRIC_REPRESENTATION_CONTEXT(2) 
PARAMETRIC_REPRESENTATION_CONTEXT() REPRESENTATION_CONTEXT('2D SPACE',''
  ) );
#1392 = ORIENTED_EDGE('',*,*,#1393,.F.);
#1393 = EDGE_CURVE('',#1325,#1370,#1394,.T.);
#1394 = SURFACE_CURVE('',#1395,(#1399,#1405),.PCURVE_S1.);
#1395 = LINE('',#1396,#1397);
#1396 = CARTESIAN_POINT('',(27.21403114616,6.5,23.65));
#1397 = VECTOR('',#1398,1.);
#1398 = DIRECTION('',(-1.,0.,0.));
#1399 = PCURVE('',#304,#1400);
#1400 = DEFINITIONAL_REPRESENTATION('',(#1401),#1404);
#1401 = B_SPLINE_CURVE_WITH_KNOTS('',1,(#1402,#1403),.UNSPECIFIED.,.F.,
  .F.,(2,2),(-20.56403114616,-15.76403114616),.PIECEWISE_BEZIER_KNOTS.);
#1402 = CARTESIAN_POINT('',(8.4,-41.12806229232));
#1403 = CARTESIAN_POINT('',(8.4,-36.32806229232));
#1404 = ( GEOMETRIC_REPRESENTATION_CONTEXT(2) 
PARAMETRIC_REPRESENTATION_CONTEXT() REPRESENTATION_CONTEXT('2D SPACE',''
  ) );
#1405 = PCURVE('',#782,#1406);
#1406 = DEFINITIONAL_REPRESENTATION('',(#1407),#1410);
#1407 = B_SPLINE_CURVE_WITH_KNOTS('',1,(#1408,#1409),.UNSPECIFIED.,.F.,
  .F.,(2,2),(-20.56403114616,-15.76403114616),.PIECEWISE_BEZIER_KNOTS.);
#1408 = CARTESIAN_POINT('',(0.,-3.622));
#1409 = CARTESIAN_POINT('',(4.8,-3.622));
#1410 = ( GEOMETRIC_REPRESENTATION_CONTEXT(2) 
PARAMETRIC_REPRESENTATION_CONTEXT() REPRESENTATION_CONTEXT('2D SPACE',''
  ) );
#1411 = FACE_BOUND('',#1412,.F.);
#1412 = EDGE_LOOP('',(#1413));
#1413 = ORIENTED_EDGE('',*,*,#1414,.T.);
#1414 = EDGE_CURVE('',#1415,#1415,#1417,.T.);
#1415 = VERTEX_POINT('',#1416);
#1416 = CARTESIAN_POINT('',(35.278,6.5,21.5));
#1417 = SURFACE_CURVE('',#1418,(#1423,#1434),.PCURVE_S1.);
#1418 = CIRCLE('',#1419,1.9);
#1419 = AXIS2_PLACEMENT_3D('',#1420,#1421,#1422);
#1420 = CARTESIAN_POINT('',(33.378,6.5,21.5));
#1421 = DIRECTION('',(-0.,1.,1.110223024625E-16));
#1422 = DIRECTION('',(1.,0.,0.));
#1423 = PCURVE('',#304,#1424);
#1424 = DEFINITIONAL_REPRESENTATION('',(#1425),#1433);
#1425 = ( BOUNDED_CURVE() B_SPLINE_CURVE(2,(#1426,#1427,#1428,#1429,
#1430,#1431,#1432),.UNSPECIFIED.,.T.,.F.) B_SPLINE_CURVE_WITH_KNOTS((1,2
    ,2,2,2,1),(-2.094395102393,0.,2.094395102393,4.188790204786,
6.28318530718,8.377580409573),.UNSPECIFIED.) CURVE() 
GEOMETRIC_REPRESENTATION_ITEM() RATIONAL_B_SPLINE_CURVE((1.,0.5,1.,0.5,
1.,0.5,1.)) REPRESENTATION_ITEM('') );
#1426 = CARTESIAN_POINT('',(6.25,-28.628));
#1427 = CARTESIAN_POINT('',(2.959103465619,-28.628));
#1428 = CARTESIAN_POINT('',(4.60455173281,-25.778));
#1429 = CARTESIAN_POINT('',(6.25,-22.928));
#1430 = CARTESIAN_POINT('',(7.89544826719,-25.778));
#1431 = CARTESIAN_POINT('',(9.540896534381,-28.628));
#1432 = CARTESIAN_POINT('',(6.25,-28.628));
#1433 = ( GEOMETRIC_REPRESENTATION_CONTEXT(2) 
PARAMETRIC_REPRESENTATION_CONTEXT() REPRESENTATION_CONTEXT('2D SPACE',''
  ) );
#1434 = PCURVE('',#1435,#1440);
#1435 = CONICAL_SURFACE('',#1436,1.2,0.785398163397);
#1436 = AXIS2_PLACEMENT_3D('',#1437,#1438,#1439);
#1437 = CARTESIAN_POINT('',(33.378,5.8,21.5));
#1438 = DIRECTION('',(0.,1.,1.110223024625E-16));
#1439 = DIRECTION('',(1.,0.,0.));
#1440 = DEFINITIONAL_REPRESENTATION('',(#1441),#1445);
#1441 = LINE('',#1442,#1443);
#1442 = CARTESIAN_POINT('',(0.,0.7));
#1443 = VECTOR('',#1444,1.);
#1444 = DIRECTION('',(1.,0.));
#1445 = ( GEOMETRIC_REPRESENTATION_CONTEXT(2) 
PARAMETRIC_REPRESENTATION_CONTEXT() REPRESENTATION_CONTEXT('2D SPACE',''
  ) );
#1446 = FACE_BOUND('',#1447,.F.);
#1447 = EDGE_LOOP('',(#1448,#1471,#1492,#1513,#1537));
#1448 = ORIENTED_EDGE('',*,*,#1449,.F.);
#1449 = EDGE_CURVE('',#1450,#1452,#1454,.T.);
#1450 = VERTEX_POINT('',#1451);
#1451 = CARTESIAN_POINT('',(12.151408311032,6.5,18.117949192431));
#1452 = VERTEX_POINT('',#1453);
#1453 = CARTESIAN_POINT('',(13.017433714817,6.5,19.617949192431));
#1454 = SURFACE_CURVE('',#1455,(#1459,#1465),.PCURVE_S1.);
#1455 = LINE('',#1456,#1457);
#1456 = CARTESIAN_POINT('',(10.842803057801,6.5,15.851378406783));
#1457 = VECTOR('',#1458,1.);
#1458 = DIRECTION('',(0.5,0.,0.866025403784));
#1459 = PCURVE('',#304,#1460);
#1460 = DEFINITIONAL_REPRESENTATION('',(#1461),#1464);
#1461 = B_SPLINE_CURVE_WITH_KNOTS('',1,(#1462,#1463),.UNSPECIFIED.,.F.,
  .F.,(2,2),(2.617210506462,4.349261314031),.PIECEWISE_BEZIER_KNOTS.);
#1462 = CARTESIAN_POINT('',(2.867949192431,-5.501408311032));
#1463 = CARTESIAN_POINT('',(4.367949192431,-6.367433714817));
#1464 = ( GEOMETRIC_REPRESENTATION_CONTEXT(2) 
PARAMETRIC_REPRESENTATION_CONTEXT() REPRESENTATION_CONTEXT('2D SPACE',''
  ) );
#1465 = PCURVE('',#843,#1466);
#1466 = DEFINITIONAL_REPRESENTATION('',(#1467),#1470);
#1467 = B_SPLINE_CURVE_WITH_KNOTS('',1,(#1468,#1469),.UNSPECIFIED.,.F.,
  .F.,(2,2),(2.617210506462,4.349261314031),.PIECEWISE_BEZIER_KNOTS.);
#1468 = CARTESIAN_POINT('',(0.,-3.622));
#1469 = CARTESIAN_POINT('',(1.732050807569,-3.622));
#1470 = ( GEOMETRIC_REPRESENTATION_CONTEXT(2) 
PARAMETRIC_REPRESENTATION_CONTEXT() REPRESENTATION_CONTEXT('2D SPACE',''
  ) );
#1471 = ORIENTED_EDGE('',*,*,#1472,.F.);
#1472 = EDGE_CURVE('',#1473,#1450,#1475,.T.);
#1473 = VERTEX_POINT('',#1474);
#1474 = CARTESIAN_POINT('',(10.419357503464,6.5,18.117949192431));
#1475 = SURFACE_CURVE('',#1476,(#1480,#1486),.PCURVE_S1.);
#1476 = LINE('',#1477,#1478);
#1477 = CARTESIAN_POINT('',(8.534678751732,6.5,18.117949192431));
#1478 = VECTOR('',#1479,1.);
#1479 = DIRECTION('',(1.,0.,-2.563950248511E-16));
#1480 = PCURVE('',#304,#1481);
#1481 = DEFINITIONAL_REPRESENTATION('',(#1482),#1485);
#1482 = B_SPLINE_CURVE_WITH_KNOTS('',1,(#1483,#1484),.UNSPECIFIED.,.F.,
  .F.,(2,2),(1.884678751732,3.616729559301),.PIECEWISE_BEZIER_KNOTS.);
#1483 = CARTESIAN_POINT('',(2.867949192431,-3.769357503464));
#1484 = CARTESIAN_POINT('',(2.867949192431,-5.501408311032));
#1485 = ( GEOMETRIC_REPRESENTATION_CONTEXT(2) 
PARAMETRIC_REPRESENTATION_CONTEXT() REPRESENTATION_CONTEXT('2D SPACE',''
  ) );
#1486 = PCURVE('',#869,#1487);
#1487 = DEFINITIONAL_REPRESENTATION('',(#1488),#1491);
#1488 = B_SPLINE_CURVE_WITH_KNOTS('',1,(#1489,#1490),.UNSPECIFIED.,.F.,
  .F.,(2,2),(1.884678751732,3.616729559301),.PIECEWISE_BEZIER_KNOTS.);
#1489 = CARTESIAN_POINT('',(0.,-3.622));
#1490 = CARTESIAN_POINT('',(1.732050807569,-3.622));
#1491 = ( GEOMETRIC_REPRESENTATION_CONTEXT(2) 
PARAMETRIC_REPRESENTATION_CONTEXT() REPRESENTATION_CONTEXT('2D SPACE',''
  ) );
#1492 = ORIENTED_EDGE('',*,*,#1493,.F.);
#1493 = EDGE_CURVE('',#1494,#1473,#1496,.T.);
#1494 = VERTEX_POINT('',#1495);
#1495 = CARTESIAN_POINT('',(10.418177349957,6.5,18.119993278264));
#1496 = SURFACE_CURVE('',#1497,(#1501,#1507),.PCURVE_S1.);
#1497 = LINE('',#1498,#1499);
#1498 = CARTESIAN_POINT('',(10.56852695313,6.5,17.859580126672));
#1499 = VECTOR('',#1500,1.);
#1500 = DIRECTION('',(0.5,0.,-0.866025403784));
#1501 = PCURVE('',#304,#1502);
#1502 = DEFINITIONAL_REPRESENTATION('',(#1503),#1506);
#1503 = B_SPLINE_CURVE_WITH_KNOTS('',1,(#1504,#1505),.UNSPECIFIED.,.F.,
  .F.,(2,2),(-0.300699206344,-0.298338899332),.PIECEWISE_BEZIER_KNOTS.);
#1504 = CARTESIAN_POINT('',(2.869993278264,-3.768177349957));
#1505 = CARTESIAN_POINT('',(2.867949192431,-3.769357503464));
#1506 = ( GEOMETRIC_REPRESENTATION_CONTEXT(2) 
PARAMETRIC_REPRESENTATION_CONTEXT() REPRESENTATION_CONTEXT('2D SPACE',''
  ) );
#1507 = PCURVE('',#895,#1508);
#1508 = DEFINITIONAL_REPRESENTATION('',(#1509),#1512);
#1509 = B_SPLINE_CURVE_WITH_KNOTS('',1,(#1510,#1511),.UNSPECIFIED.,.F.,
  .F.,(2,2),(-0.300699206344,-0.298338899332),.PIECEWISE_BEZIER_KNOTS.);
#1510 = CARTESIAN_POINT('',(0.,-3.622));
#1511 = CARTESIAN_POINT('',(2.360307012095E-03,-3.622));
#1512 = ( GEOMETRIC_REPRESENTATION_CONTEXT(2) 
PARAMETRIC_REPRESENTATION_CONTEXT() REPRESENTATION_CONTEXT('2D SPACE',''
  ) );
#1513 = ORIENTED_EDGE('',*,*,#1514,.T.);
#1514 = EDGE_CURVE('',#1494,#1515,#1517,.T.);
#1515 = VERTEX_POINT('',#1516);
#1516 = CARTESIAN_POINT('',(12.952841157323,6.5,19.729826783801));
#1517 = SURFACE_CURVE('',#1518,(#1523,#1530),.PCURVE_S1.);
#1518 = CIRCLE('',#1519,3.4);
#1519 = AXIS2_PLACEMENT_3D('',#1520,#1521,#1522);
#1520 = CARTESIAN_POINT('',(10.05,6.5,21.5));
#1521 = DIRECTION('',(0.,-1.,0.));
#1522 = DIRECTION('',(1.,0.,0.));
#1523 = PCURVE('',#304,#1524);
#1524 = DEFINITIONAL_REPRESENTATION('',(#1525),#1529);
#1525 = CIRCLE('',#1526,3.4);
#1526 = AXIS2_PLACEMENT_2D('',#1527,#1528);
#1527 = CARTESIAN_POINT('',(6.25,-3.4));
#1528 = DIRECTION('',(0.,-1.));
#1529 = ( GEOMETRIC_REPRESENTATION_CONTEXT(2) 
PARAMETRIC_REPRESENTATION_CONTEXT() REPRESENTATION_CONTEXT('2D SPACE',''
  ) );
#1530 = PCURVE('',#923,#1531);
#1531 = DEFINITIONAL_REPRESENTATION('',(#1532),#1536);
#1532 = LINE('',#1533,#1534);
#1533 = CARTESIAN_POINT('',(0.,-3.622));
#1534 = VECTOR('',#1535,1.);
#1535 = DIRECTION('',(1.,0.));
#1536 = ( GEOMETRIC_REPRESENTATION_CONTEXT(2) 
PARAMETRIC_REPRESENTATION_CONTEXT() REPRESENTATION_CONTEXT('2D SPACE',''
  ) );
#1537 = ORIENTED_EDGE('',*,*,#1538,.F.);
#1538 = EDGE_CURVE('',#1452,#1515,#1539,.T.);
#1539 = SURFACE_CURVE('',#1540,(#1544,#1550),.PCURVE_S1.);
#1540 = LINE('',#1541,#1542);
#1541 = CARTESIAN_POINT('',(13.167193241236,6.5,19.358558083756));
#1542 = VECTOR('',#1543,1.);
#1543 = DIRECTION('',(-0.5,0.,0.866025403784));
#1544 = PCURVE('',#304,#1545);
#1545 = DEFINITIONAL_REPRESENTATION('',(#1546),#1549);
#1546 = B_SPLINE_CURVE_WITH_KNOTS('',1,(#1547,#1548),.UNSPECIFIED.,.F.,
  .F.,(2,2),(0.299519052838,0.428704167825),.PIECEWISE_BEZIER_KNOTS.);
#1547 = CARTESIAN_POINT('',(4.367949192431,-6.367433714817));
#1548 = CARTESIAN_POINT('',(4.479826783801,-6.302841157323));
#1549 = ( GEOMETRIC_REPRESENTATION_CONTEXT(2) 
PARAMETRIC_REPRESENTATION_CONTEXT() REPRESENTATION_CONTEXT('2D SPACE',''
  ) );
#1550 = PCURVE('',#948,#1551);
#1551 = DEFINITIONAL_REPRESENTATION('',(#1552),#1555);
#1552 = B_SPLINE_CURVE_WITH_KNOTS('',1,(#1553,#1554),.UNSPECIFIED.,.F.,
  .F.,(2,2),(0.299519052838,0.428704167825),.PIECEWISE_BEZIER_KNOTS.);
#1553 = CARTESIAN_POINT('',(0.,-3.622));
#1554 = CARTESIAN_POINT('',(0.129185114987,-3.622));
#1555 = ( GEOMETRIC_REPRESENTATION_CONTEXT(2) 
PARAMETRIC_REPRESENTATION_CONTEXT() REPRESENTATION_CONTEXT('2D SPACE',''
  ) );
#1556 = FACE_BOUND('',#1557,.F.);
#1557 = EDGE_LOOP('',(#1558));
#1558 = ORIENTED_EDGE('',*,*,#1559,.T.);
#1559 = EDGE_CURVE('',#1560,#1560,#1562,.T.);
#1560 = VERTEX_POINT('',#1561);
#1561 = CARTESIAN_POINT('',(11.95,6.5,21.5));
#1562 = SURFACE_CURVE('',#1563,(#1568,#1579),.PCURVE_S1.);
#1563 = CIRCLE('',#1564,1.9);
#1564 = AXIS2_PLACEMENT_3D('',#1565,#1566,#1567);
#1565 = CARTESIAN_POINT('',(10.05,6.5,21.5));
#1566 = DIRECTION('',(-0.,1.,1.110223024625E-16));
#1567 = DIRECTION('',(1.,0.,0.));
#1568 = PCURVE('',#304,#1569);
#1569 = DEFINITIONAL_REPRESENTATION('',(#1570),#1578);
#1570 = ( BOUNDED_CURVE() B_SPLINE_CURVE(2,(#1571,#1572,#1573,#1574,
#1575,#1576,#1577),.UNSPECIFIED.,.T.,.F.) B_SPLINE_CURVE_WITH_KNOTS((1,2
    ,2,2,2,1),(-2.094395102393,0.,2.094395102393,4.188790204786,
6.28318530718,8.377580409573),.UNSPECIFIED.) CURVE() 
GEOMETRIC_REPRESENTATION_ITEM() RATIONAL_B_SPLINE_CURVE((1.,0.5,1.,0.5,
1.,0.5,1.)) REPRESENTATION_ITEM('') );
#1571 = CARTESIAN_POINT('',(6.25,-5.3));
#1572 = CARTESIAN_POINT('',(2.959103465619,-5.3));
#1573 = CARTESIAN_POINT('',(4.60455173281,-2.45));
#1574 = CARTESIAN_POINT('',(6.25,0.4));
#1575 = CARTESIAN_POINT('',(7.89544826719,-2.45));
#1576 = CARTESIAN_POINT('',(9.540896534381,-5.3));
#1577 = CARTESIAN_POINT('',(6.25,-5.3));
#1578 = ( GEOMETRIC_REPRESENTATION_CONTEXT(2) 
PARAMETRIC_REPRESENTATION_CONTEXT() REPRESENTATION_CONTEXT('2D SPACE',''
  ) );
#1579 = PCURVE('',#1580,#1585);
#1580 = CONICAL_SURFACE('',#1581,1.2,0.785398163397);
#1581 = AXIS2_PLACEMENT_3D('',#1582,#1583,#1584);
#1582 = CARTESIAN_POINT('',(10.05,5.8,21.5));
#1583 = DIRECTION('',(0.,1.,1.110223024625E-16));
#1584 = DIRECTION('',(1.,0.,0.));
#1585 = DEFINITIONAL_REPRESENTATION('',(#1586),#1590);
#1586 = LINE('',#1587,#1588);
#1587 = CARTESIAN_POINT('',(0.,0.7));
#1588 = VECTOR('',#1589,1.);
#1589 = DIRECTION('',(1.,0.));
#1590 = ( GEOMETRIC_REPRESENTATION_CONTEXT(2) 
PARAMETRIC_REPRESENTATION_CONTEXT() REPRESENTATION_CONTEXT('2D SPACE',''
  ) );
#1591 = FACE_BOUND('',#1592,.F.);
#1592 = EDGE_LOOP('',(#1593,#1616,#1640,#1661,#1682));
#1593 = ORIENTED_EDGE('',*,*,#1594,.F.);
#1594 = EDGE_CURVE('',#1595,#1597,#1599,.T.);
#1595 = VERTEX_POINT('',#1596);
#1596 = CARTESIAN_POINT('',(12.68719993185,6.5,23.645967501956));
#1597 = VERTEX_POINT('',#1598);
#1598 = CARTESIAN_POINT('',(13.017433714817,6.5,24.217949192431));
#1599 = SURFACE_CURVE('',#1600,(#1604,#1610),.PCURVE_S1.);
#1600 = LINE('',#1601,#1602);
#1601 = CARTESIAN_POINT('',(10.114769653858,6.5,19.190387561546));
#1602 = VECTOR('',#1603,1.);
#1603 = DIRECTION('',(0.5,0.,0.866025403784));
#1604 = PCURVE('',#304,#1605);
#1605 = DEFINITIONAL_REPRESENTATION('',(#1606),#1609);
#1606 = B_SPLINE_CURVE_WITH_KNOTS('',1,(#1607,#1608),.UNSPECIFIED.,.F.,
  .F.,(2,2),(5.144860555984,5.805328121918),.PIECEWISE_BEZIER_KNOTS.);
#1607 = CARTESIAN_POINT('',(8.395967501956,-6.03719993185));
#1608 = CARTESIAN_POINT('',(8.967949192431,-6.367433714817));
#1609 = ( GEOMETRIC_REPRESENTATION_CONTEXT(2) 
PARAMETRIC_REPRESENTATION_CONTEXT() REPRESENTATION_CONTEXT('2D SPACE',''
  ) );
#1610 = PCURVE('',#1009,#1611);
#1611 = DEFINITIONAL_REPRESENTATION('',(#1612),#1615);
#1612 = B_SPLINE_CURVE_WITH_KNOTS('',1,(#1613,#1614),.UNSPECIFIED.,.F.,
  .F.,(2,2),(5.144860555984,5.805328121918),.PIECEWISE_BEZIER_KNOTS.);
#1613 = CARTESIAN_POINT('',(-1.7763568394E-15,-3.622));
#1614 = CARTESIAN_POINT('',(0.660467565935,-3.622));
#1615 = ( GEOMETRIC_REPRESENTATION_CONTEXT(2) 
PARAMETRIC_REPRESENTATION_CONTEXT() REPRESENTATION_CONTEXT('2D SPACE',''
  ) );
#1616 = ORIENTED_EDGE('',*,*,#1617,.T.);
#1617 = EDGE_CURVE('',#1595,#1618,#1620,.T.);
#1618 = VERTEX_POINT('',#1619);
#1619 = CARTESIAN_POINT('',(9.946199293395,6.5,24.898415132574));
#1620 = SURFACE_CURVE('',#1621,(#1626,#1633),.PCURVE_S1.);
#1621 = CIRCLE('',#1622,3.4);
#1622 = AXIS2_PLACEMENT_3D('',#1623,#1624,#1625);
#1623 = CARTESIAN_POINT('',(10.05,6.5,21.5));
#1624 = DIRECTION('',(0.,-1.,0.));
#1625 = DIRECTION('',(1.,0.,0.));
#1626 = PCURVE('',#304,#1627);
#1627 = DEFINITIONAL_REPRESENTATION('',(#1628),#1632);
#1628 = CIRCLE('',#1629,3.4);
#1629 = AXIS2_PLACEMENT_2D('',#1630,#1631);
#1630 = CARTESIAN_POINT('',(6.25,-3.4));
#1631 = DIRECTION('',(0.,-1.));
#1632 = ( GEOMETRIC_REPRESENTATION_CONTEXT(2) 
PARAMETRIC_REPRESENTATION_CONTEXT() REPRESENTATION_CONTEXT('2D SPACE',''
  ) );
#1633 = PCURVE('',#1037,#1634);
#1634 = DEFINITIONAL_REPRESENTATION('',(#1635),#1639);
#1635 = LINE('',#1636,#1637);
#1636 = CARTESIAN_POINT('',(0.,-3.622));
#1637 = VECTOR('',#1638,1.);
#1638 = DIRECTION('',(1.,0.));
#1639 = ( GEOMETRIC_REPRESENTATION_CONTEXT(2) 
PARAMETRIC_REPRESENTATION_CONTEXT() REPRESENTATION_CONTEXT('2D SPACE',''
  ) );
#1640 = ORIENTED_EDGE('',*,*,#1641,.F.);
#1641 = EDGE_CURVE('',#1642,#1618,#1644,.T.);
#1642 = VERTEX_POINT('',#1643);
#1643 = CARTESIAN_POINT('',(10.419357503464,6.5,25.717949192431));
#1644 = SURFACE_CURVE('',#1645,(#1649,#1655),.PCURVE_S1.);
#1645 = LINE('',#1646,#1647);
#1646 = CARTESIAN_POINT('',(7.681810333988,6.5,20.976378406783));
#1647 = VECTOR('',#1648,1.);
#1648 = DIRECTION('',(-0.5,-0.,-0.866025403784));
#1649 = PCURVE('',#304,#1650);
#1650 = DEFINITIONAL_REPRESENTATION('',(#1651),#1654);
#1651 = B_SPLINE_CURVE_WITH_KNOTS('',1,(#1652,#1653),.UNSPECIFIED.,.F.,
  .F.,(2,2),(-5.475094338951,-4.528777918814),.PIECEWISE_BEZIER_KNOTS.);
#1652 = CARTESIAN_POINT('',(10.467949192431,-3.769357503464));
#1653 = CARTESIAN_POINT('',(9.648415132574,-3.296199293395));
#1654 = ( GEOMETRIC_REPRESENTATION_CONTEXT(2) 
PARAMETRIC_REPRESENTATION_CONTEXT() REPRESENTATION_CONTEXT('2D SPACE',''
  ) );
#1655 = PCURVE('',#1064,#1656);
#1656 = DEFINITIONAL_REPRESENTATION('',(#1657),#1660);
#1657 = B_SPLINE_CURVE_WITH_KNOTS('',1,(#1658,#1659),.UNSPECIFIED.,.F.,
  .F.,(2,2),(-5.475094338951,-4.528777918814),.PIECEWISE_BEZIER_KNOTS.);
#1658 = CARTESIAN_POINT('',(0.,-3.622));
#1659 = CARTESIAN_POINT('',(0.946316420137,-3.622));
#1660 = ( GEOMETRIC_REPRESENTATION_CONTEXT(2) 
PARAMETRIC_REPRESENTATION_CONTEXT() REPRESENTATION_CONTEXT('2D SPACE',''
  ) );
#1661 = ORIENTED_EDGE('',*,*,#1662,.F.);
#1662 = EDGE_CURVE('',#1663,#1642,#1665,.T.);
#1663 = VERTEX_POINT('',#1664);
#1664 = CARTESIAN_POINT('',(12.151408311032,6.5,25.717949192431));
#1665 = SURFACE_CURVE('',#1666,(#1670,#1676),.PCURVE_S1.);
#1666 = LINE('',#1667,#1668);
#1667 = CARTESIAN_POINT('',(9.400704155516,6.5,25.717949192431));
#1668 = VECTOR('',#1669,1.);
#1669 = DIRECTION('',(-1.,0.,1.281975124256E-16));
#1670 = PCURVE('',#304,#1671);
#1671 = DEFINITIONAL_REPRESENTATION('',(#1672),#1675);
#1672 = B_SPLINE_CURVE_WITH_KNOTS('',1,(#1673,#1674),.UNSPECIFIED.,.F.,
  .F.,(2,2),(-2.750704155516,-1.018653347947),.PIECEWISE_BEZIER_KNOTS.);
#1673 = CARTESIAN_POINT('',(10.467949192431,-5.501408311032));
#1674 = CARTESIAN_POINT('',(10.467949192431,-3.769357503464));
#1675 = ( GEOMETRIC_REPRESENTATION_CONTEXT(2) 
PARAMETRIC_REPRESENTATION_CONTEXT() REPRESENTATION_CONTEXT('2D SPACE',''
  ) );
#1676 = PCURVE('',#1090,#1677);
#1677 = DEFINITIONAL_REPRESENTATION('',(#1678),#1681);
#1678 = B_SPLINE_CURVE_WITH_KNOTS('',1,(#1679,#1680),.UNSPECIFIED.,.F.,
  .F.,(2,2),(-2.750704155516,-1.018653347947),.PIECEWISE_BEZIER_KNOTS.);
#1679 = CARTESIAN_POINT('',(0.,-3.622));
#1680 = CARTESIAN_POINT('',(1.732050807569,-3.622));
#1681 = ( GEOMETRIC_REPRESENTATION_CONTEXT(2) 
PARAMETRIC_REPRESENTATION_CONTEXT() REPRESENTATION_CONTEXT('2D SPACE',''
  ) );
#1682 = ORIENTED_EDGE('',*,*,#1683,.F.);
#1683 = EDGE_CURVE('',#1597,#1663,#1684,.T.);
#1684 = SURFACE_CURVE('',#1685,(#1689,#1695),.PCURVE_S1.);
#1685 = LINE('',#1686,#1687);
#1686 = CARTESIAN_POINT('',(14.163122455588,6.5,22.233558083756));
#1687 = VECTOR('',#1688,1.);
#1688 = DIRECTION('',(-0.5,0.,0.866025403784));
#1689 = PCURVE('',#304,#1690);
#1690 = DEFINITIONAL_REPRESENTATION('',(#1691),#1694);
#1691 = B_SPLINE_CURVE_WITH_KNOTS('',1,(#1692,#1693),.UNSPECIFIED.,.F.,
  .F.,(2,2),(2.291377481543,4.023428289111),.PIECEWISE_BEZIER_KNOTS.);
#1692 = CARTESIAN_POINT('',(8.967949192431,-6.367433714817));
#1693 = CARTESIAN_POINT('',(10.467949192431,-5.501408311032));
#1694 = ( GEOMETRIC_REPRESENTATION_CONTEXT(2) 
PARAMETRIC_REPRESENTATION_CONTEXT() REPRESENTATION_CONTEXT('2D SPACE',''
  ) );
#1695 = PCURVE('',#1114,#1696);
#1696 = DEFINITIONAL_REPRESENTATION('',(#1697),#1700);
#1697 = B_SPLINE_CURVE_WITH_KNOTS('',1,(#1698,#1699),.UNSPECIFIED.,.F.,
  .F.,(2,2),(2.291377481543,4.023428289111),.PIECEWISE_BEZIER_KNOTS.);
#1698 = CARTESIAN_POINT('',(0.,-3.622));
#1699 = CARTESIAN_POINT('',(1.732050807569,-3.622));
#1700 = ( GEOMETRIC_REPRESENTATION_CONTEXT(2) 
PARAMETRIC_REPRESENTATION_CONTEXT() REPRESENTATION_CONTEXT('2D SPACE',''
  ) );
#1701 = ADVANCED_FACE('',(#1702),#276,.F.);
#1702 = FACE_BOUND('',#1703,.F.);
#1703 = EDGE_LOOP('',(#1704,#1725,#1726,#1727));
#1704 = ORIENTED_EDGE('',*,*,#1705,.F.);
#1705 = EDGE_CURVE('',#422,#1206,#1706,.T.);
#1706 = SURFACE_CURVE('',#1707,(#1711,#1718),.PCURVE_S1.);
#1707 = LINE('',#1708,#1709);
#1708 = CARTESIAN_POINT('',(7.65,2.878,15.250000000569));
#1709 = VECTOR('',#1710,1.);
#1710 = DIRECTION('',(-0.,1.,-0.));
#1711 = PCURVE('',#276,#1712);
#1712 = DEFINITIONAL_REPRESENTATION('',(#1713),#1717);
#1713 = LINE('',#1714,#1715);
#1714 = CARTESIAN_POINT('',(-3.472,-1.));
#1715 = VECTOR('',#1716,1.);
#1716 = DIRECTION('',(1.,0.));
#1717 = ( GEOMETRIC_REPRESENTATION_CONTEXT(2) 
PARAMETRIC_REPRESENTATION_CONTEXT() REPRESENTATION_CONTEXT('2D SPACE',''
  ) );
#1718 = PCURVE('',#437,#1719);
#1719 = DEFINITIONAL_REPRESENTATION('',(#1720),#1724);
#1720 = LINE('',#1721,#1722);
#1721 = CARTESIAN_POINT('',(-4.712388980385,0.));
#1722 = VECTOR('',#1723,1.);
#1723 = DIRECTION('',(-0.,-1.));
#1724 = ( GEOMETRIC_REPRESENTATION_CONTEXT(2) 
PARAMETRIC_REPRESENTATION_CONTEXT() REPRESENTATION_CONTEXT('2D SPACE',''
  ) );
#1725 = ORIENTED_EDGE('',*,*,#525,.T.);
#1726 = ORIENTED_EDGE('',*,*,#260,.T.);
#1727 = ORIENTED_EDGE('',*,*,#1229,.F.);
#1728 = ADVANCED_FACE('',(#1729),#437,.T.);
#1729 = FACE_BOUND('',#1730,.F.);
#1730 = EDGE_LOOP('',(#1731,#1732,#1733,#1734,#1735));
#1731 = ORIENTED_EDGE('',*,*,#551,.T.);
#1732 = ORIENTED_EDGE('',*,*,#421,.T.);
#1733 = ORIENTED_EDGE('',*,*,#1705,.T.);
#1734 = ORIENTED_EDGE('',*,*,#1203,.F.);
#1735 = ORIENTED_EDGE('',*,*,#1736,.F.);
#1736 = EDGE_CURVE('',#552,#1204,#1737,.T.);
#1737 = SURFACE_CURVE('',#1738,(#1742,#1749),.PCURVE_S1.);
#1738 = LINE('',#1739,#1740);
#1739 = CARTESIAN_POINT('',(6.65,2.878,16.250000001138));
#1740 = VECTOR('',#1741,1.);
#1741 = DIRECTION('',(-0.,1.,-0.));
#1742 = PCURVE('',#437,#1743);
#1743 = DEFINITIONAL_REPRESENTATION('',(#1744),#1748);
#1744 = LINE('',#1745,#1746);
#1745 = CARTESIAN_POINT('',(-6.28318530718,0.));
#1746 = VECTOR('',#1747,1.);
#1747 = DIRECTION('',(-0.,-1.));
#1748 = ( GEOMETRIC_REPRESENTATION_CONTEXT(2) 
PARAMETRIC_REPRESENTATION_CONTEXT() REPRESENTATION_CONTEXT('2D SPACE',''
  ) );
#1749 = PCURVE('',#669,#1750);
#1750 = DEFINITIONAL_REPRESENTATION('',(#1751),#1755);
#1751 = LINE('',#1752,#1753);
#1752 = CARTESIAN_POINT('',(-2.822,4.000000001138));
#1753 = VECTOR('',#1754,1.);
#1754 = DIRECTION('',(1.,0.));
#1755 = ( GEOMETRIC_REPRESENTATION_CONTEXT(2) 
PARAMETRIC_REPRESENTATION_CONTEXT() REPRESENTATION_CONTEXT('2D SPACE',''
  ) );
#1756 = ADVANCED_FACE('',(#1757),#669,.F.);
#1757 = FACE_BOUND('',#1758,.F.);
#1758 = EDGE_LOOP('',(#1759,#1760,#1761,#1762));
#1759 = ORIENTED_EDGE('',*,*,#655,.F.);
#1760 = ORIENTED_EDGE('',*,*,#1736,.T.);
#1761 = ORIENTED_EDGE('',*,*,#1299,.T.);
#1762 = ORIENTED_EDGE('',*,*,#1763,.F.);
#1763 = EDGE_CURVE('',#627,#1276,#1764,.T.);
#1764 = SURFACE_CURVE('',#1765,(#1769,#1776),.PCURVE_S1.);
#1765 = LINE('',#1766,#1767);
#1766 = CARTESIAN_POINT('',(6.65,2.878,26.75));
#1767 = VECTOR('',#1768,1.);
#1768 = DIRECTION('',(-0.,1.,-0.));
#1769 = PCURVE('',#669,#1770);
#1770 = DEFINITIONAL_REPRESENTATION('',(#1771),#1775);
#1771 = LINE('',#1772,#1773);
#1772 = CARTESIAN_POINT('',(-2.822,14.5));
#1773 = VECTOR('',#1774,1.);
#1774 = DIRECTION('',(1.,0.));
#1775 = ( GEOMETRIC_REPRESENTATION_CONTEXT(2) 
PARAMETRIC_REPRESENTATION_CONTEXT() REPRESENTATION_CONTEXT('2D SPACE',''
  ) );
#1776 = PCURVE('',#643,#1777);
#1777 = DEFINITIONAL_REPRESENTATION('',(#1778),#1782);
#1778 = LINE('',#1779,#1780);
#1779 = CARTESIAN_POINT('',(-0.,0.));
#1780 = VECTOR('',#1781,1.);
#1781 = DIRECTION('',(-0.,-1.));
#1782 = ( GEOMETRIC_REPRESENTATION_CONTEXT(2) 
PARAMETRIC_REPRESENTATION_CONTEXT() REPRESENTATION_CONTEXT('2D SPACE',''
  ) );
#1783 = ADVANCED_FACE('',(#1784),#643,.T.);
#1784 = FACE_BOUND('',#1785,.F.);
#1785 = EDGE_LOOP('',(#1786,#1787,#1788,#1789,#1812));
#1786 = ORIENTED_EDGE('',*,*,#626,.T.);
#1787 = ORIENTED_EDGE('',*,*,#1763,.T.);
#1788 = ORIENTED_EDGE('',*,*,#1275,.F.);
#1789 = ORIENTED_EDGE('',*,*,#1790,.F.);
#1790 = EDGE_CURVE('',#1791,#1253,#1793,.T.);
#1791 = VERTEX_POINT('',#1792);
#1792 = CARTESIAN_POINT('',(7.65,6.35,27.75));
#1793 = SURFACE_CURVE('',#1794,(#1798,#1805),.PCURVE_S1.);
#1794 = LINE('',#1795,#1796);
#1795 = CARTESIAN_POINT('',(7.65,2.878,27.75));
#1796 = VECTOR('',#1797,1.);
#1797 = DIRECTION('',(-0.,1.,-0.));
#1798 = PCURVE('',#643,#1799);
#1799 = DEFINITIONAL_REPRESENTATION('',(#1800),#1804);
#1800 = LINE('',#1801,#1802);
#1801 = CARTESIAN_POINT('',(-1.570796326795,0.));
#1802 = VECTOR('',#1803,1.);
#1803 = DIRECTION('',(-0.,-1.));
#1804 = ( GEOMETRIC_REPRESENTATION_CONTEXT(2) 
PARAMETRIC_REPRESENTATION_CONTEXT() REPRESENTATION_CONTEXT('2D SPACE',''
  ) );
#1805 = PCURVE('',#1167,#1806);
#1806 = DEFINITIONAL_REPRESENTATION('',(#1807),#1811);
#1807 = LINE('',#1808,#1809);
#1808 = CARTESIAN_POINT('',(-3.472,-1.));
#1809 = VECTOR('',#1810,1.);
#1810 = DIRECTION('',(1.,0.));
#1811 = ( GEOMETRIC_REPRESENTATION_CONTEXT(2) 
PARAMETRIC_REPRESENTATION_CONTEXT() REPRESENTATION_CONTEXT('2D SPACE',''
  ) );
#1812 = ORIENTED_EDGE('',*,*,#1813,.F.);
#1813 = EDGE_CURVE('',#599,#1791,#1814,.T.);
#1814 = SURFACE_CURVE('',#1815,(#1819,#1826),.PCURVE_S1.);
#1815 = LINE('',#1816,#1817);
#1816 = CARTESIAN_POINT('',(7.65,2.878,27.75));
#1817 = VECTOR('',#1818,1.);
#1818 = DIRECTION('',(-0.,1.,-0.));
#1819 = PCURVE('',#643,#1820);
#1820 = DEFINITIONAL_REPRESENTATION('',(#1821),#1825);
#1821 = LINE('',#1822,#1823);
#1822 = CARTESIAN_POINT('',(-1.570796326795,0.));
#1823 = VECTOR('',#1824,1.);
#1824 = DIRECTION('',(-0.,-1.));
#1825 = ( GEOMETRIC_REPRESENTATION_CONTEXT(2) 
PARAMETRIC_REPRESENTATION_CONTEXT() REPRESENTATION_CONTEXT('2D SPACE',''
  ) );
#1826 = PCURVE('',#614,#1827);
#1827 = DEFINITIONAL_REPRESENTATION('',(#1828),#1832);
#1828 = LINE('',#1829,#1830);
#1829 = CARTESIAN_POINT('',(-2.172,-1.));
#1830 = VECTOR('',#1831,1.);
#1831 = DIRECTION('',(1.,0.));
#1832 = ( GEOMETRIC_REPRESENTATION_CONTEXT(2) 
PARAMETRIC_REPRESENTATION_CONTEXT() REPRESENTATION_CONTEXT('2D SPACE',''
  ) );
#1833 = ADVANCED_FACE('',(#1834),#614,.F.);
#1834 = FACE_BOUND('',#1835,.F.);
#1835 = EDGE_LOOP('',(#1836,#1837,#1838,#1866,#1894,#1922,#1950,#1971));
#1836 = ORIENTED_EDGE('',*,*,#598,.F.);
#1837 = ORIENTED_EDGE('',*,*,#1813,.T.);
#1838 = ORIENTED_EDGE('',*,*,#1839,.F.);
#1839 = EDGE_CURVE('',#1840,#1791,#1842,.T.);
#1840 = VERTEX_POINT('',#1841);
#1841 = CARTESIAN_POINT('',(6.65,6.35,27.75));
#1842 = SURFACE_CURVE('',#1843,(#1847,#1854),.PCURVE_S1.);
#1843 = LINE('',#1844,#1845);
#1844 = CARTESIAN_POINT('',(6.65,6.35,27.75));
#1845 = VECTOR('',#1846,1.);
#1846 = DIRECTION('',(1.,0.,0.));
#1847 = PCURVE('',#614,#1848);
#1848 = DEFINITIONAL_REPRESENTATION('',(#1849),#1853);
#1849 = LINE('',#1850,#1851);
#1850 = CARTESIAN_POINT('',(1.3,0.));
#1851 = VECTOR('',#1852,1.);
#1852 = DIRECTION('',(0.,-1.));
#1853 = ( GEOMETRIC_REPRESENTATION_CONTEXT(2) 
PARAMETRIC_REPRESENTATION_CONTEXT() REPRESENTATION_CONTEXT('2D SPACE',''
  ) );
#1854 = PCURVE('',#1855,#1860);
#1855 = PLANE('',#1856);
#1856 = AXIS2_PLACEMENT_3D('',#1857,#1858,#1859);
#1857 = CARTESIAN_POINT('',(6.65,6.35,27.75));
#1858 = DIRECTION('',(0.,-1.,0.));
#1859 = DIRECTION('',(0.,0.,1.));
#1860 = DEFINITIONAL_REPRESENTATION('',(#1861),#1865);
#1861 = LINE('',#1862,#1863);
#1862 = CARTESIAN_POINT('',(0.,0.));
#1863 = VECTOR('',#1864,1.);
#1864 = DIRECTION('',(0.,-1.));
#1865 = ( GEOMETRIC_REPRESENTATION_CONTEXT(2) 
PARAMETRIC_REPRESENTATION_CONTEXT() REPRESENTATION_CONTEXT('2D SPACE',''
  ) );
#1866 = ORIENTED_EDGE('',*,*,#1867,.F.);
#1867 = EDGE_CURVE('',#1868,#1840,#1870,.T.);
#1868 = VERTEX_POINT('',#1869);
#1869 = CARTESIAN_POINT('',(6.65,5.05,27.75));
#1870 = SURFACE_CURVE('',#1871,(#1875,#1882),.PCURVE_S1.);
#1871 = LINE('',#1872,#1873);
#1872 = CARTESIAN_POINT('',(6.65,5.05,27.75));
#1873 = VECTOR('',#1874,1.);
#1874 = DIRECTION('',(0.,1.,0.));
#1875 = PCURVE('',#614,#1876);
#1876 = DEFINITIONAL_REPRESENTATION('',(#1877),#1881);
#1877 = LINE('',#1878,#1879);
#1878 = CARTESIAN_POINT('',(0.,0.));
#1879 = VECTOR('',#1880,1.);
#1880 = DIRECTION('',(1.,0.));
#1881 = ( GEOMETRIC_REPRESENTATION_CONTEXT(2) 
PARAMETRIC_REPRESENTATION_CONTEXT() REPRESENTATION_CONTEXT('2D SPACE',''
  ) );
#1882 = PCURVE('',#1883,#1888);
#1883 = PLANE('',#1884);
#1884 = AXIS2_PLACEMENT_3D('',#1885,#1886,#1887);
#1885 = CARTESIAN_POINT('',(6.65,5.7,12.25));
#1886 = DIRECTION('',(1.,0.,0.));
#1887 = DIRECTION('',(0.,1.,0.));
#1888 = DEFINITIONAL_REPRESENTATION('',(#1889),#1893);
#1889 = LINE('',#1890,#1891);
#1890 = CARTESIAN_POINT('',(-0.65,15.5));
#1891 = VECTOR('',#1892,1.);
#1892 = DIRECTION('',(1.,0.));
#1893 = ( GEOMETRIC_REPRESENTATION_CONTEXT(2) 
PARAMETRIC_REPRESENTATION_CONTEXT() REPRESENTATION_CONTEXT('2D SPACE',''
  ) );
#1894 = ORIENTED_EDGE('',*,*,#1895,.F.);
#1895 = EDGE_CURVE('',#1896,#1868,#1898,.T.);
#1896 = VERTEX_POINT('',#1897);
#1897 = CARTESIAN_POINT('',(55.978062292321,5.05,27.75));
#1898 = SURFACE_CURVE('',#1899,(#1903,#1910),.PCURVE_S1.);
#1899 = LINE('',#1900,#1901);
#1900 = CARTESIAN_POINT('',(55.978062292321,5.05,27.75));
#1901 = VECTOR('',#1902,1.);
#1902 = DIRECTION('',(-1.,0.,0.));
#1903 = PCURVE('',#614,#1904);
#1904 = DEFINITIONAL_REPRESENTATION('',(#1905),#1909);
#1905 = LINE('',#1906,#1907);
#1906 = CARTESIAN_POINT('',(0.,-49.32806229232));
#1907 = VECTOR('',#1908,1.);
#1908 = DIRECTION('',(0.,1.));
#1909 = ( GEOMETRIC_REPRESENTATION_CONTEXT(2) 
PARAMETRIC_REPRESENTATION_CONTEXT() REPRESENTATION_CONTEXT('2D SPACE',''
  ) );
#1910 = PCURVE('',#1911,#1916);
#1911 = PLANE('',#1912);
#1912 = AXIS2_PLACEMENT_3D('',#1913,#1914,#1915);
#1913 = CARTESIAN_POINT('',(6.65,5.05,27.75));
#1914 = DIRECTION('',(0.,-1.,0.));
#1915 = DIRECTION('',(0.,0.,1.));
#1916 = DEFINITIONAL_REPRESENTATION('',(#1917),#1921);
#1917 = LINE('',#1918,#1919);
#1918 = CARTESIAN_POINT('',(0.,-49.32806229232));
#1919 = VECTOR('',#1920,1.);
#1920 = DIRECTION('',(0.,1.));
#1921 = ( GEOMETRIC_REPRESENTATION_CONTEXT(2) 
PARAMETRIC_REPRESENTATION_CONTEXT() REPRESENTATION_CONTEXT('2D SPACE',''
  ) );
#1922 = ORIENTED_EDGE('',*,*,#1923,.F.);
#1923 = EDGE_CURVE('',#1924,#1896,#1926,.T.);
#1924 = VERTEX_POINT('',#1925);
#1925 = CARTESIAN_POINT('',(55.978062292321,6.35,27.75));
#1926 = SURFACE_CURVE('',#1927,(#1931,#1938),.PCURVE_S1.);
#1927 = LINE('',#1928,#1929);
#1928 = CARTESIAN_POINT('',(55.978062292321,6.35,27.75));
#1929 = VECTOR('',#1930,1.);
#1930 = DIRECTION('',(0.,-1.,0.));
#1931 = PCURVE('',#614,#1932);
#1932 = DEFINITIONAL_REPRESENTATION('',(#1933),#1937);
#1933 = LINE('',#1934,#1935);
#1934 = CARTESIAN_POINT('',(1.3,-49.32806229232));
#1935 = VECTOR('',#1936,1.);
#1936 = DIRECTION('',(-1.,0.));
#1937 = ( GEOMETRIC_REPRESENTATION_CONTEXT(2) 
PARAMETRIC_REPRESENTATION_CONTEXT() REPRESENTATION_CONTEXT('2D SPACE',''
  ) );
#1938 = PCURVE('',#1939,#1944);
#1939 = PLANE('',#1940);
#1940 = AXIS2_PLACEMENT_3D('',#1941,#1942,#1943);
#1941 = CARTESIAN_POINT('',(55.978062292321,5.7,12.25));
#1942 = DIRECTION('',(1.,0.,0.));
#1943 = DIRECTION('',(0.,1.,0.));
#1944 = DEFINITIONAL_REPRESENTATION('',(#1945),#1949);
#1945 = LINE('',#1946,#1947);
#1946 = CARTESIAN_POINT('',(0.65,15.5));
#1947 = VECTOR('',#1948,1.);
#1948 = DIRECTION('',(-1.,0.));
#1949 = ( GEOMETRIC_REPRESENTATION_CONTEXT(2) 
PARAMETRIC_REPRESENTATION_CONTEXT() REPRESENTATION_CONTEXT('2D SPACE',''
  ) );
#1950 = ORIENTED_EDGE('',*,*,#1951,.F.);
#1951 = EDGE_CURVE('',#1152,#1924,#1952,.T.);
#1952 = SURFACE_CURVE('',#1953,(#1957,#1964),.PCURVE_S1.);
#1953 = LINE('',#1954,#1955);
#1954 = CARTESIAN_POINT('',(6.65,6.35,27.75));
#1955 = VECTOR('',#1956,1.);
#1956 = DIRECTION('',(1.,0.,0.));
#1957 = PCURVE('',#614,#1958);
#1958 = DEFINITIONAL_REPRESENTATION('',(#1959),#1963);
#1959 = LINE('',#1960,#1961);
#1960 = CARTESIAN_POINT('',(1.3,0.));
#1961 = VECTOR('',#1962,1.);
#1962 = DIRECTION('',(0.,-1.));
#1963 = ( GEOMETRIC_REPRESENTATION_CONTEXT(2) 
PARAMETRIC_REPRESENTATION_CONTEXT() REPRESENTATION_CONTEXT('2D SPACE',''
  ) );
#1964 = PCURVE('',#1855,#1965);
#1965 = DEFINITIONAL_REPRESENTATION('',(#1966),#1970);
#1966 = LINE('',#1967,#1968);
#1967 = CARTESIAN_POINT('',(0.,0.));
#1968 = VECTOR('',#1969,1.);
#1969 = DIRECTION('',(0.,-1.));
#1970 = ( GEOMETRIC_REPRESENTATION_CONTEXT(2) 
PARAMETRIC_REPRESENTATION_CONTEXT() REPRESENTATION_CONTEXT('2D SPACE',''
  ) );
#1971 = ORIENTED_EDGE('',*,*,#1179,.F.);
#1972 = ADVANCED_FACE('',(#1973),#702,.F.);
#1973 = FACE_BOUND('',#1974,.T.);
#1974 = EDGE_LOOP('',(#1975,#1976,#1997,#1998));
#1975 = ORIENTED_EDGE('',*,*,#683,.T.);
#1976 = ORIENTED_EDGE('',*,*,#1977,.T.);
#1977 = EDGE_CURVE('',#686,#1325,#1978,.T.);
#1978 = SURFACE_CURVE('',#1979,(#1983,#1990),.PCURVE_S1.);
#1979 = LINE('',#1980,#1981);
#1980 = CARTESIAN_POINT('',(47.778062292321,2.878,23.65));
#1981 = VECTOR('',#1982,1.);
#1982 = DIRECTION('',(-0.,1.,-0.));
#1983 = PCURVE('',#702,#1984);
#1984 = DEFINITIONAL_REPRESENTATION('',(#1985),#1989);
#1985 = LINE('',#1986,#1987);
#1986 = CARTESIAN_POINT('',(-1.570796326795,0.));
#1987 = VECTOR('',#1988,1.);
#1988 = DIRECTION('',(-0.,-1.));
#1989 = ( GEOMETRIC_REPRESENTATION_CONTEXT(2) 
PARAMETRIC_REPRESENTATION_CONTEXT() REPRESENTATION_CONTEXT('2D SPACE',''
  ) );
#1990 = PCURVE('',#782,#1991);
#1991 = DEFINITIONAL_REPRESENTATION('',(#1992),#1996);
#1992 = LINE('',#1993,#1994);
#1993 = CARTESIAN_POINT('',(0.,0.));
#1994 = VECTOR('',#1995,1.);
#1995 = DIRECTION('',(0.,-1.));
#1996 = ( GEOMETRIC_REPRESENTATION_CONTEXT(2) 
PARAMETRIC_REPRESENTATION_CONTEXT() REPRESENTATION_CONTEXT('2D SPACE',''
  ) );
#1997 = ORIENTED_EDGE('',*,*,#1322,.F.);
#1998 = ORIENTED_EDGE('',*,*,#1999,.F.);
#1999 = EDGE_CURVE('',#684,#1323,#2000,.T.);
#2000 = SURFACE_CURVE('',#2001,(#2005,#2012),.PCURVE_S1.);
#2001 = LINE('',#2002,#2003);
#2002 = CARTESIAN_POINT('',(47.778062292321,2.878,19.45));
#2003 = VECTOR('',#2004,1.);
#2004 = DIRECTION('',(-0.,1.,-0.));
#2005 = PCURVE('',#702,#2006);
#2006 = DEFINITIONAL_REPRESENTATION('',(#2007),#2011);
#2007 = LINE('',#2008,#2009);
#2008 = CARTESIAN_POINT('',(-4.712388980385,0.));
#2009 = VECTOR('',#2010,1.);
#2010 = DIRECTION('',(-0.,-1.));
#2011 = ( GEOMETRIC_REPRESENTATION_CONTEXT(2) 
PARAMETRIC_REPRESENTATION_CONTEXT() REPRESENTATION_CONTEXT('2D SPACE',''
  ) );
#2012 = PCURVE('',#729,#2013);
#2013 = DEFINITIONAL_REPRESENTATION('',(#2014),#2018);
#2014 = LINE('',#2015,#2016);
#2015 = CARTESIAN_POINT('',(4.8,0.));
#2016 = VECTOR('',#2017,1.);
#2017 = DIRECTION('',(0.,-1.));
#2018 = ( GEOMETRIC_REPRESENTATION_CONTEXT(2) 
PARAMETRIC_REPRESENTATION_CONTEXT() REPRESENTATION_CONTEXT('2D SPACE',''
  ) );
#2019 = ADVANCED_FACE('',(#2020),#729,.F.);
#2020 = FACE_BOUND('',#2021,.F.);
#2021 = EDGE_LOOP('',(#2022,#2023,#2044,#2045));
#2022 = ORIENTED_EDGE('',*,*,#714,.F.);
#2023 = ORIENTED_EDGE('',*,*,#2024,.T.);
#2024 = EDGE_CURVE('',#715,#1349,#2025,.T.);
#2025 = SURFACE_CURVE('',#2026,(#2030,#2037),.PCURVE_S1.);
#2026 = LINE('',#2027,#2028);
#2027 = CARTESIAN_POINT('',(42.978062292321,2.878,19.45));
#2028 = VECTOR('',#2029,1.);
#2029 = DIRECTION('',(-0.,1.,-0.));
#2030 = PCURVE('',#729,#2031);
#2031 = DEFINITIONAL_REPRESENTATION('',(#2032),#2036);
#2032 = LINE('',#2033,#2034);
#2033 = CARTESIAN_POINT('',(0.,0.));
#2034 = VECTOR('',#2035,1.);
#2035 = DIRECTION('',(0.,-1.));
#2036 = ( GEOMETRIC_REPRESENTATION_CONTEXT(2) 
PARAMETRIC_REPRESENTATION_CONTEXT() REPRESENTATION_CONTEXT('2D SPACE',''
  ) );
#2037 = PCURVE('',#757,#2038);
#2038 = DEFINITIONAL_REPRESENTATION('',(#2039),#2043);
#2039 = LINE('',#2040,#2041);
#2040 = CARTESIAN_POINT('',(-1.570796326795,0.));
#2041 = VECTOR('',#2042,1.);
#2042 = DIRECTION('',(-0.,-1.));
#2043 = ( GEOMETRIC_REPRESENTATION_CONTEXT(2) 
PARAMETRIC_REPRESENTATION_CONTEXT() REPRESENTATION_CONTEXT('2D SPACE',''
  ) );
#2044 = ORIENTED_EDGE('',*,*,#1348,.T.);
#2045 = ORIENTED_EDGE('',*,*,#1999,.F.);
#2046 = ADVANCED_FACE('',(#2047),#782,.F.);
#2047 = FACE_BOUND('',#2048,.F.);
#2048 = EDGE_LOOP('',(#2049,#2050,#2051,#2052));
#2049 = ORIENTED_EDGE('',*,*,#769,.F.);
#2050 = ORIENTED_EDGE('',*,*,#1977,.T.);
#2051 = ORIENTED_EDGE('',*,*,#1393,.T.);
#2052 = ORIENTED_EDGE('',*,*,#2053,.F.);
#2053 = EDGE_CURVE('',#741,#1370,#2054,.T.);
#2054 = SURFACE_CURVE('',#2055,(#2059,#2066),.PCURVE_S1.);
#2055 = LINE('',#2056,#2057);
#2056 = CARTESIAN_POINT('',(42.978062292321,2.878,23.65));
#2057 = VECTOR('',#2058,1.);
#2058 = DIRECTION('',(-0.,1.,-0.));
#2059 = PCURVE('',#782,#2060);
#2060 = DEFINITIONAL_REPRESENTATION('',(#2061),#2065);
#2061 = LINE('',#2062,#2063);
#2062 = CARTESIAN_POINT('',(4.8,0.));
#2063 = VECTOR('',#2064,1.);
#2064 = DIRECTION('',(0.,-1.));
#2065 = ( GEOMETRIC_REPRESENTATION_CONTEXT(2) 
PARAMETRIC_REPRESENTATION_CONTEXT() REPRESENTATION_CONTEXT('2D SPACE',''
  ) );
#2066 = PCURVE('',#757,#2067);
#2067 = DEFINITIONAL_REPRESENTATION('',(#2068),#2072);
#2068 = LINE('',#2069,#2070);
#2069 = CARTESIAN_POINT('',(-4.712388980385,0.));
#2070 = VECTOR('',#2071,1.);
#2071 = DIRECTION('',(-0.,-1.));
#2072 = ( GEOMETRIC_REPRESENTATION_CONTEXT(2) 
PARAMETRIC_REPRESENTATION_CONTEXT() REPRESENTATION_CONTEXT('2D SPACE',''
  ) );
#2073 = ADVANCED_FACE('',(#2074),#757,.F.);
#2074 = FACE_BOUND('',#2075,.T.);
#2075 = EDGE_LOOP('',(#2076,#2077,#2078,#2079));
#2076 = ORIENTED_EDGE('',*,*,#740,.T.);
#2077 = ORIENTED_EDGE('',*,*,#2024,.T.);
#2078 = ORIENTED_EDGE('',*,*,#1369,.F.);
#2079 = ORIENTED_EDGE('',*,*,#2053,.F.);
#2080 = ADVANCED_FACE('',(#2081),#812,.T.);
#2081 = FACE_BOUND('',#2082,.T.);
#2082 = EDGE_LOOP('',(#2083,#2112,#2133,#2134));
#2083 = ORIENTED_EDGE('',*,*,#2084,.F.);
#2084 = EDGE_CURVE('',#2085,#2085,#2087,.T.);
#2085 = VERTEX_POINT('',#2086);
#2086 = CARTESIAN_POINT('',(35.778,4.25,21.5));
#2087 = SURFACE_CURVE('',#2088,(#2093,#2100),.PCURVE_S1.);
#2088 = CIRCLE('',#2089,2.4);
#2089 = AXIS2_PLACEMENT_3D('',#2090,#2091,#2092);
#2090 = CARTESIAN_POINT('',(33.378,4.25,21.5));
#2091 = DIRECTION('',(0.,-1.,0.));
#2092 = DIRECTION('',(1.,0.,0.));
#2093 = PCURVE('',#812,#2094);
#2094 = DEFINITIONAL_REPRESENTATION('',(#2095),#2099);
#2095 = LINE('',#2096,#2097);
#2096 = CARTESIAN_POINT('',(0.,0.));
#2097 = VECTOR('',#2098,1.);
#2098 = DIRECTION('',(1.,0.));
#2099 = ( GEOMETRIC_REPRESENTATION_CONTEXT(2) 
PARAMETRIC_REPRESENTATION_CONTEXT() REPRESENTATION_CONTEXT('2D SPACE',''
  ) );
#2100 = PCURVE('',#2101,#2106);
#2101 = PLANE('',#2102);
#2102 = AXIS2_PLACEMENT_3D('',#2103,#2104,#2105);
#2103 = CARTESIAN_POINT('',(33.378,4.25,21.5));
#2104 = DIRECTION('',(0.,-1.,0.));
#2105 = DIRECTION('',(1.,0.,0.));
#2106 = DEFINITIONAL_REPRESENTATION('',(#2107),#2111);
#2107 = CIRCLE('',#2108,2.4);
#2108 = AXIS2_PLACEMENT_2D('',#2109,#2110);
#2109 = CARTESIAN_POINT('',(2.848833609457E-16,-4.446993654107E-17));
#2110 = DIRECTION('',(1.,0.));
#2111 = ( GEOMETRIC_REPRESENTATION_CONTEXT(2) 
PARAMETRIC_REPRESENTATION_CONTEXT() REPRESENTATION_CONTEXT('2D SPACE',''
  ) );
#2112 = ORIENTED_EDGE('',*,*,#2113,.T.);
#2113 = EDGE_CURVE('',#2085,#796,#2114,.T.);
#2114 = SEAM_CURVE('',#2115,(#2119,#2126),.PCURVE_S1.);
#2115 = LINE('',#2116,#2117);
#2116 = CARTESIAN_POINT('',(35.778,4.25,21.5));
#2117 = VECTOR('',#2118,1.);
#2118 = DIRECTION('',(-0.,1.,-0.));
#2119 = PCURVE('',#812,#2120);
#2120 = DEFINITIONAL_REPRESENTATION('',(#2121),#2125);
#2121 = LINE('',#2122,#2123);
#2122 = CARTESIAN_POINT('',(6.28318530718,0.));
#2123 = VECTOR('',#2124,1.);
#2124 = DIRECTION('',(0.,-1.));
#2125 = ( GEOMETRIC_REPRESENTATION_CONTEXT(2) 
PARAMETRIC_REPRESENTATION_CONTEXT() REPRESENTATION_CONTEXT('2D SPACE',''
  ) );
#2126 = PCURVE('',#812,#2127);
#2127 = DEFINITIONAL_REPRESENTATION('',(#2128),#2132);
#2128 = LINE('',#2129,#2130);
#2129 = CARTESIAN_POINT('',(0.,0.));
#2130 = VECTOR('',#2131,1.);
#2131 = DIRECTION('',(0.,-1.));
#2132 = ( GEOMETRIC_REPRESENTATION_CONTEXT(2) 
PARAMETRIC_REPRESENTATION_CONTEXT() REPRESENTATION_CONTEXT('2D SPACE',''
  ) );
#2133 = ORIENTED_EDGE('',*,*,#795,.T.);
#2134 = ORIENTED_EDGE('',*,*,#2113,.F.);
#2135 = ADVANCED_FACE('',(#2136),#843,.F.);
#2136 = FACE_BOUND('',#2137,.F.);
#2137 = EDGE_LOOP('',(#2138,#2139,#2160,#2161));
#2138 = ORIENTED_EDGE('',*,*,#826,.F.);
#2139 = ORIENTED_EDGE('',*,*,#2140,.T.);
#2140 = EDGE_CURVE('',#827,#1450,#2141,.T.);
#2141 = SURFACE_CURVE('',#2142,(#2146,#2153),.PCURVE_S1.);
#2142 = LINE('',#2143,#2144);
#2143 = CARTESIAN_POINT('',(12.151408311032,2.878,18.117949192431));
#2144 = VECTOR('',#2145,1.);
#2145 = DIRECTION('',(-0.,1.,-0.));
#2146 = PCURVE('',#843,#2147);
#2147 = DEFINITIONAL_REPRESENTATION('',(#2148),#2152);
#2148 = LINE('',#2149,#2150);
#2149 = CARTESIAN_POINT('',(0.,0.));
#2150 = VECTOR('',#2151,1.);
#2151 = DIRECTION('',(0.,-1.));
#2152 = ( GEOMETRIC_REPRESENTATION_CONTEXT(2) 
PARAMETRIC_REPRESENTATION_CONTEXT() REPRESENTATION_CONTEXT('2D SPACE',''
  ) );
#2153 = PCURVE('',#869,#2154);
#2154 = DEFINITIONAL_REPRESENTATION('',(#2155),#2159);
#2155 = LINE('',#2156,#2157);
#2156 = CARTESIAN_POINT('',(1.732050807569,0.));
#2157 = VECTOR('',#2158,1.);
#2158 = DIRECTION('',(0.,-1.));
#2159 = ( GEOMETRIC_REPRESENTATION_CONTEXT(2) 
PARAMETRIC_REPRESENTATION_CONTEXT() REPRESENTATION_CONTEXT('2D SPACE',''
  ) );
#2160 = ORIENTED_EDGE('',*,*,#1449,.T.);
#2161 = ORIENTED_EDGE('',*,*,#2162,.F.);
#2162 = EDGE_CURVE('',#829,#1452,#2163,.T.);
#2163 = SURFACE_CURVE('',#2164,(#2168,#2175),.PCURVE_S1.);
#2164 = LINE('',#2165,#2166);
#2165 = CARTESIAN_POINT('',(13.017433714817,2.878,19.617949192431));
#2166 = VECTOR('',#2167,1.);
#2167 = DIRECTION('',(-0.,1.,-0.));
#2168 = PCURVE('',#843,#2169);
#2169 = DEFINITIONAL_REPRESENTATION('',(#2170),#2174);
#2170 = LINE('',#2171,#2172);
#2171 = CARTESIAN_POINT('',(1.732050807569,0.));
#2172 = VECTOR('',#2173,1.);
#2173 = DIRECTION('',(0.,-1.));
#2174 = ( GEOMETRIC_REPRESENTATION_CONTEXT(2) 
PARAMETRIC_REPRESENTATION_CONTEXT() REPRESENTATION_CONTEXT('2D SPACE',''
  ) );
#2175 = PCURVE('',#948,#2176);
#2176 = DEFINITIONAL_REPRESENTATION('',(#2177),#2181);
#2177 = LINE('',#2178,#2179);
#2178 = CARTESIAN_POINT('',(0.,0.));
#2179 = VECTOR('',#2180,1.);
#2180 = DIRECTION('',(0.,-1.));
#2181 = ( GEOMETRIC_REPRESENTATION_CONTEXT(2) 
PARAMETRIC_REPRESENTATION_CONTEXT() REPRESENTATION_CONTEXT('2D SPACE',''
  ) );
#2182 = ADVANCED_FACE('',(#2183),#869,.F.);
#2183 = FACE_BOUND('',#2184,.F.);
#2184 = EDGE_LOOP('',(#2185,#2186,#2207,#2208));
#2185 = ORIENTED_EDGE('',*,*,#854,.F.);
#2186 = ORIENTED_EDGE('',*,*,#2187,.T.);
#2187 = EDGE_CURVE('',#855,#1473,#2188,.T.);
#2188 = SURFACE_CURVE('',#2189,(#2193,#2200),.PCURVE_S1.);
#2189 = LINE('',#2190,#2191);
#2190 = CARTESIAN_POINT('',(10.419357503464,2.878,18.117949192431));
#2191 = VECTOR('',#2192,1.);
#2192 = DIRECTION('',(-0.,1.,-0.));
#2193 = PCURVE('',#869,#2194);
#2194 = DEFINITIONAL_REPRESENTATION('',(#2195),#2199);
#2195 = LINE('',#2196,#2197);
#2196 = CARTESIAN_POINT('',(0.,0.));
#2197 = VECTOR('',#2198,1.);
#2198 = DIRECTION('',(0.,-1.));
#2199 = ( GEOMETRIC_REPRESENTATION_CONTEXT(2) 
PARAMETRIC_REPRESENTATION_CONTEXT() REPRESENTATION_CONTEXT('2D SPACE',''
  ) );
#2200 = PCURVE('',#895,#2201);
#2201 = DEFINITIONAL_REPRESENTATION('',(#2202),#2206);
#2202 = LINE('',#2203,#2204);
#2203 = CARTESIAN_POINT('',(2.360307012095E-03,0.));
#2204 = VECTOR('',#2205,1.);
#2205 = DIRECTION('',(0.,-1.));
#2206 = ( GEOMETRIC_REPRESENTATION_CONTEXT(2) 
PARAMETRIC_REPRESENTATION_CONTEXT() REPRESENTATION_CONTEXT('2D SPACE',''
  ) );
#2207 = ORIENTED_EDGE('',*,*,#1472,.T.);
#2208 = ORIENTED_EDGE('',*,*,#2140,.F.);
#2209 = ADVANCED_FACE('',(#2210),#948,.F.);
#2210 = FACE_BOUND('',#2211,.F.);
#2211 = EDGE_LOOP('',(#2212,#2213,#2214,#2215));
#2212 = ORIENTED_EDGE('',*,*,#935,.F.);
#2213 = ORIENTED_EDGE('',*,*,#2162,.T.);
#2214 = ORIENTED_EDGE('',*,*,#1538,.T.);
#2215 = ORIENTED_EDGE('',*,*,#2216,.F.);
#2216 = EDGE_CURVE('',#907,#1515,#2217,.T.);
#2217 = SURFACE_CURVE('',#2218,(#2222,#2229),.PCURVE_S1.);
#2218 = LINE('',#2219,#2220);
#2219 = CARTESIAN_POINT('',(12.952841157323,2.878,19.729826783801));
#2220 = VECTOR('',#2221,1.);
#2221 = DIRECTION('',(-0.,1.,-0.));
#2222 = PCURVE('',#948,#2223);
#2223 = DEFINITIONAL_REPRESENTATION('',(#2224),#2228);
#2224 = LINE('',#2225,#2226);
#2225 = CARTESIAN_POINT('',(0.129185114987,0.));
#2226 = VECTOR('',#2227,1.);
#2227 = DIRECTION('',(0.,-1.));
#2228 = ( GEOMETRIC_REPRESENTATION_CONTEXT(2) 
PARAMETRIC_REPRESENTATION_CONTEXT() REPRESENTATION_CONTEXT('2D SPACE',''
  ) );
#2229 = PCURVE('',#923,#2230);
#2230 = DEFINITIONAL_REPRESENTATION('',(#2231),#2235);
#2231 = LINE('',#2232,#2233);
#2232 = CARTESIAN_POINT('',(5.735585875792,0.));
#2233 = VECTOR('',#2234,1.);
#2234 = DIRECTION('',(0.,-1.));
#2235 = ( GEOMETRIC_REPRESENTATION_CONTEXT(2) 
PARAMETRIC_REPRESENTATION_CONTEXT() REPRESENTATION_CONTEXT('2D SPACE',''
  ) );
#2236 = ADVANCED_FACE('',(#2237),#895,.F.);
#2237 = FACE_BOUND('',#2238,.F.);
#2238 = EDGE_LOOP('',(#2239,#2240,#2261,#2262));
#2239 = ORIENTED_EDGE('',*,*,#880,.F.);
#2240 = ORIENTED_EDGE('',*,*,#2241,.T.);
#2241 = EDGE_CURVE('',#881,#1494,#2242,.T.);
#2242 = SURFACE_CURVE('',#2243,(#2247,#2254),.PCURVE_S1.);
#2243 = LINE('',#2244,#2245);
#2244 = CARTESIAN_POINT('',(10.418177349957,2.878,18.119993278264));
#2245 = VECTOR('',#2246,1.);
#2246 = DIRECTION('',(-0.,1.,-0.));
#2247 = PCURVE('',#895,#2248);
#2248 = DEFINITIONAL_REPRESENTATION('',(#2249),#2253);
#2249 = LINE('',#2250,#2251);
#2250 = CARTESIAN_POINT('',(0.,0.));
#2251 = VECTOR('',#2252,1.);
#2252 = DIRECTION('',(0.,-1.));
#2253 = ( GEOMETRIC_REPRESENTATION_CONTEXT(2) 
PARAMETRIC_REPRESENTATION_CONTEXT() REPRESENTATION_CONTEXT('2D SPACE',''
  ) );
#2254 = PCURVE('',#923,#2255);
#2255 = DEFINITIONAL_REPRESENTATION('',(#2256),#2260);
#2256 = LINE('',#2257,#2258);
#2257 = CARTESIAN_POINT('',(4.82088919376,0.));
#2258 = VECTOR('',#2259,1.);
#2259 = DIRECTION('',(0.,-1.));
#2260 = ( GEOMETRIC_REPRESENTATION_CONTEXT(2) 
PARAMETRIC_REPRESENTATION_CONTEXT() REPRESENTATION_CONTEXT('2D SPACE',''
  ) );
#2261 = ORIENTED_EDGE('',*,*,#1493,.T.);
#2262 = ORIENTED_EDGE('',*,*,#2187,.F.);
#2263 = ADVANCED_FACE('',(#2264),#923,.T.);
#2264 = FACE_BOUND('',#2265,.T.);
#2265 = EDGE_LOOP('',(#2266,#2267,#2268,#2269));
#2266 = ORIENTED_EDGE('',*,*,#906,.F.);
#2267 = ORIENTED_EDGE('',*,*,#2241,.T.);
#2268 = ORIENTED_EDGE('',*,*,#1514,.T.);
#2269 = ORIENTED_EDGE('',*,*,#2216,.F.);
#2270 = ADVANCED_FACE('',(#2271),#978,.T.);
#2271 = FACE_BOUND('',#2272,.T.);
#2272 = EDGE_LOOP('',(#2273,#2302,#2323,#2324));
#2273 = ORIENTED_EDGE('',*,*,#2274,.F.);
#2274 = EDGE_CURVE('',#2275,#2275,#2277,.T.);
#2275 = VERTEX_POINT('',#2276);
#2276 = CARTESIAN_POINT('',(12.45,4.25,21.5));
#2277 = SURFACE_CURVE('',#2278,(#2283,#2290),.PCURVE_S1.);
#2278 = CIRCLE('',#2279,2.4);
#2279 = AXIS2_PLACEMENT_3D('',#2280,#2281,#2282);
#2280 = CARTESIAN_POINT('',(10.05,4.25,21.5));
#2281 = DIRECTION('',(0.,-1.,0.));
#2282 = DIRECTION('',(1.,0.,0.));
#2283 = PCURVE('',#978,#2284);
#2284 = DEFINITIONAL_REPRESENTATION('',(#2285),#2289);
#2285 = LINE('',#2286,#2287);
#2286 = CARTESIAN_POINT('',(0.,0.));
#2287 = VECTOR('',#2288,1.);
#2288 = DIRECTION('',(1.,0.));
#2289 = ( GEOMETRIC_REPRESENTATION_CONTEXT(2) 
PARAMETRIC_REPRESENTATION_CONTEXT() REPRESENTATION_CONTEXT('2D SPACE',''
  ) );
#2290 = PCURVE('',#2291,#2296);
#2291 = PLANE('',#2292);
#2292 = AXIS2_PLACEMENT_3D('',#2293,#2294,#2295);
#2293 = CARTESIAN_POINT('',(10.05,4.25,21.5));
#2294 = DIRECTION('',(0.,-1.,0.));
#2295 = DIRECTION('',(1.,0.,0.));
#2296 = DEFINITIONAL_REPRESENTATION('',(#2297),#2301);
#2297 = CIRCLE('',#2298,2.4);
#2298 = AXIS2_PLACEMENT_2D('',#2299,#2300);
#2299 = CARTESIAN_POINT('',(2.848833609457E-16,-4.446993654107E-17));
#2300 = DIRECTION('',(1.,0.));
#2301 = ( GEOMETRIC_REPRESENTATION_CONTEXT(2) 
PARAMETRIC_REPRESENTATION_CONTEXT() REPRESENTATION_CONTEXT('2D SPACE',''
  ) );
#2302 = ORIENTED_EDGE('',*,*,#2303,.T.);
#2303 = EDGE_CURVE('',#2275,#962,#2304,.T.);
#2304 = SEAM_CURVE('',#2305,(#2309,#2316),.PCURVE_S1.);
#2305 = LINE('',#2306,#2307);
#2306 = CARTESIAN_POINT('',(12.45,4.25,21.5));
#2307 = VECTOR('',#2308,1.);
#2308 = DIRECTION('',(-0.,1.,-0.));
#2309 = PCURVE('',#978,#2310);
#2310 = DEFINITIONAL_REPRESENTATION('',(#2311),#2315);
#2311 = LINE('',#2312,#2313);
#2312 = CARTESIAN_POINT('',(6.28318530718,0.));
#2313 = VECTOR('',#2314,1.);
#2314 = DIRECTION('',(0.,-1.));
#2315 = ( GEOMETRIC_REPRESENTATION_CONTEXT(2) 
PARAMETRIC_REPRESENTATION_CONTEXT() REPRESENTATION_CONTEXT('2D SPACE',''
  ) );
#2316 = PCURVE('',#978,#2317);
#2317 = DEFINITIONAL_REPRESENTATION('',(#2318),#2322);
#2318 = LINE('',#2319,#2320);
#2319 = CARTESIAN_POINT('',(0.,0.));
#2320 = VECTOR('',#2321,1.);
#2321 = DIRECTION('',(0.,-1.));
#2322 = ( GEOMETRIC_REPRESENTATION_CONTEXT(2) 
PARAMETRIC_REPRESENTATION_CONTEXT() REPRESENTATION_CONTEXT('2D SPACE',''
  ) );
#2323 = ORIENTED_EDGE('',*,*,#961,.T.);
#2324 = ORIENTED_EDGE('',*,*,#2303,.F.);
#2325 = ADVANCED_FACE('',(#2326),#1009,.F.);
#2326 = FACE_BOUND('',#2327,.F.);
#2327 = EDGE_LOOP('',(#2328,#2329,#2350,#2351));
#2328 = ORIENTED_EDGE('',*,*,#992,.F.);
#2329 = ORIENTED_EDGE('',*,*,#2330,.T.);
#2330 = EDGE_CURVE('',#993,#1595,#2331,.T.);
#2331 = SURFACE_CURVE('',#2332,(#2336,#2343),.PCURVE_S1.);
#2332 = LINE('',#2333,#2334);
#2333 = CARTESIAN_POINT('',(12.68719993185,2.878,23.645967501956));
#2334 = VECTOR('',#2335,1.);
#2335 = DIRECTION('',(-0.,1.,-0.));
#2336 = PCURVE('',#1009,#2337);
#2337 = DEFINITIONAL_REPRESENTATION('',(#2338),#2342);
#2338 = LINE('',#2339,#2340);
#2339 = CARTESIAN_POINT('',(0.,0.));
#2340 = VECTOR('',#2341,1.);
#2341 = DIRECTION('',(0.,-1.));
#2342 = ( GEOMETRIC_REPRESENTATION_CONTEXT(2) 
PARAMETRIC_REPRESENTATION_CONTEXT() REPRESENTATION_CONTEXT('2D SPACE',''
  ) );
#2343 = PCURVE('',#1037,#2344);
#2344 = DEFINITIONAL_REPRESENTATION('',(#2345),#2349);
#2345 = LINE('',#2346,#2347);
#2346 = CARTESIAN_POINT('',(0.683056729689,0.));
#2347 = VECTOR('',#2348,1.);
#2348 = DIRECTION('',(0.,-1.));
#2349 = ( GEOMETRIC_REPRESENTATION_CONTEXT(2) 
PARAMETRIC_REPRESENTATION_CONTEXT() REPRESENTATION_CONTEXT('2D SPACE',''
  ) );
#2350 = ORIENTED_EDGE('',*,*,#1594,.T.);
#2351 = ORIENTED_EDGE('',*,*,#2352,.F.);
#2352 = EDGE_CURVE('',#995,#1597,#2353,.T.);
#2353 = SURFACE_CURVE('',#2354,(#2358,#2365),.PCURVE_S1.);
#2354 = LINE('',#2355,#2356);
#2355 = CARTESIAN_POINT('',(13.017433714817,2.878,24.217949192431));
#2356 = VECTOR('',#2357,1.);
#2357 = DIRECTION('',(-0.,1.,-0.));
#2358 = PCURVE('',#1009,#2359);
#2359 = DEFINITIONAL_REPRESENTATION('',(#2360),#2364);
#2360 = LINE('',#2361,#2362);
#2361 = CARTESIAN_POINT('',(0.660467565935,0.));
#2362 = VECTOR('',#2363,1.);
#2363 = DIRECTION('',(0.,-1.));
#2364 = ( GEOMETRIC_REPRESENTATION_CONTEXT(2) 
PARAMETRIC_REPRESENTATION_CONTEXT() REPRESENTATION_CONTEXT('2D SPACE',''
  ) );
#2365 = PCURVE('',#1114,#2366);
#2366 = DEFINITIONAL_REPRESENTATION('',(#2367),#2371);
#2367 = LINE('',#2368,#2369);
#2368 = CARTESIAN_POINT('',(0.,0.));
#2369 = VECTOR('',#2370,1.);
#2370 = DIRECTION('',(0.,-1.));
#2371 = ( GEOMETRIC_REPRESENTATION_CONTEXT(2) 
PARAMETRIC_REPRESENTATION_CONTEXT() REPRESENTATION_CONTEXT('2D SPACE',''
  ) );
#2372 = ADVANCED_FACE('',(#2373),#1037,.T.);
#2373 = FACE_BOUND('',#2374,.T.);
#2374 = EDGE_LOOP('',(#2375,#2376,#2377,#2378));
#2375 = ORIENTED_EDGE('',*,*,#1020,.F.);
#2376 = ORIENTED_EDGE('',*,*,#2330,.T.);
#2377 = ORIENTED_EDGE('',*,*,#1617,.T.);
#2378 = ORIENTED_EDGE('',*,*,#2379,.F.);
#2379 = EDGE_CURVE('',#1021,#1618,#2380,.T.);
#2380 = SURFACE_CURVE('',#2381,(#2385,#2392),.PCURVE_S1.);
#2381 = LINE('',#2382,#2383);
#2382 = CARTESIAN_POINT('',(9.946199293395,2.878,24.898415132574));
#2383 = VECTOR('',#2384,1.);
#2384 = DIRECTION('',(-0.,1.,-0.));
#2385 = PCURVE('',#1037,#2386);
#2386 = DEFINITIONAL_REPRESENTATION('',(#2387),#2391);
#2387 = LINE('',#2388,#2389);
#2388 = CARTESIAN_POINT('',(1.601330690936,0.));
#2389 = VECTOR('',#2390,1.);
#2390 = DIRECTION('',(0.,-1.));
#2391 = ( GEOMETRIC_REPRESENTATION_CONTEXT(2) 
PARAMETRIC_REPRESENTATION_CONTEXT() REPRESENTATION_CONTEXT('2D SPACE',''
  ) );
#2392 = PCURVE('',#1064,#2393);
#2393 = DEFINITIONAL_REPRESENTATION('',(#2394),#2398);
#2394 = LINE('',#2395,#2396);
#2395 = CARTESIAN_POINT('',(0.946316420137,0.));
#2396 = VECTOR('',#2397,1.);
#2397 = DIRECTION('',(0.,-1.));
#2398 = ( GEOMETRIC_REPRESENTATION_CONTEXT(2) 
PARAMETRIC_REPRESENTATION_CONTEXT() REPRESENTATION_CONTEXT('2D SPACE',''
  ) );
#2399 = ADVANCED_FACE('',(#2400),#1114,.F.);
#2400 = FACE_BOUND('',#2401,.F.);
#2401 = EDGE_LOOP('',(#2402,#2403,#2404,#2405));
#2402 = ORIENTED_EDGE('',*,*,#1101,.F.);
#2403 = ORIENTED_EDGE('',*,*,#2352,.T.);
#2404 = ORIENTED_EDGE('',*,*,#1683,.T.);
#2405 = ORIENTED_EDGE('',*,*,#2406,.F.);
#2406 = EDGE_CURVE('',#1076,#1663,#2407,.T.);
#2407 = SURFACE_CURVE('',#2408,(#2412,#2419),.PCURVE_S1.);
#2408 = LINE('',#2409,#2410);
#2409 = CARTESIAN_POINT('',(12.151408311032,2.878,25.717949192431));
#2410 = VECTOR('',#2411,1.);
#2411 = DIRECTION('',(-0.,1.,-0.));
#2412 = PCURVE('',#1114,#2413);
#2413 = DEFINITIONAL_REPRESENTATION('',(#2414),#2418);
#2414 = LINE('',#2415,#2416);
#2415 = CARTESIAN_POINT('',(1.732050807569,0.));
#2416 = VECTOR('',#2417,1.);
#2417 = DIRECTION('',(0.,-1.));
#2418 = ( GEOMETRIC_REPRESENTATION_CONTEXT(2) 
PARAMETRIC_REPRESENTATION_CONTEXT() REPRESENTATION_CONTEXT('2D SPACE',''
  ) );
#2419 = PCURVE('',#1090,#2420);
#2420 = DEFINITIONAL_REPRESENTATION('',(#2421),#2425);
#2421 = LINE('',#2422,#2423);
#2422 = CARTESIAN_POINT('',(0.,0.));
#2423 = VECTOR('',#2424,1.);
#2424 = DIRECTION('',(0.,-1.));
#2425 = ( GEOMETRIC_REPRESENTATION_CONTEXT(2) 
PARAMETRIC_REPRESENTATION_CONTEXT() REPRESENTATION_CONTEXT('2D SPACE',''
  ) );
#2426 = ADVANCED_FACE('',(#2427),#1064,.F.);
#2427 = FACE_BOUND('',#2428,.F.);
#2428 = EDGE_LOOP('',(#2429,#2430,#2451,#2452));
#2429 = ORIENTED_EDGE('',*,*,#1049,.F.);
#2430 = ORIENTED_EDGE('',*,*,#2431,.T.);
#2431 = EDGE_CURVE('',#1050,#1642,#2432,.T.);
#2432 = SURFACE_CURVE('',#2433,(#2437,#2444),.PCURVE_S1.);
#2433 = LINE('',#2434,#2435);
#2434 = CARTESIAN_POINT('',(10.419357503464,2.878,25.717949192431));
#2435 = VECTOR('',#2436,1.);
#2436 = DIRECTION('',(-0.,1.,-0.));
#2437 = PCURVE('',#1064,#2438);
#2438 = DEFINITIONAL_REPRESENTATION('',(#2439),#2443);
#2439 = LINE('',#2440,#2441);
#2440 = CARTESIAN_POINT('',(0.,0.));
#2441 = VECTOR('',#2442,1.);
#2442 = DIRECTION('',(0.,-1.));
#2443 = ( GEOMETRIC_REPRESENTATION_CONTEXT(2) 
PARAMETRIC_REPRESENTATION_CONTEXT() REPRESENTATION_CONTEXT('2D SPACE',''
  ) );
#2444 = PCURVE('',#1090,#2445);
#2445 = DEFINITIONAL_REPRESENTATION('',(#2446),#2450);
#2446 = LINE('',#2447,#2448);
#2447 = CARTESIAN_POINT('',(1.732050807569,0.));
#2448 = VECTOR('',#2449,1.);
#2449 = DIRECTION('',(0.,-1.));
#2450 = ( GEOMETRIC_REPRESENTATION_CONTEXT(2) 
PARAMETRIC_REPRESENTATION_CONTEXT() REPRESENTATION_CONTEXT('2D SPACE',''
  ) );
#2451 = ORIENTED_EDGE('',*,*,#1641,.T.);
#2452 = ORIENTED_EDGE('',*,*,#2379,.F.);
#2453 = ADVANCED_FACE('',(#2454),#1090,.F.);
#2454 = FACE_BOUND('',#2455,.F.);
#2455 = EDGE_LOOP('',(#2456,#2457,#2458,#2459));
#2456 = ORIENTED_EDGE('',*,*,#1075,.F.);
#2457 = ORIENTED_EDGE('',*,*,#2406,.T.);
#2458 = ORIENTED_EDGE('',*,*,#1662,.T.);
#2459 = ORIENTED_EDGE('',*,*,#2431,.F.);
#2460 = ADVANCED_FACE('',(#2461),#1167,.T.);
#2461 = FACE_BOUND('',#2462,.T.);
#2462 = EDGE_LOOP('',(#2463,#2464,#2485,#2486));
#2463 = ORIENTED_EDGE('',*,*,#1790,.F.);
#2464 = ORIENTED_EDGE('',*,*,#2465,.T.);
#2465 = EDGE_CURVE('',#1791,#1152,#2466,.T.);
#2466 = SURFACE_CURVE('',#2467,(#2471,#2478),.PCURVE_S1.);
#2467 = LINE('',#2468,#2469);
#2468 = CARTESIAN_POINT('',(6.65,6.35,27.75));
#2469 = VECTOR('',#2470,1.);
#2470 = DIRECTION('',(1.,0.,0.));
#2471 = PCURVE('',#1167,#2472);
#2472 = DEFINITIONAL_REPRESENTATION('',(#2473),#2477);
#2473 = LINE('',#2474,#2475);
#2474 = CARTESIAN_POINT('',(0.,0.));
#2475 = VECTOR('',#2476,1.);
#2476 = DIRECTION('',(0.,-1.));
#2477 = ( GEOMETRIC_REPRESENTATION_CONTEXT(2) 
PARAMETRIC_REPRESENTATION_CONTEXT() REPRESENTATION_CONTEXT('2D SPACE',''
  ) );
#2478 = PCURVE('',#1855,#2479);
#2479 = DEFINITIONAL_REPRESENTATION('',(#2480),#2484);
#2480 = LINE('',#2481,#2482);
#2481 = CARTESIAN_POINT('',(0.,0.));
#2482 = VECTOR('',#2483,1.);
#2483 = DIRECTION('',(0.,-1.));
#2484 = ( GEOMETRIC_REPRESENTATION_CONTEXT(2) 
PARAMETRIC_REPRESENTATION_CONTEXT() REPRESENTATION_CONTEXT('2D SPACE',''
  ) );
#2485 = ORIENTED_EDGE('',*,*,#1151,.T.);
#2486 = ORIENTED_EDGE('',*,*,#1252,.F.);
#2487 = ADVANCED_FACE('',(#2488),#1435,.F.);
#2488 = FACE_BOUND('',#2489,.F.);
#2489 = EDGE_LOOP('',(#2490,#2491,#2514,#2541));
#2490 = ORIENTED_EDGE('',*,*,#1414,.F.);
#2491 = ORIENTED_EDGE('',*,*,#2492,.F.);
#2492 = EDGE_CURVE('',#2493,#1415,#2495,.T.);
#2493 = VERTEX_POINT('',#2494);
#2494 = CARTESIAN_POINT('',(34.578,5.8,21.5));
#2495 = SEAM_CURVE('',#2496,(#2500,#2507),.PCURVE_S1.);
#2496 = LINE('',#2497,#2498);
#2497 = CARTESIAN_POINT('',(34.578,5.8,21.5));
#2498 = VECTOR('',#2499,1.);
#2499 = DIRECTION('',(0.707106781187,0.707106781187,2.516958341813E-16)
  );
#2500 = PCURVE('',#1435,#2501);
#2501 = DEFINITIONAL_REPRESENTATION('',(#2502),#2506);
#2502 = LINE('',#2503,#2504);
#2503 = CARTESIAN_POINT('',(6.28318530718,-0.));
#2504 = VECTOR('',#2505,1.);
#2505 = DIRECTION('',(0.,1.));
#2506 = ( GEOMETRIC_REPRESENTATION_CONTEXT(2) 
PARAMETRIC_REPRESENTATION_CONTEXT() REPRESENTATION_CONTEXT('2D SPACE',''
  ) );
#2507 = PCURVE('',#1435,#2508);
#2508 = DEFINITIONAL_REPRESENTATION('',(#2509),#2513);
#2509 = LINE('',#2510,#2511);
#2510 = CARTESIAN_POINT('',(0.,-0.));
#2511 = VECTOR('',#2512,1.);
#2512 = DIRECTION('',(0.,1.));
#2513 = ( GEOMETRIC_REPRESENTATION_CONTEXT(2) 
PARAMETRIC_REPRESENTATION_CONTEXT() REPRESENTATION_CONTEXT('2D SPACE',''
  ) );
#2514 = ORIENTED_EDGE('',*,*,#2515,.T.);
#2515 = EDGE_CURVE('',#2493,#2493,#2516,.T.);
#2516 = SURFACE_CURVE('',#2517,(#2522,#2529),.PCURVE_S1.);
#2517 = CIRCLE('',#2518,1.2);
#2518 = AXIS2_PLACEMENT_3D('',#2519,#2520,#2521);
#2519 = CARTESIAN_POINT('',(33.378,5.8,21.5));
#2520 = DIRECTION('',(-0.,1.,1.110223024625E-16));
#2521 = DIRECTION('',(1.,0.,0.));
#2522 = PCURVE('',#1435,#2523);
#2523 = DEFINITIONAL_REPRESENTATION('',(#2524),#2528);
#2524 = LINE('',#2525,#2526);
#2525 = CARTESIAN_POINT('',(0.,0.));
#2526 = VECTOR('',#2527,1.);
#2527 = DIRECTION('',(1.,0.));
#2528 = ( GEOMETRIC_REPRESENTATION_CONTEXT(2) 
PARAMETRIC_REPRESENTATION_CONTEXT() REPRESENTATION_CONTEXT('2D SPACE',''
  ) );
#2529 = PCURVE('',#2530,#2535);
#2530 = CYLINDRICAL_SURFACE('',#2531,1.2);
#2531 = AXIS2_PLACEMENT_3D('',#2532,#2533,#2534);
#2532 = CARTESIAN_POINT('',(33.378,3.1,21.5));
#2533 = DIRECTION('',(0.,-1.,0.));
#2534 = DIRECTION('',(1.,0.,0.));
#2535 = DEFINITIONAL_REPRESENTATION('',(#2536),#2540);
#2536 = LINE('',#2537,#2538);
#2537 = CARTESIAN_POINT('',(6.28318530718,-2.7));
#2538 = VECTOR('',#2539,1.);
#2539 = DIRECTION('',(-1.,0.));
#2540 = ( GEOMETRIC_REPRESENTATION_CONTEXT(2) 
PARAMETRIC_REPRESENTATION_CONTEXT() REPRESENTATION_CONTEXT('2D SPACE',''
  ) );
#2541 = ORIENTED_EDGE('',*,*,#2492,.T.);
#2542 = ADVANCED_FACE('',(#2543),#1580,.F.);
#2543 = FACE_BOUND('',#2544,.F.);
#2544 = EDGE_LOOP('',(#2545,#2546,#2569,#2596));
#2545 = ORIENTED_EDGE('',*,*,#1559,.F.);
#2546 = ORIENTED_EDGE('',*,*,#2547,.F.);
#2547 = EDGE_CURVE('',#2548,#1560,#2550,.T.);
#2548 = VERTEX_POINT('',#2549);
#2549 = CARTESIAN_POINT('',(11.25,5.8,21.5));
#2550 = SEAM_CURVE('',#2551,(#2555,#2562),.PCURVE_S1.);
#2551 = LINE('',#2552,#2553);
#2552 = CARTESIAN_POINT('',(11.25,5.8,21.5));
#2553 = VECTOR('',#2554,1.);
#2554 = DIRECTION('',(0.707106781187,0.707106781187,2.516958341813E-16)
  );
#2555 = PCURVE('',#1580,#2556);
#2556 = DEFINITIONAL_REPRESENTATION('',(#2557),#2561);
#2557 = LINE('',#2558,#2559);
#2558 = CARTESIAN_POINT('',(6.28318530718,-0.));
#2559 = VECTOR('',#2560,1.);
#2560 = DIRECTION('',(0.,1.));
#2561 = ( GEOMETRIC_REPRESENTATION_CONTEXT(2) 
PARAMETRIC_REPRESENTATION_CONTEXT() REPRESENTATION_CONTEXT('2D SPACE',''
  ) );
#2562 = PCURVE('',#1580,#2563);
#2563 = DEFINITIONAL_REPRESENTATION('',(#2564),#2568);
#2564 = LINE('',#2565,#2566);
#2565 = CARTESIAN_POINT('',(0.,-0.));
#2566 = VECTOR('',#2567,1.);
#2567 = DIRECTION('',(0.,1.));
#2568 = ( GEOMETRIC_REPRESENTATION_CONTEXT(2) 
PARAMETRIC_REPRESENTATION_CONTEXT() REPRESENTATION_CONTEXT('2D SPACE',''
  ) );
#2569 = ORIENTED_EDGE('',*,*,#2570,.T.);
#2570 = EDGE_CURVE('',#2548,#2548,#2571,.T.);
#2571 = SURFACE_CURVE('',#2572,(#2577,#2584),.PCURVE_S1.);
#2572 = CIRCLE('',#2573,1.2);
#2573 = AXIS2_PLACEMENT_3D('',#2574,#2575,#2576);
#2574 = CARTESIAN_POINT('',(10.05,5.8,21.5));
#2575 = DIRECTION('',(-0.,1.,1.110223024625E-16));
#2576 = DIRECTION('',(1.,0.,0.));
#2577 = PCURVE('',#1580,#2578);
#2578 = DEFINITIONAL_REPRESENTATION('',(#2579),#2583);
#2579 = LINE('',#2580,#2581);
#2580 = CARTESIAN_POINT('',(0.,0.));
#2581 = VECTOR('',#2582,1.);
#2582 = DIRECTION('',(1.,0.));
#2583 = ( GEOMETRIC_REPRESENTATION_CONTEXT(2) 
PARAMETRIC_REPRESENTATION_CONTEXT() REPRESENTATION_CONTEXT('2D SPACE',''
  ) );
#2584 = PCURVE('',#2585,#2590);
#2585 = CYLINDRICAL_SURFACE('',#2586,1.2);
#2586 = AXIS2_PLACEMENT_3D('',#2587,#2588,#2589);
#2587 = CARTESIAN_POINT('',(10.05,3.1,21.5));
#2588 = DIRECTION('',(0.,-1.,0.));
#2589 = DIRECTION('',(1.,0.,0.));
#2590 = DEFINITIONAL_REPRESENTATION('',(#2591),#2595);
#2591 = LINE('',#2592,#2593);
#2592 = CARTESIAN_POINT('',(6.28318530718,-2.7));
#2593 = VECTOR('',#2594,1.);
#2594 = DIRECTION('',(-1.,0.));
#2595 = ( GEOMETRIC_REPRESENTATION_CONTEXT(2) 
PARAMETRIC_REPRESENTATION_CONTEXT() REPRESENTATION_CONTEXT('2D SPACE',''
  ) );
#2596 = ORIENTED_EDGE('',*,*,#2547,.T.);
#2597 = ADVANCED_FACE('',(#2598),#1855,.F.);
#2598 = FACE_BOUND('',#2599,.F.);
#2599 = EDGE_LOOP('',(#2600,#2601,#2602,#2603,#2626,#2654));
#2600 = ORIENTED_EDGE('',*,*,#1839,.T.);
#2601 = ORIENTED_EDGE('',*,*,#2465,.T.);
#2602 = ORIENTED_EDGE('',*,*,#1951,.T.);
#2603 = ORIENTED_EDGE('',*,*,#2604,.T.);
#2604 = EDGE_CURVE('',#1924,#2605,#2607,.T.);
#2605 = VERTEX_POINT('',#2606);
#2606 = CARTESIAN_POINT('',(55.978062292321,6.35,33.75));
#2607 = SURFACE_CURVE('',#2608,(#2612,#2619),.PCURVE_S1.);
#2608 = LINE('',#2609,#2610);
#2609 = CARTESIAN_POINT('',(55.978062292321,6.35,30.75));
#2610 = VECTOR('',#2611,1.);
#2611 = DIRECTION('',(0.,0.,1.));
#2612 = PCURVE('',#1855,#2613);
#2613 = DEFINITIONAL_REPRESENTATION('',(#2614),#2618);
#2614 = LINE('',#2615,#2616);
#2615 = CARTESIAN_POINT('',(3.,-49.32806229232));
#2616 = VECTOR('',#2617,1.);
#2617 = DIRECTION('',(1.,0.));
#2618 = ( GEOMETRIC_REPRESENTATION_CONTEXT(2) 
PARAMETRIC_REPRESENTATION_CONTEXT() REPRESENTATION_CONTEXT('2D SPACE',''
  ) );
#2619 = PCURVE('',#1939,#2620);
#2620 = DEFINITIONAL_REPRESENTATION('',(#2621),#2625);
#2621 = LINE('',#2622,#2623);
#2622 = CARTESIAN_POINT('',(0.65,18.5));
#2623 = VECTOR('',#2624,1.);
#2624 = DIRECTION('',(0.,1.));
#2625 = ( GEOMETRIC_REPRESENTATION_CONTEXT(2) 
PARAMETRIC_REPRESENTATION_CONTEXT() REPRESENTATION_CONTEXT('2D SPACE',''
  ) );
#2626 = ORIENTED_EDGE('',*,*,#2627,.F.);
#2627 = EDGE_CURVE('',#2628,#2605,#2630,.T.);
#2628 = VERTEX_POINT('',#2629);
#2629 = CARTESIAN_POINT('',(6.65,6.35,33.75));
#2630 = SURFACE_CURVE('',#2631,(#2635,#2642),.PCURVE_S1.);
#2631 = LINE('',#2632,#2633);
#2632 = CARTESIAN_POINT('',(6.65,6.35,33.75));
#2633 = VECTOR('',#2634,1.);
#2634 = DIRECTION('',(1.,0.,0.));
#2635 = PCURVE('',#1855,#2636);
#2636 = DEFINITIONAL_REPRESENTATION('',(#2637),#2641);
#2637 = LINE('',#2638,#2639);
#2638 = CARTESIAN_POINT('',(6.,0.));
#2639 = VECTOR('',#2640,1.);
#2640 = DIRECTION('',(0.,-1.));
#2641 = ( GEOMETRIC_REPRESENTATION_CONTEXT(2) 
PARAMETRIC_REPRESENTATION_CONTEXT() REPRESENTATION_CONTEXT('2D SPACE',''
  ) );
#2642 = PCURVE('',#2643,#2648);
#2643 = PLANE('',#2644);
#2644 = AXIS2_PLACEMENT_3D('',#2645,#2646,#2647);
#2645 = CARTESIAN_POINT('',(6.65,5.05,33.75));
#2646 = DIRECTION('',(0.,0.,1.));
#2647 = DIRECTION('',(0.,1.,0.));
#2648 = DEFINITIONAL_REPRESENTATION('',(#2649),#2653);
#2649 = LINE('',#2650,#2651);
#2650 = CARTESIAN_POINT('',(1.3,0.));
#2651 = VECTOR('',#2652,1.);
#2652 = DIRECTION('',(0.,-1.));
#2653 = ( GEOMETRIC_REPRESENTATION_CONTEXT(2) 
PARAMETRIC_REPRESENTATION_CONTEXT() REPRESENTATION_CONTEXT('2D SPACE',''
  ) );
#2654 = ORIENTED_EDGE('',*,*,#2655,.F.);
#2655 = EDGE_CURVE('',#1840,#2628,#2656,.T.);
#2656 = SURFACE_CURVE('',#2657,(#2661,#2668),.PCURVE_S1.);
#2657 = LINE('',#2658,#2659);
#2658 = CARTESIAN_POINT('',(6.65,6.35,30.75));
#2659 = VECTOR('',#2660,1.);
#2660 = DIRECTION('',(0.,0.,1.));
#2661 = PCURVE('',#1855,#2662);
#2662 = DEFINITIONAL_REPRESENTATION('',(#2663),#2667);
#2663 = LINE('',#2664,#2665);
#2664 = CARTESIAN_POINT('',(3.,0.));
#2665 = VECTOR('',#2666,1.);
#2666 = DIRECTION('',(1.,0.));
#2667 = ( GEOMETRIC_REPRESENTATION_CONTEXT(2) 
PARAMETRIC_REPRESENTATION_CONTEXT() REPRESENTATION_CONTEXT('2D SPACE',''
  ) );
#2668 = PCURVE('',#1883,#2669);
#2669 = DEFINITIONAL_REPRESENTATION('',(#2670),#2674);
#2670 = LINE('',#2671,#2672);
#2671 = CARTESIAN_POINT('',(0.65,18.5));
#2672 = VECTOR('',#2673,1.);
#2673 = DIRECTION('',(0.,1.));
#2674 = ( GEOMETRIC_REPRESENTATION_CONTEXT(2) 
PARAMETRIC_REPRESENTATION_CONTEXT() REPRESENTATION_CONTEXT('2D SPACE',''
  ) );
#2675 = ADVANCED_FACE('',(#2676),#1883,.F.);
#2676 = FACE_BOUND('',#2677,.F.);
#2677 = EDGE_LOOP('',(#2678,#2679,#2680,#2703));
#2678 = ORIENTED_EDGE('',*,*,#1867,.T.);
#2679 = ORIENTED_EDGE('',*,*,#2655,.T.);
#2680 = ORIENTED_EDGE('',*,*,#2681,.F.);
#2681 = EDGE_CURVE('',#2682,#2628,#2684,.T.);
#2682 = VERTEX_POINT('',#2683);
#2683 = CARTESIAN_POINT('',(6.65,5.05,33.75));
#2684 = SURFACE_CURVE('',#2685,(#2689,#2696),.PCURVE_S1.);
#2685 = LINE('',#2686,#2687);
#2686 = CARTESIAN_POINT('',(6.65,5.7,33.75));
#2687 = VECTOR('',#2688,1.);
#2688 = DIRECTION('',(0.,1.,0.));
#2689 = PCURVE('',#1883,#2690);
#2690 = DEFINITIONAL_REPRESENTATION('',(#2691),#2695);
#2691 = LINE('',#2692,#2693);
#2692 = CARTESIAN_POINT('',(0.,21.5));
#2693 = VECTOR('',#2694,1.);
#2694 = DIRECTION('',(1.,0.));
#2695 = ( GEOMETRIC_REPRESENTATION_CONTEXT(2) 
PARAMETRIC_REPRESENTATION_CONTEXT() REPRESENTATION_CONTEXT('2D SPACE',''
  ) );
#2696 = PCURVE('',#2643,#2697);
#2697 = DEFINITIONAL_REPRESENTATION('',(#2698),#2702);
#2698 = LINE('',#2699,#2700);
#2699 = CARTESIAN_POINT('',(0.65,0.));
#2700 = VECTOR('',#2701,1.);
#2701 = DIRECTION('',(1.,0.));
#2702 = ( GEOMETRIC_REPRESENTATION_CONTEXT(2) 
PARAMETRIC_REPRESENTATION_CONTEXT() REPRESENTATION_CONTEXT('2D SPACE',''
  ) );
#2703 = ORIENTED_EDGE('',*,*,#2704,.F.);
#2704 = EDGE_CURVE('',#1868,#2682,#2705,.T.);
#2705 = SURFACE_CURVE('',#2706,(#2710,#2717),.PCURVE_S1.);
#2706 = LINE('',#2707,#2708);
#2707 = CARTESIAN_POINT('',(6.65,5.05,30.75));
#2708 = VECTOR('',#2709,1.);
#2709 = DIRECTION('',(0.,0.,1.));
#2710 = PCURVE('',#1883,#2711);
#2711 = DEFINITIONAL_REPRESENTATION('',(#2712),#2716);
#2712 = LINE('',#2713,#2714);
#2713 = CARTESIAN_POINT('',(-0.65,18.5));
#2714 = VECTOR('',#2715,1.);
#2715 = DIRECTION('',(0.,1.));
#2716 = ( GEOMETRIC_REPRESENTATION_CONTEXT(2) 
PARAMETRIC_REPRESENTATION_CONTEXT() REPRESENTATION_CONTEXT('2D SPACE',''
  ) );
#2717 = PCURVE('',#1911,#2718);
#2718 = DEFINITIONAL_REPRESENTATION('',(#2719),#2723);
#2719 = LINE('',#2720,#2721);
#2720 = CARTESIAN_POINT('',(3.,0.));
#2721 = VECTOR('',#2722,1.);
#2722 = DIRECTION('',(1.,0.));
#2723 = ( GEOMETRIC_REPRESENTATION_CONTEXT(2) 
PARAMETRIC_REPRESENTATION_CONTEXT() REPRESENTATION_CONTEXT('2D SPACE',''
  ) );
#2724 = ADVANCED_FACE('',(#2725),#1911,.T.);
#2725 = FACE_BOUND('',#2726,.T.);
#2726 = EDGE_LOOP('',(#2727,#2728,#2751,#2772));
#2727 = ORIENTED_EDGE('',*,*,#1895,.F.);
#2728 = ORIENTED_EDGE('',*,*,#2729,.T.);
#2729 = EDGE_CURVE('',#1896,#2730,#2732,.T.);
#2730 = VERTEX_POINT('',#2731);
#2731 = CARTESIAN_POINT('',(55.978062292321,5.05,33.75));
#2732 = SURFACE_CURVE('',#2733,(#2737,#2744),.PCURVE_S1.);
#2733 = LINE('',#2734,#2735);
#2734 = CARTESIAN_POINT('',(55.978062292321,5.05,30.75));
#2735 = VECTOR('',#2736,1.);
#2736 = DIRECTION('',(0.,0.,1.));
#2737 = PCURVE('',#1911,#2738);
#2738 = DEFINITIONAL_REPRESENTATION('',(#2739),#2743);
#2739 = LINE('',#2740,#2741);
#2740 = CARTESIAN_POINT('',(3.,-49.32806229232));
#2741 = VECTOR('',#2742,1.);
#2742 = DIRECTION('',(1.,0.));
#2743 = ( GEOMETRIC_REPRESENTATION_CONTEXT(2) 
PARAMETRIC_REPRESENTATION_CONTEXT() REPRESENTATION_CONTEXT('2D SPACE',''
  ) );
#2744 = PCURVE('',#1939,#2745);
#2745 = DEFINITIONAL_REPRESENTATION('',(#2746),#2750);
#2746 = LINE('',#2747,#2748);
#2747 = CARTESIAN_POINT('',(-0.65,18.5));
#2748 = VECTOR('',#2749,1.);
#2749 = DIRECTION('',(0.,1.));
#2750 = ( GEOMETRIC_REPRESENTATION_CONTEXT(2) 
PARAMETRIC_REPRESENTATION_CONTEXT() REPRESENTATION_CONTEXT('2D SPACE',''
  ) );
#2751 = ORIENTED_EDGE('',*,*,#2752,.F.);
#2752 = EDGE_CURVE('',#2682,#2730,#2753,.T.);
#2753 = SURFACE_CURVE('',#2754,(#2758,#2765),.PCURVE_S1.);
#2754 = LINE('',#2755,#2756);
#2755 = CARTESIAN_POINT('',(6.65,5.05,33.75));
#2756 = VECTOR('',#2757,1.);
#2757 = DIRECTION('',(1.,0.,0.));
#2758 = PCURVE('',#1911,#2759);
#2759 = DEFINITIONAL_REPRESENTATION('',(#2760),#2764);
#2760 = LINE('',#2761,#2762);
#2761 = CARTESIAN_POINT('',(6.,0.));
#2762 = VECTOR('',#2763,1.);
#2763 = DIRECTION('',(0.,-1.));
#2764 = ( GEOMETRIC_REPRESENTATION_CONTEXT(2) 
PARAMETRIC_REPRESENTATION_CONTEXT() REPRESENTATION_CONTEXT('2D SPACE',''
  ) );
#2765 = PCURVE('',#2643,#2766);
#2766 = DEFINITIONAL_REPRESENTATION('',(#2767),#2771);
#2767 = LINE('',#2768,#2769);
#2768 = CARTESIAN_POINT('',(0.,0.));
#2769 = VECTOR('',#2770,1.);
#2770 = DIRECTION('',(0.,-1.));
#2771 = ( GEOMETRIC_REPRESENTATION_CONTEXT(2) 
PARAMETRIC_REPRESENTATION_CONTEXT() REPRESENTATION_CONTEXT('2D SPACE',''
  ) );
#2772 = ORIENTED_EDGE('',*,*,#2704,.F.);
#2773 = ADVANCED_FACE('',(#2774),#1939,.T.);
#2774 = FACE_BOUND('',#2775,.T.);
#2775 = EDGE_LOOP('',(#2776,#2777,#2778,#2779));
#2776 = ORIENTED_EDGE('',*,*,#2729,.F.);
#2777 = ORIENTED_EDGE('',*,*,#1923,.F.);
#2778 = ORIENTED_EDGE('',*,*,#2604,.T.);
#2779 = ORIENTED_EDGE('',*,*,#2780,.F.);
#2780 = EDGE_CURVE('',#2730,#2605,#2781,.T.);
#2781 = SURFACE_CURVE('',#2782,(#2786,#2793),.PCURVE_S1.);
#2782 = LINE('',#2783,#2784);
#2783 = CARTESIAN_POINT('',(55.978062292321,5.7,33.75));
#2784 = VECTOR('',#2785,1.);
#2785 = DIRECTION('',(0.,1.,0.));
#2786 = PCURVE('',#1939,#2787);
#2787 = DEFINITIONAL_REPRESENTATION('',(#2788),#2792);
#2788 = LINE('',#2789,#2790);
#2789 = CARTESIAN_POINT('',(0.,21.5));
#2790 = VECTOR('',#2791,1.);
#2791 = DIRECTION('',(1.,0.));
#2792 = ( GEOMETRIC_REPRESENTATION_CONTEXT(2) 
PARAMETRIC_REPRESENTATION_CONTEXT() REPRESENTATION_CONTEXT('2D SPACE',''
  ) );
#2793 = PCURVE('',#2643,#2794);
#2794 = DEFINITIONAL_REPRESENTATION('',(#2795),#2799);
#2795 = LINE('',#2796,#2797);
#2796 = CARTESIAN_POINT('',(0.65,-49.32806229232));
#2797 = VECTOR('',#2798,1.);
#2798 = DIRECTION('',(1.,0.));
#2799 = ( GEOMETRIC_REPRESENTATION_CONTEXT(2) 
PARAMETRIC_REPRESENTATION_CONTEXT() REPRESENTATION_CONTEXT('2D SPACE',''
  ) );
#2800 = ADVANCED_FACE('',(#2801,#2804),#2101,.T.);
#2801 = FACE_BOUND('',#2802,.T.);
#2802 = EDGE_LOOP('',(#2803));
#2803 = ORIENTED_EDGE('',*,*,#2084,.T.);
#2804 = FACE_BOUND('',#2805,.T.);
#2805 = EDGE_LOOP('',(#2806));
#2806 = ORIENTED_EDGE('',*,*,#2807,.F.);
#2807 = EDGE_CURVE('',#2808,#2808,#2810,.T.);
#2808 = VERTEX_POINT('',#2809);
#2809 = CARTESIAN_POINT('',(34.578,4.25,21.5));
#2810 = SURFACE_CURVE('',#2811,(#2816,#2823),.PCURVE_S1.);
#2811 = CIRCLE('',#2812,1.2);
#2812 = AXIS2_PLACEMENT_3D('',#2813,#2814,#2815);
#2813 = CARTESIAN_POINT('',(33.378,4.25,21.5));
#2814 = DIRECTION('',(0.,-1.,0.));
#2815 = DIRECTION('',(1.,0.,0.));
#2816 = PCURVE('',#2101,#2817);
#2817 = DEFINITIONAL_REPRESENTATION('',(#2818),#2822);
#2818 = CIRCLE('',#2819,1.2);
#2819 = AXIS2_PLACEMENT_2D('',#2820,#2821);
#2820 = CARTESIAN_POINT('',(0.,0.));
#2821 = DIRECTION('',(1.,0.));
#2822 = ( GEOMETRIC_REPRESENTATION_CONTEXT(2) 
PARAMETRIC_REPRESENTATION_CONTEXT() REPRESENTATION_CONTEXT('2D SPACE',''
  ) );
#2823 = PCURVE('',#2530,#2824);
#2824 = DEFINITIONAL_REPRESENTATION('',(#2825),#2829);
#2825 = LINE('',#2826,#2827);
#2826 = CARTESIAN_POINT('',(0.,-1.15));
#2827 = VECTOR('',#2828,1.);
#2828 = DIRECTION('',(1.,0.));
#2829 = ( GEOMETRIC_REPRESENTATION_CONTEXT(2) 
PARAMETRIC_REPRESENTATION_CONTEXT() REPRESENTATION_CONTEXT('2D SPACE',''
  ) );
#2830 = ADVANCED_FACE('',(#2831,#2834),#2291,.T.);
#2831 = FACE_BOUND('',#2832,.T.);
#2832 = EDGE_LOOP('',(#2833));
#2833 = ORIENTED_EDGE('',*,*,#2274,.T.);
#2834 = FACE_BOUND('',#2835,.T.);
#2835 = EDGE_LOOP('',(#2836));
#2836 = ORIENTED_EDGE('',*,*,#2837,.F.);
#2837 = EDGE_CURVE('',#2838,#2838,#2840,.T.);
#2838 = VERTEX_POINT('',#2839);
#2839 = CARTESIAN_POINT('',(11.25,4.25,21.5));
#2840 = SURFACE_CURVE('',#2841,(#2846,#2853),.PCURVE_S1.);
#2841 = CIRCLE('',#2842,1.2);
#2842 = AXIS2_PLACEMENT_3D('',#2843,#2844,#2845);
#2843 = CARTESIAN_POINT('',(10.05,4.25,21.5));
#2844 = DIRECTION('',(0.,-1.,0.));
#2845 = DIRECTION('',(1.,0.,0.));
#2846 = PCURVE('',#2291,#2847);
#2847 = DEFINITIONAL_REPRESENTATION('',(#2848),#2852);
#2848 = CIRCLE('',#2849,1.2);
#2849 = AXIS2_PLACEMENT_2D('',#2850,#2851);
#2850 = CARTESIAN_POINT('',(0.,0.));
#2851 = DIRECTION('',(1.,0.));
#2852 = ( GEOMETRIC_REPRESENTATION_CONTEXT(2) 
PARAMETRIC_REPRESENTATION_CONTEXT() REPRESENTATION_CONTEXT('2D SPACE',''
  ) );
#2853 = PCURVE('',#2585,#2854);
#2854 = DEFINITIONAL_REPRESENTATION('',(#2855),#2859);
#2855 = LINE('',#2856,#2857);
#2856 = CARTESIAN_POINT('',(0.,-1.15));
#2857 = VECTOR('',#2858,1.);
#2858 = DIRECTION('',(1.,0.));
#2859 = ( GEOMETRIC_REPRESENTATION_CONTEXT(2) 
PARAMETRIC_REPRESENTATION_CONTEXT() REPRESENTATION_CONTEXT('2D SPACE',''
  ) );
#2860 = ADVANCED_FACE('',(#2861),#2530,.F.);
#2861 = FACE_BOUND('',#2862,.F.);
#2862 = EDGE_LOOP('',(#2863,#2864,#2885,#2886));
#2863 = ORIENTED_EDGE('',*,*,#2807,.F.);
#2864 = ORIENTED_EDGE('',*,*,#2865,.T.);
#2865 = EDGE_CURVE('',#2808,#2493,#2866,.T.);
#2866 = SEAM_CURVE('',#2867,(#2871,#2878),.PCURVE_S1.);
#2867 = LINE('',#2868,#2869);
#2868 = CARTESIAN_POINT('',(34.578,3.1,21.5));
#2869 = VECTOR('',#2870,1.);
#2870 = DIRECTION('',(-0.,1.,-0.));
#2871 = PCURVE('',#2530,#2872);
#2872 = DEFINITIONAL_REPRESENTATION('',(#2873),#2877);
#2873 = LINE('',#2874,#2875);
#2874 = CARTESIAN_POINT('',(6.28318530718,0.));
#2875 = VECTOR('',#2876,1.);
#2876 = DIRECTION('',(0.,-1.));
#2877 = ( GEOMETRIC_REPRESENTATION_CONTEXT(2) 
PARAMETRIC_REPRESENTATION_CONTEXT() REPRESENTATION_CONTEXT('2D SPACE',''
  ) );
#2878 = PCURVE('',#2530,#2879);
#2879 = DEFINITIONAL_REPRESENTATION('',(#2880),#2884);
#2880 = LINE('',#2881,#2882);
#2881 = CARTESIAN_POINT('',(0.,0.));
#2882 = VECTOR('',#2883,1.);
#2883 = DIRECTION('',(0.,-1.));
#2884 = ( GEOMETRIC_REPRESENTATION_CONTEXT(2) 
PARAMETRIC_REPRESENTATION_CONTEXT() REPRESENTATION_CONTEXT('2D SPACE',''
  ) );
#2885 = ORIENTED_EDGE('',*,*,#2515,.F.);
#2886 = ORIENTED_EDGE('',*,*,#2865,.F.);
#2887 = ADVANCED_FACE('',(#2888),#2585,.F.);
#2888 = FACE_BOUND('',#2889,.F.);
#2889 = EDGE_LOOP('',(#2890,#2891,#2912,#2913));
#2890 = ORIENTED_EDGE('',*,*,#2837,.F.);
#2891 = ORIENTED_EDGE('',*,*,#2892,.T.);
#2892 = EDGE_CURVE('',#2838,#2548,#2893,.T.);
#2893 = SEAM_CURVE('',#2894,(#2898,#2905),.PCURVE_S1.);
#2894 = LINE('',#2895,#2896);
#2895 = CARTESIAN_POINT('',(11.25,3.1,21.5));
#2896 = VECTOR('',#2897,1.);
#2897 = DIRECTION('',(-0.,1.,-0.));
#2898 = PCURVE('',#2585,#2899);
#2899 = DEFINITIONAL_REPRESENTATION('',(#2900),#2904);
#2900 = LINE('',#2901,#2902);
#2901 = CARTESIAN_POINT('',(6.28318530718,0.));
#2902 = VECTOR('',#2903,1.);
#2903 = DIRECTION('',(0.,-1.));
#2904 = ( GEOMETRIC_REPRESENTATION_CONTEXT(2) 
PARAMETRIC_REPRESENTATION_CONTEXT() REPRESENTATION_CONTEXT('2D SPACE',''
  ) );
#2905 = PCURVE('',#2585,#2906);
#2906 = DEFINITIONAL_REPRESENTATION('',(#2907),#2911);
#2907 = LINE('',#2908,#2909);
#2908 = CARTESIAN_POINT('',(0.,0.));
#2909 = VECTOR('',#2910,1.);
#2910 = DIRECTION('',(0.,-1.));
#2911 = ( GEOMETRIC_REPRESENTATION_CONTEXT(2) 
PARAMETRIC_REPRESENTATION_CONTEXT() REPRESENTATION_CONTEXT('2D SPACE',''
  ) );
#2912 = ORIENTED_EDGE('',*,*,#2570,.F.);
#2913 = ORIENTED_EDGE('',*,*,#2892,.F.);
#2914 = ADVANCED_FACE('',(#2915),#2643,.T.);
#2915 = FACE_BOUND('',#2916,.T.);
#2916 = EDGE_LOOP('',(#2917,#2918,#2919,#2920));
#2917 = ORIENTED_EDGE('',*,*,#2752,.T.);
#2918 = ORIENTED_EDGE('',*,*,#2780,.T.);
#2919 = ORIENTED_EDGE('',*,*,#2627,.F.);
#2920 = ORIENTED_EDGE('',*,*,#2681,.F.);
#2921 = ( GEOMETRIC_REPRESENTATION_CONTEXT(3) 
GLOBAL_UNCERTAINTY_ASSIGNED_CONTEXT((#2925)) 
GLOBAL_UNIT_ASSIGNED_CONTEXT((#2922,#2923,#2924)) REPRESENTATION_CONTEXT
('Context #1','3D Context with UNIT and UNCERTAINTY') );
#2922 = ( LENGTH_UNIT() NAMED_UNIT(*) SI_UNIT(.MILLI.,.METRE.) );
#2923 = ( NAMED_UNIT(*) PLANE_ANGLE_UNIT() SI_UNIT($,.RADIAN.) );
#2924 = ( NAMED_UNIT(*) SI_UNIT($,.STERADIAN.) SOLID_ANGLE_UNIT() );
#2925 = UNCERTAINTY_MEASURE_WITH_UNIT(LENGTH_MEASURE(1.E-07),#2922,
  'distance_accuracy_value','confusion accuracy');
#2926 = CONTEXT_DEPENDENT_SHAPE_REPRESENTATION(#2927,#2929);
#2927 = ( REPRESENTATION_RELATIONSHIP('','',#32,#10) 
REPRESENTATION_RELATIONSHIP_WITH_TRANSFORMATION(#2928) 
SHAPE_REPRESENTATION_RELATIONSHIP() );
#2928 = ITEM_DEFINED_TRANSFORMATION('','',#11,#15);
#2929 = PRODUCT_DEFINITION_SHAPE('Placement','Placement of an item',
  #2930);
#2930 = NEXT_ASSEMBLY_USAGE_OCCURRENCE('75',
  'side_skin_tail_vented_r__bolted','',#5,#27,$);
#2931 = PRODUCT_RELATED_PRODUCT_CATEGORY('part',$,(#29));
ENDSEC;
END-ISO-10303-21;
