ISO-10303-21;
HEADER;
FILE_DESCRIPTION(('Open CASCADE Model'),'2;1');
FILE_NAME('side_panel_full_r__wrap','2000-01-01T00:00:00',('Author'),(
    'Open CASCADE'),'Open CASCADE STEP processor 7.9','build123d',
  'Unknown');
FILE_SCHEMA(('AUTOMOTIVE_DESIGN { 1 0 10303 214 1 1 1 1 }'));
ENDSEC;
DATA;
#1 = APPLICATION_PROTOCOL_DEFINITION('international standard',
  'automotive_design',2000,#2);
#2 = APPLICATION_CONTEXT(
  'core data for automotive mechanical design processes');
#3 = SHAPE_DEFINITION_REPRESENTATION(#4,#10);
#4 = PRODUCT_DEFINITION_SHAPE('','',#5);
#5 = PRODUCT_DEFINITION('design','',#6,#9);
#6 = PRODUCT_DEFINITION_FORMATION('','',#7);
#7 = PRODUCT('side_panel_full_r__wrap','side_panel_full_r__wrap','',(#8)
  );
#8 = PRODUCT_CONTEXT('',#2,'mechanical');
#9 = PRODUCT_DEFINITION_CONTEXT('part definition',#2,'design');
#10 = SHAPE_REPRESENTATION('',(#11,#15),#19);
#11 = AXIS2_PLACEMENT_3D('',#12,#13,#14);
#12 = CARTESIAN_POINT('',(0.,0.,0.));
#13 = DIRECTION('',(0.,0.,1.));
#14 = DIRECTION('',(1.,0.,-0.));
#15 = AXIS2_PLACEMENT_3D('',#16,#17,#18);
#16 = CARTESIAN_POINT('',(-25.10543606198,-0.988301139155,-9.25));
#17 = DIRECTION('',(0.,0.,1.));
#18 = DIRECTION('',(1.,0.,-0.));
#19 = ( GEOMETRIC_REPRESENTATION_CONTEXT(3) 
GLOBAL_UNCERTAINTY_ASSIGNED_CONTEXT((#23)) GLOBAL_UNIT_ASSIGNED_CONTEXT(
(#20,#21,#22)) REPRESENTATION_CONTEXT('Context #1',
  '3D Context with UNIT and UNCERTAINTY') );
#20 = ( LENGTH_UNIT() NAMED_UNIT(*) SI_UNIT(.MILLI.,.METRE.) );
#21 = ( NAMED_UNIT(*) PLANE_ANGLE_UNIT() SI_UNIT($,.RADIAN.) );
#22 = ( NAMED_UNIT(*) SI_UNIT($,.STERADIAN.) SOLID_ANGLE_UNIT() );
#23 = UNCERTAINTY_MEASURE_WITH_UNIT(LENGTH_MEASURE(2.E-06),#20,
  'distance_accuracy_value','confusion accuracy');
#24 = PRODUCT_RELATED_PRODUCT_CATEGORY('part',$,(#7));
#25 = SHAPE_DEFINITION_REPRESENTATION(#26,#32);
#26 = PRODUCT_DEFINITION_SHAPE('','',#27);
#27 = PRODUCT_DEFINITION('design','',#28,#31);
#28 = PRODUCT_DEFINITION_FORMATION('','',#29);
#29 = PRODUCT('side_panel_full_r__wrap','side_panel_full_r__wrap','',(
    #30));
#30 = PRODUCT_CONTEXT('',#2,'mechanical');
#31 = PRODUCT_DEFINITION_CONTEXT('part definition',#2,'design');
#32 = ADVANCED_BREP_SHAPE_REPRESENTATION('',(#11,#33),#3675);
#33 = MANIFOLD_SOLID_BREP('',#34);
#34 = CLOSED_SHELL('',(#35,#155,#229,#305,#1537,#2577,#2604,#2631,#2676,
    #2703,#2730,#2757,#2784,#2811,#2837,#2864,#2891,#2918,#2945,#2972,
    #2997,#3024,#3051,#3078,#3103,#3130,#3157,#3184,#3211,#3238,#3265,
    #3291,#3318,#3345,#3372,#3399,#3426,#3451,#3476,#3521,#3548,#3555,
    #3582,#3607,#3614,#3641,#3668));
#35 = ADVANCED_FACE('',(#36),#50,.F.);
#36 = FACE_BOUND('',#37,.F.);
#37 = EDGE_LOOP('',(#38,#73,#101,#129));
#38 = ORIENTED_EDGE('',*,*,#39,.T.);
#39 = EDGE_CURVE('',#40,#42,#44,.T.);
#40 = VERTEX_POINT('',#41);
#41 = CARTESIAN_POINT('',(32.491705029513,46.177347346517,33.75));
#42 = VERTEX_POINT('',#43);
#43 = CARTESIAN_POINT('',(32.491705029513,46.177347346517,9.25));
#44 = SURFACE_CURVE('',#45,(#49,#61),.PCURVE_S1.);
#45 = LINE('',#46,#47);
#46 = CARTESIAN_POINT('',(32.491705029513,46.177347346517,33.75));
#47 = VECTOR('',#48,1.);
#48 = DIRECTION('',(0.,0.,-1.));
#49 = PCURVE('',#50,#55);
#50 = PLANE('',#51);
#51 = AXIS2_PLACEMENT_3D('',#52,#53,#54);
#52 = CARTESIAN_POINT('',(32.491705029513,46.177347346517,33.75));
#53 = DIRECTION('',(-0.995634226059,-9.334070869306E-02,-0.));
#54 = DIRECTION('',(9.334070869306E-02,-0.995634226059,0.));
#55 = DEFINITIONAL_REPRESENTATION('',(#56),#60);
#56 = LINE('',#57,#58);
#57 = CARTESIAN_POINT('',(0.,0.));
#58 = VECTOR('',#59,1.);
#59 = DIRECTION('',(0.,-1.));
#60 = ( GEOMETRIC_REPRESENTATION_CONTEXT(2) 
PARAMETRIC_REPRESENTATION_CONTEXT() REPRESENTATION_CONTEXT('2D SPACE',''
  ) );
#61 = PCURVE('',#62,#67);
#62 = PLANE('',#63);
#63 = AXIS2_PLACEMENT_3D('',#64,#65,#66);
#64 = CARTESIAN_POINT('',(28.708294970487,45.822652653483,33.75));
#65 = DIRECTION('',(9.334070869306E-02,-0.995634226059,0.));
#66 = DIRECTION('',(0.995634226059,9.334070869306E-02,0.));
#67 = DEFINITIONAL_REPRESENTATION('',(#68),#72);
#68 = LINE('',#69,#70);
#69 = CARTESIAN_POINT('',(3.8,0.));
#70 = VECTOR('',#71,1.);
#71 = DIRECTION('',(0.,-1.));
#72 = ( GEOMETRIC_REPRESENTATION_CONTEXT(2) 
PARAMETRIC_REPRESENTATION_CONTEXT() REPRESENTATION_CONTEXT('2D SPACE',''
  ) );
#73 = ORIENTED_EDGE('',*,*,#74,.T.);
#74 = EDGE_CURVE('',#42,#75,#77,.T.);
#75 = VERTEX_POINT('',#76);
#76 = CARTESIAN_POINT('',(33.997779953258,30.112548159899,9.25));
#77 = SURFACE_CURVE('',#78,(#82,#89),.PCURVE_S1.);
#78 = LINE('',#79,#80);
#79 = CARTESIAN_POINT('',(32.491705029513,46.177347346517,9.25));
#80 = VECTOR('',#81,1.);
#81 = DIRECTION('',(9.334070869306E-02,-0.995634226059,0.));
#82 = PCURVE('',#50,#83);
#83 = DEFINITIONAL_REPRESENTATION('',(#84),#88);
#84 = LINE('',#85,#86);
#85 = CARTESIAN_POINT('',(0.,-24.5));
#86 = VECTOR('',#87,1.);
#87 = DIRECTION('',(1.,0.));
#88 = ( GEOMETRIC_REPRESENTATION_CONTEXT(2) 
PARAMETRIC_REPRESENTATION_CONTEXT() REPRESENTATION_CONTEXT('2D SPACE',''
  ) );
#89 = PCURVE('',#90,#95);
#90 = PLANE('',#91);
#91 = AXIS2_PLACEMENT_3D('',#92,#93,#94);
#92 = CARTESIAN_POINT('',(31.706504285187,0.986227601135,9.25));
#93 = DIRECTION('',(0.,-0.,-1.));
#94 = DIRECTION('',(-1.,0.,0.));
#95 = DEFINITIONAL_REPRESENTATION('',(#96),#100);
#96 = LINE('',#97,#98);
#97 = CARTESIAN_POINT('',(-0.785200744326,45.191119745382));
#98 = VECTOR('',#99,1.);
#99 = DIRECTION('',(-9.334070869306E-02,-0.995634226059));
#100 = ( GEOMETRIC_REPRESENTATION_CONTEXT(2) 
PARAMETRIC_REPRESENTATION_CONTEXT() REPRESENTATION_CONTEXT('2D SPACE',''
  ) );
#101 = ORIENTED_EDGE('',*,*,#102,.F.);
#102 = EDGE_CURVE('',#103,#75,#105,.T.);
#103 = VERTEX_POINT('',#104);
#104 = CARTESIAN_POINT('',(33.997779953258,30.112548159899,33.75));
#105 = SURFACE_CURVE('',#106,(#110,#117),.PCURVE_S1.);
#106 = LINE('',#107,#108);
#107 = CARTESIAN_POINT('',(33.997779953258,30.112548159899,33.75));
#108 = VECTOR('',#109,1.);
#109 = DIRECTION('',(0.,0.,-1.));
#110 = PCURVE('',#50,#111);
#111 = DEFINITIONAL_REPRESENTATION('',(#112),#116);
#112 = LINE('',#113,#114);
#113 = CARTESIAN_POINT('',(16.135242005693,0.));
#114 = VECTOR('',#115,1.);
#115 = DIRECTION('',(0.,-1.));
#116 = ( GEOMETRIC_REPRESENTATION_CONTEXT(2) 
PARAMETRIC_REPRESENTATION_CONTEXT() REPRESENTATION_CONTEXT('2D SPACE',''
  ) );
#117 = PCURVE('',#118,#123);
#118 = PLANE('',#119);
#119 = AXIS2_PLACEMENT_3D('',#120,#121,#122);
#120 = CARTESIAN_POINT('',(33.997779953258,30.112548159899,33.75));
#121 = DIRECTION('',(-0.999687646408,-2.49921911602E-02,-0.));
#122 = DIRECTION('',(2.49921911602E-02,-0.999687646408,0.));
#123 = DEFINITIONAL_REPRESENTATION('',(#124),#128);
#124 = LINE('',#125,#126);
#125 = CARTESIAN_POINT('',(0.,0.));
#126 = VECTOR('',#127,1.);
#127 = DIRECTION('',(0.,-1.));
#128 = ( GEOMETRIC_REPRESENTATION_CONTEXT(2) 
PARAMETRIC_REPRESENTATION_CONTEXT() REPRESENTATION_CONTEXT('2D SPACE',''
  ) );
#129 = ORIENTED_EDGE('',*,*,#130,.F.);
#130 = EDGE_CURVE('',#40,#103,#131,.T.);
#131 = SURFACE_CURVE('',#132,(#136,#143),.PCURVE_S1.);
#132 = LINE('',#133,#134);
#133 = CARTESIAN_POINT('',(32.491705029513,46.177347346517,33.75));
#134 = VECTOR('',#135,1.);
#135 = DIRECTION('',(9.334070869306E-02,-0.995634226059,0.));
#136 = PCURVE('',#50,#137);
#137 = DEFINITIONAL_REPRESENTATION('',(#138),#142);
#138 = LINE('',#139,#140);
#139 = CARTESIAN_POINT('',(0.,0.));
#140 = VECTOR('',#141,1.);
#141 = DIRECTION('',(1.,0.));
#142 = ( GEOMETRIC_REPRESENTATION_CONTEXT(2) 
PARAMETRIC_REPRESENTATION_CONTEXT() REPRESENTATION_CONTEXT('2D SPACE',''
  ) );
#143 = PCURVE('',#144,#149);
#144 = PLANE('',#145);
#145 = AXIS2_PLACEMENT_3D('',#146,#147,#148);
#146 = CARTESIAN_POINT('',(31.706504285187,0.986227601135,33.75));
#147 = DIRECTION('',(0.,-0.,-1.));
#148 = DIRECTION('',(-1.,0.,0.));
#149 = DEFINITIONAL_REPRESENTATION('',(#150),#154);
#150 = LINE('',#151,#152);
#151 = CARTESIAN_POINT('',(-0.785200744326,45.191119745382));
#152 = VECTOR('',#153,1.);
#153 = DIRECTION('',(-9.334070869306E-02,-0.995634226059));
#154 = ( GEOMETRIC_REPRESENTATION_CONTEXT(2) 
PARAMETRIC_REPRESENTATION_CONTEXT() REPRESENTATION_CONTEXT('2D SPACE',''
  ) );
#155 = ADVANCED_FACE('',(#156),#62,.F.);
#156 = FACE_BOUND('',#157,.F.);
#157 = EDGE_LOOP('',(#158,#181,#207,#228));
#158 = ORIENTED_EDGE('',*,*,#159,.F.);
#159 = EDGE_CURVE('',#160,#40,#162,.T.);
#160 = VERTEX_POINT('',#161);
#161 = CARTESIAN_POINT('',(30.6,46.,33.75));
#162 = SURFACE_CURVE('',#163,(#167,#174),.PCURVE_S1.);
#163 = LINE('',#164,#165);
#164 = CARTESIAN_POINT('',(28.708294970487,45.822652653483,33.75));
#165 = VECTOR('',#166,1.);
#166 = DIRECTION('',(0.995634226059,9.334070869306E-02,0.));
#167 = PCURVE('',#62,#168);
#168 = DEFINITIONAL_REPRESENTATION('',(#169),#173);
#169 = LINE('',#170,#171);
#170 = CARTESIAN_POINT('',(0.,0.));
#171 = VECTOR('',#172,1.);
#172 = DIRECTION('',(1.,0.));
#173 = ( GEOMETRIC_REPRESENTATION_CONTEXT(2) 
PARAMETRIC_REPRESENTATION_CONTEXT() REPRESENTATION_CONTEXT('2D SPACE',''
  ) );
#174 = PCURVE('',#144,#175);
#175 = DEFINITIONAL_REPRESENTATION('',(#176),#180);
#176 = LINE('',#177,#178);
#177 = CARTESIAN_POINT('',(2.998209314699,44.836425052348));
#178 = VECTOR('',#179,1.);
#179 = DIRECTION('',(-0.995634226059,9.334070869306E-02));
#180 = ( GEOMETRIC_REPRESENTATION_CONTEXT(2) 
PARAMETRIC_REPRESENTATION_CONTEXT() REPRESENTATION_CONTEXT('2D SPACE',''
  ) );
#181 = ORIENTED_EDGE('',*,*,#182,.T.);
#182 = EDGE_CURVE('',#160,#183,#185,.T.);
#183 = VERTEX_POINT('',#184);
#184 = CARTESIAN_POINT('',(30.6,46.,9.25));
#185 = SURFACE_CURVE('',#186,(#190,#196),.PCURVE_S1.);
#186 = LINE('',#187,#188);
#187 = CARTESIAN_POINT('',(30.6,46.,33.75));
#188 = VECTOR('',#189,1.);
#189 = DIRECTION('',(0.,0.,-1.));
#190 = PCURVE('',#62,#191);
#191 = DEFINITIONAL_REPRESENTATION('',(#192),#195);
#192 = B_SPLINE_CURVE_WITH_KNOTS('',1,(#193,#194),.UNSPECIFIED.,.F.,.F.,
  (2,2),(0.,24.5),.PIECEWISE_BEZIER_KNOTS.);
#193 = CARTESIAN_POINT('',(1.9,0.));
#194 = CARTESIAN_POINT('',(1.9,-24.5));
#195 = ( GEOMETRIC_REPRESENTATION_CONTEXT(2) 
PARAMETRIC_REPRESENTATION_CONTEXT() REPRESENTATION_CONTEXT('2D SPACE',''
  ) );
#196 = PCURVE('',#197,#202);
#197 = PLANE('',#198);
#198 = AXIS2_PLACEMENT_3D('',#199,#200,#201);
#199 = CARTESIAN_POINT('',(16.708294970487,46.,33.75));
#200 = DIRECTION('',(0.,-1.,0.));
#201 = DIRECTION('',(1.,0.,0.));
#202 = DEFINITIONAL_REPRESENTATION('',(#203),#206);
#203 = B_SPLINE_CURVE_WITH_KNOTS('',1,(#204,#205),.UNSPECIFIED.,.F.,.F.,
  (2,2),(0.,24.5),.PIECEWISE_BEZIER_KNOTS.);
#204 = CARTESIAN_POINT('',(13.891705029513,0.));
#205 = CARTESIAN_POINT('',(13.891705029513,-24.5));
#206 = ( GEOMETRIC_REPRESENTATION_CONTEXT(2) 
PARAMETRIC_REPRESENTATION_CONTEXT() REPRESENTATION_CONTEXT('2D SPACE',''
  ) );
#207 = ORIENTED_EDGE('',*,*,#208,.T.);
#208 = EDGE_CURVE('',#183,#42,#209,.T.);
#209 = SURFACE_CURVE('',#210,(#214,#221),.PCURVE_S1.);
#210 = LINE('',#211,#212);
#211 = CARTESIAN_POINT('',(28.708294970487,45.822652653483,9.25));
#212 = VECTOR('',#213,1.);
#213 = DIRECTION('',(0.995634226059,9.334070869306E-02,0.));
#214 = PCURVE('',#62,#215);
#215 = DEFINITIONAL_REPRESENTATION('',(#216),#220);
#216 = LINE('',#217,#218);
#217 = CARTESIAN_POINT('',(0.,-24.5));
#218 = VECTOR('',#219,1.);
#219 = DIRECTION('',(1.,0.));
#220 = ( GEOMETRIC_REPRESENTATION_CONTEXT(2) 
PARAMETRIC_REPRESENTATION_CONTEXT() REPRESENTATION_CONTEXT('2D SPACE',''
  ) );
#221 = PCURVE('',#90,#222);
#222 = DEFINITIONAL_REPRESENTATION('',(#223),#227);
#223 = LINE('',#224,#225);
#224 = CARTESIAN_POINT('',(2.998209314699,44.836425052348));
#225 = VECTOR('',#226,1.);
#226 = DIRECTION('',(-0.995634226059,9.334070869306E-02));
#227 = ( GEOMETRIC_REPRESENTATION_CONTEXT(2) 
PARAMETRIC_REPRESENTATION_CONTEXT() REPRESENTATION_CONTEXT('2D SPACE',''
  ) );
#228 = ORIENTED_EDGE('',*,*,#39,.F.);
#229 = ADVANCED_FACE('',(#230),#118,.F.);
#230 = FACE_BOUND('',#231,.F.);
#231 = EDGE_LOOP('',(#232,#233,#256,#284));
#232 = ORIENTED_EDGE('',*,*,#102,.T.);
#233 = ORIENTED_EDGE('',*,*,#234,.T.);
#234 = EDGE_CURVE('',#75,#235,#237,.T.);
#235 = VERTEX_POINT('',#236);
#236 = CARTESIAN_POINT('',(34.500237471805,10.014247418012,9.25));
#237 = SURFACE_CURVE('',#238,(#242,#249),.PCURVE_S1.);
#238 = LINE('',#239,#240);
#239 = CARTESIAN_POINT('',(33.997779953258,30.112548159899,9.25));
#240 = VECTOR('',#241,1.);
#241 = DIRECTION('',(2.49921911602E-02,-0.999687646408,0.));
#242 = PCURVE('',#118,#243);
#243 = DEFINITIONAL_REPRESENTATION('',(#244),#248);
#244 = LINE('',#245,#246);
#245 = CARTESIAN_POINT('',(0.,-24.5));
#246 = VECTOR('',#247,1.);
#247 = DIRECTION('',(1.,0.));
#248 = ( GEOMETRIC_REPRESENTATION_CONTEXT(2) 
PARAMETRIC_REPRESENTATION_CONTEXT() REPRESENTATION_CONTEXT('2D SPACE',''
  ) );
#249 = PCURVE('',#90,#250);
#250 = DEFINITIONAL_REPRESENTATION('',(#251),#255);
#251 = LINE('',#252,#253);
#252 = CARTESIAN_POINT('',(-2.291275668071,29.126320558764));
#253 = VECTOR('',#254,1.);
#254 = DIRECTION('',(-2.49921911602E-02,-0.999687646408));
#255 = ( GEOMETRIC_REPRESENTATION_CONTEXT(2) 
PARAMETRIC_REPRESENTATION_CONTEXT() REPRESENTATION_CONTEXT('2D SPACE',''
  ) );
#256 = ORIENTED_EDGE('',*,*,#257,.F.);
#257 = EDGE_CURVE('',#258,#235,#260,.T.);
#258 = VERTEX_POINT('',#259);
#259 = CARTESIAN_POINT('',(34.500237471805,10.014247418012,33.75));
#260 = SURFACE_CURVE('',#261,(#265,#272),.PCURVE_S1.);
#261 = LINE('',#262,#263);
#262 = CARTESIAN_POINT('',(34.500237471805,10.014247418012,33.75));
#263 = VECTOR('',#264,1.);
#264 = DIRECTION('',(0.,0.,-1.));
#265 = PCURVE('',#118,#266);
#266 = DEFINITIONAL_REPRESENTATION('',(#267),#271);
#267 = LINE('',#268,#269);
#268 = CARTESIAN_POINT('',(20.104580479813,0.));
#269 = VECTOR('',#270,1.);
#270 = DIRECTION('',(0.,-1.));
#271 = ( GEOMETRIC_REPRESENTATION_CONTEXT(2) 
PARAMETRIC_REPRESENTATION_CONTEXT() REPRESENTATION_CONTEXT('2D SPACE',''
  ) );
#272 = PCURVE('',#273,#278);
#273 = PLANE('',#274);
#274 = AXIS2_PLACEMENT_3D('',#275,#276,#277);
#275 = CARTESIAN_POINT('',(34.500237471805,10.014247418012,33.75));
#276 = DIRECTION('',(-0.99995000375,9.999500037497E-03,0.));
#277 = DIRECTION('',(-9.999500037497E-03,-0.99995000375,0.));
#278 = DEFINITIONAL_REPRESENTATION('',(#279),#283);
#279 = LINE('',#280,#281);
#280 = CARTESIAN_POINT('',(0.,0.));
#281 = VECTOR('',#282,1.);
#282 = DIRECTION('',(-0.,-1.));
#283 = ( GEOMETRIC_REPRESENTATION_CONTEXT(2) 
PARAMETRIC_REPRESENTATION_CONTEXT() REPRESENTATION_CONTEXT('2D SPACE',''
  ) );
#284 = ORIENTED_EDGE('',*,*,#285,.F.);
#285 = EDGE_CURVE('',#103,#258,#286,.T.);
#286 = SURFACE_CURVE('',#287,(#291,#298),.PCURVE_S1.);
#287 = LINE('',#288,#289);
#288 = CARTESIAN_POINT('',(33.997779953258,30.112548159899,33.75));
#289 = VECTOR('',#290,1.);
#290 = DIRECTION('',(2.49921911602E-02,-0.999687646408,0.));
#291 = PCURVE('',#118,#292);
#292 = DEFINITIONAL_REPRESENTATION('',(#293),#297);
#293 = LINE('',#294,#295);
#294 = CARTESIAN_POINT('',(0.,0.));
#295 = VECTOR('',#296,1.);
#296 = DIRECTION('',(1.,0.));
#297 = ( GEOMETRIC_REPRESENTATION_CONTEXT(2) 
PARAMETRIC_REPRESENTATION_CONTEXT() REPRESENTATION_CONTEXT('2D SPACE',''
  ) );
#298 = PCURVE('',#144,#299);
#299 = DEFINITIONAL_REPRESENTATION('',(#300),#304);
#300 = LINE('',#301,#302);
#301 = CARTESIAN_POINT('',(-2.291275668071,29.126320558764));
#302 = VECTOR('',#303,1.);
#303 = DIRECTION('',(-2.49921911602E-02,-0.999687646408));
#304 = ( GEOMETRIC_REPRESENTATION_CONTEXT(2) 
PARAMETRIC_REPRESENTATION_CONTEXT() REPRESENTATION_CONTEXT('2D SPACE',''
  ) );
#305 = ADVANCED_FACE('',(#306),#144,.F.);
#306 = FACE_BOUND('',#307,.F.);
#307 = EDGE_LOOP('',(#308,#343,#371,#399,#427,#448,#449,#450,#451,#474,
    #502,#530,#558,#586,#614,#642,#670,#703,#731,#759,#792,#820,#853,
    #886,#915,#943,#976,#1004,#1032,#1065,#1093,#1121,#1149,#1177,#1210,
    #1238,#1266,#1299,#1327,#1360,#1393,#1422,#1450,#1483,#1511));
#308 = ORIENTED_EDGE('',*,*,#309,.F.);
#309 = EDGE_CURVE('',#310,#312,#314,.T.);
#310 = VERTEX_POINT('',#311);
#311 = CARTESIAN_POINT('',(29.576081022785,36.56626809564,33.75));
#312 = VERTEX_POINT('',#313);
#313 = CARTESIAN_POINT('',(26.102885527528,36.030806507777,33.75));
#314 = SURFACE_CURVE('',#315,(#320,#331),.PCURVE_S1.);
#315 = CIRCLE('',#316,4.85);
#316 = AXIS2_PLACEMENT_3D('',#317,#318,#319);
#317 = CARTESIAN_POINT('',(28.528272094654,31.830806507777,33.75));
#318 = DIRECTION('',(0.,0.,1.));
#319 = DIRECTION('',(-1.,1.224646799147E-16,0.));
#320 = PCURVE('',#144,#321);
#321 = DEFINITIONAL_REPRESENTATION('',(#322),#330);
#322 = ( BOUNDED_CURVE() B_SPLINE_CURVE(2,(#323,#324,#325,#326,#327,#328
,#329),.UNSPECIFIED.,.T.,.F.) B_SPLINE_CURVE_WITH_KNOTS((1,2,2,2,2,1),(
    -2.094395102393,0.,2.094395102393,4.188790204786,6.28318530718,
8.377580409573),.UNSPECIFIED.) CURVE() GEOMETRIC_REPRESENTATION_ITEM() 
RATIONAL_B_SPLINE_CURVE((1.,0.5,1.,0.5,1.,0.5,1.)) REPRESENTATION_ITEM(
  '') );
#323 = CARTESIAN_POINT('',(8.028232190532,30.844578906641));
#324 = CARTESIAN_POINT('',(8.028232190532,22.444132489932));
#325 = CARTESIAN_POINT('',(0.753232190532,26.644355698287));
#326 = CARTESIAN_POINT('',(-6.521767809468,30.844578906641));
#327 = CARTESIAN_POINT('',(0.753232190532,35.044802114996));
#328 = CARTESIAN_POINT('',(8.028232190532,39.245025323351));
#329 = CARTESIAN_POINT('',(8.028232190532,30.844578906641));
#330 = ( GEOMETRIC_REPRESENTATION_CONTEXT(2) 
PARAMETRIC_REPRESENTATION_CONTEXT() REPRESENTATION_CONTEXT('2D SPACE',''
  ) );
#331 = PCURVE('',#332,#337);
#332 = CYLINDRICAL_SURFACE('',#333,4.85);
#333 = AXIS2_PLACEMENT_3D('',#334,#335,#336);
#334 = CARTESIAN_POINT('',(28.528272094654,31.830806507777,9.25));
#335 = DIRECTION('',(-0.,-0.,-1.));
#336 = DIRECTION('',(-1.,1.224646799147E-16,0.));
#337 = DEFINITIONAL_REPRESENTATION('',(#338),#342);
#338 = LINE('',#339,#340);
#339 = CARTESIAN_POINT('',(-0.,-24.5));
#340 = VECTOR('',#341,1.);
#341 = DIRECTION('',(-1.,0.));
#342 = ( GEOMETRIC_REPRESENTATION_CONTEXT(2) 
PARAMETRIC_REPRESENTATION_CONTEXT() REPRESENTATION_CONTEXT('2D SPACE',''
  ) );
#343 = ORIENTED_EDGE('',*,*,#344,.T.);
#344 = EDGE_CURVE('',#310,#345,#347,.T.);
#345 = VERTEX_POINT('',#346);
#346 = CARTESIAN_POINT('',(29.047918656751,42.2,33.75));
#347 = SURFACE_CURVE('',#348,(#352,#359),.PCURVE_S1.);
#348 = LINE('',#349,#350);
#349 = CARTESIAN_POINT('',(30.202220046742,29.887451840101,33.75));
#350 = VECTOR('',#351,1.);
#351 = DIRECTION('',(-9.334070869306E-02,0.995634226059,0.));
#352 = PCURVE('',#144,#353);
#353 = DEFINITIONAL_REPRESENTATION('',(#354),#358);
#354 = LINE('',#355,#356);
#355 = CARTESIAN_POINT('',(1.504284238445,28.901224238966));
#356 = VECTOR('',#357,1.);
#357 = DIRECTION('',(9.334070869306E-02,0.995634226059));
#358 = ( GEOMETRIC_REPRESENTATION_CONTEXT(2) 
PARAMETRIC_REPRESENTATION_CONTEXT() REPRESENTATION_CONTEXT('2D SPACE',''
  ) );
#359 = PCURVE('',#360,#365);
#360 = PLANE('',#361);
#361 = AXIS2_PLACEMENT_3D('',#362,#363,#364);
#362 = CARTESIAN_POINT('',(30.202220046742,29.887451840101,33.75));
#363 = DIRECTION('',(0.995634226059,9.334070869306E-02,0.));
#364 = DIRECTION('',(-9.334070869306E-02,0.995634226059,0.));
#365 = DEFINITIONAL_REPRESENTATION('',(#366),#370);
#366 = LINE('',#367,#368);
#367 = CARTESIAN_POINT('',(0.,0.));
#368 = VECTOR('',#369,1.);
#369 = DIRECTION('',(1.,0.));
#370 = ( GEOMETRIC_REPRESENTATION_CONTEXT(2) 
PARAMETRIC_REPRESENTATION_CONTEXT() REPRESENTATION_CONTEXT('2D SPACE',''
  ) );
#371 = ORIENTED_EDGE('',*,*,#372,.T.);
#372 = EDGE_CURVE('',#345,#373,#375,.T.);
#373 = VERTEX_POINT('',#374);
#374 = CARTESIAN_POINT('',(16.708294970487,42.2,33.75));
#375 = SURFACE_CURVE('',#376,(#380,#387),.PCURVE_S1.);
#376 = LINE('',#377,#378);
#377 = CARTESIAN_POINT('',(32.5,42.2,33.75));
#378 = VECTOR('',#379,1.);
#379 = DIRECTION('',(-1.,0.,0.));
#380 = PCURVE('',#144,#381);
#381 = DEFINITIONAL_REPRESENTATION('',(#382),#386);
#382 = LINE('',#383,#384);
#383 = CARTESIAN_POINT('',(-0.793495714813,41.213772398865));
#384 = VECTOR('',#385,1.);
#385 = DIRECTION('',(1.,0.));
#386 = ( GEOMETRIC_REPRESENTATION_CONTEXT(2) 
PARAMETRIC_REPRESENTATION_CONTEXT() REPRESENTATION_CONTEXT('2D SPACE',''
  ) );
#387 = PCURVE('',#388,#393);
#388 = PLANE('',#389);
#389 = AXIS2_PLACEMENT_3D('',#390,#391,#392);
#390 = CARTESIAN_POINT('',(32.5,42.2,33.75));
#391 = DIRECTION('',(0.,1.,0.));
#392 = DIRECTION('',(-1.,0.,0.));
#393 = DEFINITIONAL_REPRESENTATION('',(#394),#398);
#394 = LINE('',#395,#396);
#395 = CARTESIAN_POINT('',(0.,0.));
#396 = VECTOR('',#397,1.);
#397 = DIRECTION('',(1.,0.));
#398 = ( GEOMETRIC_REPRESENTATION_CONTEXT(2) 
PARAMETRIC_REPRESENTATION_CONTEXT() REPRESENTATION_CONTEXT('2D SPACE',''
  ) );
#399 = ORIENTED_EDGE('',*,*,#400,.T.);
#400 = EDGE_CURVE('',#373,#401,#403,.T.);
#401 = VERTEX_POINT('',#402);
#402 = CARTESIAN_POINT('',(16.708294970487,46.,33.75));
#403 = SURFACE_CURVE('',#404,(#408,#415),.PCURVE_S1.);
#404 = LINE('',#405,#406);
#405 = CARTESIAN_POINT('',(16.708294970487,42.2,33.75));
#406 = VECTOR('',#407,1.);
#407 = DIRECTION('',(0.,1.,0.));
#408 = PCURVE('',#144,#409);
#409 = DEFINITIONAL_REPRESENTATION('',(#410),#414);
#410 = LINE('',#411,#412);
#411 = CARTESIAN_POINT('',(14.998209314699,41.213772398865));
#412 = VECTOR('',#413,1.);
#413 = DIRECTION('',(0.,1.));
#414 = ( GEOMETRIC_REPRESENTATION_CONTEXT(2) 
PARAMETRIC_REPRESENTATION_CONTEXT() REPRESENTATION_CONTEXT('2D SPACE',''
  ) );
#415 = PCURVE('',#416,#421);
#416 = PLANE('',#417);
#417 = AXIS2_PLACEMENT_3D('',#418,#419,#420);
#418 = CARTESIAN_POINT('',(16.708294970487,42.2,33.75));
#419 = DIRECTION('',(1.,-0.,0.));
#420 = DIRECTION('',(0.,1.,0.));
#421 = DEFINITIONAL_REPRESENTATION('',(#422),#426);
#422 = LINE('',#423,#424);
#423 = CARTESIAN_POINT('',(0.,0.));
#424 = VECTOR('',#425,1.);
#425 = DIRECTION('',(1.,0.));
#426 = ( GEOMETRIC_REPRESENTATION_CONTEXT(2) 
PARAMETRIC_REPRESENTATION_CONTEXT() REPRESENTATION_CONTEXT('2D SPACE',''
  ) );
#427 = ORIENTED_EDGE('',*,*,#428,.T.);
#428 = EDGE_CURVE('',#401,#160,#429,.T.);
#429 = SURFACE_CURVE('',#430,(#434,#441),.PCURVE_S1.);
#430 = LINE('',#431,#432);
#431 = CARTESIAN_POINT('',(16.708294970487,46.,33.75));
#432 = VECTOR('',#433,1.);
#433 = DIRECTION('',(1.,0.,0.));
#434 = PCURVE('',#144,#435);
#435 = DEFINITIONAL_REPRESENTATION('',(#436),#440);
#436 = LINE('',#437,#438);
#437 = CARTESIAN_POINT('',(14.998209314699,45.013772398865));
#438 = VECTOR('',#439,1.);
#439 = DIRECTION('',(-1.,0.));
#440 = ( GEOMETRIC_REPRESENTATION_CONTEXT(2) 
PARAMETRIC_REPRESENTATION_CONTEXT() REPRESENTATION_CONTEXT('2D SPACE',''
  ) );
#441 = PCURVE('',#197,#442);
#442 = DEFINITIONAL_REPRESENTATION('',(#443),#447);
#443 = LINE('',#444,#445);
#444 = CARTESIAN_POINT('',(0.,0.));
#445 = VECTOR('',#446,1.);
#446 = DIRECTION('',(1.,0.));
#447 = ( GEOMETRIC_REPRESENTATION_CONTEXT(2) 
PARAMETRIC_REPRESENTATION_CONTEXT() REPRESENTATION_CONTEXT('2D SPACE',''
  ) );
#448 = ORIENTED_EDGE('',*,*,#159,.T.);
#449 = ORIENTED_EDGE('',*,*,#130,.T.);
#450 = ORIENTED_EDGE('',*,*,#285,.T.);
#451 = ORIENTED_EDGE('',*,*,#452,.T.);
#452 = EDGE_CURVE('',#258,#453,#455,.T.);
#453 = VERTEX_POINT('',#454);
#454 = CARTESIAN_POINT('',(34.299420088478,-10.06749091469,33.75));
#455 = SURFACE_CURVE('',#456,(#460,#467),.PCURVE_S1.);
#456 = LINE('',#457,#458);
#457 = CARTESIAN_POINT('',(34.500237471805,10.014247418012,33.75));
#458 = VECTOR('',#459,1.);
#459 = DIRECTION('',(-9.999500037497E-03,-0.99995000375,0.));
#460 = PCURVE('',#144,#461);
#461 = DEFINITIONAL_REPRESENTATION('',(#462),#466);
#462 = LINE('',#463,#464);
#463 = CARTESIAN_POINT('',(-2.793733186619,9.028019816877));
#464 = VECTOR('',#465,1.);
#465 = DIRECTION('',(9.999500037497E-03,-0.99995000375));
#466 = ( GEOMETRIC_REPRESENTATION_CONTEXT(2) 
PARAMETRIC_REPRESENTATION_CONTEXT() REPRESENTATION_CONTEXT('2D SPACE',''
  ) );
#467 = PCURVE('',#273,#468);
#468 = DEFINITIONAL_REPRESENTATION('',(#469),#473);
#469 = LINE('',#470,#471);
#470 = CARTESIAN_POINT('',(0.,0.));
#471 = VECTOR('',#472,1.);
#472 = DIRECTION('',(1.,0.));
#473 = ( GEOMETRIC_REPRESENTATION_CONTEXT(2) 
PARAMETRIC_REPRESENTATION_CONTEXT() REPRESENTATION_CONTEXT('2D SPACE',''
  ) );
#474 = ORIENTED_EDGE('',*,*,#475,.T.);
#475 = EDGE_CURVE('',#453,#476,#478,.T.);
#476 = VERTEX_POINT('',#477);
#477 = CARTESIAN_POINT('',(33.193864562962,-28.15839951404,33.75));
#478 = SURFACE_CURVE('',#479,(#483,#490),.PCURVE_S1.);
#479 = LINE('',#480,#481);
#480 = CARTESIAN_POINT('',(34.299420088478,-10.06749091469,33.75));
#481 = VECTOR('',#482,1.);
#482 = DIRECTION('',(-6.099731794136E-02,-0.99813792995,0.));
#483 = PCURVE('',#144,#484);
#484 = DEFINITIONAL_REPRESENTATION('',(#485),#489);
#485 = LINE('',#486,#487);
#486 = CARTESIAN_POINT('',(-2.592915803292,-11.05371851583));
#487 = VECTOR('',#488,1.);
#488 = DIRECTION('',(6.099731794136E-02,-0.99813792995));
#489 = ( GEOMETRIC_REPRESENTATION_CONTEXT(2) 
PARAMETRIC_REPRESENTATION_CONTEXT() REPRESENTATION_CONTEXT('2D SPACE',''
  ) );
#490 = PCURVE('',#491,#496);
#491 = PLANE('',#492);
#492 = AXIS2_PLACEMENT_3D('',#493,#494,#495);
#493 = CARTESIAN_POINT('',(34.299420088478,-10.06749091469,33.75));
#494 = DIRECTION('',(-0.99813792995,6.099731794136E-02,0.));
#495 = DIRECTION('',(-6.099731794136E-02,-0.99813792995,0.));
#496 = DEFINITIONAL_REPRESENTATION('',(#497),#501);
#497 = LINE('',#498,#499);
#498 = CARTESIAN_POINT('',(0.,0.));
#499 = VECTOR('',#500,1.);
#500 = DIRECTION('',(1.,0.));
#501 = ( GEOMETRIC_REPRESENTATION_CONTEXT(2) 
PARAMETRIC_REPRESENTATION_CONTEXT() REPRESENTATION_CONTEXT('2D SPACE',''
  ) );
#502 = ORIENTED_EDGE('',*,*,#503,.T.);
#503 = EDGE_CURVE('',#476,#504,#506,.T.);
#504 = VERTEX_POINT('',#505);
#505 = CARTESIAN_POINT('',(31.489365347833,-44.2007450682,33.75));
#506 = SURFACE_CURVE('',#507,(#511,#518),.PCURVE_S1.);
#507 = LINE('',#508,#509);
#508 = CARTESIAN_POINT('',(33.193864562962,-28.15839951404,33.75));
#509 = VECTOR('',#510,1.);
#510 = DIRECTION('',(-0.105655299056,-0.994402814649,0.));
#511 = PCURVE('',#144,#512);
#512 = DEFINITIONAL_REPRESENTATION('',(#513),#517);
#513 = LINE('',#514,#515);
#514 = CARTESIAN_POINT('',(-1.487360277776,-29.14462711517));
#515 = VECTOR('',#516,1.);
#516 = DIRECTION('',(0.105655299056,-0.994402814649));
#517 = ( GEOMETRIC_REPRESENTATION_CONTEXT(2) 
PARAMETRIC_REPRESENTATION_CONTEXT() REPRESENTATION_CONTEXT('2D SPACE',''
  ) );
#518 = PCURVE('',#519,#524);
#519 = PLANE('',#520);
#520 = AXIS2_PLACEMENT_3D('',#521,#522,#523);
#521 = CARTESIAN_POINT('',(33.193864562962,-28.15839951404,33.75));
#522 = DIRECTION('',(-0.994402814649,0.105655299056,0.));
#523 = DIRECTION('',(-0.105655299056,-0.994402814649,0.));
#524 = DEFINITIONAL_REPRESENTATION('',(#525),#529);
#525 = LINE('',#526,#527);
#526 = CARTESIAN_POINT('',(0.,0.));
#527 = VECTOR('',#528,1.);
#528 = DIRECTION('',(1.,0.));
#529 = ( GEOMETRIC_REPRESENTATION_CONTEXT(2) 
PARAMETRIC_REPRESENTATION_CONTEXT() REPRESENTATION_CONTEXT('2D SPACE',''
  ) );
#530 = ORIENTED_EDGE('',*,*,#531,.T.);
#531 = EDGE_CURVE('',#504,#532,#534,.T.);
#532 = VERTEX_POINT('',#533);
#533 = CARTESIAN_POINT('',(29.6,-44.,33.75));
#534 = SURFACE_CURVE('',#535,(#539,#546),.PCURVE_S1.);
#535 = LINE('',#536,#537);
#536 = CARTESIAN_POINT('',(31.489365347833,-44.2007450682,33.75));
#537 = VECTOR('',#538,1.);
#538 = DIRECTION('',(-0.994402814649,0.105655299056,0.));
#539 = PCURVE('',#144,#540);
#540 = DEFINITIONAL_REPRESENTATION('',(#541),#545);
#541 = LINE('',#542,#543);
#542 = CARTESIAN_POINT('',(0.217138937354,-45.18697266934));
#543 = VECTOR('',#544,1.);
#544 = DIRECTION('',(0.994402814649,0.105655299056));
#545 = ( GEOMETRIC_REPRESENTATION_CONTEXT(2) 
PARAMETRIC_REPRESENTATION_CONTEXT() REPRESENTATION_CONTEXT('2D SPACE',''
  ) );
#546 = PCURVE('',#547,#552);
#547 = PLANE('',#548);
#548 = AXIS2_PLACEMENT_3D('',#549,#550,#551);
#549 = CARTESIAN_POINT('',(31.489365347833,-44.2007450682,33.75));
#550 = DIRECTION('',(0.105655299056,0.994402814649,0.));
#551 = DIRECTION('',(-0.994402814649,0.105655299056,0.));
#552 = DEFINITIONAL_REPRESENTATION('',(#553),#557);
#553 = LINE('',#554,#555);
#554 = CARTESIAN_POINT('',(0.,0.));
#555 = VECTOR('',#556,1.);
#556 = DIRECTION('',(1.,0.));
#557 = ( GEOMETRIC_REPRESENTATION_CONTEXT(2) 
PARAMETRIC_REPRESENTATION_CONTEXT() REPRESENTATION_CONTEXT('2D SPACE',''
  ) );
#558 = ORIENTED_EDGE('',*,*,#559,.F.);
#559 = EDGE_CURVE('',#560,#532,#562,.T.);
#560 = VERTEX_POINT('',#561);
#561 = CARTESIAN_POINT('',(15.710634652167,-44.,33.75));
#562 = SURFACE_CURVE('',#563,(#567,#574),.PCURVE_S1.);
#563 = LINE('',#564,#565);
#564 = CARTESIAN_POINT('',(15.710634652167,-44.,33.75));
#565 = VECTOR('',#566,1.);
#566 = DIRECTION('',(1.,0.,0.));
#567 = PCURVE('',#144,#568);
#568 = DEFINITIONAL_REPRESENTATION('',(#569),#573);
#569 = LINE('',#570,#571);
#570 = CARTESIAN_POINT('',(15.995869633019,-44.98622760113));
#571 = VECTOR('',#572,1.);
#572 = DIRECTION('',(-1.,0.));
#573 = ( GEOMETRIC_REPRESENTATION_CONTEXT(2) 
PARAMETRIC_REPRESENTATION_CONTEXT() REPRESENTATION_CONTEXT('2D SPACE',''
  ) );
#574 = PCURVE('',#575,#580);
#575 = PLANE('',#576);
#576 = AXIS2_PLACEMENT_3D('',#577,#578,#579);
#577 = CARTESIAN_POINT('',(15.710634652167,-44.,9.25));
#578 = DIRECTION('',(0.,1.,0.));
#579 = DIRECTION('',(1.,0.,0.));
#580 = DEFINITIONAL_REPRESENTATION('',(#581),#585);
#581 = LINE('',#582,#583);
#582 = CARTESIAN_POINT('',(0.,-24.5));
#583 = VECTOR('',#584,1.);
#584 = DIRECTION('',(1.,0.));
#585 = ( GEOMETRIC_REPRESENTATION_CONTEXT(2) 
PARAMETRIC_REPRESENTATION_CONTEXT() REPRESENTATION_CONTEXT('2D SPACE',''
  ) );
#586 = ORIENTED_EDGE('',*,*,#587,.F.);
#587 = EDGE_CURVE('',#588,#560,#590,.T.);
#588 = VERTEX_POINT('',#589);
#589 = CARTESIAN_POINT('',(15.710634652167,-40.2,33.75));
#590 = SURFACE_CURVE('',#591,(#595,#602),.PCURVE_S1.);
#591 = LINE('',#592,#593);
#592 = CARTESIAN_POINT('',(15.710634652167,-40.2,33.75));
#593 = VECTOR('',#594,1.);
#594 = DIRECTION('',(0.,-1.,0.));
#595 = PCURVE('',#144,#596);
#596 = DEFINITIONAL_REPRESENTATION('',(#597),#601);
#597 = LINE('',#598,#599);
#598 = CARTESIAN_POINT('',(15.995869633019,-41.18622760113));
#599 = VECTOR('',#600,1.);
#600 = DIRECTION('',(0.,-1.));
#601 = ( GEOMETRIC_REPRESENTATION_CONTEXT(2) 
PARAMETRIC_REPRESENTATION_CONTEXT() REPRESENTATION_CONTEXT('2D SPACE',''
  ) );
#602 = PCURVE('',#603,#608);
#603 = PLANE('',#604);
#604 = AXIS2_PLACEMENT_3D('',#605,#606,#607);
#605 = CARTESIAN_POINT('',(15.710634652167,-40.2,9.25));
#606 = DIRECTION('',(1.,0.,-0.));
#607 = DIRECTION('',(0.,-1.,0.));
#608 = DEFINITIONAL_REPRESENTATION('',(#609),#613);
#609 = LINE('',#610,#611);
#610 = CARTESIAN_POINT('',(0.,-24.5));
#611 = VECTOR('',#612,1.);
#612 = DIRECTION('',(1.,0.));
#613 = ( GEOMETRIC_REPRESENTATION_CONTEXT(2) 
PARAMETRIC_REPRESENTATION_CONTEXT() REPRESENTATION_CONTEXT('2D SPACE',''
  ) );
#614 = ORIENTED_EDGE('',*,*,#615,.F.);
#615 = EDGE_CURVE('',#616,#588,#618,.T.);
#616 = VERTEX_POINT('',#617);
#617 = CARTESIAN_POINT('',(28.09305548867,-40.2,33.75));
#618 = SURFACE_CURVE('',#619,(#623,#630),.PCURVE_S1.);
#619 = LINE('',#620,#621);
#620 = CARTESIAN_POINT('',(31.5,-40.2,33.75));
#621 = VECTOR('',#622,1.);
#622 = DIRECTION('',(-1.,0.,0.));
#623 = PCURVE('',#144,#624);
#624 = DEFINITIONAL_REPRESENTATION('',(#625),#629);
#625 = LINE('',#626,#627);
#626 = CARTESIAN_POINT('',(0.206504285187,-41.18622760113));
#627 = VECTOR('',#628,1.);
#628 = DIRECTION('',(1.,0.));
#629 = ( GEOMETRIC_REPRESENTATION_CONTEXT(2) 
PARAMETRIC_REPRESENTATION_CONTEXT() REPRESENTATION_CONTEXT('2D SPACE',''
  ) );
#630 = PCURVE('',#631,#636);
#631 = PLANE('',#632);
#632 = AXIS2_PLACEMENT_3D('',#633,#634,#635);
#633 = CARTESIAN_POINT('',(31.5,-40.2,9.25));
#634 = DIRECTION('',(0.,-1.,0.));
#635 = DIRECTION('',(-1.,0.,0.));
#636 = DEFINITIONAL_REPRESENTATION('',(#637),#641);
#637 = LINE('',#638,#639);
#638 = CARTESIAN_POINT('',(0.,-24.5));
#639 = VECTOR('',#640,1.);
#640 = DIRECTION('',(1.,0.));
#641 = ( GEOMETRIC_REPRESENTATION_CONTEXT(2) 
PARAMETRIC_REPRESENTATION_CONTEXT() REPRESENTATION_CONTEXT('2D SPACE',''
  ) );
#642 = ORIENTED_EDGE('',*,*,#643,.T.);
#643 = EDGE_CURVE('',#616,#644,#646,.T.);
#644 = VERTEX_POINT('',#645);
#645 = CARTESIAN_POINT('',(28.364461112866,-37.64559412521,33.75));
#646 = SURFACE_CURVE('',#647,(#651,#658),.PCURVE_S1.);
#647 = LINE('',#648,#649);
#648 = CARTESIAN_POINT('',(27.710634652167,-43.79925493179,33.75));
#649 = VECTOR('',#650,1.);
#650 = DIRECTION('',(0.105655299056,0.994402814649,0.));
#651 = PCURVE('',#144,#652);
#652 = DEFINITIONAL_REPRESENTATION('',(#653),#657);
#653 = LINE('',#654,#655);
#654 = CARTESIAN_POINT('',(3.995869633019,-44.78548253292));
#655 = VECTOR('',#656,1.);
#656 = DIRECTION('',(-0.105655299056,0.994402814649));
#657 = ( GEOMETRIC_REPRESENTATION_CONTEXT(2) 
PARAMETRIC_REPRESENTATION_CONTEXT() REPRESENTATION_CONTEXT('2D SPACE',''
  ) );
#658 = PCURVE('',#659,#664);
#659 = PLANE('',#660);
#660 = AXIS2_PLACEMENT_3D('',#661,#662,#663);
#661 = CARTESIAN_POINT('',(27.710634652167,-43.79925493179,33.75));
#662 = DIRECTION('',(0.994402814649,-0.105655299056,0.));
#663 = DIRECTION('',(0.105655299056,0.994402814649,0.));
#664 = DEFINITIONAL_REPRESENTATION('',(#665),#669);
#665 = LINE('',#666,#667);
#666 = CARTESIAN_POINT('',(0.,0.));
#667 = VECTOR('',#668,1.);
#668 = DIRECTION('',(1.,0.));
#669 = ( GEOMETRIC_REPRESENTATION_CONTEXT(2) 
PARAMETRIC_REPRESENTATION_CONTEXT() REPRESENTATION_CONTEXT('2D SPACE',''
  ) );
#670 = ORIENTED_EDGE('',*,*,#671,.F.);
#671 = EDGE_CURVE('',#672,#644,#674,.T.);
#672 = VERTEX_POINT('',#673);
#673 = CARTESIAN_POINT('',(23.644646913257,-37.5726441092,33.75));
#674 = SURFACE_CURVE('',#675,(#680,#691),.PCURVE_S1.);
#675 = CIRCLE('',#676,4.85);
#676 = AXIS2_PLACEMENT_3D('',#677,#678,#679);
#677 = CARTESIAN_POINT('',(26.070033480383,-33.3726441092,33.75));
#678 = DIRECTION('',(0.,0.,1.));
#679 = DIRECTION('',(-1.,1.224646799147E-16,0.));
#680 = PCURVE('',#144,#681);
#681 = DEFINITIONAL_REPRESENTATION('',(#682),#690);
#682 = ( BOUNDED_CURVE() B_SPLINE_CURVE(2,(#683,#684,#685,#686,#687,#688
,#689),.UNSPECIFIED.,.T.,.F.) B_SPLINE_CURVE_WITH_KNOTS((1,2,2,2,2,1),(
    -2.094395102393,0.,2.094395102393,4.188790204786,6.28318530718,
8.377580409573),.UNSPECIFIED.) CURVE() GEOMETRIC_REPRESENTATION_ITEM() 
RATIONAL_B_SPLINE_CURVE((1.,0.5,1.,0.5,1.,0.5,1.)) REPRESENTATION_ITEM(
  '') );
#683 = CARTESIAN_POINT('',(10.486470804803,-34.35887171034));
#684 = CARTESIAN_POINT('',(10.486470804803,-42.75931812705));
#685 = CARTESIAN_POINT('',(3.211470804803,-38.55909491869));
#686 = CARTESIAN_POINT('',(-4.063529195197,-34.35887171034));
#687 = CARTESIAN_POINT('',(3.211470804803,-30.15864850198));
#688 = CARTESIAN_POINT('',(10.486470804803,-25.95842529363));
#689 = CARTESIAN_POINT('',(10.486470804803,-34.35887171034));
#690 = ( GEOMETRIC_REPRESENTATION_CONTEXT(2) 
PARAMETRIC_REPRESENTATION_CONTEXT() REPRESENTATION_CONTEXT('2D SPACE',''
  ) );
#691 = PCURVE('',#692,#697);
#692 = CYLINDRICAL_SURFACE('',#693,4.85);
#693 = AXIS2_PLACEMENT_3D('',#694,#695,#696);
#694 = CARTESIAN_POINT('',(26.070033480383,-33.3726441092,9.25));
#695 = DIRECTION('',(-0.,-0.,-1.));
#696 = DIRECTION('',(-1.,1.224646799147E-16,0.));
#697 = DEFINITIONAL_REPRESENTATION('',(#698),#702);
#698 = LINE('',#699,#700);
#699 = CARTESIAN_POINT('',(-0.,-24.5));
#700 = VECTOR('',#701,1.);
#701 = DIRECTION('',(-1.,0.));
#702 = ( GEOMETRIC_REPRESENTATION_CONTEXT(2) 
PARAMETRIC_REPRESENTATION_CONTEXT() REPRESENTATION_CONTEXT('2D SPACE',''
  ) );
#703 = ORIENTED_EDGE('',*,*,#704,.T.);
#704 = EDGE_CURVE('',#672,#705,#707,.T.);
#705 = VERTEX_POINT('',#706);
#706 = CARTESIAN_POINT('',(21.220033480383,-37.5726441092,33.75));
#707 = SURFACE_CURVE('',#708,(#712,#719),.PCURVE_S1.);
#708 = LINE('',#709,#710);
#709 = CARTESIAN_POINT('',(23.645033480383,-37.5726441092,33.75));
#710 = VECTOR('',#711,1.);
#711 = DIRECTION('',(-1.,1.224646799147E-16,0.));
#712 = PCURVE('',#144,#713);
#713 = DEFINITIONAL_REPRESENTATION('',(#714),#718);
#714 = LINE('',#715,#716);
#715 = CARTESIAN_POINT('',(8.061470804803,-38.55887171034));
#716 = VECTOR('',#717,1.);
#717 = DIRECTION('',(1.,1.224646799147E-16));
#718 = ( GEOMETRIC_REPRESENTATION_CONTEXT(2) 
PARAMETRIC_REPRESENTATION_CONTEXT() REPRESENTATION_CONTEXT('2D SPACE',''
  ) );
#719 = PCURVE('',#720,#725);
#720 = PLANE('',#721);
#721 = AXIS2_PLACEMENT_3D('',#722,#723,#724);
#722 = CARTESIAN_POINT('',(23.644646913257,-37.5726441092,9.25));
#723 = DIRECTION('',(-1.224646799147E-16,-1.,0.));
#724 = DIRECTION('',(-1.,1.224646799147E-16,0.));
#725 = DEFINITIONAL_REPRESENTATION('',(#726),#730);
#726 = LINE('',#727,#728);
#727 = CARTESIAN_POINT('',(-3.865671268031E-04,-24.5));
#728 = VECTOR('',#729,1.);
#729 = DIRECTION('',(1.,0.));
#730 = ( GEOMETRIC_REPRESENTATION_CONTEXT(2) 
PARAMETRIC_REPRESENTATION_CONTEXT() REPRESENTATION_CONTEXT('2D SPACE',''
  ) );
#731 = ORIENTED_EDGE('',*,*,#732,.F.);
#732 = EDGE_CURVE('',#733,#705,#735,.T.);
#733 = VERTEX_POINT('',#734);
#734 = CARTESIAN_POINT('',(21.220033480383,-36.42264409752,33.75));
#735 = SURFACE_CURVE('',#736,(#740,#747),.PCURVE_S1.);
#736 = LINE('',#737,#738);
#737 = CARTESIAN_POINT('',(21.220033480383,-29.1726441092,33.75));
#738 = VECTOR('',#739,1.);
#739 = DIRECTION('',(-1.224646799147E-16,-1.,0.));
#740 = PCURVE('',#144,#741);
#741 = DEFINITIONAL_REPRESENTATION('',(#742),#746);
#742 = LINE('',#743,#744);
#743 = CARTESIAN_POINT('',(10.486470804803,-30.15887171034));
#744 = VECTOR('',#745,1.);
#745 = DIRECTION('',(1.224646799147E-16,-1.));
#746 = ( GEOMETRIC_REPRESENTATION_CONTEXT(2) 
PARAMETRIC_REPRESENTATION_CONTEXT() REPRESENTATION_CONTEXT('2D SPACE',''
  ) );
#747 = PCURVE('',#748,#753);
#748 = PLANE('',#749);
#749 = AXIS2_PLACEMENT_3D('',#750,#751,#752);
#750 = CARTESIAN_POINT('',(21.220033480383,-36.42264409752,9.25));
#751 = DIRECTION('',(1.,-1.224646799147E-16,0.));
#752 = DIRECTION('',(-1.224646799147E-16,-1.,0.));
#753 = DEFINITIONAL_REPRESENTATION('',(#754),#758);
#754 = LINE('',#755,#756);
#755 = CARTESIAN_POINT('',(-7.249999988321,-24.5));
#756 = VECTOR('',#757,1.);
#757 = DIRECTION('',(1.,0.));
#758 = ( GEOMETRIC_REPRESENTATION_CONTEXT(2) 
PARAMETRIC_REPRESENTATION_CONTEXT() REPRESENTATION_CONTEXT('2D SPACE',''
  ) );
#759 = ORIENTED_EDGE('',*,*,#760,.F.);
#760 = EDGE_CURVE('',#761,#733,#763,.T.);
#761 = VERTEX_POINT('',#762);
#762 = CARTESIAN_POINT('',(21.670033480383,-35.97264410336,33.75));
#763 = SURFACE_CURVE('',#764,(#769,#780),.PCURVE_S1.);
#764 = CIRCLE('',#765,0.45);
#765 = AXIS2_PLACEMENT_3D('',#766,#767,#768);
#766 = CARTESIAN_POINT('',(21.670033480383,-36.42264409752,33.75));
#767 = DIRECTION('',(0.,0.,1.));
#768 = DIRECTION('',(-1.,1.224646799147E-16,0.));
#769 = PCURVE('',#144,#770);
#770 = DEFINITIONAL_REPRESENTATION('',(#771),#779);
#771 = ( BOUNDED_CURVE() B_SPLINE_CURVE(2,(#772,#773,#774,#775,#776,#777
,#778),.UNSPECIFIED.,.T.,.F.) B_SPLINE_CURVE_WITH_KNOTS((1,2,2,2,2,1),(
    -2.094395102393,0.,2.094395102393,4.188790204786,6.28318530718,
8.377580409573),.UNSPECIFIED.) CURVE() GEOMETRIC_REPRESENTATION_ITEM() 
RATIONAL_B_SPLINE_CURVE((1.,0.5,1.,0.5,1.,0.5,1.)) REPRESENTATION_ITEM(
  '') );
#772 = CARTESIAN_POINT('',(10.486470804803,-37.40887169866));
#773 = CARTESIAN_POINT('',(10.486470804803,-38.18829456206));
#774 = CARTESIAN_POINT('',(9.811470804803,-37.79858313036));
#775 = CARTESIAN_POINT('',(9.136470804803,-37.40887169866));
#776 = CARTESIAN_POINT('',(9.811470804803,-37.01916026696));
#777 = CARTESIAN_POINT('',(10.486470804803,-36.62944883525));
#778 = CARTESIAN_POINT('',(10.486470804803,-37.40887169866));
#779 = ( GEOMETRIC_REPRESENTATION_CONTEXT(2) 
PARAMETRIC_REPRESENTATION_CONTEXT() REPRESENTATION_CONTEXT('2D SPACE',''
  ) );
#780 = PCURVE('',#781,#786);
#781 = CYLINDRICAL_SURFACE('',#782,0.45);
#782 = AXIS2_PLACEMENT_3D('',#783,#784,#785);
#783 = CARTESIAN_POINT('',(21.670033480383,-36.42264409752,9.25));
#784 = DIRECTION('',(-0.,-0.,-1.));
#785 = DIRECTION('',(-1.,1.224646799147E-16,0.));
#786 = DEFINITIONAL_REPRESENTATION('',(#787),#791);
#787 = LINE('',#788,#789);
#788 = CARTESIAN_POINT('',(-0.,-24.5));
#789 = VECTOR('',#790,1.);
#790 = DIRECTION('',(-1.,0.));
#791 = ( GEOMETRIC_REPRESENTATION_CONTEXT(2) 
PARAMETRIC_REPRESENTATION_CONTEXT() REPRESENTATION_CONTEXT('2D SPACE',''
  ) );
#792 = ORIENTED_EDGE('',*,*,#793,.F.);
#793 = EDGE_CURVE('',#794,#761,#796,.T.);
#794 = VERTEX_POINT('',#795);
#795 = CARTESIAN_POINT('',(24.120033480383,-35.9726441092,33.75));
#796 = SURFACE_CURVE('',#797,(#801,#808),.PCURVE_S1.);
#797 = LINE('',#798,#799);
#798 = CARTESIAN_POINT('',(23.145033480383,-35.9726441092,33.75));
#799 = VECTOR('',#800,1.);
#800 = DIRECTION('',(-1.,1.224646799147E-16,0.));
#801 = PCURVE('',#144,#802);
#802 = DEFINITIONAL_REPRESENTATION('',(#803),#807);
#803 = LINE('',#804,#805);
#804 = CARTESIAN_POINT('',(8.561470804803,-36.95887171034));
#805 = VECTOR('',#806,1.);
#806 = DIRECTION('',(1.,1.224646799147E-16));
#807 = ( GEOMETRIC_REPRESENTATION_CONTEXT(2) 
PARAMETRIC_REPRESENTATION_CONTEXT() REPRESENTATION_CONTEXT('2D SPACE',''
  ) );
#808 = PCURVE('',#809,#814);
#809 = PLANE('',#810);
#810 = AXIS2_PLACEMENT_3D('',#811,#812,#813);
#811 = CARTESIAN_POINT('',(24.120033480383,-35.9726441092,9.25));
#812 = DIRECTION('',(-1.224646799147E-16,-1.,0.));
#813 = DIRECTION('',(-1.,1.224646799147E-16,0.));
#814 = DEFINITIONAL_REPRESENTATION('',(#815),#819);
#815 = LINE('',#816,#817);
#816 = CARTESIAN_POINT('',(0.975,-24.5));
#817 = VECTOR('',#818,1.);
#818 = DIRECTION('',(1.,0.));
#819 = ( GEOMETRIC_REPRESENTATION_CONTEXT(2) 
PARAMETRIC_REPRESENTATION_CONTEXT() REPRESENTATION_CONTEXT('2D SPACE',''
  ) );
#820 = ORIENTED_EDGE('',*,*,#821,.T.);
#821 = EDGE_CURVE('',#794,#822,#824,.T.);
#822 = VERTEX_POINT('',#823);
#823 = CARTESIAN_POINT('',(28.601967093262,-35.41024372149,33.75));
#824 = SURFACE_CURVE('',#825,(#830,#841),.PCURVE_S1.);
#825 = CIRCLE('',#826,3.25);
#826 = AXIS2_PLACEMENT_3D('',#827,#828,#829);
#827 = CARTESIAN_POINT('',(26.070033480383,-33.3726441092,33.75));
#828 = DIRECTION('',(0.,0.,1.));
#829 = DIRECTION('',(-1.,1.224646799147E-16,0.));
#830 = PCURVE('',#144,#831);
#831 = DEFINITIONAL_REPRESENTATION('',(#832),#840);
#832 = ( BOUNDED_CURVE() B_SPLINE_CURVE(2,(#833,#834,#835,#836,#837,#838
,#839),.UNSPECIFIED.,.T.,.F.) B_SPLINE_CURVE_WITH_KNOTS((1,2,2,2,2,1),(
    -2.094395102393,0.,2.094395102393,4.188790204786,6.28318530718,
8.377580409573),.UNSPECIFIED.) CURVE() GEOMETRIC_REPRESENTATION_ITEM() 
RATIONAL_B_SPLINE_CURVE((1.,0.5,1.,0.5,1.,0.5,1.)) REPRESENTATION_ITEM(
  '') );
#833 = CARTESIAN_POINT('',(8.886470804803,-34.35887171034));
#834 = CARTESIAN_POINT('',(8.886470804803,-39.98803683494));
#835 = CARTESIAN_POINT('',(4.011470804803,-37.17345427264));
#836 = CARTESIAN_POINT('',(-0.863529195197,-34.35887171034));
#837 = CARTESIAN_POINT('',(4.011470804803,-31.54428914804));
#838 = CARTESIAN_POINT('',(8.886470804803,-28.72970658574));
#839 = CARTESIAN_POINT('',(8.886470804803,-34.35887171034));
#840 = ( GEOMETRIC_REPRESENTATION_CONTEXT(2) 
PARAMETRIC_REPRESENTATION_CONTEXT() REPRESENTATION_CONTEXT('2D SPACE',''
  ) );
#841 = PCURVE('',#842,#847);
#842 = CYLINDRICAL_SURFACE('',#843,3.25);
#843 = AXIS2_PLACEMENT_3D('',#844,#845,#846);
#844 = CARTESIAN_POINT('',(26.070033480383,-33.3726441092,9.25));
#845 = DIRECTION('',(-0.,-0.,-1.));
#846 = DIRECTION('',(-1.,1.224646799147E-16,0.));
#847 = DEFINITIONAL_REPRESENTATION('',(#848),#852);
#848 = LINE('',#849,#850);
#849 = CARTESIAN_POINT('',(-0.,-24.5));
#850 = VECTOR('',#851,1.);
#851 = DIRECTION('',(-1.,0.));
#852 = ( GEOMETRIC_REPRESENTATION_CONTEXT(2) 
PARAMETRIC_REPRESENTATION_CONTEXT() REPRESENTATION_CONTEXT('2D SPACE',''
  ) );
#853 = ORIENTED_EDGE('',*,*,#854,.T.);
#854 = EDGE_CURVE('',#822,#855,#857,.T.);
#855 = VERTEX_POINT('',#856);
#856 = CARTESIAN_POINT('',(29.320033480383,-33.3726441092,33.75));
#857 = SURFACE_CURVE('',#858,(#863,#874),.PCURVE_S1.);
#858 = CIRCLE('',#859,3.25);
#859 = AXIS2_PLACEMENT_3D('',#860,#861,#862);
#860 = CARTESIAN_POINT('',(26.070033480383,-33.3726441092,33.75));
#861 = DIRECTION('',(0.,0.,1.));
#862 = DIRECTION('',(1.,0.,-0.));
#863 = PCURVE('',#144,#864);
#864 = DEFINITIONAL_REPRESENTATION('',(#865),#873);
#865 = ( BOUNDED_CURVE() B_SPLINE_CURVE(2,(#866,#867,#868,#869,#870,#871
,#872),.UNSPECIFIED.,.T.,.F.) B_SPLINE_CURVE_WITH_KNOTS((1,2,2,2,2,1),(
    -2.094395102393,0.,2.094395102393,4.188790204786,6.28318530718,
8.377580409573),.UNSPECIFIED.) CURVE() GEOMETRIC_REPRESENTATION_ITEM() 
RATIONAL_B_SPLINE_CURVE((1.,0.5,1.,0.5,1.,0.5,1.)) REPRESENTATION_ITEM(
  '') );
#866 = CARTESIAN_POINT('',(2.386470804803,-34.35887171034));
#867 = CARTESIAN_POINT('',(2.386470804803,-28.72970658574));
#868 = CARTESIAN_POINT('',(7.261470804803,-31.54428914804));
#869 = CARTESIAN_POINT('',(12.136470804803,-34.35887171034));
#870 = CARTESIAN_POINT('',(7.261470804803,-37.17345427264));
#871 = CARTESIAN_POINT('',(2.386470804803,-39.98803683494));
#872 = CARTESIAN_POINT('',(2.386470804803,-34.35887171034));
#873 = ( GEOMETRIC_REPRESENTATION_CONTEXT(2) 
PARAMETRIC_REPRESENTATION_CONTEXT() REPRESENTATION_CONTEXT('2D SPACE',''
  ) );
#874 = PCURVE('',#875,#880);
#875 = CYLINDRICAL_SURFACE('',#876,3.25);
#876 = AXIS2_PLACEMENT_3D('',#877,#878,#879);
#877 = CARTESIAN_POINT('',(26.070033480383,-33.3726441092,9.25));
#878 = DIRECTION('',(-0.,-0.,-1.));
#879 = DIRECTION('',(-1.,1.224646799147E-16,0.));
#880 = DEFINITIONAL_REPRESENTATION('',(#881),#885);
#881 = LINE('',#882,#883);
#882 = CARTESIAN_POINT('',(-3.14159265359,-24.5));
#883 = VECTOR('',#884,1.);
#884 = DIRECTION('',(-1.,-0.));
#885 = ( GEOMETRIC_REPRESENTATION_CONTEXT(2) 
PARAMETRIC_REPRESENTATION_CONTEXT() REPRESENTATION_CONTEXT('2D SPACE',''
  ) );
#886 = ORIENTED_EDGE('',*,*,#887,.F.);
#887 = EDGE_CURVE('',#888,#855,#890,.T.);
#888 = VERTEX_POINT('',#889);
#889 = CARTESIAN_POINT('',(24.120033480383,-30.7726441092,33.75));
#890 = SURFACE_CURVE('',#891,(#896,#903),.PCURVE_S1.);
#891 = CIRCLE('',#892,3.25);
#892 = AXIS2_PLACEMENT_3D('',#893,#894,#895);
#893 = CARTESIAN_POINT('',(26.070033480383,-33.3726441092,33.75));
#894 = DIRECTION('',(0.,0.,-1.));
#895 = DIRECTION('',(-0.6,0.8,0.));
#896 = PCURVE('',#144,#897);
#897 = DEFINITIONAL_REPRESENTATION('',(#898),#902);
#898 = CIRCLE('',#899,3.25);
#899 = AXIS2_PLACEMENT_2D('',#900,#901);
#900 = CARTESIAN_POINT('',(5.636470804803,-34.35887171034));
#901 = DIRECTION('',(0.6,0.8));
#902 = ( GEOMETRIC_REPRESENTATION_CONTEXT(2) 
PARAMETRIC_REPRESENTATION_CONTEXT() REPRESENTATION_CONTEXT('2D SPACE',''
  ) );
#903 = PCURVE('',#904,#909);
#904 = CYLINDRICAL_SURFACE('',#905,3.25);
#905 = AXIS2_PLACEMENT_3D('',#906,#907,#908);
#906 = CARTESIAN_POINT('',(26.070033480383,-33.3726441092,9.25));
#907 = DIRECTION('',(-0.,-0.,-1.));
#908 = DIRECTION('',(-1.,1.224646799147E-16,0.));
#909 = DEFINITIONAL_REPRESENTATION('',(#910),#914);
#910 = LINE('',#911,#912);
#911 = CARTESIAN_POINT('',(-5.355890089178,-24.5));
#912 = VECTOR('',#913,1.);
#913 = DIRECTION('',(1.,-0.));
#914 = ( GEOMETRIC_REPRESENTATION_CONTEXT(2) 
PARAMETRIC_REPRESENTATION_CONTEXT() REPRESENTATION_CONTEXT('2D SPACE',''
  ) );
#915 = ORIENTED_EDGE('',*,*,#916,.T.);
#916 = EDGE_CURVE('',#888,#917,#919,.T.);
#917 = VERTEX_POINT('',#918);
#918 = CARTESIAN_POINT('',(21.670033480383,-30.77264410774,33.75));
#919 = SURFACE_CURVE('',#920,(#924,#931),.PCURVE_S1.);
#920 = LINE('',#921,#922);
#921 = CARTESIAN_POINT('',(23.145033480383,-30.7726441092,33.75));
#922 = VECTOR('',#923,1.);
#923 = DIRECTION('',(-1.,1.224646799147E-16,0.));
#924 = PCURVE('',#144,#925);
#925 = DEFINITIONAL_REPRESENTATION('',(#926),#930);
#926 = LINE('',#927,#928);
#927 = CARTESIAN_POINT('',(8.561470804803,-31.75887171034));
#928 = VECTOR('',#929,1.);
#929 = DIRECTION('',(1.,1.224646799147E-16));
#930 = ( GEOMETRIC_REPRESENTATION_CONTEXT(2) 
PARAMETRIC_REPRESENTATION_CONTEXT() REPRESENTATION_CONTEXT('2D SPACE',''
  ) );
#931 = PCURVE('',#932,#937);
#932 = PLANE('',#933);
#933 = AXIS2_PLACEMENT_3D('',#934,#935,#936);
#934 = CARTESIAN_POINT('',(24.120033480383,-30.7726441092,9.25));
#935 = DIRECTION('',(-1.224646799147E-16,-1.,0.));
#936 = DIRECTION('',(-1.,1.224646799147E-16,0.));
#937 = DEFINITIONAL_REPRESENTATION('',(#938),#942);
#938 = LINE('',#939,#940);
#939 = CARTESIAN_POINT('',(0.975,-24.5));
#940 = VECTOR('',#941,1.);
#941 = DIRECTION('',(1.,0.));
#942 = ( GEOMETRIC_REPRESENTATION_CONTEXT(2) 
PARAMETRIC_REPRESENTATION_CONTEXT() REPRESENTATION_CONTEXT('2D SPACE',''
  ) );
#943 = ORIENTED_EDGE('',*,*,#944,.F.);
#944 = EDGE_CURVE('',#945,#917,#947,.T.);
#945 = VERTEX_POINT('',#946);
#946 = CARTESIAN_POINT('',(21.220033480383,-30.32264410627,33.75));
#947 = SURFACE_CURVE('',#948,(#953,#964),.PCURVE_S1.);
#948 = CIRCLE('',#949,0.45);
#949 = AXIS2_PLACEMENT_3D('',#950,#951,#952);
#950 = CARTESIAN_POINT('',(21.670033480383,-30.32264410627,33.75));
#951 = DIRECTION('',(0.,0.,1.));
#952 = DIRECTION('',(-1.,1.224646799147E-16,0.));
#953 = PCURVE('',#144,#954);
#954 = DEFINITIONAL_REPRESENTATION('',(#955),#963);
#955 = ( BOUNDED_CURVE() B_SPLINE_CURVE(2,(#956,#957,#958,#959,#960,#961
,#962),.UNSPECIFIED.,.T.,.F.) B_SPLINE_CURVE_WITH_KNOTS((1,2,2,2,2,1),(
    -2.094395102393,0.,2.094395102393,4.188790204786,6.28318530718,
8.377580409573),.UNSPECIFIED.) CURVE() GEOMETRIC_REPRESENTATION_ITEM() 
RATIONAL_B_SPLINE_CURVE((1.,0.5,1.,0.5,1.,0.5,1.)) REPRESENTATION_ITEM(
  '') );
#956 = CARTESIAN_POINT('',(10.486470804803,-31.30887170741));
#957 = CARTESIAN_POINT('',(10.486470804803,-32.08829457081));
#958 = CARTESIAN_POINT('',(9.811470804803,-31.69858313911));
#959 = CARTESIAN_POINT('',(9.136470804803,-31.30887170741));
#960 = CARTESIAN_POINT('',(9.811470804803,-30.9191602757));
#961 = CARTESIAN_POINT('',(10.486470804803,-30.529448844));
#962 = CARTESIAN_POINT('',(10.486470804803,-31.30887170741));
#963 = ( GEOMETRIC_REPRESENTATION_CONTEXT(2) 
PARAMETRIC_REPRESENTATION_CONTEXT() REPRESENTATION_CONTEXT('2D SPACE',''
  ) );
#964 = PCURVE('',#965,#970);
#965 = CYLINDRICAL_SURFACE('',#966,0.45);
#966 = AXIS2_PLACEMENT_3D('',#967,#968,#969);
#967 = CARTESIAN_POINT('',(21.670033480383,-30.32264410627,9.25));
#968 = DIRECTION('',(-0.,-0.,-1.));
#969 = DIRECTION('',(-1.,1.224646799147E-16,0.));
#970 = DEFINITIONAL_REPRESENTATION('',(#971),#975);
#971 = LINE('',#972,#973);
#972 = CARTESIAN_POINT('',(-0.,-24.5));
#973 = VECTOR('',#974,1.);
#974 = DIRECTION('',(-1.,0.));
#975 = ( GEOMETRIC_REPRESENTATION_CONTEXT(2) 
PARAMETRIC_REPRESENTATION_CONTEXT() REPRESENTATION_CONTEXT('2D SPACE',''
  ) );
#976 = ORIENTED_EDGE('',*,*,#977,.F.);
#977 = EDGE_CURVE('',#978,#945,#980,.T.);
#978 = VERTEX_POINT('',#979);
#979 = CARTESIAN_POINT('',(21.220033480383,-29.1726441092,33.75));
#980 = SURFACE_CURVE('',#981,(#985,#992),.PCURVE_S1.);
#981 = LINE('',#982,#983);
#982 = CARTESIAN_POINT('',(21.220033480383,-29.1726441092,33.75));
#983 = VECTOR('',#984,1.);
#984 = DIRECTION('',(-1.224646799147E-16,-1.,0.));
#985 = PCURVE('',#144,#986);
#986 = DEFINITIONAL_REPRESENTATION('',(#987),#991);
#987 = LINE('',#988,#989);
#988 = CARTESIAN_POINT('',(10.486470804803,-30.15887171034));
#989 = VECTOR('',#990,1.);
#990 = DIRECTION('',(1.224646799147E-16,-1.));
#991 = ( GEOMETRIC_REPRESENTATION_CONTEXT(2) 
PARAMETRIC_REPRESENTATION_CONTEXT() REPRESENTATION_CONTEXT('2D SPACE',''
  ) );
#992 = PCURVE('',#993,#998);
#993 = PLANE('',#994);
#994 = AXIS2_PLACEMENT_3D('',#995,#996,#997);
#995 = CARTESIAN_POINT('',(21.220033480383,-29.1726441092,9.25));
#996 = DIRECTION('',(1.,-1.224646799147E-16,0.));
#997 = DIRECTION('',(-1.224646799147E-16,-1.,0.));
#998 = DEFINITIONAL_REPRESENTATION('',(#999),#1003);
#999 = LINE('',#1000,#1001);
#1000 = CARTESIAN_POINT('',(0.,-24.5));
#1001 = VECTOR('',#1002,1.);
#1002 = DIRECTION('',(1.,0.));
#1003 = ( GEOMETRIC_REPRESENTATION_CONTEXT(2) 
PARAMETRIC_REPRESENTATION_CONTEXT() REPRESENTATION_CONTEXT('2D SPACE',''
  ) );
#1004 = ORIENTED_EDGE('',*,*,#1005,.F.);
#1005 = EDGE_CURVE('',#1006,#978,#1008,.T.);
#1006 = VERTEX_POINT('',#1007);
#1007 = CARTESIAN_POINT('',(23.644646913257,-29.1726441092,33.75));
#1008 = SURFACE_CURVE('',#1009,(#1013,#1020),.PCURVE_S1.);
#1009 = LINE('',#1010,#1011);
#1010 = CARTESIAN_POINT('',(23.645033480383,-29.1726441092,33.75));
#1011 = VECTOR('',#1012,1.);
#1012 = DIRECTION('',(-1.,1.224646799147E-16,0.));
#1013 = PCURVE('',#144,#1014);
#1014 = DEFINITIONAL_REPRESENTATION('',(#1015),#1019);
#1015 = LINE('',#1016,#1017);
#1016 = CARTESIAN_POINT('',(8.061470804803,-30.15887171034));
#1017 = VECTOR('',#1018,1.);
#1018 = DIRECTION('',(1.,1.224646799147E-16));
#1019 = ( GEOMETRIC_REPRESENTATION_CONTEXT(2) 
PARAMETRIC_REPRESENTATION_CONTEXT() REPRESENTATION_CONTEXT('2D SPACE',''
  ) );
#1020 = PCURVE('',#1021,#1026);
#1021 = PLANE('',#1022);
#1022 = AXIS2_PLACEMENT_3D('',#1023,#1024,#1025);
#1023 = CARTESIAN_POINT('',(23.644646913257,-29.1726441092,9.25));
#1024 = DIRECTION('',(-1.224646799147E-16,-1.,0.));
#1025 = DIRECTION('',(-1.,1.224646799147E-16,0.));
#1026 = DEFINITIONAL_REPRESENTATION('',(#1027),#1031);
#1027 = LINE('',#1028,#1029);
#1028 = CARTESIAN_POINT('',(-3.865671267995E-04,-24.5));
#1029 = VECTOR('',#1030,1.);
#1030 = DIRECTION('',(1.,0.));
#1031 = ( GEOMETRIC_REPRESENTATION_CONTEXT(2) 
PARAMETRIC_REPRESENTATION_CONTEXT() REPRESENTATION_CONTEXT('2D SPACE',''
  ) );
#1032 = ORIENTED_EDGE('',*,*,#1033,.F.);
#1033 = EDGE_CURVE('',#1034,#1006,#1036,.T.);
#1034 = VERTEX_POINT('',#1035);
#1035 = CARTESIAN_POINT('',(29.211101342906,-29.67721548954,33.75));
#1036 = SURFACE_CURVE('',#1037,(#1042,#1053),.PCURVE_S1.);
#1037 = CIRCLE('',#1038,4.85);
#1038 = AXIS2_PLACEMENT_3D('',#1039,#1040,#1041);
#1039 = CARTESIAN_POINT('',(26.070033480383,-33.3726441092,33.75));
#1040 = DIRECTION('',(0.,0.,1.));
#1041 = DIRECTION('',(-1.,1.224646799147E-16,0.));
#1042 = PCURVE('',#144,#1043);
#1043 = DEFINITIONAL_REPRESENTATION('',(#1044),#1052);
#1044 = ( BOUNDED_CURVE() B_SPLINE_CURVE(2,(#1045,#1046,#1047,#1048,
#1049,#1050,#1051),.UNSPECIFIED.,.T.,.F.) B_SPLINE_CURVE_WITH_KNOTS((1,2
    ,2,2,2,1),(-2.094395102393,0.,2.094395102393,4.188790204786,
6.28318530718,8.377580409573),.UNSPECIFIED.) CURVE() 
GEOMETRIC_REPRESENTATION_ITEM() RATIONAL_B_SPLINE_CURVE((1.,0.5,1.,0.5,
1.,0.5,1.)) REPRESENTATION_ITEM('') );
#1045 = CARTESIAN_POINT('',(10.486470804803,-34.35887171034));
#1046 = CARTESIAN_POINT('',(10.486470804803,-42.75931812705));
#1047 = CARTESIAN_POINT('',(3.211470804803,-38.55909491869));
#1048 = CARTESIAN_POINT('',(-4.063529195197,-34.35887171034));
#1049 = CARTESIAN_POINT('',(3.211470804803,-30.15864850198));
#1050 = CARTESIAN_POINT('',(10.486470804803,-25.95842529363));
#1051 = CARTESIAN_POINT('',(10.486470804803,-34.35887171034));
#1052 = ( GEOMETRIC_REPRESENTATION_CONTEXT(2) 
PARAMETRIC_REPRESENTATION_CONTEXT() REPRESENTATION_CONTEXT('2D SPACE',''
  ) );
#1053 = PCURVE('',#1054,#1059);
#1054 = CYLINDRICAL_SURFACE('',#1055,4.85);
#1055 = AXIS2_PLACEMENT_3D('',#1056,#1057,#1058);
#1056 = CARTESIAN_POINT('',(26.070033480383,-33.3726441092,9.25));
#1057 = DIRECTION('',(-0.,-0.,-1.));
#1058 = DIRECTION('',(-1.,1.224646799147E-16,0.));
#1059 = DEFINITIONAL_REPRESENTATION('',(#1060),#1064);
#1060 = LINE('',#1061,#1062);
#1061 = CARTESIAN_POINT('',(-0.,-24.5));
#1062 = VECTOR('',#1063,1.);
#1063 = DIRECTION('',(-1.,0.));
#1064 = ( GEOMETRIC_REPRESENTATION_CONTEXT(2) 
PARAMETRIC_REPRESENTATION_CONTEXT() REPRESENTATION_CONTEXT('2D SPACE',''
  ) );
#1065 = ORIENTED_EDGE('',*,*,#1066,.T.);
#1066 = EDGE_CURVE('',#1034,#1067,#1069,.T.);
#1067 = VERTEX_POINT('',#1068);
#1068 = CARTESIAN_POINT('',(29.406135437038,-27.84160048595,33.75));
#1069 = SURFACE_CURVE('',#1070,(#1074,#1081),.PCURVE_S1.);
#1070 = LINE('',#1071,#1072);
#1071 = CARTESIAN_POINT('',(27.710634652167,-43.79925493179,33.75));
#1072 = VECTOR('',#1073,1.);
#1073 = DIRECTION('',(0.105655299056,0.994402814649,0.));
#1074 = PCURVE('',#144,#1075);
#1075 = DEFINITIONAL_REPRESENTATION('',(#1076),#1080);
#1076 = LINE('',#1077,#1078);
#1077 = CARTESIAN_POINT('',(3.995869633019,-44.78548253292));
#1078 = VECTOR('',#1079,1.);
#1079 = DIRECTION('',(-0.105655299056,0.994402814649));
#1080 = ( GEOMETRIC_REPRESENTATION_CONTEXT(2) 
PARAMETRIC_REPRESENTATION_CONTEXT() REPRESENTATION_CONTEXT('2D SPACE',''
  ) );
#1081 = PCURVE('',#1082,#1087);
#1082 = PLANE('',#1083);
#1083 = AXIS2_PLACEMENT_3D('',#1084,#1085,#1086);
#1084 = CARTESIAN_POINT('',(27.710634652167,-43.79925493179,33.75));
#1085 = DIRECTION('',(0.994402814649,-0.105655299056,0.));
#1086 = DIRECTION('',(0.105655299056,0.994402814649,0.));
#1087 = DEFINITIONAL_REPRESENTATION('',(#1088),#1092);
#1088 = LINE('',#1089,#1090);
#1089 = CARTESIAN_POINT('',(0.,0.));
#1090 = VECTOR('',#1091,1.);
#1091 = DIRECTION('',(1.,0.));
#1092 = ( GEOMETRIC_REPRESENTATION_CONTEXT(2) 
PARAMETRIC_REPRESENTATION_CONTEXT() REPRESENTATION_CONTEXT('2D SPACE',''
  ) );
#1093 = ORIENTED_EDGE('',*,*,#1094,.T.);
#1094 = EDGE_CURVE('',#1067,#1095,#1097,.T.);
#1095 = VERTEX_POINT('',#1096);
#1096 = CARTESIAN_POINT('',(30.500579911522,-9.932509085305,33.75));
#1097 = SURFACE_CURVE('',#1098,(#1102,#1109),.PCURVE_S1.);
#1098 = LINE('',#1099,#1100);
#1099 = CARTESIAN_POINT('',(29.406135437038,-27.84160048595,33.75));
#1100 = VECTOR('',#1101,1.);
#1101 = DIRECTION('',(6.099731794136E-02,0.99813792995,0.));
#1102 = PCURVE('',#144,#1103);
#1103 = DEFINITIONAL_REPRESENTATION('',(#1104),#1108);
#1104 = LINE('',#1105,#1106);
#1105 = CARTESIAN_POINT('',(2.300368848149,-28.82782808709));
#1106 = VECTOR('',#1107,1.);
#1107 = DIRECTION('',(-6.099731794136E-02,0.99813792995));
#1108 = ( GEOMETRIC_REPRESENTATION_CONTEXT(2) 
PARAMETRIC_REPRESENTATION_CONTEXT() REPRESENTATION_CONTEXT('2D SPACE',''
  ) );
#1109 = PCURVE('',#1110,#1115);
#1110 = PLANE('',#1111);
#1111 = AXIS2_PLACEMENT_3D('',#1112,#1113,#1114);
#1112 = CARTESIAN_POINT('',(29.406135437038,-27.84160048595,33.75));
#1113 = DIRECTION('',(0.99813792995,-6.099731794136E-02,0.));
#1114 = DIRECTION('',(6.099731794136E-02,0.99813792995,0.));
#1115 = DEFINITIONAL_REPRESENTATION('',(#1116),#1120);
#1116 = LINE('',#1117,#1118);
#1117 = CARTESIAN_POINT('',(0.,0.));
#1118 = VECTOR('',#1119,1.);
#1119 = DIRECTION('',(1.,0.));
#1120 = ( GEOMETRIC_REPRESENTATION_CONTEXT(2) 
PARAMETRIC_REPRESENTATION_CONTEXT() REPRESENTATION_CONTEXT('2D SPACE',''
  ) );
#1121 = ORIENTED_EDGE('',*,*,#1122,.T.);
#1122 = EDGE_CURVE('',#1095,#1123,#1125,.T.);
#1123 = VERTEX_POINT('',#1124);
#1124 = CARTESIAN_POINT('',(30.699762528195,9.985752581988,33.75));
#1125 = SURFACE_CURVE('',#1126,(#1130,#1137),.PCURVE_S1.);
#1126 = LINE('',#1127,#1128);
#1127 = CARTESIAN_POINT('',(30.500579911522,-9.932509085305,33.75));
#1128 = VECTOR('',#1129,1.);
#1129 = DIRECTION('',(9.999500037497E-03,0.99995000375,0.));
#1130 = PCURVE('',#144,#1131);
#1131 = DEFINITIONAL_REPRESENTATION('',(#1132),#1136);
#1132 = LINE('',#1133,#1134);
#1133 = CARTESIAN_POINT('',(1.205924373665,-10.91873668644));
#1134 = VECTOR('',#1135,1.);
#1135 = DIRECTION('',(-9.999500037497E-03,0.99995000375));
#1136 = ( GEOMETRIC_REPRESENTATION_CONTEXT(2) 
PARAMETRIC_REPRESENTATION_CONTEXT() REPRESENTATION_CONTEXT('2D SPACE',''
  ) );
#1137 = PCURVE('',#1138,#1143);
#1138 = PLANE('',#1139);
#1139 = AXIS2_PLACEMENT_3D('',#1140,#1141,#1142);
#1140 = CARTESIAN_POINT('',(30.500579911522,-9.932509085305,33.75));
#1141 = DIRECTION('',(0.99995000375,-9.999500037497E-03,0.));
#1142 = DIRECTION('',(9.999500037497E-03,0.99995000375,0.));
#1143 = DEFINITIONAL_REPRESENTATION('',(#1144),#1148);
#1144 = LINE('',#1145,#1146);
#1145 = CARTESIAN_POINT('',(0.,0.));
#1146 = VECTOR('',#1147,1.);
#1147 = DIRECTION('',(1.,0.));
#1148 = ( GEOMETRIC_REPRESENTATION_CONTEXT(2) 
PARAMETRIC_REPRESENTATION_CONTEXT() REPRESENTATION_CONTEXT('2D SPACE',''
  ) );
#1149 = ORIENTED_EDGE('',*,*,#1150,.T.);
#1150 = EDGE_CURVE('',#1123,#1151,#1153,.T.);
#1151 = VERTEX_POINT('',#1152);
#1152 = CARTESIAN_POINT('',(30.266828280013,27.303122509268,33.75));
#1153 = SURFACE_CURVE('',#1154,(#1158,#1165),.PCURVE_S1.);
#1154 = LINE('',#1155,#1156);
#1155 = CARTESIAN_POINT('',(30.699762528195,9.985752581988,33.75));
#1156 = VECTOR('',#1157,1.);
#1157 = DIRECTION('',(-2.49921911602E-02,0.999687646408,0.));
#1158 = PCURVE('',#144,#1159);
#1159 = DEFINITIONAL_REPRESENTATION('',(#1160),#1164);
#1160 = LINE('',#1161,#1162);
#1161 = CARTESIAN_POINT('',(1.006741756992,8.999524980853));
#1162 = VECTOR('',#1163,1.);
#1163 = DIRECTION('',(2.49921911602E-02,0.999687646408));
#1164 = ( GEOMETRIC_REPRESENTATION_CONTEXT(2) 
PARAMETRIC_REPRESENTATION_CONTEXT() REPRESENTATION_CONTEXT('2D SPACE',''
  ) );
#1165 = PCURVE('',#1166,#1171);
#1166 = PLANE('',#1167);
#1167 = AXIS2_PLACEMENT_3D('',#1168,#1169,#1170);
#1168 = CARTESIAN_POINT('',(30.699762528195,9.985752581988,33.75));
#1169 = DIRECTION('',(0.999687646408,2.49921911602E-02,0.));
#1170 = DIRECTION('',(-2.49921911602E-02,0.999687646408,0.));
#1171 = DEFINITIONAL_REPRESENTATION('',(#1172),#1176);
#1172 = LINE('',#1173,#1174);
#1173 = CARTESIAN_POINT('',(0.,0.));
#1174 = VECTOR('',#1175,1.);
#1175 = DIRECTION('',(1.,0.));
#1176 = ( GEOMETRIC_REPRESENTATION_CONTEXT(2) 
PARAMETRIC_REPRESENTATION_CONTEXT() REPRESENTATION_CONTEXT('2D SPACE',''
  ) );
#1177 = ORIENTED_EDGE('',*,*,#1178,.F.);
#1178 = EDGE_CURVE('',#1179,#1151,#1181,.T.);
#1179 = VERTEX_POINT('',#1180);
#1180 = CARTESIAN_POINT('',(26.102885527528,27.630806507776,33.75));
#1181 = SURFACE_CURVE('',#1182,(#1187,#1198),.PCURVE_S1.);
#1182 = CIRCLE('',#1183,4.85);
#1183 = AXIS2_PLACEMENT_3D('',#1184,#1185,#1186);
#1184 = CARTESIAN_POINT('',(28.528272094654,31.830806507777,33.75));
#1185 = DIRECTION('',(0.,0.,1.));
#1186 = DIRECTION('',(-1.,1.224646799147E-16,0.));
#1187 = PCURVE('',#144,#1188);
#1188 = DEFINITIONAL_REPRESENTATION('',(#1189),#1197);
#1189 = ( BOUNDED_CURVE() B_SPLINE_CURVE(2,(#1190,#1191,#1192,#1193,
#1194,#1195,#1196),.UNSPECIFIED.,.T.,.F.) B_SPLINE_CURVE_WITH_KNOTS((1,2
    ,2,2,2,1),(-2.094395102393,0.,2.094395102393,4.188790204786,
6.28318530718,8.377580409573),.UNSPECIFIED.) CURVE() 
GEOMETRIC_REPRESENTATION_ITEM() RATIONAL_B_SPLINE_CURVE((1.,0.5,1.,0.5,
1.,0.5,1.)) REPRESENTATION_ITEM('') );
#1190 = CARTESIAN_POINT('',(8.028232190532,30.844578906641));
#1191 = CARTESIAN_POINT('',(8.028232190532,22.444132489932));
#1192 = CARTESIAN_POINT('',(0.753232190532,26.644355698287));
#1193 = CARTESIAN_POINT('',(-6.521767809468,30.844578906641));
#1194 = CARTESIAN_POINT('',(0.753232190532,35.044802114996));
#1195 = CARTESIAN_POINT('',(8.028232190532,39.245025323351));
#1196 = CARTESIAN_POINT('',(8.028232190532,30.844578906641));
#1197 = ( GEOMETRIC_REPRESENTATION_CONTEXT(2) 
PARAMETRIC_REPRESENTATION_CONTEXT() REPRESENTATION_CONTEXT('2D SPACE',''
  ) );
#1198 = PCURVE('',#1199,#1204);
#1199 = CYLINDRICAL_SURFACE('',#1200,4.85);
#1200 = AXIS2_PLACEMENT_3D('',#1201,#1202,#1203);
#1201 = CARTESIAN_POINT('',(28.528272094654,31.830806507777,9.25));
#1202 = DIRECTION('',(-0.,-0.,-1.));
#1203 = DIRECTION('',(-1.,1.224646799147E-16,0.));
#1204 = DEFINITIONAL_REPRESENTATION('',(#1205),#1209);
#1205 = LINE('',#1206,#1207);
#1206 = CARTESIAN_POINT('',(-0.,-24.5));
#1207 = VECTOR('',#1208,1.);
#1208 = DIRECTION('',(-1.,0.));
#1209 = ( GEOMETRIC_REPRESENTATION_CONTEXT(2) 
PARAMETRIC_REPRESENTATION_CONTEXT() REPRESENTATION_CONTEXT('2D SPACE',''
  ) );
#1210 = ORIENTED_EDGE('',*,*,#1211,.T.);
#1211 = EDGE_CURVE('',#1179,#1212,#1214,.T.);
#1212 = VERTEX_POINT('',#1213);
#1213 = CARTESIAN_POINT('',(23.678272094654,27.630806507777,33.75));
#1214 = SURFACE_CURVE('',#1215,(#1219,#1226),.PCURVE_S1.);
#1215 = LINE('',#1216,#1217);
#1216 = CARTESIAN_POINT('',(26.103272094654,27.630806507777,33.75));
#1217 = VECTOR('',#1218,1.);
#1218 = DIRECTION('',(-1.,1.224646799147E-16,0.));
#1219 = PCURVE('',#144,#1220);
#1220 = DEFINITIONAL_REPRESENTATION('',(#1221),#1225);
#1221 = LINE('',#1222,#1223);
#1222 = CARTESIAN_POINT('',(5.603232190532,26.644578906641));
#1223 = VECTOR('',#1224,1.);
#1224 = DIRECTION('',(1.,1.224646799147E-16));
#1225 = ( GEOMETRIC_REPRESENTATION_CONTEXT(2) 
PARAMETRIC_REPRESENTATION_CONTEXT() REPRESENTATION_CONTEXT('2D SPACE',''
  ) );
#1226 = PCURVE('',#1227,#1232);
#1227 = PLANE('',#1228);
#1228 = AXIS2_PLACEMENT_3D('',#1229,#1230,#1231);
#1229 = CARTESIAN_POINT('',(26.102885527528,27.630806507777,9.25));
#1230 = DIRECTION('',(-1.224646799147E-16,-1.,0.));
#1231 = DIRECTION('',(-1.,1.224646799147E-16,0.));
#1232 = DEFINITIONAL_REPRESENTATION('',(#1233),#1237);
#1233 = LINE('',#1234,#1235);
#1234 = CARTESIAN_POINT('',(-3.865671268031E-04,-24.5));
#1235 = VECTOR('',#1236,1.);
#1236 = DIRECTION('',(1.,0.));
#1237 = ( GEOMETRIC_REPRESENTATION_CONTEXT(2) 
PARAMETRIC_REPRESENTATION_CONTEXT() REPRESENTATION_CONTEXT('2D SPACE',''
  ) );
#1238 = ORIENTED_EDGE('',*,*,#1239,.F.);
#1239 = EDGE_CURVE('',#1240,#1212,#1242,.T.);
#1240 = VERTEX_POINT('',#1241);
#1241 = CARTESIAN_POINT('',(23.678272094654,28.780806519455,33.75));
#1242 = SURFACE_CURVE('',#1243,(#1247,#1254),.PCURVE_S1.);
#1243 = LINE('',#1244,#1245);
#1244 = CARTESIAN_POINT('',(23.678272094654,36.030806507777,33.75));
#1245 = VECTOR('',#1246,1.);
#1246 = DIRECTION('',(-1.224646799147E-16,-1.,0.));
#1247 = PCURVE('',#144,#1248);
#1248 = DEFINITIONAL_REPRESENTATION('',(#1249),#1253);
#1249 = LINE('',#1250,#1251);
#1250 = CARTESIAN_POINT('',(8.028232190532,35.044578906641));
#1251 = VECTOR('',#1252,1.);
#1252 = DIRECTION('',(1.224646799147E-16,-1.));
#1253 = ( GEOMETRIC_REPRESENTATION_CONTEXT(2) 
PARAMETRIC_REPRESENTATION_CONTEXT() REPRESENTATION_CONTEXT('2D SPACE',''
  ) );
#1254 = PCURVE('',#1255,#1260);
#1255 = PLANE('',#1256);
#1256 = AXIS2_PLACEMENT_3D('',#1257,#1258,#1259);
#1257 = CARTESIAN_POINT('',(23.678272094654,28.780806519455,9.25));
#1258 = DIRECTION('',(1.,-1.224646799147E-16,0.));
#1259 = DIRECTION('',(-1.224646799147E-16,-1.,0.));
#1260 = DEFINITIONAL_REPRESENTATION('',(#1261),#1265);
#1261 = LINE('',#1262,#1263);
#1262 = CARTESIAN_POINT('',(-7.249999988321,-24.5));
#1263 = VECTOR('',#1264,1.);
#1264 = DIRECTION('',(1.,0.));
#1265 = ( GEOMETRIC_REPRESENTATION_CONTEXT(2) 
PARAMETRIC_REPRESENTATION_CONTEXT() REPRESENTATION_CONTEXT('2D SPACE',''
  ) );
#1266 = ORIENTED_EDGE('',*,*,#1267,.F.);
#1267 = EDGE_CURVE('',#1268,#1240,#1270,.T.);
#1268 = VERTEX_POINT('',#1269);
#1269 = CARTESIAN_POINT('',(24.128272094654,29.230806513616,33.75));
#1270 = SURFACE_CURVE('',#1271,(#1276,#1287),.PCURVE_S1.);
#1271 = CIRCLE('',#1272,0.45);
#1272 = AXIS2_PLACEMENT_3D('',#1273,#1274,#1275);
#1273 = CARTESIAN_POINT('',(24.128272094654,28.780806519455,33.75));
#1274 = DIRECTION('',(0.,0.,1.));
#1275 = DIRECTION('',(-1.,1.224646799147E-16,0.));
#1276 = PCURVE('',#144,#1277);
#1277 = DEFINITIONAL_REPRESENTATION('',(#1278),#1286);
#1278 = ( BOUNDED_CURVE() B_SPLINE_CURVE(2,(#1279,#1280,#1281,#1282,
#1283,#1284,#1285),.UNSPECIFIED.,.T.,.F.) B_SPLINE_CURVE_WITH_KNOTS((1,2
    ,2,2,2,1),(-2.094395102393,0.,2.094395102393,4.188790204786,
6.28318530718,8.377580409573),.UNSPECIFIED.) CURVE() 
GEOMETRIC_REPRESENTATION_ITEM() RATIONAL_B_SPLINE_CURVE((1.,0.5,1.,0.5,
1.,0.5,1.)) REPRESENTATION_ITEM('') );
#1279 = CARTESIAN_POINT('',(8.028232190532,27.79457891832));
#1280 = CARTESIAN_POINT('',(8.028232190532,27.015156054914));
#1281 = CARTESIAN_POINT('',(7.353232190532,27.404867486617));
#1282 = CARTESIAN_POINT('',(6.678232190532,27.79457891832));
#1283 = CARTESIAN_POINT('',(7.353232190532,28.184290350023));
#1284 = CARTESIAN_POINT('',(8.028232190532,28.574001781726));
#1285 = CARTESIAN_POINT('',(8.028232190532,27.79457891832));
#1286 = ( GEOMETRIC_REPRESENTATION_CONTEXT(2) 
PARAMETRIC_REPRESENTATION_CONTEXT() REPRESENTATION_CONTEXT('2D SPACE',''
  ) );
#1287 = PCURVE('',#1288,#1293);
#1288 = CYLINDRICAL_SURFACE('',#1289,0.45);
#1289 = AXIS2_PLACEMENT_3D('',#1290,#1291,#1292);
#1290 = CARTESIAN_POINT('',(24.128272094654,28.780806519455,9.25));
#1291 = DIRECTION('',(-0.,-0.,-1.));
#1292 = DIRECTION('',(-1.,1.224646799147E-16,0.));
#1293 = DEFINITIONAL_REPRESENTATION('',(#1294),#1298);
#1294 = LINE('',#1295,#1296);
#1295 = CARTESIAN_POINT('',(-0.,-24.5));
#1296 = VECTOR('',#1297,1.);
#1297 = DIRECTION('',(-1.,0.));
#1298 = ( GEOMETRIC_REPRESENTATION_CONTEXT(2) 
PARAMETRIC_REPRESENTATION_CONTEXT() REPRESENTATION_CONTEXT('2D SPACE',''
  ) );
#1299 = ORIENTED_EDGE('',*,*,#1300,.F.);
#1300 = EDGE_CURVE('',#1301,#1268,#1303,.T.);
#1301 = VERTEX_POINT('',#1302);
#1302 = CARTESIAN_POINT('',(26.578272094654,29.230806507776,33.75));
#1303 = SURFACE_CURVE('',#1304,(#1308,#1315),.PCURVE_S1.);
#1304 = LINE('',#1305,#1306);
#1305 = CARTESIAN_POINT('',(25.603272094654,29.230806507777,33.75));
#1306 = VECTOR('',#1307,1.);
#1307 = DIRECTION('',(-1.,1.224646799147E-16,0.));
#1308 = PCURVE('',#144,#1309);
#1309 = DEFINITIONAL_REPRESENTATION('',(#1310),#1314);
#1310 = LINE('',#1311,#1312);
#1311 = CARTESIAN_POINT('',(6.103232190532,28.244578906641));
#1312 = VECTOR('',#1313,1.);
#1313 = DIRECTION('',(1.,1.224646799147E-16));
#1314 = ( GEOMETRIC_REPRESENTATION_CONTEXT(2) 
PARAMETRIC_REPRESENTATION_CONTEXT() REPRESENTATION_CONTEXT('2D SPACE',''
  ) );
#1315 = PCURVE('',#1316,#1321);
#1316 = PLANE('',#1317);
#1317 = AXIS2_PLACEMENT_3D('',#1318,#1319,#1320);
#1318 = CARTESIAN_POINT('',(26.578272094654,29.230806507777,9.25));
#1319 = DIRECTION('',(-1.224646799147E-16,-1.,0.));
#1320 = DIRECTION('',(-1.,1.224646799147E-16,0.));
#1321 = DEFINITIONAL_REPRESENTATION('',(#1322),#1326);
#1322 = LINE('',#1323,#1324);
#1323 = CARTESIAN_POINT('',(0.975,-24.5));
#1324 = VECTOR('',#1325,1.);
#1325 = DIRECTION('',(1.,0.));
#1326 = ( GEOMETRIC_REPRESENTATION_CONTEXT(2) 
PARAMETRIC_REPRESENTATION_CONTEXT() REPRESENTATION_CONTEXT('2D SPACE',''
  ) );
#1327 = ORIENTED_EDGE('',*,*,#1328,.T.);
#1328 = EDGE_CURVE('',#1301,#1329,#1331,.T.);
#1329 = VERTEX_POINT('',#1330);
#1330 = CARTESIAN_POINT('',(30.222965619401,29.057628933732,33.75));
#1331 = SURFACE_CURVE('',#1332,(#1337,#1348),.PCURVE_S1.);
#1332 = CIRCLE('',#1333,3.25);
#1333 = AXIS2_PLACEMENT_3D('',#1334,#1335,#1336);
#1334 = CARTESIAN_POINT('',(28.528272094654,31.830806507777,33.75));
#1335 = DIRECTION('',(0.,0.,1.));
#1336 = DIRECTION('',(-1.,1.224646799147E-16,0.));
#1337 = PCURVE('',#144,#1338);
#1338 = DEFINITIONAL_REPRESENTATION('',(#1339),#1347);
#1339 = ( BOUNDED_CURVE() B_SPLINE_CURVE(2,(#1340,#1341,#1342,#1343,
#1344,#1345,#1346),.UNSPECIFIED.,.T.,.F.) B_SPLINE_CURVE_WITH_KNOTS((1,2
    ,2,2,2,1),(-2.094395102393,0.,2.094395102393,4.188790204786,
6.28318530718,8.377580409573),.UNSPECIFIED.) CURVE() 
GEOMETRIC_REPRESENTATION_ITEM() RATIONAL_B_SPLINE_CURVE((1.,0.5,1.,0.5,
1.,0.5,1.)) REPRESENTATION_ITEM('') );
#1340 = CARTESIAN_POINT('',(6.428232190532,30.844578906641));
#1341 = CARTESIAN_POINT('',(6.428232190532,25.215413782043));
#1342 = CARTESIAN_POINT('',(1.553232190532,28.029996344342));
#1343 = CARTESIAN_POINT('',(-3.321767809468,30.844578906641));
#1344 = CARTESIAN_POINT('',(1.553232190532,33.659161468941));
#1345 = CARTESIAN_POINT('',(6.428232190532,36.47374403124));
#1346 = CARTESIAN_POINT('',(6.428232190532,30.844578906641));
#1347 = ( GEOMETRIC_REPRESENTATION_CONTEXT(2) 
PARAMETRIC_REPRESENTATION_CONTEXT() REPRESENTATION_CONTEXT('2D SPACE',''
  ) );
#1348 = PCURVE('',#1349,#1354);
#1349 = CYLINDRICAL_SURFACE('',#1350,3.25);
#1350 = AXIS2_PLACEMENT_3D('',#1351,#1352,#1353);
#1351 = CARTESIAN_POINT('',(28.528272094654,31.830806507777,9.25));
#1352 = DIRECTION('',(-0.,-0.,-1.));
#1353 = DIRECTION('',(-1.,1.224646799147E-16,0.));
#1354 = DEFINITIONAL_REPRESENTATION('',(#1355),#1359);
#1355 = LINE('',#1356,#1357);
#1356 = CARTESIAN_POINT('',(-0.,-24.5));
#1357 = VECTOR('',#1358,1.);
#1358 = DIRECTION('',(-1.,0.));
#1359 = ( GEOMETRIC_REPRESENTATION_CONTEXT(2) 
PARAMETRIC_REPRESENTATION_CONTEXT() REPRESENTATION_CONTEXT('2D SPACE',''
  ) );
#1360 = ORIENTED_EDGE('',*,*,#1361,.T.);
#1361 = EDGE_CURVE('',#1329,#1362,#1364,.T.);
#1362 = VERTEX_POINT('',#1363);
#1363 = CARTESIAN_POINT('',(31.778272094654,31.830806507777,33.75));
#1364 = SURFACE_CURVE('',#1365,(#1370,#1381),.PCURVE_S1.);
#1365 = CIRCLE('',#1366,3.25);
#1366 = AXIS2_PLACEMENT_3D('',#1367,#1368,#1369);
#1367 = CARTESIAN_POINT('',(28.528272094654,31.830806507777,33.75));
#1368 = DIRECTION('',(0.,0.,1.));
#1369 = DIRECTION('',(1.,0.,-0.));
#1370 = PCURVE('',#144,#1371);
#1371 = DEFINITIONAL_REPRESENTATION('',(#1372),#1380);
#1372 = ( BOUNDED_CURVE() B_SPLINE_CURVE(2,(#1373,#1374,#1375,#1376,
#1377,#1378,#1379),.UNSPECIFIED.,.T.,.F.) B_SPLINE_CURVE_WITH_KNOTS((1,2
    ,2,2,2,1),(-2.094395102393,0.,2.094395102393,4.188790204786,
6.28318530718,8.377580409573),.UNSPECIFIED.) CURVE() 
GEOMETRIC_REPRESENTATION_ITEM() RATIONAL_B_SPLINE_CURVE((1.,0.5,1.,0.5,
1.,0.5,1.)) REPRESENTATION_ITEM('') );
#1373 = CARTESIAN_POINT('',(-7.176780946779E-02,30.844578906641));
#1374 = CARTESIAN_POINT('',(-7.176780946779E-02,36.47374403124));
#1375 = CARTESIAN_POINT('',(4.803232190532,33.659161468941));
#1376 = CARTESIAN_POINT('',(9.678232190532,30.844578906641));
#1377 = CARTESIAN_POINT('',(4.803232190532,28.029996344342));
#1378 = CARTESIAN_POINT('',(-7.176780946778E-02,25.215413782043));
#1379 = CARTESIAN_POINT('',(-7.176780946779E-02,30.844578906641));
#1380 = ( GEOMETRIC_REPRESENTATION_CONTEXT(2) 
PARAMETRIC_REPRESENTATION_CONTEXT() REPRESENTATION_CONTEXT('2D SPACE',''
  ) );
#1381 = PCURVE('',#1382,#1387);
#1382 = CYLINDRICAL_SURFACE('',#1383,3.25);
#1383 = AXIS2_PLACEMENT_3D('',#1384,#1385,#1386);
#1384 = CARTESIAN_POINT('',(28.528272094654,31.830806507777,9.25));
#1385 = DIRECTION('',(-0.,-0.,-1.));
#1386 = DIRECTION('',(-1.,1.224646799147E-16,0.));
#1387 = DEFINITIONAL_REPRESENTATION('',(#1388),#1392);
#1388 = LINE('',#1389,#1390);
#1389 = CARTESIAN_POINT('',(-3.14159265359,-24.5));
#1390 = VECTOR('',#1391,1.);
#1391 = DIRECTION('',(-1.,-0.));
#1392 = ( GEOMETRIC_REPRESENTATION_CONTEXT(2) 
PARAMETRIC_REPRESENTATION_CONTEXT() REPRESENTATION_CONTEXT('2D SPACE',''
  ) );
#1393 = ORIENTED_EDGE('',*,*,#1394,.F.);
#1394 = EDGE_CURVE('',#1395,#1362,#1397,.T.);
#1395 = VERTEX_POINT('',#1396);
#1396 = CARTESIAN_POINT('',(26.578272094654,34.430806507777,33.75));
#1397 = SURFACE_CURVE('',#1398,(#1403,#1410),.PCURVE_S1.);
#1398 = CIRCLE('',#1399,3.25);
#1399 = AXIS2_PLACEMENT_3D('',#1400,#1401,#1402);
#1400 = CARTESIAN_POINT('',(28.528272094654,31.830806507777,33.75));
#1401 = DIRECTION('',(0.,0.,-1.));
#1402 = DIRECTION('',(-0.6,0.8,0.));
#1403 = PCURVE('',#144,#1404);
#1404 = DEFINITIONAL_REPRESENTATION('',(#1405),#1409);
#1405 = CIRCLE('',#1406,3.25);
#1406 = AXIS2_PLACEMENT_2D('',#1407,#1408);
#1407 = CARTESIAN_POINT('',(3.178232190532,30.844578906641));
#1408 = DIRECTION('',(0.6,0.8));
#1409 = ( GEOMETRIC_REPRESENTATION_CONTEXT(2) 
PARAMETRIC_REPRESENTATION_CONTEXT() REPRESENTATION_CONTEXT('2D SPACE',''
  ) );
#1410 = PCURVE('',#1411,#1416);
#1411 = CYLINDRICAL_SURFACE('',#1412,3.25);
#1412 = AXIS2_PLACEMENT_3D('',#1413,#1414,#1415);
#1413 = CARTESIAN_POINT('',(28.528272094654,31.830806507777,9.25));
#1414 = DIRECTION('',(-0.,-0.,-1.));
#1415 = DIRECTION('',(-1.,1.224646799147E-16,0.));
#1416 = DEFINITIONAL_REPRESENTATION('',(#1417),#1421);
#1417 = LINE('',#1418,#1419);
#1418 = CARTESIAN_POINT('',(-5.355890089178,-24.5));
#1419 = VECTOR('',#1420,1.);
#1420 = DIRECTION('',(1.,-0.));
#1421 = ( GEOMETRIC_REPRESENTATION_CONTEXT(2) 
PARAMETRIC_REPRESENTATION_CONTEXT() REPRESENTATION_CONTEXT('2D SPACE',''
  ) );
#1422 = ORIENTED_EDGE('',*,*,#1423,.T.);
#1423 = EDGE_CURVE('',#1395,#1424,#1426,.T.);
#1424 = VERTEX_POINT('',#1425);
#1425 = CARTESIAN_POINT('',(24.128272094654,34.430806509242,33.75));
#1426 = SURFACE_CURVE('',#1427,(#1431,#1438),.PCURVE_S1.);
#1427 = LINE('',#1428,#1429);
#1428 = CARTESIAN_POINT('',(25.603272094654,34.430806507777,33.75));
#1429 = VECTOR('',#1430,1.);
#1430 = DIRECTION('',(-1.,1.224646799147E-16,0.));
#1431 = PCURVE('',#144,#1432);
#1432 = DEFINITIONAL_REPRESENTATION('',(#1433),#1437);
#1433 = LINE('',#1434,#1435);
#1434 = CARTESIAN_POINT('',(6.103232190532,33.444578906641));
#1435 = VECTOR('',#1436,1.);
#1436 = DIRECTION('',(1.,1.224646799147E-16));
#1437 = ( GEOMETRIC_REPRESENTATION_CONTEXT(2) 
PARAMETRIC_REPRESENTATION_CONTEXT() REPRESENTATION_CONTEXT('2D SPACE',''
  ) );
#1438 = PCURVE('',#1439,#1444);
#1439 = PLANE('',#1440);
#1440 = AXIS2_PLACEMENT_3D('',#1441,#1442,#1443);
#1441 = CARTESIAN_POINT('',(26.578272094654,34.430806507777,9.25));
#1442 = DIRECTION('',(-1.224646799147E-16,-1.,0.));
#1443 = DIRECTION('',(-1.,1.224646799147E-16,0.));
#1444 = DEFINITIONAL_REPRESENTATION('',(#1445),#1449);
#1445 = LINE('',#1446,#1447);
#1446 = CARTESIAN_POINT('',(0.975,-24.5));
#1447 = VECTOR('',#1448,1.);
#1448 = DIRECTION('',(1.,0.));
#1449 = ( GEOMETRIC_REPRESENTATION_CONTEXT(2) 
PARAMETRIC_REPRESENTATION_CONTEXT() REPRESENTATION_CONTEXT('2D SPACE',''
  ) );
#1450 = ORIENTED_EDGE('',*,*,#1451,.F.);
#1451 = EDGE_CURVE('',#1452,#1424,#1454,.T.);
#1452 = VERTEX_POINT('',#1453);
#1453 = CARTESIAN_POINT('',(23.678272094654,34.880806510708,33.75));
#1454 = SURFACE_CURVE('',#1455,(#1460,#1471),.PCURVE_S1.);
#1455 = CIRCLE('',#1456,0.45);
#1456 = AXIS2_PLACEMENT_3D('',#1457,#1458,#1459);
#1457 = CARTESIAN_POINT('',(24.128272094654,34.880806510708,33.75));
#1458 = DIRECTION('',(0.,0.,1.));
#1459 = DIRECTION('',(-1.,1.224646799147E-16,0.));
#1460 = PCURVE('',#144,#1461);
#1461 = DEFINITIONAL_REPRESENTATION('',(#1462),#1470);
#1462 = ( BOUNDED_CURVE() B_SPLINE_CURVE(2,(#1463,#1464,#1465,#1466,
#1467,#1468,#1469),.UNSPECIFIED.,.T.,.F.) B_SPLINE_CURVE_WITH_KNOTS((1,2
    ,2,2,2,1),(-2.094395102393,0.,2.094395102393,4.188790204786,
6.28318530718,8.377580409573),.UNSPECIFIED.) CURVE() 
GEOMETRIC_REPRESENTATION_ITEM() RATIONAL_B_SPLINE_CURVE((1.,0.5,1.,0.5,
1.,0.5,1.)) REPRESENTATION_ITEM('') );
#1463 = CARTESIAN_POINT('',(8.028232190532,33.894578909572));
#1464 = CARTESIAN_POINT('',(8.028232190532,33.115156046166));
#1465 = CARTESIAN_POINT('',(7.353232190532,33.504867477869));
#1466 = CARTESIAN_POINT('',(6.678232190532,33.894578909572));
#1467 = CARTESIAN_POINT('',(7.353232190532,34.284290341275));
#1468 = CARTESIAN_POINT('',(8.028232190532,34.674001772978));
#1469 = CARTESIAN_POINT('',(8.028232190532,33.894578909572));
#1470 = ( GEOMETRIC_REPRESENTATION_CONTEXT(2) 
PARAMETRIC_REPRESENTATION_CONTEXT() REPRESENTATION_CONTEXT('2D SPACE',''
  ) );
#1471 = PCURVE('',#1472,#1477);
#1472 = CYLINDRICAL_SURFACE('',#1473,0.45);
#1473 = AXIS2_PLACEMENT_3D('',#1474,#1475,#1476);
#1474 = CARTESIAN_POINT('',(24.128272094654,34.880806510708,9.25));
#1475 = DIRECTION('',(-0.,-0.,-1.));
#1476 = DIRECTION('',(-1.,1.224646799147E-16,0.));
#1477 = DEFINITIONAL_REPRESENTATION('',(#1478),#1482);
#1478 = LINE('',#1479,#1480);
#1479 = CARTESIAN_POINT('',(-0.,-24.5));
#1480 = VECTOR('',#1481,1.);
#1481 = DIRECTION('',(-1.,0.));
#1482 = ( GEOMETRIC_REPRESENTATION_CONTEXT(2) 
PARAMETRIC_REPRESENTATION_CONTEXT() REPRESENTATION_CONTEXT('2D SPACE',''
  ) );
#1483 = ORIENTED_EDGE('',*,*,#1484,.F.);
#1484 = EDGE_CURVE('',#1485,#1452,#1487,.T.);
#1485 = VERTEX_POINT('',#1486);
#1486 = CARTESIAN_POINT('',(23.678272094654,36.030806507777,33.75));
#1487 = SURFACE_CURVE('',#1488,(#1492,#1499),.PCURVE_S1.);
#1488 = LINE('',#1489,#1490);
#1489 = CARTESIAN_POINT('',(23.678272094654,36.030806507777,33.75));
#1490 = VECTOR('',#1491,1.);
#1491 = DIRECTION('',(-1.224646799147E-16,-1.,0.));
#1492 = PCURVE('',#144,#1493);
#1493 = DEFINITIONAL_REPRESENTATION('',(#1494),#1498);
#1494 = LINE('',#1495,#1496);
#1495 = CARTESIAN_POINT('',(8.028232190532,35.044578906641));
#1496 = VECTOR('',#1497,1.);
#1497 = DIRECTION('',(1.224646799147E-16,-1.));
#1498 = ( GEOMETRIC_REPRESENTATION_CONTEXT(2) 
PARAMETRIC_REPRESENTATION_CONTEXT() REPRESENTATION_CONTEXT('2D SPACE',''
  ) );
#1499 = PCURVE('',#1500,#1505);
#1500 = PLANE('',#1501);
#1501 = AXIS2_PLACEMENT_3D('',#1502,#1503,#1504);
#1502 = CARTESIAN_POINT('',(23.678272094654,36.030806507777,9.25));
#1503 = DIRECTION('',(1.,-1.224646799147E-16,0.));
#1504 = DIRECTION('',(-1.224646799147E-16,-1.,0.));
#1505 = DEFINITIONAL_REPRESENTATION('',(#1506),#1510);
#1506 = LINE('',#1507,#1508);
#1507 = CARTESIAN_POINT('',(0.,-24.5));
#1508 = VECTOR('',#1509,1.);
#1509 = DIRECTION('',(1.,0.));
#1510 = ( GEOMETRIC_REPRESENTATION_CONTEXT(2) 
PARAMETRIC_REPRESENTATION_CONTEXT() REPRESENTATION_CONTEXT('2D SPACE',''
  ) );
#1511 = ORIENTED_EDGE('',*,*,#1512,.F.);
#1512 = EDGE_CURVE('',#312,#1485,#1513,.T.);
#1513 = SURFACE_CURVE('',#1514,(#1518,#1525),.PCURVE_S1.);
#1514 = LINE('',#1515,#1516);
#1515 = CARTESIAN_POINT('',(26.103272094654,36.030806507777,33.75));
#1516 = VECTOR('',#1517,1.);
#1517 = DIRECTION('',(-1.,1.224646799147E-16,0.));
#1518 = PCURVE('',#144,#1519);
#1519 = DEFINITIONAL_REPRESENTATION('',(#1520),#1524);
#1520 = LINE('',#1521,#1522);
#1521 = CARTESIAN_POINT('',(5.603232190532,35.044578906641));
#1522 = VECTOR('',#1523,1.);
#1523 = DIRECTION('',(1.,1.224646799147E-16));
#1524 = ( GEOMETRIC_REPRESENTATION_CONTEXT(2) 
PARAMETRIC_REPRESENTATION_CONTEXT() REPRESENTATION_CONTEXT('2D SPACE',''
  ) );
#1525 = PCURVE('',#1526,#1531);
#1526 = PLANE('',#1527);
#1527 = AXIS2_PLACEMENT_3D('',#1528,#1529,#1530);
#1528 = CARTESIAN_POINT('',(26.102885527528,36.030806507777,9.25));
#1529 = DIRECTION('',(-1.224646799147E-16,-1.,0.));
#1530 = DIRECTION('',(-1.,1.224646799147E-16,0.));
#1531 = DEFINITIONAL_REPRESENTATION('',(#1532),#1536);
#1532 = LINE('',#1533,#1534);
#1533 = CARTESIAN_POINT('',(-3.865671267995E-04,-24.5));
#1534 = VECTOR('',#1535,1.);
#1535 = DIRECTION('',(1.,0.));
#1536 = ( GEOMETRIC_REPRESENTATION_CONTEXT(2) 
PARAMETRIC_REPRESENTATION_CONTEXT() REPRESENTATION_CONTEXT('2D SPACE',''
  ) );
#1537 = ADVANCED_FACE('',(#1538),#90,.T.);
#1538 = FACE_BOUND('',#1539,.T.);
#1539 = EDGE_LOOP('',(#1540,#1570,#1593,#1616,#1639,#1660,#1661,#1662,
    #1663,#1686,#1709,#1732,#1755,#1778,#1801,#1824,#1847,#1875,#1898,
    #1921,#1949,#1972,#2000,#2028,#2056,#2079,#2107,#2130,#2153,#2181,
    #2204,#2227,#2250,#2273,#2301,#2324,#2347,#2375,#2398,#2426,#2454,
    #2482,#2505,#2533,#2556));
#1540 = ORIENTED_EDGE('',*,*,#1541,.F.);
#1541 = EDGE_CURVE('',#1542,#1544,#1546,.T.);
#1542 = VERTEX_POINT('',#1543);
#1543 = CARTESIAN_POINT('',(29.576081022785,36.56626809564,9.25));
#1544 = VERTEX_POINT('',#1545);
#1545 = CARTESIAN_POINT('',(26.102885527528,36.030806507777,9.25));
#1546 = SURFACE_CURVE('',#1547,(#1552,#1563),.PCURVE_S1.);
#1547 = CIRCLE('',#1548,4.85);
#1548 = AXIS2_PLACEMENT_3D('',#1549,#1550,#1551);
#1549 = CARTESIAN_POINT('',(28.528272094654,31.830806507777,9.25));
#1550 = DIRECTION('',(0.,0.,1.));
#1551 = DIRECTION('',(-1.,1.224646799147E-16,0.));
#1552 = PCURVE('',#90,#1553);
#1553 = DEFINITIONAL_REPRESENTATION('',(#1554),#1562);
#1554 = ( BOUNDED_CURVE() B_SPLINE_CURVE(2,(#1555,#1556,#1557,#1558,
#1559,#1560,#1561),.UNSPECIFIED.,.T.,.F.) B_SPLINE_CURVE_WITH_KNOTS((1,2
    ,2,2,2,1),(-2.094395102393,0.,2.094395102393,4.188790204786,
6.28318530718,8.377580409573),.UNSPECIFIED.) CURVE() 
GEOMETRIC_REPRESENTATION_ITEM() RATIONAL_B_SPLINE_CURVE((1.,0.5,1.,0.5,
1.,0.5,1.)) REPRESENTATION_ITEM('') );
#1555 = CARTESIAN_POINT('',(8.028232190532,30.844578906641));
#1556 = CARTESIAN_POINT('',(8.028232190532,22.444132489932));
#1557 = CARTESIAN_POINT('',(0.753232190532,26.644355698287));
#1558 = CARTESIAN_POINT('',(-6.521767809468,30.844578906641));
#1559 = CARTESIAN_POINT('',(0.753232190532,35.044802114996));
#1560 = CARTESIAN_POINT('',(8.028232190532,39.245025323351));
#1561 = CARTESIAN_POINT('',(8.028232190532,30.844578906641));
#1562 = ( GEOMETRIC_REPRESENTATION_CONTEXT(2) 
PARAMETRIC_REPRESENTATION_CONTEXT() REPRESENTATION_CONTEXT('2D SPACE',''
  ) );
#1563 = PCURVE('',#332,#1564);
#1564 = DEFINITIONAL_REPRESENTATION('',(#1565),#1569);
#1565 = LINE('',#1566,#1567);
#1566 = CARTESIAN_POINT('',(-0.,0.));
#1567 = VECTOR('',#1568,1.);
#1568 = DIRECTION('',(-1.,0.));
#1569 = ( GEOMETRIC_REPRESENTATION_CONTEXT(2) 
PARAMETRIC_REPRESENTATION_CONTEXT() REPRESENTATION_CONTEXT('2D SPACE',''
  ) );
#1570 = ORIENTED_EDGE('',*,*,#1571,.T.);
#1571 = EDGE_CURVE('',#1542,#1572,#1574,.T.);
#1572 = VERTEX_POINT('',#1573);
#1573 = CARTESIAN_POINT('',(29.047918656751,42.2,9.25));
#1574 = SURFACE_CURVE('',#1575,(#1579,#1586),.PCURVE_S1.);
#1575 = LINE('',#1576,#1577);
#1576 = CARTESIAN_POINT('',(30.202220046742,29.887451840101,9.25));
#1577 = VECTOR('',#1578,1.);
#1578 = DIRECTION('',(-9.334070869306E-02,0.995634226059,0.));
#1579 = PCURVE('',#90,#1580);
#1580 = DEFINITIONAL_REPRESENTATION('',(#1581),#1585);
#1581 = LINE('',#1582,#1583);
#1582 = CARTESIAN_POINT('',(1.504284238445,28.901224238966));
#1583 = VECTOR('',#1584,1.);
#1584 = DIRECTION('',(9.334070869306E-02,0.995634226059));
#1585 = ( GEOMETRIC_REPRESENTATION_CONTEXT(2) 
PARAMETRIC_REPRESENTATION_CONTEXT() REPRESENTATION_CONTEXT('2D SPACE',''
  ) );
#1586 = PCURVE('',#360,#1587);
#1587 = DEFINITIONAL_REPRESENTATION('',(#1588),#1592);
#1588 = LINE('',#1589,#1590);
#1589 = CARTESIAN_POINT('',(0.,-24.5));
#1590 = VECTOR('',#1591,1.);
#1591 = DIRECTION('',(1.,0.));
#1592 = ( GEOMETRIC_REPRESENTATION_CONTEXT(2) 
PARAMETRIC_REPRESENTATION_CONTEXT() REPRESENTATION_CONTEXT('2D SPACE',''
  ) );
#1593 = ORIENTED_EDGE('',*,*,#1594,.T.);
#1594 = EDGE_CURVE('',#1572,#1595,#1597,.T.);
#1595 = VERTEX_POINT('',#1596);
#1596 = CARTESIAN_POINT('',(16.708294970487,42.2,9.25));
#1597 = SURFACE_CURVE('',#1598,(#1602,#1609),.PCURVE_S1.);
#1598 = LINE('',#1599,#1600);
#1599 = CARTESIAN_POINT('',(32.5,42.2,9.25));
#1600 = VECTOR('',#1601,1.);
#1601 = DIRECTION('',(-1.,0.,0.));
#1602 = PCURVE('',#90,#1603);
#1603 = DEFINITIONAL_REPRESENTATION('',(#1604),#1608);
#1604 = LINE('',#1605,#1606);
#1605 = CARTESIAN_POINT('',(-0.793495714813,41.213772398865));
#1606 = VECTOR('',#1607,1.);
#1607 = DIRECTION('',(1.,0.));
#1608 = ( GEOMETRIC_REPRESENTATION_CONTEXT(2) 
PARAMETRIC_REPRESENTATION_CONTEXT() REPRESENTATION_CONTEXT('2D SPACE',''
  ) );
#1609 = PCURVE('',#388,#1610);
#1610 = DEFINITIONAL_REPRESENTATION('',(#1611),#1615);
#1611 = LINE('',#1612,#1613);
#1612 = CARTESIAN_POINT('',(0.,-24.5));
#1613 = VECTOR('',#1614,1.);
#1614 = DIRECTION('',(1.,0.));
#1615 = ( GEOMETRIC_REPRESENTATION_CONTEXT(2) 
PARAMETRIC_REPRESENTATION_CONTEXT() REPRESENTATION_CONTEXT('2D SPACE',''
  ) );
#1616 = ORIENTED_EDGE('',*,*,#1617,.T.);
#1617 = EDGE_CURVE('',#1595,#1618,#1620,.T.);
#1618 = VERTEX_POINT('',#1619);
#1619 = CARTESIAN_POINT('',(16.708294970487,46.,9.25));
#1620 = SURFACE_CURVE('',#1621,(#1625,#1632),.PCURVE_S1.);
#1621 = LINE('',#1622,#1623);
#1622 = CARTESIAN_POINT('',(16.708294970487,42.2,9.25));
#1623 = VECTOR('',#1624,1.);
#1624 = DIRECTION('',(0.,1.,0.));
#1625 = PCURVE('',#90,#1626);
#1626 = DEFINITIONAL_REPRESENTATION('',(#1627),#1631);
#1627 = LINE('',#1628,#1629);
#1628 = CARTESIAN_POINT('',(14.998209314699,41.213772398865));
#1629 = VECTOR('',#1630,1.);
#1630 = DIRECTION('',(0.,1.));
#1631 = ( GEOMETRIC_REPRESENTATION_CONTEXT(2) 
PARAMETRIC_REPRESENTATION_CONTEXT() REPRESENTATION_CONTEXT('2D SPACE',''
  ) );
#1632 = PCURVE('',#416,#1633);
#1633 = DEFINITIONAL_REPRESENTATION('',(#1634),#1638);
#1634 = LINE('',#1635,#1636);
#1635 = CARTESIAN_POINT('',(0.,-24.5));
#1636 = VECTOR('',#1637,1.);
#1637 = DIRECTION('',(1.,0.));
#1638 = ( GEOMETRIC_REPRESENTATION_CONTEXT(2) 
PARAMETRIC_REPRESENTATION_CONTEXT() REPRESENTATION_CONTEXT('2D SPACE',''
  ) );
#1639 = ORIENTED_EDGE('',*,*,#1640,.T.);
#1640 = EDGE_CURVE('',#1618,#183,#1641,.T.);
#1641 = SURFACE_CURVE('',#1642,(#1646,#1653),.PCURVE_S1.);
#1642 = LINE('',#1643,#1644);
#1643 = CARTESIAN_POINT('',(16.708294970487,46.,9.25));
#1644 = VECTOR('',#1645,1.);
#1645 = DIRECTION('',(1.,0.,0.));
#1646 = PCURVE('',#90,#1647);
#1647 = DEFINITIONAL_REPRESENTATION('',(#1648),#1652);
#1648 = LINE('',#1649,#1650);
#1649 = CARTESIAN_POINT('',(14.998209314699,45.013772398865));
#1650 = VECTOR('',#1651,1.);
#1651 = DIRECTION('',(-1.,0.));
#1652 = ( GEOMETRIC_REPRESENTATION_CONTEXT(2) 
PARAMETRIC_REPRESENTATION_CONTEXT() REPRESENTATION_CONTEXT('2D SPACE',''
  ) );
#1653 = PCURVE('',#197,#1654);
#1654 = DEFINITIONAL_REPRESENTATION('',(#1655),#1659);
#1655 = LINE('',#1656,#1657);
#1656 = CARTESIAN_POINT('',(0.,-24.5));
#1657 = VECTOR('',#1658,1.);
#1658 = DIRECTION('',(1.,0.));
#1659 = ( GEOMETRIC_REPRESENTATION_CONTEXT(2) 
PARAMETRIC_REPRESENTATION_CONTEXT() REPRESENTATION_CONTEXT('2D SPACE',''
  ) );
#1660 = ORIENTED_EDGE('',*,*,#208,.T.);
#1661 = ORIENTED_EDGE('',*,*,#74,.T.);
#1662 = ORIENTED_EDGE('',*,*,#234,.T.);
#1663 = ORIENTED_EDGE('',*,*,#1664,.T.);
#1664 = EDGE_CURVE('',#235,#1665,#1667,.T.);
#1665 = VERTEX_POINT('',#1666);
#1666 = CARTESIAN_POINT('',(34.299420088478,-10.06749091469,9.25));
#1667 = SURFACE_CURVE('',#1668,(#1672,#1679),.PCURVE_S1.);
#1668 = LINE('',#1669,#1670);
#1669 = CARTESIAN_POINT('',(34.500237471805,10.014247418012,9.25));
#1670 = VECTOR('',#1671,1.);
#1671 = DIRECTION('',(-9.999500037497E-03,-0.99995000375,0.));
#1672 = PCURVE('',#90,#1673);
#1673 = DEFINITIONAL_REPRESENTATION('',(#1674),#1678);
#1674 = LINE('',#1675,#1676);
#1675 = CARTESIAN_POINT('',(-2.793733186619,9.028019816877));
#1676 = VECTOR('',#1677,1.);
#1677 = DIRECTION('',(9.999500037497E-03,-0.99995000375));
#1678 = ( GEOMETRIC_REPRESENTATION_CONTEXT(2) 
PARAMETRIC_REPRESENTATION_CONTEXT() REPRESENTATION_CONTEXT('2D SPACE',''
  ) );
#1679 = PCURVE('',#273,#1680);
#1680 = DEFINITIONAL_REPRESENTATION('',(#1681),#1685);
#1681 = LINE('',#1682,#1683);
#1682 = CARTESIAN_POINT('',(-0.,-24.5));
#1683 = VECTOR('',#1684,1.);
#1684 = DIRECTION('',(1.,0.));
#1685 = ( GEOMETRIC_REPRESENTATION_CONTEXT(2) 
PARAMETRIC_REPRESENTATION_CONTEXT() REPRESENTATION_CONTEXT('2D SPACE',''
  ) );
#1686 = ORIENTED_EDGE('',*,*,#1687,.T.);
#1687 = EDGE_CURVE('',#1665,#1688,#1690,.T.);
#1688 = VERTEX_POINT('',#1689);
#1689 = CARTESIAN_POINT('',(33.193864562962,-28.15839951404,9.25));
#1690 = SURFACE_CURVE('',#1691,(#1695,#1702),.PCURVE_S1.);
#1691 = LINE('',#1692,#1693);
#1692 = CARTESIAN_POINT('',(34.299420088478,-10.06749091469,9.25));
#1693 = VECTOR('',#1694,1.);
#1694 = DIRECTION('',(-6.099731794136E-02,-0.99813792995,0.));
#1695 = PCURVE('',#90,#1696);
#1696 = DEFINITIONAL_REPRESENTATION('',(#1697),#1701);
#1697 = LINE('',#1698,#1699);
#1698 = CARTESIAN_POINT('',(-2.592915803292,-11.05371851583));
#1699 = VECTOR('',#1700,1.);
#1700 = DIRECTION('',(6.099731794136E-02,-0.99813792995));
#1701 = ( GEOMETRIC_REPRESENTATION_CONTEXT(2) 
PARAMETRIC_REPRESENTATION_CONTEXT() REPRESENTATION_CONTEXT('2D SPACE',''
  ) );
#1702 = PCURVE('',#491,#1703);
#1703 = DEFINITIONAL_REPRESENTATION('',(#1704),#1708);
#1704 = LINE('',#1705,#1706);
#1705 = CARTESIAN_POINT('',(-0.,-24.5));
#1706 = VECTOR('',#1707,1.);
#1707 = DIRECTION('',(1.,0.));
#1708 = ( GEOMETRIC_REPRESENTATION_CONTEXT(2) 
PARAMETRIC_REPRESENTATION_CONTEXT() REPRESENTATION_CONTEXT('2D SPACE',''
  ) );
#1709 = ORIENTED_EDGE('',*,*,#1710,.T.);
#1710 = EDGE_CURVE('',#1688,#1711,#1713,.T.);
#1711 = VERTEX_POINT('',#1712);
#1712 = CARTESIAN_POINT('',(31.489365347833,-44.2007450682,9.25));
#1713 = SURFACE_CURVE('',#1714,(#1718,#1725),.PCURVE_S1.);
#1714 = LINE('',#1715,#1716);
#1715 = CARTESIAN_POINT('',(33.193864562962,-28.15839951404,9.25));
#1716 = VECTOR('',#1717,1.);
#1717 = DIRECTION('',(-0.105655299056,-0.994402814649,0.));
#1718 = PCURVE('',#90,#1719);
#1719 = DEFINITIONAL_REPRESENTATION('',(#1720),#1724);
#1720 = LINE('',#1721,#1722);
#1721 = CARTESIAN_POINT('',(-1.487360277776,-29.14462711517));
#1722 = VECTOR('',#1723,1.);
#1723 = DIRECTION('',(0.105655299056,-0.994402814649));
#1724 = ( GEOMETRIC_REPRESENTATION_CONTEXT(2) 
PARAMETRIC_REPRESENTATION_CONTEXT() REPRESENTATION_CONTEXT('2D SPACE',''
  ) );
#1725 = PCURVE('',#519,#1726);
#1726 = DEFINITIONAL_REPRESENTATION('',(#1727),#1731);
#1727 = LINE('',#1728,#1729);
#1728 = CARTESIAN_POINT('',(-0.,-24.5));
#1729 = VECTOR('',#1730,1.);
#1730 = DIRECTION('',(1.,0.));
#1731 = ( GEOMETRIC_REPRESENTATION_CONTEXT(2) 
PARAMETRIC_REPRESENTATION_CONTEXT() REPRESENTATION_CONTEXT('2D SPACE',''
  ) );
#1732 = ORIENTED_EDGE('',*,*,#1733,.T.);
#1733 = EDGE_CURVE('',#1711,#1734,#1736,.T.);
#1734 = VERTEX_POINT('',#1735);
#1735 = CARTESIAN_POINT('',(29.6,-44.,9.25));
#1736 = SURFACE_CURVE('',#1737,(#1741,#1748),.PCURVE_S1.);
#1737 = LINE('',#1738,#1739);
#1738 = CARTESIAN_POINT('',(31.489365347833,-44.2007450682,9.25));
#1739 = VECTOR('',#1740,1.);
#1740 = DIRECTION('',(-0.994402814649,0.105655299056,0.));
#1741 = PCURVE('',#90,#1742);
#1742 = DEFINITIONAL_REPRESENTATION('',(#1743),#1747);
#1743 = LINE('',#1744,#1745);
#1744 = CARTESIAN_POINT('',(0.217138937354,-45.18697266934));
#1745 = VECTOR('',#1746,1.);
#1746 = DIRECTION('',(0.994402814649,0.105655299056));
#1747 = ( GEOMETRIC_REPRESENTATION_CONTEXT(2) 
PARAMETRIC_REPRESENTATION_CONTEXT() REPRESENTATION_CONTEXT('2D SPACE',''
  ) );
#1748 = PCURVE('',#547,#1749);
#1749 = DEFINITIONAL_REPRESENTATION('',(#1750),#1754);
#1750 = LINE('',#1751,#1752);
#1751 = CARTESIAN_POINT('',(0.,-24.5));
#1752 = VECTOR('',#1753,1.);
#1753 = DIRECTION('',(1.,0.));
#1754 = ( GEOMETRIC_REPRESENTATION_CONTEXT(2) 
PARAMETRIC_REPRESENTATION_CONTEXT() REPRESENTATION_CONTEXT('2D SPACE',''
  ) );
#1755 = ORIENTED_EDGE('',*,*,#1756,.F.);
#1756 = EDGE_CURVE('',#1757,#1734,#1759,.T.);
#1757 = VERTEX_POINT('',#1758);
#1758 = CARTESIAN_POINT('',(15.710634652167,-44.,9.25));
#1759 = SURFACE_CURVE('',#1760,(#1764,#1771),.PCURVE_S1.);
#1760 = LINE('',#1761,#1762);
#1761 = CARTESIAN_POINT('',(15.710634652167,-44.,9.25));
#1762 = VECTOR('',#1763,1.);
#1763 = DIRECTION('',(1.,0.,0.));
#1764 = PCURVE('',#90,#1765);
#1765 = DEFINITIONAL_REPRESENTATION('',(#1766),#1770);
#1766 = LINE('',#1767,#1768);
#1767 = CARTESIAN_POINT('',(15.995869633019,-44.98622760113));
#1768 = VECTOR('',#1769,1.);
#1769 = DIRECTION('',(-1.,0.));
#1770 = ( GEOMETRIC_REPRESENTATION_CONTEXT(2) 
PARAMETRIC_REPRESENTATION_CONTEXT() REPRESENTATION_CONTEXT('2D SPACE',''
  ) );
#1771 = PCURVE('',#575,#1772);
#1772 = DEFINITIONAL_REPRESENTATION('',(#1773),#1777);
#1773 = LINE('',#1774,#1775);
#1774 = CARTESIAN_POINT('',(0.,0.));
#1775 = VECTOR('',#1776,1.);
#1776 = DIRECTION('',(1.,0.));
#1777 = ( GEOMETRIC_REPRESENTATION_CONTEXT(2) 
PARAMETRIC_REPRESENTATION_CONTEXT() REPRESENTATION_CONTEXT('2D SPACE',''
  ) );
#1778 = ORIENTED_EDGE('',*,*,#1779,.F.);
#1779 = EDGE_CURVE('',#1780,#1757,#1782,.T.);
#1780 = VERTEX_POINT('',#1781);
#1781 = CARTESIAN_POINT('',(15.710634652167,-40.2,9.25));
#1782 = SURFACE_CURVE('',#1783,(#1787,#1794),.PCURVE_S1.);
#1783 = LINE('',#1784,#1785);
#1784 = CARTESIAN_POINT('',(15.710634652167,-40.2,9.25));
#1785 = VECTOR('',#1786,1.);
#1786 = DIRECTION('',(0.,-1.,0.));
#1787 = PCURVE('',#90,#1788);
#1788 = DEFINITIONAL_REPRESENTATION('',(#1789),#1793);
#1789 = LINE('',#1790,#1791);
#1790 = CARTESIAN_POINT('',(15.995869633019,-41.18622760113));
#1791 = VECTOR('',#1792,1.);
#1792 = DIRECTION('',(0.,-1.));
#1793 = ( GEOMETRIC_REPRESENTATION_CONTEXT(2) 
PARAMETRIC_REPRESENTATION_CONTEXT() REPRESENTATION_CONTEXT('2D SPACE',''
  ) );
#1794 = PCURVE('',#603,#1795);
#1795 = DEFINITIONAL_REPRESENTATION('',(#1796),#1800);
#1796 = LINE('',#1797,#1798);
#1797 = CARTESIAN_POINT('',(0.,0.));
#1798 = VECTOR('',#1799,1.);
#1799 = DIRECTION('',(1.,0.));
#1800 = ( GEOMETRIC_REPRESENTATION_CONTEXT(2) 
PARAMETRIC_REPRESENTATION_CONTEXT() REPRESENTATION_CONTEXT('2D SPACE',''
  ) );
#1801 = ORIENTED_EDGE('',*,*,#1802,.F.);
#1802 = EDGE_CURVE('',#1803,#1780,#1805,.T.);
#1803 = VERTEX_POINT('',#1804);
#1804 = CARTESIAN_POINT('',(28.09305548867,-40.2,9.25));
#1805 = SURFACE_CURVE('',#1806,(#1810,#1817),.PCURVE_S1.);
#1806 = LINE('',#1807,#1808);
#1807 = CARTESIAN_POINT('',(31.5,-40.2,9.25));
#1808 = VECTOR('',#1809,1.);
#1809 = DIRECTION('',(-1.,0.,0.));
#1810 = PCURVE('',#90,#1811);
#1811 = DEFINITIONAL_REPRESENTATION('',(#1812),#1816);
#1812 = LINE('',#1813,#1814);
#1813 = CARTESIAN_POINT('',(0.206504285187,-41.18622760113));
#1814 = VECTOR('',#1815,1.);
#1815 = DIRECTION('',(1.,0.));
#1816 = ( GEOMETRIC_REPRESENTATION_CONTEXT(2) 
PARAMETRIC_REPRESENTATION_CONTEXT() REPRESENTATION_CONTEXT('2D SPACE',''
  ) );
#1817 = PCURVE('',#631,#1818);
#1818 = DEFINITIONAL_REPRESENTATION('',(#1819),#1823);
#1819 = LINE('',#1820,#1821);
#1820 = CARTESIAN_POINT('',(0.,-0.));
#1821 = VECTOR('',#1822,1.);
#1822 = DIRECTION('',(1.,0.));
#1823 = ( GEOMETRIC_REPRESENTATION_CONTEXT(2) 
PARAMETRIC_REPRESENTATION_CONTEXT() REPRESENTATION_CONTEXT('2D SPACE',''
  ) );
#1824 = ORIENTED_EDGE('',*,*,#1825,.T.);
#1825 = EDGE_CURVE('',#1803,#1826,#1828,.T.);
#1826 = VERTEX_POINT('',#1827);
#1827 = CARTESIAN_POINT('',(28.364461112866,-37.64559412521,9.25));
#1828 = SURFACE_CURVE('',#1829,(#1833,#1840),.PCURVE_S1.);
#1829 = LINE('',#1830,#1831);
#1830 = CARTESIAN_POINT('',(27.710634652167,-43.79925493179,9.25));
#1831 = VECTOR('',#1832,1.);
#1832 = DIRECTION('',(0.105655299056,0.994402814649,0.));
#1833 = PCURVE('',#90,#1834);
#1834 = DEFINITIONAL_REPRESENTATION('',(#1835),#1839);
#1835 = LINE('',#1836,#1837);
#1836 = CARTESIAN_POINT('',(3.995869633019,-44.78548253292));
#1837 = VECTOR('',#1838,1.);
#1838 = DIRECTION('',(-0.105655299056,0.994402814649));
#1839 = ( GEOMETRIC_REPRESENTATION_CONTEXT(2) 
PARAMETRIC_REPRESENTATION_CONTEXT() REPRESENTATION_CONTEXT('2D SPACE',''
  ) );
#1840 = PCURVE('',#659,#1841);
#1841 = DEFINITIONAL_REPRESENTATION('',(#1842),#1846);
#1842 = LINE('',#1843,#1844);
#1843 = CARTESIAN_POINT('',(0.,-24.5));
#1844 = VECTOR('',#1845,1.);
#1845 = DIRECTION('',(1.,0.));
#1846 = ( GEOMETRIC_REPRESENTATION_CONTEXT(2) 
PARAMETRIC_REPRESENTATION_CONTEXT() REPRESENTATION_CONTEXT('2D SPACE',''
  ) );
#1847 = ORIENTED_EDGE('',*,*,#1848,.F.);
#1848 = EDGE_CURVE('',#1849,#1826,#1851,.T.);
#1849 = VERTEX_POINT('',#1850);
#1850 = CARTESIAN_POINT('',(23.644646913257,-37.5726441092,9.25));
#1851 = SURFACE_CURVE('',#1852,(#1857,#1868),.PCURVE_S1.);
#1852 = CIRCLE('',#1853,4.85);
#1853 = AXIS2_PLACEMENT_3D('',#1854,#1855,#1856);
#1854 = CARTESIAN_POINT('',(26.070033480383,-33.3726441092,9.25));
#1855 = DIRECTION('',(0.,0.,1.));
#1856 = DIRECTION('',(-1.,1.224646799147E-16,0.));
#1857 = PCURVE('',#90,#1858);
#1858 = DEFINITIONAL_REPRESENTATION('',(#1859),#1867);
#1859 = ( BOUNDED_CURVE() B_SPLINE_CURVE(2,(#1860,#1861,#1862,#1863,
#1864,#1865,#1866),.UNSPECIFIED.,.T.,.F.) B_SPLINE_CURVE_WITH_KNOTS((1,2
    ,2,2,2,1),(-2.094395102393,0.,2.094395102393,4.188790204786,
6.28318530718,8.377580409573),.UNSPECIFIED.) CURVE() 
GEOMETRIC_REPRESENTATION_ITEM() RATIONAL_B_SPLINE_CURVE((1.,0.5,1.,0.5,
1.,0.5,1.)) REPRESENTATION_ITEM('') );
#1860 = CARTESIAN_POINT('',(10.486470804803,-34.35887171034));
#1861 = CARTESIAN_POINT('',(10.486470804803,-42.75931812705));
#1862 = CARTESIAN_POINT('',(3.211470804803,-38.55909491869));
#1863 = CARTESIAN_POINT('',(-4.063529195197,-34.35887171034));
#1864 = CARTESIAN_POINT('',(3.211470804803,-30.15864850198));
#1865 = CARTESIAN_POINT('',(10.486470804803,-25.95842529363));
#1866 = CARTESIAN_POINT('',(10.486470804803,-34.35887171034));
#1867 = ( GEOMETRIC_REPRESENTATION_CONTEXT(2) 
PARAMETRIC_REPRESENTATION_CONTEXT() REPRESENTATION_CONTEXT('2D SPACE',''
  ) );
#1868 = PCURVE('',#692,#1869);
#1869 = DEFINITIONAL_REPRESENTATION('',(#1870),#1874);
#1870 = LINE('',#1871,#1872);
#1871 = CARTESIAN_POINT('',(-0.,0.));
#1872 = VECTOR('',#1873,1.);
#1873 = DIRECTION('',(-1.,0.));
#1874 = ( GEOMETRIC_REPRESENTATION_CONTEXT(2) 
PARAMETRIC_REPRESENTATION_CONTEXT() REPRESENTATION_CONTEXT('2D SPACE',''
  ) );
#1875 = ORIENTED_EDGE('',*,*,#1876,.T.);
#1876 = EDGE_CURVE('',#1849,#1877,#1879,.T.);
#1877 = VERTEX_POINT('',#1878);
#1878 = CARTESIAN_POINT('',(21.220033480383,-37.5726441092,9.25));
#1879 = SURFACE_CURVE('',#1880,(#1884,#1891),.PCURVE_S1.);
#1880 = LINE('',#1881,#1882);
#1881 = CARTESIAN_POINT('',(23.645033480383,-37.5726441092,9.25));
#1882 = VECTOR('',#1883,1.);
#1883 = DIRECTION('',(-1.,1.224646799147E-16,0.));
#1884 = PCURVE('',#90,#1885);
#1885 = DEFINITIONAL_REPRESENTATION('',(#1886),#1890);
#1886 = LINE('',#1887,#1888);
#1887 = CARTESIAN_POINT('',(8.061470804803,-38.55887171034));
#1888 = VECTOR('',#1889,1.);
#1889 = DIRECTION('',(1.,1.224646799147E-16));
#1890 = ( GEOMETRIC_REPRESENTATION_CONTEXT(2) 
PARAMETRIC_REPRESENTATION_CONTEXT() REPRESENTATION_CONTEXT('2D SPACE',''
  ) );
#1891 = PCURVE('',#720,#1892);
#1892 = DEFINITIONAL_REPRESENTATION('',(#1893),#1897);
#1893 = LINE('',#1894,#1895);
#1894 = CARTESIAN_POINT('',(-3.865671268031E-04,0.));
#1895 = VECTOR('',#1896,1.);
#1896 = DIRECTION('',(1.,0.));
#1897 = ( GEOMETRIC_REPRESENTATION_CONTEXT(2) 
PARAMETRIC_REPRESENTATION_CONTEXT() REPRESENTATION_CONTEXT('2D SPACE',''
  ) );
#1898 = ORIENTED_EDGE('',*,*,#1899,.F.);
#1899 = EDGE_CURVE('',#1900,#1877,#1902,.T.);
#1900 = VERTEX_POINT('',#1901);
#1901 = CARTESIAN_POINT('',(21.220033480383,-36.42264409752,9.25));
#1902 = SURFACE_CURVE('',#1903,(#1907,#1914),.PCURVE_S1.);
#1903 = LINE('',#1904,#1905);
#1904 = CARTESIAN_POINT('',(21.220033480383,-29.1726441092,9.25));
#1905 = VECTOR('',#1906,1.);
#1906 = DIRECTION('',(-1.224646799147E-16,-1.,0.));
#1907 = PCURVE('',#90,#1908);
#1908 = DEFINITIONAL_REPRESENTATION('',(#1909),#1913);
#1909 = LINE('',#1910,#1911);
#1910 = CARTESIAN_POINT('',(10.486470804803,-30.15887171034));
#1911 = VECTOR('',#1912,1.);
#1912 = DIRECTION('',(1.224646799147E-16,-1.));
#1913 = ( GEOMETRIC_REPRESENTATION_CONTEXT(2) 
PARAMETRIC_REPRESENTATION_CONTEXT() REPRESENTATION_CONTEXT('2D SPACE',''
  ) );
#1914 = PCURVE('',#748,#1915);
#1915 = DEFINITIONAL_REPRESENTATION('',(#1916),#1920);
#1916 = LINE('',#1917,#1918);
#1917 = CARTESIAN_POINT('',(-7.249999988321,0.));
#1918 = VECTOR('',#1919,1.);
#1919 = DIRECTION('',(1.,0.));
#1920 = ( GEOMETRIC_REPRESENTATION_CONTEXT(2) 
PARAMETRIC_REPRESENTATION_CONTEXT() REPRESENTATION_CONTEXT('2D SPACE',''
  ) );
#1921 = ORIENTED_EDGE('',*,*,#1922,.F.);
#1922 = EDGE_CURVE('',#1923,#1900,#1925,.T.);
#1923 = VERTEX_POINT('',#1924);
#1924 = CARTESIAN_POINT('',(21.670033480383,-35.97264410336,9.25));
#1925 = SURFACE_CURVE('',#1926,(#1931,#1942),.PCURVE_S1.);
#1926 = CIRCLE('',#1927,0.45);
#1927 = AXIS2_PLACEMENT_3D('',#1928,#1929,#1930);
#1928 = CARTESIAN_POINT('',(21.670033480383,-36.42264409752,9.25));
#1929 = DIRECTION('',(0.,0.,1.));
#1930 = DIRECTION('',(-1.,1.224646799147E-16,0.));
#1931 = PCURVE('',#90,#1932);
#1932 = DEFINITIONAL_REPRESENTATION('',(#1933),#1941);
#1933 = ( BOUNDED_CURVE() B_SPLINE_CURVE(2,(#1934,#1935,#1936,#1937,
#1938,#1939,#1940),.UNSPECIFIED.,.T.,.F.) B_SPLINE_CURVE_WITH_KNOTS((1,2
    ,2,2,2,1),(-2.094395102393,0.,2.094395102393,4.188790204786,
6.28318530718,8.377580409573),.UNSPECIFIED.) CURVE() 
GEOMETRIC_REPRESENTATION_ITEM() RATIONAL_B_SPLINE_CURVE((1.,0.5,1.,0.5,
1.,0.5,1.)) REPRESENTATION_ITEM('') );
#1934 = CARTESIAN_POINT('',(10.486470804803,-37.40887169866));
#1935 = CARTESIAN_POINT('',(10.486470804803,-38.18829456206));
#1936 = CARTESIAN_POINT('',(9.811470804803,-37.79858313036));
#1937 = CARTESIAN_POINT('',(9.136470804803,-37.40887169866));
#1938 = CARTESIAN_POINT('',(9.811470804803,-37.01916026696));
#1939 = CARTESIAN_POINT('',(10.486470804803,-36.62944883525));
#1940 = CARTESIAN_POINT('',(10.486470804803,-37.40887169866));
#1941 = ( GEOMETRIC_REPRESENTATION_CONTEXT(2) 
PARAMETRIC_REPRESENTATION_CONTEXT() REPRESENTATION_CONTEXT('2D SPACE',''
  ) );
#1942 = PCURVE('',#781,#1943);
#1943 = DEFINITIONAL_REPRESENTATION('',(#1944),#1948);
#1944 = LINE('',#1945,#1946);
#1945 = CARTESIAN_POINT('',(-0.,0.));
#1946 = VECTOR('',#1947,1.);
#1947 = DIRECTION('',(-1.,0.));
#1948 = ( GEOMETRIC_REPRESENTATION_CONTEXT(2) 
PARAMETRIC_REPRESENTATION_CONTEXT() REPRESENTATION_CONTEXT('2D SPACE',''
  ) );
#1949 = ORIENTED_EDGE('',*,*,#1950,.F.);
#1950 = EDGE_CURVE('',#1951,#1923,#1953,.T.);
#1951 = VERTEX_POINT('',#1952);
#1952 = CARTESIAN_POINT('',(24.120033480383,-35.9726441092,9.25));
#1953 = SURFACE_CURVE('',#1954,(#1958,#1965),.PCURVE_S1.);
#1954 = LINE('',#1955,#1956);
#1955 = CARTESIAN_POINT('',(23.145033480383,-35.9726441092,9.25));
#1956 = VECTOR('',#1957,1.);
#1957 = DIRECTION('',(-1.,1.224646799147E-16,0.));
#1958 = PCURVE('',#90,#1959);
#1959 = DEFINITIONAL_REPRESENTATION('',(#1960),#1964);
#1960 = LINE('',#1961,#1962);
#1961 = CARTESIAN_POINT('',(8.561470804803,-36.95887171034));
#1962 = VECTOR('',#1963,1.);
#1963 = DIRECTION('',(1.,1.224646799147E-16));
#1964 = ( GEOMETRIC_REPRESENTATION_CONTEXT(2) 
PARAMETRIC_REPRESENTATION_CONTEXT() REPRESENTATION_CONTEXT('2D SPACE',''
  ) );
#1965 = PCURVE('',#809,#1966);
#1966 = DEFINITIONAL_REPRESENTATION('',(#1967),#1971);
#1967 = LINE('',#1968,#1969);
#1968 = CARTESIAN_POINT('',(0.975,0.));
#1969 = VECTOR('',#1970,1.);
#1970 = DIRECTION('',(1.,0.));
#1971 = ( GEOMETRIC_REPRESENTATION_CONTEXT(2) 
PARAMETRIC_REPRESENTATION_CONTEXT() REPRESENTATION_CONTEXT('2D SPACE',''
  ) );
#1972 = ORIENTED_EDGE('',*,*,#1973,.T.);
#1973 = EDGE_CURVE('',#1951,#1974,#1976,.T.);
#1974 = VERTEX_POINT('',#1975);
#1975 = CARTESIAN_POINT('',(28.601967093262,-35.41024372149,9.25));
#1976 = SURFACE_CURVE('',#1977,(#1982,#1993),.PCURVE_S1.);
#1977 = CIRCLE('',#1978,3.25);
#1978 = AXIS2_PLACEMENT_3D('',#1979,#1980,#1981);
#1979 = CARTESIAN_POINT('',(26.070033480383,-33.3726441092,9.25));
#1980 = DIRECTION('',(0.,0.,1.));
#1981 = DIRECTION('',(-1.,1.224646799147E-16,0.));
#1982 = PCURVE('',#90,#1983);
#1983 = DEFINITIONAL_REPRESENTATION('',(#1984),#1992);
#1984 = ( BOUNDED_CURVE() B_SPLINE_CURVE(2,(#1985,#1986,#1987,#1988,
#1989,#1990,#1991),.UNSPECIFIED.,.T.,.F.) B_SPLINE_CURVE_WITH_KNOTS((1,2
    ,2,2,2,1),(-2.094395102393,0.,2.094395102393,4.188790204786,
6.28318530718,8.377580409573),.UNSPECIFIED.) CURVE() 
GEOMETRIC_REPRESENTATION_ITEM() RATIONAL_B_SPLINE_CURVE((1.,0.5,1.,0.5,
1.,0.5,1.)) REPRESENTATION_ITEM('') );
#1985 = CARTESIAN_POINT('',(8.886470804803,-34.35887171034));
#1986 = CARTESIAN_POINT('',(8.886470804803,-39.98803683494));
#1987 = CARTESIAN_POINT('',(4.011470804803,-37.17345427264));
#1988 = CARTESIAN_POINT('',(-0.863529195197,-34.35887171034));
#1989 = CARTESIAN_POINT('',(4.011470804803,-31.54428914804));
#1990 = CARTESIAN_POINT('',(8.886470804803,-28.72970658574));
#1991 = CARTESIAN_POINT('',(8.886470804803,-34.35887171034));
#1992 = ( GEOMETRIC_REPRESENTATION_CONTEXT(2) 
PARAMETRIC_REPRESENTATION_CONTEXT() REPRESENTATION_CONTEXT('2D SPACE',''
  ) );
#1993 = PCURVE('',#842,#1994);
#1994 = DEFINITIONAL_REPRESENTATION('',(#1995),#1999);
#1995 = LINE('',#1996,#1997);
#1996 = CARTESIAN_POINT('',(-0.,0.));
#1997 = VECTOR('',#1998,1.);
#1998 = DIRECTION('',(-1.,0.));
#1999 = ( GEOMETRIC_REPRESENTATION_CONTEXT(2) 
PARAMETRIC_REPRESENTATION_CONTEXT() REPRESENTATION_CONTEXT('2D SPACE',''
  ) );
#2000 = ORIENTED_EDGE('',*,*,#2001,.T.);
#2001 = EDGE_CURVE('',#1974,#2002,#2004,.T.);
#2002 = VERTEX_POINT('',#2003);
#2003 = CARTESIAN_POINT('',(29.320033480383,-33.3726441092,9.25));
#2004 = SURFACE_CURVE('',#2005,(#2010,#2021),.PCURVE_S1.);
#2005 = CIRCLE('',#2006,3.25);
#2006 = AXIS2_PLACEMENT_3D('',#2007,#2008,#2009);
#2007 = CARTESIAN_POINT('',(26.070033480383,-33.3726441092,9.25));
#2008 = DIRECTION('',(0.,0.,1.));
#2009 = DIRECTION('',(1.,0.,-0.));
#2010 = PCURVE('',#90,#2011);
#2011 = DEFINITIONAL_REPRESENTATION('',(#2012),#2020);
#2012 = ( BOUNDED_CURVE() B_SPLINE_CURVE(2,(#2013,#2014,#2015,#2016,
#2017,#2018,#2019),.UNSPECIFIED.,.T.,.F.) B_SPLINE_CURVE_WITH_KNOTS((1,2
    ,2,2,2,1),(-2.094395102393,0.,2.094395102393,4.188790204786,
6.28318530718,8.377580409573),.UNSPECIFIED.) CURVE() 
GEOMETRIC_REPRESENTATION_ITEM() RATIONAL_B_SPLINE_CURVE((1.,0.5,1.,0.5,
1.,0.5,1.)) REPRESENTATION_ITEM('') );
#2013 = CARTESIAN_POINT('',(2.386470804803,-34.35887171034));
#2014 = CARTESIAN_POINT('',(2.386470804803,-28.72970658574));
#2015 = CARTESIAN_POINT('',(7.261470804803,-31.54428914804));
#2016 = CARTESIAN_POINT('',(12.136470804803,-34.35887171034));
#2017 = CARTESIAN_POINT('',(7.261470804803,-37.17345427264));
#2018 = CARTESIAN_POINT('',(2.386470804803,-39.98803683494));
#2019 = CARTESIAN_POINT('',(2.386470804803,-34.35887171034));
#2020 = ( GEOMETRIC_REPRESENTATION_CONTEXT(2) 
PARAMETRIC_REPRESENTATION_CONTEXT() REPRESENTATION_CONTEXT('2D SPACE',''
  ) );
#2021 = PCURVE('',#875,#2022);
#2022 = DEFINITIONAL_REPRESENTATION('',(#2023),#2027);
#2023 = LINE('',#2024,#2025);
#2024 = CARTESIAN_POINT('',(-3.14159265359,0.));
#2025 = VECTOR('',#2026,1.);
#2026 = DIRECTION('',(-1.,-0.));
#2027 = ( GEOMETRIC_REPRESENTATION_CONTEXT(2) 
PARAMETRIC_REPRESENTATION_CONTEXT() REPRESENTATION_CONTEXT('2D SPACE',''
  ) );
#2028 = ORIENTED_EDGE('',*,*,#2029,.T.);
#2029 = EDGE_CURVE('',#2002,#2030,#2032,.T.);
#2030 = VERTEX_POINT('',#2031);
#2031 = CARTESIAN_POINT('',(24.120033480383,-30.7726441092,9.25));
#2032 = SURFACE_CURVE('',#2033,(#2038,#2049),.PCURVE_S1.);
#2033 = CIRCLE('',#2034,3.25);
#2034 = AXIS2_PLACEMENT_3D('',#2035,#2036,#2037);
#2035 = CARTESIAN_POINT('',(26.070033480383,-33.3726441092,9.25));
#2036 = DIRECTION('',(0.,0.,1.));
#2037 = DIRECTION('',(1.,0.,-0.));
#2038 = PCURVE('',#90,#2039);
#2039 = DEFINITIONAL_REPRESENTATION('',(#2040),#2048);
#2040 = ( BOUNDED_CURVE() B_SPLINE_CURVE(2,(#2041,#2042,#2043,#2044,
#2045,#2046,#2047),.UNSPECIFIED.,.T.,.F.) B_SPLINE_CURVE_WITH_KNOTS((1,2
    ,2,2,2,1),(-2.094395102393,0.,2.094395102393,4.188790204786,
6.28318530718,8.377580409573),.UNSPECIFIED.) CURVE() 
GEOMETRIC_REPRESENTATION_ITEM() RATIONAL_B_SPLINE_CURVE((1.,0.5,1.,0.5,
1.,0.5,1.)) REPRESENTATION_ITEM('') );
#2041 = CARTESIAN_POINT('',(2.386470804803,-34.35887171034));
#2042 = CARTESIAN_POINT('',(2.386470804803,-28.72970658574));
#2043 = CARTESIAN_POINT('',(7.261470804803,-31.54428914804));
#2044 = CARTESIAN_POINT('',(12.136470804803,-34.35887171034));
#2045 = CARTESIAN_POINT('',(7.261470804803,-37.17345427264));
#2046 = CARTESIAN_POINT('',(2.386470804803,-39.98803683494));
#2047 = CARTESIAN_POINT('',(2.386470804803,-34.35887171034));
#2048 = ( GEOMETRIC_REPRESENTATION_CONTEXT(2) 
PARAMETRIC_REPRESENTATION_CONTEXT() REPRESENTATION_CONTEXT('2D SPACE',''
  ) );
#2049 = PCURVE('',#904,#2050);
#2050 = DEFINITIONAL_REPRESENTATION('',(#2051),#2055);
#2051 = LINE('',#2052,#2053);
#2052 = CARTESIAN_POINT('',(-3.14159265359,0.));
#2053 = VECTOR('',#2054,1.);
#2054 = DIRECTION('',(-1.,-0.));
#2055 = ( GEOMETRIC_REPRESENTATION_CONTEXT(2) 
PARAMETRIC_REPRESENTATION_CONTEXT() REPRESENTATION_CONTEXT('2D SPACE',''
  ) );
#2056 = ORIENTED_EDGE('',*,*,#2057,.T.);
#2057 = EDGE_CURVE('',#2030,#2058,#2060,.T.);
#2058 = VERTEX_POINT('',#2059);
#2059 = CARTESIAN_POINT('',(21.670033480383,-30.77264410774,9.25));
#2060 = SURFACE_CURVE('',#2061,(#2065,#2072),.PCURVE_S1.);
#2061 = LINE('',#2062,#2063);
#2062 = CARTESIAN_POINT('',(23.145033480383,-30.7726441092,9.25));
#2063 = VECTOR('',#2064,1.);
#2064 = DIRECTION('',(-1.,1.224646799147E-16,0.));
#2065 = PCURVE('',#90,#2066);
#2066 = DEFINITIONAL_REPRESENTATION('',(#2067),#2071);
#2067 = LINE('',#2068,#2069);
#2068 = CARTESIAN_POINT('',(8.561470804803,-31.75887171034));
#2069 = VECTOR('',#2070,1.);
#2070 = DIRECTION('',(1.,1.224646799147E-16));
#2071 = ( GEOMETRIC_REPRESENTATION_CONTEXT(2) 
PARAMETRIC_REPRESENTATION_CONTEXT() REPRESENTATION_CONTEXT('2D SPACE',''
  ) );
#2072 = PCURVE('',#932,#2073);
#2073 = DEFINITIONAL_REPRESENTATION('',(#2074),#2078);
#2074 = LINE('',#2075,#2076);
#2075 = CARTESIAN_POINT('',(0.975,0.));
#2076 = VECTOR('',#2077,1.);
#2077 = DIRECTION('',(1.,0.));
#2078 = ( GEOMETRIC_REPRESENTATION_CONTEXT(2) 
PARAMETRIC_REPRESENTATION_CONTEXT() REPRESENTATION_CONTEXT('2D SPACE',''
  ) );
#2079 = ORIENTED_EDGE('',*,*,#2080,.F.);
#2080 = EDGE_CURVE('',#2081,#2058,#2083,.T.);
#2081 = VERTEX_POINT('',#2082);
#2082 = CARTESIAN_POINT('',(21.220033480383,-30.32264410627,9.25));
#2083 = SURFACE_CURVE('',#2084,(#2089,#2100),.PCURVE_S1.);
#2084 = CIRCLE('',#2085,0.45);
#2085 = AXIS2_PLACEMENT_3D('',#2086,#2087,#2088);
#2086 = CARTESIAN_POINT('',(21.670033480383,-30.32264410627,9.25));
#2087 = DIRECTION('',(0.,0.,1.));
#2088 = DIRECTION('',(-1.,1.224646799147E-16,0.));
#2089 = PCURVE('',#90,#2090);
#2090 = DEFINITIONAL_REPRESENTATION('',(#2091),#2099);
#2091 = ( BOUNDED_CURVE() B_SPLINE_CURVE(2,(#2092,#2093,#2094,#2095,
#2096,#2097,#2098),.UNSPECIFIED.,.T.,.F.) B_SPLINE_CURVE_WITH_KNOTS((1,2
    ,2,2,2,1),(-2.094395102393,0.,2.094395102393,4.188790204786,
6.28318530718,8.377580409573),.UNSPECIFIED.) CURVE() 
GEOMETRIC_REPRESENTATION_ITEM() RATIONAL_B_SPLINE_CURVE((1.,0.5,1.,0.5,
1.,0.5,1.)) REPRESENTATION_ITEM('') );
#2092 = CARTESIAN_POINT('',(10.486470804803,-31.30887170741));
#2093 = CARTESIAN_POINT('',(10.486470804803,-32.08829457081));
#2094 = CARTESIAN_POINT('',(9.811470804803,-31.69858313911));
#2095 = CARTESIAN_POINT('',(9.136470804803,-31.30887170741));
#2096 = CARTESIAN_POINT('',(9.811470804803,-30.9191602757));
#2097 = CARTESIAN_POINT('',(10.486470804803,-30.529448844));
#2098 = CARTESIAN_POINT('',(10.486470804803,-31.30887170741));
#2099 = ( GEOMETRIC_REPRESENTATION_CONTEXT(2) 
PARAMETRIC_REPRESENTATION_CONTEXT() REPRESENTATION_CONTEXT('2D SPACE',''
  ) );
#2100 = PCURVE('',#965,#2101);
#2101 = DEFINITIONAL_REPRESENTATION('',(#2102),#2106);
#2102 = LINE('',#2103,#2104);
#2103 = CARTESIAN_POINT('',(-0.,0.));
#2104 = VECTOR('',#2105,1.);
#2105 = DIRECTION('',(-1.,0.));
#2106 = ( GEOMETRIC_REPRESENTATION_CONTEXT(2) 
PARAMETRIC_REPRESENTATION_CONTEXT() REPRESENTATION_CONTEXT('2D SPACE',''
  ) );
#2107 = ORIENTED_EDGE('',*,*,#2108,.F.);
#2108 = EDGE_CURVE('',#2109,#2081,#2111,.T.);
#2109 = VERTEX_POINT('',#2110);
#2110 = CARTESIAN_POINT('',(21.220033480383,-29.1726441092,9.25));
#2111 = SURFACE_CURVE('',#2112,(#2116,#2123),.PCURVE_S1.);
#2112 = LINE('',#2113,#2114);
#2113 = CARTESIAN_POINT('',(21.220033480383,-29.1726441092,9.25));
#2114 = VECTOR('',#2115,1.);
#2115 = DIRECTION('',(-1.224646799147E-16,-1.,0.));
#2116 = PCURVE('',#90,#2117);
#2117 = DEFINITIONAL_REPRESENTATION('',(#2118),#2122);
#2118 = LINE('',#2119,#2120);
#2119 = CARTESIAN_POINT('',(10.486470804803,-30.15887171034));
#2120 = VECTOR('',#2121,1.);
#2121 = DIRECTION('',(1.224646799147E-16,-1.));
#2122 = ( GEOMETRIC_REPRESENTATION_CONTEXT(2) 
PARAMETRIC_REPRESENTATION_CONTEXT() REPRESENTATION_CONTEXT('2D SPACE',''
  ) );
#2123 = PCURVE('',#993,#2124);
#2124 = DEFINITIONAL_REPRESENTATION('',(#2125),#2129);
#2125 = LINE('',#2126,#2127);
#2126 = CARTESIAN_POINT('',(0.,0.));
#2127 = VECTOR('',#2128,1.);
#2128 = DIRECTION('',(1.,0.));
#2129 = ( GEOMETRIC_REPRESENTATION_CONTEXT(2) 
PARAMETRIC_REPRESENTATION_CONTEXT() REPRESENTATION_CONTEXT('2D SPACE',''
  ) );
#2130 = ORIENTED_EDGE('',*,*,#2131,.F.);
#2131 = EDGE_CURVE('',#2132,#2109,#2134,.T.);
#2132 = VERTEX_POINT('',#2133);
#2133 = CARTESIAN_POINT('',(23.644646913257,-29.1726441092,9.25));
#2134 = SURFACE_CURVE('',#2135,(#2139,#2146),.PCURVE_S1.);
#2135 = LINE('',#2136,#2137);
#2136 = CARTESIAN_POINT('',(23.645033480383,-29.1726441092,9.25));
#2137 = VECTOR('',#2138,1.);
#2138 = DIRECTION('',(-1.,1.224646799147E-16,0.));
#2139 = PCURVE('',#90,#2140);
#2140 = DEFINITIONAL_REPRESENTATION('',(#2141),#2145);
#2141 = LINE('',#2142,#2143);
#2142 = CARTESIAN_POINT('',(8.061470804803,-30.15887171034));
#2143 = VECTOR('',#2144,1.);
#2144 = DIRECTION('',(1.,1.224646799147E-16));
#2145 = ( GEOMETRIC_REPRESENTATION_CONTEXT(2) 
PARAMETRIC_REPRESENTATION_CONTEXT() REPRESENTATION_CONTEXT('2D SPACE',''
  ) );
#2146 = PCURVE('',#1021,#2147);
#2147 = DEFINITIONAL_REPRESENTATION('',(#2148),#2152);
#2148 = LINE('',#2149,#2150);
#2149 = CARTESIAN_POINT('',(-3.865671267995E-04,0.));
#2150 = VECTOR('',#2151,1.);
#2151 = DIRECTION('',(1.,0.));
#2152 = ( GEOMETRIC_REPRESENTATION_CONTEXT(2) 
PARAMETRIC_REPRESENTATION_CONTEXT() REPRESENTATION_CONTEXT('2D SPACE',''
  ) );
#2153 = ORIENTED_EDGE('',*,*,#2154,.F.);
#2154 = EDGE_CURVE('',#2155,#2132,#2157,.T.);
#2155 = VERTEX_POINT('',#2156);
#2156 = CARTESIAN_POINT('',(29.211101342906,-29.67721548954,9.25));
#2157 = SURFACE_CURVE('',#2158,(#2163,#2174),.PCURVE_S1.);
#2158 = CIRCLE('',#2159,4.85);
#2159 = AXIS2_PLACEMENT_3D('',#2160,#2161,#2162);
#2160 = CARTESIAN_POINT('',(26.070033480383,-33.3726441092,9.25));
#2161 = DIRECTION('',(0.,0.,1.));
#2162 = DIRECTION('',(-1.,1.224646799147E-16,0.));
#2163 = PCURVE('',#90,#2164);
#2164 = DEFINITIONAL_REPRESENTATION('',(#2165),#2173);
#2165 = ( BOUNDED_CURVE() B_SPLINE_CURVE(2,(#2166,#2167,#2168,#2169,
#2170,#2171,#2172),.UNSPECIFIED.,.T.,.F.) B_SPLINE_CURVE_WITH_KNOTS((1,2
    ,2,2,2,1),(-2.094395102393,0.,2.094395102393,4.188790204786,
6.28318530718,8.377580409573),.UNSPECIFIED.) CURVE() 
GEOMETRIC_REPRESENTATION_ITEM() RATIONAL_B_SPLINE_CURVE((1.,0.5,1.,0.5,
1.,0.5,1.)) REPRESENTATION_ITEM('') );
#2166 = CARTESIAN_POINT('',(10.486470804803,-34.35887171034));
#2167 = CARTESIAN_POINT('',(10.486470804803,-42.75931812705));
#2168 = CARTESIAN_POINT('',(3.211470804803,-38.55909491869));
#2169 = CARTESIAN_POINT('',(-4.063529195197,-34.35887171034));
#2170 = CARTESIAN_POINT('',(3.211470804803,-30.15864850198));
#2171 = CARTESIAN_POINT('',(10.486470804803,-25.95842529363));
#2172 = CARTESIAN_POINT('',(10.486470804803,-34.35887171034));
#2173 = ( GEOMETRIC_REPRESENTATION_CONTEXT(2) 
PARAMETRIC_REPRESENTATION_CONTEXT() REPRESENTATION_CONTEXT('2D SPACE',''
  ) );
#2174 = PCURVE('',#1054,#2175);
#2175 = DEFINITIONAL_REPRESENTATION('',(#2176),#2180);
#2176 = LINE('',#2177,#2178);
#2177 = CARTESIAN_POINT('',(-0.,0.));
#2178 = VECTOR('',#2179,1.);
#2179 = DIRECTION('',(-1.,0.));
#2180 = ( GEOMETRIC_REPRESENTATION_CONTEXT(2) 
PARAMETRIC_REPRESENTATION_CONTEXT() REPRESENTATION_CONTEXT('2D SPACE',''
  ) );
#2181 = ORIENTED_EDGE('',*,*,#2182,.T.);
#2182 = EDGE_CURVE('',#2155,#2183,#2185,.T.);
#2183 = VERTEX_POINT('',#2184);
#2184 = CARTESIAN_POINT('',(29.406135437038,-27.84160048595,9.25));
#2185 = SURFACE_CURVE('',#2186,(#2190,#2197),.PCURVE_S1.);
#2186 = LINE('',#2187,#2188);
#2187 = CARTESIAN_POINT('',(27.710634652167,-43.79925493179,9.25));
#2188 = VECTOR('',#2189,1.);
#2189 = DIRECTION('',(0.105655299056,0.994402814649,0.));
#2190 = PCURVE('',#90,#2191);
#2191 = DEFINITIONAL_REPRESENTATION('',(#2192),#2196);
#2192 = LINE('',#2193,#2194);
#2193 = CARTESIAN_POINT('',(3.995869633019,-44.78548253292));
#2194 = VECTOR('',#2195,1.);
#2195 = DIRECTION('',(-0.105655299056,0.994402814649));
#2196 = ( GEOMETRIC_REPRESENTATION_CONTEXT(2) 
PARAMETRIC_REPRESENTATION_CONTEXT() REPRESENTATION_CONTEXT('2D SPACE',''
  ) );
#2197 = PCURVE('',#1082,#2198);
#2198 = DEFINITIONAL_REPRESENTATION('',(#2199),#2203);
#2199 = LINE('',#2200,#2201);
#2200 = CARTESIAN_POINT('',(0.,-24.5));
#2201 = VECTOR('',#2202,1.);
#2202 = DIRECTION('',(1.,0.));
#2203 = ( GEOMETRIC_REPRESENTATION_CONTEXT(2) 
PARAMETRIC_REPRESENTATION_CONTEXT() REPRESENTATION_CONTEXT('2D SPACE',''
  ) );
#2204 = ORIENTED_EDGE('',*,*,#2205,.T.);
#2205 = EDGE_CURVE('',#2183,#2206,#2208,.T.);
#2206 = VERTEX_POINT('',#2207);
#2207 = CARTESIAN_POINT('',(30.500579911522,-9.932509085305,9.25));
#2208 = SURFACE_CURVE('',#2209,(#2213,#2220),.PCURVE_S1.);
#2209 = LINE('',#2210,#2211);
#2210 = CARTESIAN_POINT('',(29.406135437038,-27.84160048595,9.25));
#2211 = VECTOR('',#2212,1.);
#2212 = DIRECTION('',(6.099731794136E-02,0.99813792995,0.));
#2213 = PCURVE('',#90,#2214);
#2214 = DEFINITIONAL_REPRESENTATION('',(#2215),#2219);
#2215 = LINE('',#2216,#2217);
#2216 = CARTESIAN_POINT('',(2.300368848149,-28.82782808709));
#2217 = VECTOR('',#2218,1.);
#2218 = DIRECTION('',(-6.099731794136E-02,0.99813792995));
#2219 = ( GEOMETRIC_REPRESENTATION_CONTEXT(2) 
PARAMETRIC_REPRESENTATION_CONTEXT() REPRESENTATION_CONTEXT('2D SPACE',''
  ) );
#2220 = PCURVE('',#1110,#2221);
#2221 = DEFINITIONAL_REPRESENTATION('',(#2222),#2226);
#2222 = LINE('',#2223,#2224);
#2223 = CARTESIAN_POINT('',(0.,-24.5));
#2224 = VECTOR('',#2225,1.);
#2225 = DIRECTION('',(1.,0.));
#2226 = ( GEOMETRIC_REPRESENTATION_CONTEXT(2) 
PARAMETRIC_REPRESENTATION_CONTEXT() REPRESENTATION_CONTEXT('2D SPACE',''
  ) );
#2227 = ORIENTED_EDGE('',*,*,#2228,.T.);
#2228 = EDGE_CURVE('',#2206,#2229,#2231,.T.);
#2229 = VERTEX_POINT('',#2230);
#2230 = CARTESIAN_POINT('',(30.699762528195,9.985752581988,9.25));
#2231 = SURFACE_CURVE('',#2232,(#2236,#2243),.PCURVE_S1.);
#2232 = LINE('',#2233,#2234);
#2233 = CARTESIAN_POINT('',(30.500579911522,-9.932509085305,9.25));
#2234 = VECTOR('',#2235,1.);
#2235 = DIRECTION('',(9.999500037497E-03,0.99995000375,0.));
#2236 = PCURVE('',#90,#2237);
#2237 = DEFINITIONAL_REPRESENTATION('',(#2238),#2242);
#2238 = LINE('',#2239,#2240);
#2239 = CARTESIAN_POINT('',(1.205924373665,-10.91873668644));
#2240 = VECTOR('',#2241,1.);
#2241 = DIRECTION('',(-9.999500037497E-03,0.99995000375));
#2242 = ( GEOMETRIC_REPRESENTATION_CONTEXT(2) 
PARAMETRIC_REPRESENTATION_CONTEXT() REPRESENTATION_CONTEXT('2D SPACE',''
  ) );
#2243 = PCURVE('',#1138,#2244);
#2244 = DEFINITIONAL_REPRESENTATION('',(#2245),#2249);
#2245 = LINE('',#2246,#2247);
#2246 = CARTESIAN_POINT('',(0.,-24.5));
#2247 = VECTOR('',#2248,1.);
#2248 = DIRECTION('',(1.,0.));
#2249 = ( GEOMETRIC_REPRESENTATION_CONTEXT(2) 
PARAMETRIC_REPRESENTATION_CONTEXT() REPRESENTATION_CONTEXT('2D SPACE',''
  ) );
#2250 = ORIENTED_EDGE('',*,*,#2251,.T.);
#2251 = EDGE_CURVE('',#2229,#2252,#2254,.T.);
#2252 = VERTEX_POINT('',#2253);
#2253 = CARTESIAN_POINT('',(30.266828280013,27.303122509268,9.25));
#2254 = SURFACE_CURVE('',#2255,(#2259,#2266),.PCURVE_S1.);
#2255 = LINE('',#2256,#2257);
#2256 = CARTESIAN_POINT('',(30.699762528195,9.985752581988,9.25));
#2257 = VECTOR('',#2258,1.);
#2258 = DIRECTION('',(-2.49921911602E-02,0.999687646408,0.));
#2259 = PCURVE('',#90,#2260);
#2260 = DEFINITIONAL_REPRESENTATION('',(#2261),#2265);
#2261 = LINE('',#2262,#2263);
#2262 = CARTESIAN_POINT('',(1.006741756992,8.999524980853));
#2263 = VECTOR('',#2264,1.);
#2264 = DIRECTION('',(2.49921911602E-02,0.999687646408));
#2265 = ( GEOMETRIC_REPRESENTATION_CONTEXT(2) 
PARAMETRIC_REPRESENTATION_CONTEXT() REPRESENTATION_CONTEXT('2D SPACE',''
  ) );
#2266 = PCURVE('',#1166,#2267);
#2267 = DEFINITIONAL_REPRESENTATION('',(#2268),#2272);
#2268 = LINE('',#2269,#2270);
#2269 = CARTESIAN_POINT('',(0.,-24.5));
#2270 = VECTOR('',#2271,1.);
#2271 = DIRECTION('',(1.,0.));
#2272 = ( GEOMETRIC_REPRESENTATION_CONTEXT(2) 
PARAMETRIC_REPRESENTATION_CONTEXT() REPRESENTATION_CONTEXT('2D SPACE',''
  ) );
#2273 = ORIENTED_EDGE('',*,*,#2274,.F.);
#2274 = EDGE_CURVE('',#2275,#2252,#2277,.T.);
#2275 = VERTEX_POINT('',#2276);
#2276 = CARTESIAN_POINT('',(26.102885527528,27.630806507776,9.25));
#2277 = SURFACE_CURVE('',#2278,(#2283,#2294),.PCURVE_S1.);
#2278 = CIRCLE('',#2279,4.85);
#2279 = AXIS2_PLACEMENT_3D('',#2280,#2281,#2282);
#2280 = CARTESIAN_POINT('',(28.528272094654,31.830806507777,9.25));
#2281 = DIRECTION('',(0.,0.,1.));
#2282 = DIRECTION('',(-1.,1.224646799147E-16,0.));
#2283 = PCURVE('',#90,#2284);
#2284 = DEFINITIONAL_REPRESENTATION('',(#2285),#2293);
#2285 = ( BOUNDED_CURVE() B_SPLINE_CURVE(2,(#2286,#2287,#2288,#2289,
#2290,#2291,#2292),.UNSPECIFIED.,.T.,.F.) B_SPLINE_CURVE_WITH_KNOTS((1,2
    ,2,2,2,1),(-2.094395102393,0.,2.094395102393,4.188790204786,
6.28318530718,8.377580409573),.UNSPECIFIED.) CURVE() 
GEOMETRIC_REPRESENTATION_ITEM() RATIONAL_B_SPLINE_CURVE((1.,0.5,1.,0.5,
1.,0.5,1.)) REPRESENTATION_ITEM('') );
#2286 = CARTESIAN_POINT('',(8.028232190532,30.844578906641));
#2287 = CARTESIAN_POINT('',(8.028232190532,22.444132489932));
#2288 = CARTESIAN_POINT('',(0.753232190532,26.644355698287));
#2289 = CARTESIAN_POINT('',(-6.521767809468,30.844578906641));
#2290 = CARTESIAN_POINT('',(0.753232190532,35.044802114996));
#2291 = CARTESIAN_POINT('',(8.028232190532,39.245025323351));
#2292 = CARTESIAN_POINT('',(8.028232190532,30.844578906641));
#2293 = ( GEOMETRIC_REPRESENTATION_CONTEXT(2) 
PARAMETRIC_REPRESENTATION_CONTEXT() REPRESENTATION_CONTEXT('2D SPACE',''
  ) );
#2294 = PCURVE('',#1199,#2295);
#2295 = DEFINITIONAL_REPRESENTATION('',(#2296),#2300);
#2296 = LINE('',#2297,#2298);
#2297 = CARTESIAN_POINT('',(-0.,0.));
#2298 = VECTOR('',#2299,1.);
#2299 = DIRECTION('',(-1.,0.));
#2300 = ( GEOMETRIC_REPRESENTATION_CONTEXT(2) 
PARAMETRIC_REPRESENTATION_CONTEXT() REPRESENTATION_CONTEXT('2D SPACE',''
  ) );
#2301 = ORIENTED_EDGE('',*,*,#2302,.T.);
#2302 = EDGE_CURVE('',#2275,#2303,#2305,.T.);
#2303 = VERTEX_POINT('',#2304);
#2304 = CARTESIAN_POINT('',(23.678272094654,27.630806507777,9.25));
#2305 = SURFACE_CURVE('',#2306,(#2310,#2317),.PCURVE_S1.);
#2306 = LINE('',#2307,#2308);
#2307 = CARTESIAN_POINT('',(26.103272094654,27.630806507777,9.25));
#2308 = VECTOR('',#2309,1.);
#2309 = DIRECTION('',(-1.,1.224646799147E-16,0.));
#2310 = PCURVE('',#90,#2311);
#2311 = DEFINITIONAL_REPRESENTATION('',(#2312),#2316);
#2312 = LINE('',#2313,#2314);
#2313 = CARTESIAN_POINT('',(5.603232190532,26.644578906641));
#2314 = VECTOR('',#2315,1.);
#2315 = DIRECTION('',(1.,1.224646799147E-16));
#2316 = ( GEOMETRIC_REPRESENTATION_CONTEXT(2) 
PARAMETRIC_REPRESENTATION_CONTEXT() REPRESENTATION_CONTEXT('2D SPACE',''
  ) );
#2317 = PCURVE('',#1227,#2318);
#2318 = DEFINITIONAL_REPRESENTATION('',(#2319),#2323);
#2319 = LINE('',#2320,#2321);
#2320 = CARTESIAN_POINT('',(-3.865671268031E-04,0.));
#2321 = VECTOR('',#2322,1.);
#2322 = DIRECTION('',(1.,0.));
#2323 = ( GEOMETRIC_REPRESENTATION_CONTEXT(2) 
PARAMETRIC_REPRESENTATION_CONTEXT() REPRESENTATION_CONTEXT('2D SPACE',''
  ) );
#2324 = ORIENTED_EDGE('',*,*,#2325,.F.);
#2325 = EDGE_CURVE('',#2326,#2303,#2328,.T.);
#2326 = VERTEX_POINT('',#2327);
#2327 = CARTESIAN_POINT('',(23.678272094654,28.780806519455,9.25));
#2328 = SURFACE_CURVE('',#2329,(#2333,#2340),.PCURVE_S1.);
#2329 = LINE('',#2330,#2331);
#2330 = CARTESIAN_POINT('',(23.678272094654,36.030806507777,9.25));
#2331 = VECTOR('',#2332,1.);
#2332 = DIRECTION('',(-1.224646799147E-16,-1.,0.));
#2333 = PCURVE('',#90,#2334);
#2334 = DEFINITIONAL_REPRESENTATION('',(#2335),#2339);
#2335 = LINE('',#2336,#2337);
#2336 = CARTESIAN_POINT('',(8.028232190532,35.044578906641));
#2337 = VECTOR('',#2338,1.);
#2338 = DIRECTION('',(1.224646799147E-16,-1.));
#2339 = ( GEOMETRIC_REPRESENTATION_CONTEXT(2) 
PARAMETRIC_REPRESENTATION_CONTEXT() REPRESENTATION_CONTEXT('2D SPACE',''
  ) );
#2340 = PCURVE('',#1255,#2341);
#2341 = DEFINITIONAL_REPRESENTATION('',(#2342),#2346);
#2342 = LINE('',#2343,#2344);
#2343 = CARTESIAN_POINT('',(-7.249999988321,0.));
#2344 = VECTOR('',#2345,1.);
#2345 = DIRECTION('',(1.,0.));
#2346 = ( GEOMETRIC_REPRESENTATION_CONTEXT(2) 
PARAMETRIC_REPRESENTATION_CONTEXT() REPRESENTATION_CONTEXT('2D SPACE',''
  ) );
#2347 = ORIENTED_EDGE('',*,*,#2348,.F.);
#2348 = EDGE_CURVE('',#2349,#2326,#2351,.T.);
#2349 = VERTEX_POINT('',#2350);
#2350 = CARTESIAN_POINT('',(24.128272094654,29.230806513616,9.25));
#2351 = SURFACE_CURVE('',#2352,(#2357,#2368),.PCURVE_S1.);
#2352 = CIRCLE('',#2353,0.45);
#2353 = AXIS2_PLACEMENT_3D('',#2354,#2355,#2356);
#2354 = CARTESIAN_POINT('',(24.128272094654,28.780806519455,9.25));
#2355 = DIRECTION('',(0.,0.,1.));
#2356 = DIRECTION('',(-1.,1.224646799147E-16,0.));
#2357 = PCURVE('',#90,#2358);
#2358 = DEFINITIONAL_REPRESENTATION('',(#2359),#2367);
#2359 = ( BOUNDED_CURVE() B_SPLINE_CURVE(2,(#2360,#2361,#2362,#2363,
#2364,#2365,#2366),.UNSPECIFIED.,.T.,.F.) B_SPLINE_CURVE_WITH_KNOTS((1,2
    ,2,2,2,1),(-2.094395102393,0.,2.094395102393,4.188790204786,
6.28318530718,8.377580409573),.UNSPECIFIED.) CURVE() 
GEOMETRIC_REPRESENTATION_ITEM() RATIONAL_B_SPLINE_CURVE((1.,0.5,1.,0.5,
1.,0.5,1.)) REPRESENTATION_ITEM('') );
#2360 = CARTESIAN_POINT('',(8.028232190532,27.79457891832));
#2361 = CARTESIAN_POINT('',(8.028232190532,27.015156054914));
#2362 = CARTESIAN_POINT('',(7.353232190532,27.404867486617));
#2363 = CARTESIAN_POINT('',(6.678232190532,27.79457891832));
#2364 = CARTESIAN_POINT('',(7.353232190532,28.184290350023));
#2365 = CARTESIAN_POINT('',(8.028232190532,28.574001781726));
#2366 = CARTESIAN_POINT('',(8.028232190532,27.79457891832));
#2367 = ( GEOMETRIC_REPRESENTATION_CONTEXT(2) 
PARAMETRIC_REPRESENTATION_CONTEXT() REPRESENTATION_CONTEXT('2D SPACE',''
  ) );
#2368 = PCURVE('',#1288,#2369);
#2369 = DEFINITIONAL_REPRESENTATION('',(#2370),#2374);
#2370 = LINE('',#2371,#2372);
#2371 = CARTESIAN_POINT('',(-0.,0.));
#2372 = VECTOR('',#2373,1.);
#2373 = DIRECTION('',(-1.,0.));
#2374 = ( GEOMETRIC_REPRESENTATION_CONTEXT(2) 
PARAMETRIC_REPRESENTATION_CONTEXT() REPRESENTATION_CONTEXT('2D SPACE',''
  ) );
#2375 = ORIENTED_EDGE('',*,*,#2376,.F.);
#2376 = EDGE_CURVE('',#2377,#2349,#2379,.T.);
#2377 = VERTEX_POINT('',#2378);
#2378 = CARTESIAN_POINT('',(26.578272094654,29.230806507776,9.25));
#2379 = SURFACE_CURVE('',#2380,(#2384,#2391),.PCURVE_S1.);
#2380 = LINE('',#2381,#2382);
#2381 = CARTESIAN_POINT('',(25.603272094654,29.230806507777,9.25));
#2382 = VECTOR('',#2383,1.);
#2383 = DIRECTION('',(-1.,1.224646799147E-16,0.));
#2384 = PCURVE('',#90,#2385);
#2385 = DEFINITIONAL_REPRESENTATION('',(#2386),#2390);
#2386 = LINE('',#2387,#2388);
#2387 = CARTESIAN_POINT('',(6.103232190532,28.244578906641));
#2388 = VECTOR('',#2389,1.);
#2389 = DIRECTION('',(1.,1.224646799147E-16));
#2390 = ( GEOMETRIC_REPRESENTATION_CONTEXT(2) 
PARAMETRIC_REPRESENTATION_CONTEXT() REPRESENTATION_CONTEXT('2D SPACE',''
  ) );
#2391 = PCURVE('',#1316,#2392);
#2392 = DEFINITIONAL_REPRESENTATION('',(#2393),#2397);
#2393 = LINE('',#2394,#2395);
#2394 = CARTESIAN_POINT('',(0.975,0.));
#2395 = VECTOR('',#2396,1.);
#2396 = DIRECTION('',(1.,0.));
#2397 = ( GEOMETRIC_REPRESENTATION_CONTEXT(2) 
PARAMETRIC_REPRESENTATION_CONTEXT() REPRESENTATION_CONTEXT('2D SPACE',''
  ) );
#2398 = ORIENTED_EDGE('',*,*,#2399,.T.);
#2399 = EDGE_CURVE('',#2377,#2400,#2402,.T.);
#2400 = VERTEX_POINT('',#2401);
#2401 = CARTESIAN_POINT('',(30.222965619401,29.057628933732,9.25));
#2402 = SURFACE_CURVE('',#2403,(#2408,#2419),.PCURVE_S1.);
#2403 = CIRCLE('',#2404,3.25);
#2404 = AXIS2_PLACEMENT_3D('',#2405,#2406,#2407);
#2405 = CARTESIAN_POINT('',(28.528272094654,31.830806507777,9.25));
#2406 = DIRECTION('',(0.,0.,1.));
#2407 = DIRECTION('',(-1.,1.224646799147E-16,0.));
#2408 = PCURVE('',#90,#2409);
#2409 = DEFINITIONAL_REPRESENTATION('',(#2410),#2418);
#2410 = ( BOUNDED_CURVE() B_SPLINE_CURVE(2,(#2411,#2412,#2413,#2414,
#2415,#2416,#2417),.UNSPECIFIED.,.T.,.F.) B_SPLINE_CURVE_WITH_KNOTS((1,2
    ,2,2,2,1),(-2.094395102393,0.,2.094395102393,4.188790204786,
6.28318530718,8.377580409573),.UNSPECIFIED.) CURVE() 
GEOMETRIC_REPRESENTATION_ITEM() RATIONAL_B_SPLINE_CURVE((1.,0.5,1.,0.5,
1.,0.5,1.)) REPRESENTATION_ITEM('') );
#2411 = CARTESIAN_POINT('',(6.428232190532,30.844578906641));
#2412 = CARTESIAN_POINT('',(6.428232190532,25.215413782043));
#2413 = CARTESIAN_POINT('',(1.553232190532,28.029996344342));
#2414 = CARTESIAN_POINT('',(-3.321767809468,30.844578906641));
#2415 = CARTESIAN_POINT('',(1.553232190532,33.659161468941));
#2416 = CARTESIAN_POINT('',(6.428232190532,36.47374403124));
#2417 = CARTESIAN_POINT('',(6.428232190532,30.844578906641));
#2418 = ( GEOMETRIC_REPRESENTATION_CONTEXT(2) 
PARAMETRIC_REPRESENTATION_CONTEXT() REPRESENTATION_CONTEXT('2D SPACE',''
  ) );
#2419 = PCURVE('',#1349,#2420);
#2420 = DEFINITIONAL_REPRESENTATION('',(#2421),#2425);
#2421 = LINE('',#2422,#2423);
#2422 = CARTESIAN_POINT('',(-0.,0.));
#2423 = VECTOR('',#2424,1.);
#2424 = DIRECTION('',(-1.,0.));
#2425 = ( GEOMETRIC_REPRESENTATION_CONTEXT(2) 
PARAMETRIC_REPRESENTATION_CONTEXT() REPRESENTATION_CONTEXT('2D SPACE',''
  ) );
#2426 = ORIENTED_EDGE('',*,*,#2427,.T.);
#2427 = EDGE_CURVE('',#2400,#2428,#2430,.T.);
#2428 = VERTEX_POINT('',#2429);
#2429 = CARTESIAN_POINT('',(31.778272094654,31.830806507777,9.25));
#2430 = SURFACE_CURVE('',#2431,(#2436,#2447),.PCURVE_S1.);
#2431 = CIRCLE('',#2432,3.25);
#2432 = AXIS2_PLACEMENT_3D('',#2433,#2434,#2435);
#2433 = CARTESIAN_POINT('',(28.528272094654,31.830806507777,9.25));
#2434 = DIRECTION('',(0.,0.,1.));
#2435 = DIRECTION('',(1.,0.,-0.));
#2436 = PCURVE('',#90,#2437);
#2437 = DEFINITIONAL_REPRESENTATION('',(#2438),#2446);
#2438 = ( BOUNDED_CURVE() B_SPLINE_CURVE(2,(#2439,#2440,#2441,#2442,
#2443,#2444,#2445),.UNSPECIFIED.,.T.,.F.) B_SPLINE_CURVE_WITH_KNOTS((1,2
    ,2,2,2,1),(-2.094395102393,0.,2.094395102393,4.188790204786,
6.28318530718,8.377580409573),.UNSPECIFIED.) CURVE() 
GEOMETRIC_REPRESENTATION_ITEM() RATIONAL_B_SPLINE_CURVE((1.,0.5,1.,0.5,
1.,0.5,1.)) REPRESENTATION_ITEM('') );
#2439 = CARTESIAN_POINT('',(-7.176780946779E-02,30.844578906641));
#2440 = CARTESIAN_POINT('',(-7.176780946779E-02,36.47374403124));
#2441 = CARTESIAN_POINT('',(4.803232190532,33.659161468941));
#2442 = CARTESIAN_POINT('',(9.678232190532,30.844578906641));
#2443 = CARTESIAN_POINT('',(4.803232190532,28.029996344342));
#2444 = CARTESIAN_POINT('',(-7.176780946778E-02,25.215413782043));
#2445 = CARTESIAN_POINT('',(-7.176780946779E-02,30.844578906641));
#2446 = ( GEOMETRIC_REPRESENTATION_CONTEXT(2) 
PARAMETRIC_REPRESENTATION_CONTEXT() REPRESENTATION_CONTEXT('2D SPACE',''
  ) );
#2447 = PCURVE('',#1382,#2448);
#2448 = DEFINITIONAL_REPRESENTATION('',(#2449),#2453);
#2449 = LINE('',#2450,#2451);
#2450 = CARTESIAN_POINT('',(-3.14159265359,0.));
#2451 = VECTOR('',#2452,1.);
#2452 = DIRECTION('',(-1.,-0.));
#2453 = ( GEOMETRIC_REPRESENTATION_CONTEXT(2) 
PARAMETRIC_REPRESENTATION_CONTEXT() REPRESENTATION_CONTEXT('2D SPACE',''
  ) );
#2454 = ORIENTED_EDGE('',*,*,#2455,.T.);
#2455 = EDGE_CURVE('',#2428,#2456,#2458,.T.);
#2456 = VERTEX_POINT('',#2457);
#2457 = CARTESIAN_POINT('',(26.578272094654,34.430806507777,9.25));
#2458 = SURFACE_CURVE('',#2459,(#2464,#2475),.PCURVE_S1.);
#2459 = CIRCLE('',#2460,3.25);
#2460 = AXIS2_PLACEMENT_3D('',#2461,#2462,#2463);
#2461 = CARTESIAN_POINT('',(28.528272094654,31.830806507777,9.25));
#2462 = DIRECTION('',(0.,0.,1.));
#2463 = DIRECTION('',(1.,0.,-0.));
#2464 = PCURVE('',#90,#2465);
#2465 = DEFINITIONAL_REPRESENTATION('',(#2466),#2474);
#2466 = ( BOUNDED_CURVE() B_SPLINE_CURVE(2,(#2467,#2468,#2469,#2470,
#2471,#2472,#2473),.UNSPECIFIED.,.T.,.F.) B_SPLINE_CURVE_WITH_KNOTS((1,2
    ,2,2,2,1),(-2.094395102393,0.,2.094395102393,4.188790204786,
6.28318530718,8.377580409573),.UNSPECIFIED.) CURVE() 
GEOMETRIC_REPRESENTATION_ITEM() RATIONAL_B_SPLINE_CURVE((1.,0.5,1.,0.5,
1.,0.5,1.)) REPRESENTATION_ITEM('') );
#2467 = CARTESIAN_POINT('',(-7.176780946779E-02,30.844578906641));
#2468 = CARTESIAN_POINT('',(-7.176780946779E-02,36.47374403124));
#2469 = CARTESIAN_POINT('',(4.803232190532,33.659161468941));
#2470 = CARTESIAN_POINT('',(9.678232190532,30.844578906641));
#2471 = CARTESIAN_POINT('',(4.803232190532,28.029996344342));
#2472 = CARTESIAN_POINT('',(-7.176780946778E-02,25.215413782043));
#2473 = CARTESIAN_POINT('',(-7.176780946779E-02,30.844578906641));
#2474 = ( GEOMETRIC_REPRESENTATION_CONTEXT(2) 
PARAMETRIC_REPRESENTATION_CONTEXT() REPRESENTATION_CONTEXT('2D SPACE',''
  ) );
#2475 = PCURVE('',#1411,#2476);
#2476 = DEFINITIONAL_REPRESENTATION('',(#2477),#2481);
#2477 = LINE('',#2478,#2479);
#2478 = CARTESIAN_POINT('',(-3.14159265359,0.));
#2479 = VECTOR('',#2480,1.);
#2480 = DIRECTION('',(-1.,-0.));
#2481 = ( GEOMETRIC_REPRESENTATION_CONTEXT(2) 
PARAMETRIC_REPRESENTATION_CONTEXT() REPRESENTATION_CONTEXT('2D SPACE',''
  ) );
#2482 = ORIENTED_EDGE('',*,*,#2483,.T.);
#2483 = EDGE_CURVE('',#2456,#2484,#2486,.T.);
#2484 = VERTEX_POINT('',#2485);
#2485 = CARTESIAN_POINT('',(24.128272094654,34.430806509242,9.25));
#2486 = SURFACE_CURVE('',#2487,(#2491,#2498),.PCURVE_S1.);
#2487 = LINE('',#2488,#2489);
#2488 = CARTESIAN_POINT('',(25.603272094654,34.430806507777,9.25));
#2489 = VECTOR('',#2490,1.);
#2490 = DIRECTION('',(-1.,1.224646799147E-16,0.));
#2491 = PCURVE('',#90,#2492);
#2492 = DEFINITIONAL_REPRESENTATION('',(#2493),#2497);
#2493 = LINE('',#2494,#2495);
#2494 = CARTESIAN_POINT('',(6.103232190532,33.444578906641));
#2495 = VECTOR('',#2496,1.);
#2496 = DIRECTION('',(1.,1.224646799147E-16));
#2497 = ( GEOMETRIC_REPRESENTATION_CONTEXT(2) 
PARAMETRIC_REPRESENTATION_CONTEXT() REPRESENTATION_CONTEXT('2D SPACE',''
  ) );
#2498 = PCURVE('',#1439,#2499);
#2499 = DEFINITIONAL_REPRESENTATION('',(#2500),#2504);
#2500 = LINE('',#2501,#2502);
#2501 = CARTESIAN_POINT('',(0.975,0.));
#2502 = VECTOR('',#2503,1.);
#2503 = DIRECTION('',(1.,0.));
#2504 = ( GEOMETRIC_REPRESENTATION_CONTEXT(2) 
PARAMETRIC_REPRESENTATION_CONTEXT() REPRESENTATION_CONTEXT('2D SPACE',''
  ) );
#2505 = ORIENTED_EDGE('',*,*,#2506,.F.);
#2506 = EDGE_CURVE('',#2507,#2484,#2509,.T.);
#2507 = VERTEX_POINT('',#2508);
#2508 = CARTESIAN_POINT('',(23.678272094654,34.880806510708,9.25));
#2509 = SURFACE_CURVE('',#2510,(#2515,#2526),.PCURVE_S1.);
#2510 = CIRCLE('',#2511,0.45);
#2511 = AXIS2_PLACEMENT_3D('',#2512,#2513,#2514);
#2512 = CARTESIAN_POINT('',(24.128272094654,34.880806510708,9.25));
#2513 = DIRECTION('',(0.,0.,1.));
#2514 = DIRECTION('',(-1.,1.224646799147E-16,0.));
#2515 = PCURVE('',#90,#2516);
#2516 = DEFINITIONAL_REPRESENTATION('',(#2517),#2525);
#2517 = ( BOUNDED_CURVE() B_SPLINE_CURVE(2,(#2518,#2519,#2520,#2521,
#2522,#2523,#2524),.UNSPECIFIED.,.T.,.F.) B_SPLINE_CURVE_WITH_KNOTS((1,2
    ,2,2,2,1),(-2.094395102393,0.,2.094395102393,4.188790204786,
6.28318530718,8.377580409573),.UNSPECIFIED.) CURVE() 
GEOMETRIC_REPRESENTATION_ITEM() RATIONAL_B_SPLINE_CURVE((1.,0.5,1.,0.5,
1.,0.5,1.)) REPRESENTATION_ITEM('') );
#2518 = CARTESIAN_POINT('',(8.028232190532,33.894578909572));
#2519 = CARTESIAN_POINT('',(8.028232190532,33.115156046166));
#2520 = CARTESIAN_POINT('',(7.353232190532,33.504867477869));
#2521 = CARTESIAN_POINT('',(6.678232190532,33.894578909572));
#2522 = CARTESIAN_POINT('',(7.353232190532,34.284290341275));
#2523 = CARTESIAN_POINT('',(8.028232190532,34.674001772978));
#2524 = CARTESIAN_POINT('',(8.028232190532,33.894578909572));
#2525 = ( GEOMETRIC_REPRESENTATION_CONTEXT(2) 
PARAMETRIC_REPRESENTATION_CONTEXT() REPRESENTATION_CONTEXT('2D SPACE',''
  ) );
#2526 = PCURVE('',#1472,#2527);
#2527 = DEFINITIONAL_REPRESENTATION('',(#2528),#2532);
#2528 = LINE('',#2529,#2530);
#2529 = CARTESIAN_POINT('',(-0.,0.));
#2530 = VECTOR('',#2531,1.);
#2531 = DIRECTION('',(-1.,0.));
#2532 = ( GEOMETRIC_REPRESENTATION_CONTEXT(2) 
PARAMETRIC_REPRESENTATION_CONTEXT() REPRESENTATION_CONTEXT('2D SPACE',''
  ) );
#2533 = ORIENTED_EDGE('',*,*,#2534,.F.);
#2534 = EDGE_CURVE('',#2535,#2507,#2537,.T.);
#2535 = VERTEX_POINT('',#2536);
#2536 = CARTESIAN_POINT('',(23.678272094654,36.030806507777,9.25));
#2537 = SURFACE_CURVE('',#2538,(#2542,#2549),.PCURVE_S1.);
#2538 = LINE('',#2539,#2540);
#2539 = CARTESIAN_POINT('',(23.678272094654,36.030806507777,9.25));
#2540 = VECTOR('',#2541,1.);
#2541 = DIRECTION('',(-1.224646799147E-16,-1.,0.));
#2542 = PCURVE('',#90,#2543);
#2543 = DEFINITIONAL_REPRESENTATION('',(#2544),#2548);
#2544 = LINE('',#2545,#2546);
#2545 = CARTESIAN_POINT('',(8.028232190532,35.044578906641));
#2546 = VECTOR('',#2547,1.);
#2547 = DIRECTION('',(1.224646799147E-16,-1.));
#2548 = ( GEOMETRIC_REPRESENTATION_CONTEXT(2) 
PARAMETRIC_REPRESENTATION_CONTEXT() REPRESENTATION_CONTEXT('2D SPACE',''
  ) );
#2549 = PCURVE('',#1500,#2550);
#2550 = DEFINITIONAL_REPRESENTATION('',(#2551),#2555);
#2551 = LINE('',#2552,#2553);
#2552 = CARTESIAN_POINT('',(0.,0.));
#2553 = VECTOR('',#2554,1.);
#2554 = DIRECTION('',(1.,0.));
#2555 = ( GEOMETRIC_REPRESENTATION_CONTEXT(2) 
PARAMETRIC_REPRESENTATION_CONTEXT() REPRESENTATION_CONTEXT('2D SPACE',''
  ) );
#2556 = ORIENTED_EDGE('',*,*,#2557,.F.);
#2557 = EDGE_CURVE('',#1544,#2535,#2558,.T.);
#2558 = SURFACE_CURVE('',#2559,(#2563,#2570),.PCURVE_S1.);
#2559 = LINE('',#2560,#2561);
#2560 = CARTESIAN_POINT('',(26.103272094654,36.030806507777,9.25));
#2561 = VECTOR('',#2562,1.);
#2562 = DIRECTION('',(-1.,1.224646799147E-16,0.));
#2563 = PCURVE('',#90,#2564);
#2564 = DEFINITIONAL_REPRESENTATION('',(#2565),#2569);
#2565 = LINE('',#2566,#2567);
#2566 = CARTESIAN_POINT('',(5.603232190532,35.044578906641));
#2567 = VECTOR('',#2568,1.);
#2568 = DIRECTION('',(1.,1.224646799147E-16));
#2569 = ( GEOMETRIC_REPRESENTATION_CONTEXT(2) 
PARAMETRIC_REPRESENTATION_CONTEXT() REPRESENTATION_CONTEXT('2D SPACE',''
  ) );
#2570 = PCURVE('',#1526,#2571);
#2571 = DEFINITIONAL_REPRESENTATION('',(#2572),#2576);
#2572 = LINE('',#2573,#2574);
#2573 = CARTESIAN_POINT('',(-3.865671267995E-04,0.));
#2574 = VECTOR('',#2575,1.);
#2575 = DIRECTION('',(1.,0.));
#2576 = ( GEOMETRIC_REPRESENTATION_CONTEXT(2) 
PARAMETRIC_REPRESENTATION_CONTEXT() REPRESENTATION_CONTEXT('2D SPACE',''
  ) );
#2577 = ADVANCED_FACE('',(#2578),#197,.F.);
#2578 = FACE_BOUND('',#2579,.F.);
#2579 = EDGE_LOOP('',(#2580,#2581,#2602,#2603));
#2580 = ORIENTED_EDGE('',*,*,#428,.F.);
#2581 = ORIENTED_EDGE('',*,*,#2582,.T.);
#2582 = EDGE_CURVE('',#401,#1618,#2583,.T.);
#2583 = SURFACE_CURVE('',#2584,(#2588,#2595),.PCURVE_S1.);
#2584 = LINE('',#2585,#2586);
#2585 = CARTESIAN_POINT('',(16.708294970487,46.,33.75));
#2586 = VECTOR('',#2587,1.);
#2587 = DIRECTION('',(0.,0.,-1.));
#2588 = PCURVE('',#197,#2589);
#2589 = DEFINITIONAL_REPRESENTATION('',(#2590),#2594);
#2590 = LINE('',#2591,#2592);
#2591 = CARTESIAN_POINT('',(0.,0.));
#2592 = VECTOR('',#2593,1.);
#2593 = DIRECTION('',(0.,-1.));
#2594 = ( GEOMETRIC_REPRESENTATION_CONTEXT(2) 
PARAMETRIC_REPRESENTATION_CONTEXT() REPRESENTATION_CONTEXT('2D SPACE',''
  ) );
#2595 = PCURVE('',#416,#2596);
#2596 = DEFINITIONAL_REPRESENTATION('',(#2597),#2601);
#2597 = LINE('',#2598,#2599);
#2598 = CARTESIAN_POINT('',(3.8,0.));
#2599 = VECTOR('',#2600,1.);
#2600 = DIRECTION('',(0.,-1.));
#2601 = ( GEOMETRIC_REPRESENTATION_CONTEXT(2) 
PARAMETRIC_REPRESENTATION_CONTEXT() REPRESENTATION_CONTEXT('2D SPACE',''
  ) );
#2602 = ORIENTED_EDGE('',*,*,#1640,.T.);
#2603 = ORIENTED_EDGE('',*,*,#182,.F.);
#2604 = ADVANCED_FACE('',(#2605),#273,.F.);
#2605 = FACE_BOUND('',#2606,.F.);
#2606 = EDGE_LOOP('',(#2607,#2608,#2609,#2630));
#2607 = ORIENTED_EDGE('',*,*,#257,.T.);
#2608 = ORIENTED_EDGE('',*,*,#1664,.T.);
#2609 = ORIENTED_EDGE('',*,*,#2610,.F.);
#2610 = EDGE_CURVE('',#453,#1665,#2611,.T.);
#2611 = SURFACE_CURVE('',#2612,(#2616,#2623),.PCURVE_S1.);
#2612 = LINE('',#2613,#2614);
#2613 = CARTESIAN_POINT('',(34.299420088478,-10.06749091469,33.75));
#2614 = VECTOR('',#2615,1.);
#2615 = DIRECTION('',(0.,0.,-1.));
#2616 = PCURVE('',#273,#2617);
#2617 = DEFINITIONAL_REPRESENTATION('',(#2618),#2622);
#2618 = LINE('',#2619,#2620);
#2619 = CARTESIAN_POINT('',(20.082742394523,0.));
#2620 = VECTOR('',#2621,1.);
#2621 = DIRECTION('',(-0.,-1.));
#2622 = ( GEOMETRIC_REPRESENTATION_CONTEXT(2) 
PARAMETRIC_REPRESENTATION_CONTEXT() REPRESENTATION_CONTEXT('2D SPACE',''
  ) );
#2623 = PCURVE('',#491,#2624);
#2624 = DEFINITIONAL_REPRESENTATION('',(#2625),#2629);
#2625 = LINE('',#2626,#2627);
#2626 = CARTESIAN_POINT('',(0.,0.));
#2627 = VECTOR('',#2628,1.);
#2628 = DIRECTION('',(-0.,-1.));
#2629 = ( GEOMETRIC_REPRESENTATION_CONTEXT(2) 
PARAMETRIC_REPRESENTATION_CONTEXT() REPRESENTATION_CONTEXT('2D SPACE',''
  ) );
#2630 = ORIENTED_EDGE('',*,*,#452,.F.);
#2631 = ADVANCED_FACE('',(#2632),#332,.T.);
#2632 = FACE_BOUND('',#2633,.F.);
#2633 = EDGE_LOOP('',(#2634,#2635,#2654,#2655));
#2634 = ORIENTED_EDGE('',*,*,#1541,.F.);
#2635 = ORIENTED_EDGE('',*,*,#2636,.F.);
#2636 = EDGE_CURVE('',#310,#1542,#2637,.T.);
#2637 = SURFACE_CURVE('',#2638,(#2642,#2648),.PCURVE_S1.);
#2638 = LINE('',#2639,#2640);
#2639 = CARTESIAN_POINT('',(29.576081022785,36.56626809564,9.25));
#2640 = VECTOR('',#2641,1.);
#2641 = DIRECTION('',(-0.,-0.,-1.));
#2642 = PCURVE('',#332,#2643);
#2643 = DEFINITIONAL_REPRESENTATION('',(#2644),#2647);
#2644 = B_SPLINE_CURVE_WITH_KNOTS('',1,(#2645,#2646),.UNSPECIFIED.,.F.,
  .F.,(2,2),(-24.5000024,2.399999999625E-06),.PIECEWISE_BEZIER_KNOTS.);
#2645 = CARTESIAN_POINT('',(-4.494628969286,-24.5000024));
#2646 = CARTESIAN_POINT('',(-4.494628969286,2.399999999625E-06));
#2647 = ( GEOMETRIC_REPRESENTATION_CONTEXT(2) 
PARAMETRIC_REPRESENTATION_CONTEXT() REPRESENTATION_CONTEXT('2D SPACE',''
  ) );
#2648 = PCURVE('',#360,#2649);
#2649 = DEFINITIONAL_REPRESENTATION('',(#2650),#2653);
#2650 = B_SPLINE_CURVE_WITH_KNOTS('',1,(#2651,#2652),.UNSPECIFIED.,.F.,
  .F.,(2,2),(-24.5000024,2.399999999625E-06),.PIECEWISE_BEZIER_KNOTS.);
#2651 = CARTESIAN_POINT('',(6.708102313812,2.399999999625E-06));
#2652 = CARTESIAN_POINT('',(6.708102313812,-24.5000024));
#2653 = ( GEOMETRIC_REPRESENTATION_CONTEXT(2) 
PARAMETRIC_REPRESENTATION_CONTEXT() REPRESENTATION_CONTEXT('2D SPACE',''
  ) );
#2654 = ORIENTED_EDGE('',*,*,#309,.T.);
#2655 = ORIENTED_EDGE('',*,*,#2656,.F.);
#2656 = EDGE_CURVE('',#1544,#312,#2657,.T.);
#2657 = SURFACE_CURVE('',#2658,(#2662,#2669),.PCURVE_S1.);
#2658 = LINE('',#2659,#2660);
#2659 = CARTESIAN_POINT('',(26.102885527528,36.030806507777,9.25));
#2660 = VECTOR('',#2661,1.);
#2661 = DIRECTION('',(0.,0.,1.));
#2662 = PCURVE('',#332,#2663);
#2663 = DEFINITIONAL_REPRESENTATION('',(#2664),#2668);
#2664 = LINE('',#2665,#2666);
#2665 = CARTESIAN_POINT('',(-5.236079793329,0.));
#2666 = VECTOR('',#2667,1.);
#2667 = DIRECTION('',(-0.,-1.));
#2668 = ( GEOMETRIC_REPRESENTATION_CONTEXT(2) 
PARAMETRIC_REPRESENTATION_CONTEXT() REPRESENTATION_CONTEXT('2D SPACE',''
  ) );
#2669 = PCURVE('',#1526,#2670);
#2670 = DEFINITIONAL_REPRESENTATION('',(#2671),#2675);
#2671 = LINE('',#2672,#2673);
#2672 = CARTESIAN_POINT('',(0.,0.));
#2673 = VECTOR('',#2674,1.);
#2674 = DIRECTION('',(0.,-1.));
#2675 = ( GEOMETRIC_REPRESENTATION_CONTEXT(2) 
PARAMETRIC_REPRESENTATION_CONTEXT() REPRESENTATION_CONTEXT('2D SPACE',''
  ) );
#2676 = ADVANCED_FACE('',(#2677),#1526,.F.);
#2677 = FACE_BOUND('',#2678,.F.);
#2678 = EDGE_LOOP('',(#2679,#2680,#2681,#2702));
#2679 = ORIENTED_EDGE('',*,*,#2656,.T.);
#2680 = ORIENTED_EDGE('',*,*,#1512,.T.);
#2681 = ORIENTED_EDGE('',*,*,#2682,.F.);
#2682 = EDGE_CURVE('',#2535,#1485,#2683,.T.);
#2683 = SURFACE_CURVE('',#2684,(#2688,#2695),.PCURVE_S1.);
#2684 = LINE('',#2685,#2686);
#2685 = CARTESIAN_POINT('',(23.678272094654,36.030806507777,9.25));
#2686 = VECTOR('',#2687,1.);
#2687 = DIRECTION('',(0.,0.,1.));
#2688 = PCURVE('',#1526,#2689);
#2689 = DEFINITIONAL_REPRESENTATION('',(#2690),#2694);
#2690 = LINE('',#2691,#2692);
#2691 = CARTESIAN_POINT('',(2.424613432873,0.));
#2692 = VECTOR('',#2693,1.);
#2693 = DIRECTION('',(0.,-1.));
#2694 = ( GEOMETRIC_REPRESENTATION_CONTEXT(2) 
PARAMETRIC_REPRESENTATION_CONTEXT() REPRESENTATION_CONTEXT('2D SPACE',''
  ) );
#2695 = PCURVE('',#1500,#2696);
#2696 = DEFINITIONAL_REPRESENTATION('',(#2697),#2701);
#2697 = LINE('',#2698,#2699);
#2698 = CARTESIAN_POINT('',(0.,0.));
#2699 = VECTOR('',#2700,1.);
#2700 = DIRECTION('',(0.,-1.));
#2701 = ( GEOMETRIC_REPRESENTATION_CONTEXT(2) 
PARAMETRIC_REPRESENTATION_CONTEXT() REPRESENTATION_CONTEXT('2D SPACE',''
  ) );
#2702 = ORIENTED_EDGE('',*,*,#2557,.F.);
#2703 = ADVANCED_FACE('',(#2704),#1500,.F.);
#2704 = FACE_BOUND('',#2705,.F.);
#2705 = EDGE_LOOP('',(#2706,#2707,#2708,#2729));
#2706 = ORIENTED_EDGE('',*,*,#2682,.T.);
#2707 = ORIENTED_EDGE('',*,*,#1484,.T.);
#2708 = ORIENTED_EDGE('',*,*,#2709,.F.);
#2709 = EDGE_CURVE('',#2507,#1452,#2710,.T.);
#2710 = SURFACE_CURVE('',#2711,(#2715,#2722),.PCURVE_S1.);
#2711 = LINE('',#2712,#2713);
#2712 = CARTESIAN_POINT('',(23.678272094654,34.880806510708,9.25));
#2713 = VECTOR('',#2714,1.);
#2714 = DIRECTION('',(0.,0.,1.));
#2715 = PCURVE('',#1500,#2716);
#2716 = DEFINITIONAL_REPRESENTATION('',(#2717),#2721);
#2717 = LINE('',#2718,#2719);
#2718 = CARTESIAN_POINT('',(1.149999997069,0.));
#2719 = VECTOR('',#2720,1.);
#2720 = DIRECTION('',(0.,-1.));
#2721 = ( GEOMETRIC_REPRESENTATION_CONTEXT(2) 
PARAMETRIC_REPRESENTATION_CONTEXT() REPRESENTATION_CONTEXT('2D SPACE',''
  ) );
#2722 = PCURVE('',#1472,#2723);
#2723 = DEFINITIONAL_REPRESENTATION('',(#2724),#2728);
#2724 = LINE('',#2725,#2726);
#2725 = CARTESIAN_POINT('',(-0.,0.));
#2726 = VECTOR('',#2727,1.);
#2727 = DIRECTION('',(-0.,-1.));
#2728 = ( GEOMETRIC_REPRESENTATION_CONTEXT(2) 
PARAMETRIC_REPRESENTATION_CONTEXT() REPRESENTATION_CONTEXT('2D SPACE',''
  ) );
#2729 = ORIENTED_EDGE('',*,*,#2534,.F.);
#2730 = ADVANCED_FACE('',(#2731),#1472,.T.);
#2731 = FACE_BOUND('',#2732,.F.);
#2732 = EDGE_LOOP('',(#2733,#2734,#2735,#2756));
#2733 = ORIENTED_EDGE('',*,*,#2709,.T.);
#2734 = ORIENTED_EDGE('',*,*,#1451,.T.);
#2735 = ORIENTED_EDGE('',*,*,#2736,.F.);
#2736 = EDGE_CURVE('',#2484,#1424,#2737,.T.);
#2737 = SURFACE_CURVE('',#2738,(#2742,#2749),.PCURVE_S1.);
#2738 = LINE('',#2739,#2740);
#2739 = CARTESIAN_POINT('',(24.128272094654,34.430806509242,9.25));
#2740 = VECTOR('',#2741,1.);
#2741 = DIRECTION('',(0.,0.,1.));
#2742 = PCURVE('',#1472,#2743);
#2743 = DEFINITIONAL_REPRESENTATION('',(#2744),#2748);
#2744 = LINE('',#2745,#2746);
#2745 = CARTESIAN_POINT('',(-1.570796326795,0.));
#2746 = VECTOR('',#2747,1.);
#2747 = DIRECTION('',(-0.,-1.));
#2748 = ( GEOMETRIC_REPRESENTATION_CONTEXT(2) 
PARAMETRIC_REPRESENTATION_CONTEXT() REPRESENTATION_CONTEXT('2D SPACE',''
  ) );
#2749 = PCURVE('',#1439,#2750);
#2750 = DEFINITIONAL_REPRESENTATION('',(#2751),#2755);
#2751 = LINE('',#2752,#2753);
#2752 = CARTESIAN_POINT('',(2.45,0.));
#2753 = VECTOR('',#2754,1.);
#2754 = DIRECTION('',(0.,-1.));
#2755 = ( GEOMETRIC_REPRESENTATION_CONTEXT(2) 
PARAMETRIC_REPRESENTATION_CONTEXT() REPRESENTATION_CONTEXT('2D SPACE',''
  ) );
#2756 = ORIENTED_EDGE('',*,*,#2506,.F.);
#2757 = ADVANCED_FACE('',(#2758),#1439,.T.);
#2758 = FACE_BOUND('',#2759,.T.);
#2759 = EDGE_LOOP('',(#2760,#2781,#2782,#2783));
#2760 = ORIENTED_EDGE('',*,*,#2761,.T.);
#2761 = EDGE_CURVE('',#2456,#1395,#2762,.T.);
#2762 = SURFACE_CURVE('',#2763,(#2767,#2774),.PCURVE_S1.);
#2763 = LINE('',#2764,#2765);
#2764 = CARTESIAN_POINT('',(26.578272094654,34.430806507777,9.25));
#2765 = VECTOR('',#2766,1.);
#2766 = DIRECTION('',(0.,0.,1.));
#2767 = PCURVE('',#1439,#2768);
#2768 = DEFINITIONAL_REPRESENTATION('',(#2769),#2773);
#2769 = LINE('',#2770,#2771);
#2770 = CARTESIAN_POINT('',(0.,0.));
#2771 = VECTOR('',#2772,1.);
#2772 = DIRECTION('',(0.,-1.));
#2773 = ( GEOMETRIC_REPRESENTATION_CONTEXT(2) 
PARAMETRIC_REPRESENTATION_CONTEXT() REPRESENTATION_CONTEXT('2D SPACE',''
  ) );
#2774 = PCURVE('',#1411,#2775);
#2775 = DEFINITIONAL_REPRESENTATION('',(#2776),#2780);
#2776 = LINE('',#2777,#2778);
#2777 = CARTESIAN_POINT('',(-5.355890089178,0.));
#2778 = VECTOR('',#2779,1.);
#2779 = DIRECTION('',(-0.,-1.));
#2780 = ( GEOMETRIC_REPRESENTATION_CONTEXT(2) 
PARAMETRIC_REPRESENTATION_CONTEXT() REPRESENTATION_CONTEXT('2D SPACE',''
  ) );
#2781 = ORIENTED_EDGE('',*,*,#1423,.T.);
#2782 = ORIENTED_EDGE('',*,*,#2736,.F.);
#2783 = ORIENTED_EDGE('',*,*,#2483,.F.);
#2784 = ADVANCED_FACE('',(#2785),#1411,.F.);
#2785 = FACE_BOUND('',#2786,.T.);
#2786 = EDGE_LOOP('',(#2787,#2788,#2809,#2810));
#2787 = ORIENTED_EDGE('',*,*,#2455,.F.);
#2788 = ORIENTED_EDGE('',*,*,#2789,.T.);
#2789 = EDGE_CURVE('',#2428,#1362,#2790,.T.);
#2790 = SURFACE_CURVE('',#2791,(#2795,#2802),.PCURVE_S1.);
#2791 = LINE('',#2792,#2793);
#2792 = CARTESIAN_POINT('',(31.778272094654,31.830806507777,8.25));
#2793 = VECTOR('',#2794,1.);
#2794 = DIRECTION('',(0.,0.,1.));
#2795 = PCURVE('',#1411,#2796);
#2796 = DEFINITIONAL_REPRESENTATION('',(#2797),#2801);
#2797 = LINE('',#2798,#2799);
#2798 = CARTESIAN_POINT('',(-3.14159265359,1.));
#2799 = VECTOR('',#2800,1.);
#2800 = DIRECTION('',(-0.,-1.));
#2801 = ( GEOMETRIC_REPRESENTATION_CONTEXT(2) 
PARAMETRIC_REPRESENTATION_CONTEXT() REPRESENTATION_CONTEXT('2D SPACE',''
  ) );
#2802 = PCURVE('',#1382,#2803);
#2803 = DEFINITIONAL_REPRESENTATION('',(#2804),#2808);
#2804 = LINE('',#2805,#2806);
#2805 = CARTESIAN_POINT('',(-9.424777960769,1.));
#2806 = VECTOR('',#2807,1.);
#2807 = DIRECTION('',(-0.,-1.));
#2808 = ( GEOMETRIC_REPRESENTATION_CONTEXT(2) 
PARAMETRIC_REPRESENTATION_CONTEXT() REPRESENTATION_CONTEXT('2D SPACE',''
  ) );
#2809 = ORIENTED_EDGE('',*,*,#1394,.F.);
#2810 = ORIENTED_EDGE('',*,*,#2761,.F.);
#2811 = ADVANCED_FACE('',(#2812),#1382,.F.);
#2812 = FACE_BOUND('',#2813,.T.);
#2813 = EDGE_LOOP('',(#2814,#2815,#2816,#2817));
#2814 = ORIENTED_EDGE('',*,*,#1361,.T.);
#2815 = ORIENTED_EDGE('',*,*,#2789,.F.);
#2816 = ORIENTED_EDGE('',*,*,#2427,.F.);
#2817 = ORIENTED_EDGE('',*,*,#2818,.F.);
#2818 = EDGE_CURVE('',#1329,#2400,#2819,.T.);
#2819 = SURFACE_CURVE('',#2820,(#2824,#2831),.PCURVE_S1.);
#2820 = LINE('',#2821,#2822);
#2821 = CARTESIAN_POINT('',(30.222965619401,29.057628933732,9.25));
#2822 = VECTOR('',#2823,1.);
#2823 = DIRECTION('',(-0.,-0.,-1.));
#2824 = PCURVE('',#1382,#2825);
#2825 = DEFINITIONAL_REPRESENTATION('',(#2826),#2830);
#2826 = LINE('',#2827,#2828);
#2827 = CARTESIAN_POINT('',(-8.402524182908,0.));
#2828 = VECTOR('',#2829,1.);
#2829 = DIRECTION('',(0.,1.));
#2830 = ( GEOMETRIC_REPRESENTATION_CONTEXT(2) 
PARAMETRIC_REPRESENTATION_CONTEXT() REPRESENTATION_CONTEXT('2D SPACE',''
  ) );
#2831 = PCURVE('',#1349,#2832);
#2832 = DEFINITIONAL_REPRESENTATION('',(#2833),#2836);
#2833 = B_SPLINE_CURVE_WITH_KNOTS('',1,(#2834,#2835),.UNSPECIFIED.,.F.,
  .F.,(2,2),(-24.5000024,2.399999999625E-06),.PIECEWISE_BEZIER_KNOTS.);
#2834 = CARTESIAN_POINT('',(-2.119338875729,-24.5000024));
#2835 = CARTESIAN_POINT('',(-2.119338875729,2.399999999625E-06));
#2836 = ( GEOMETRIC_REPRESENTATION_CONTEXT(2) 
PARAMETRIC_REPRESENTATION_CONTEXT() REPRESENTATION_CONTEXT('2D SPACE',''
  ) );
#2837 = ADVANCED_FACE('',(#2838),#1349,.F.);
#2838 = FACE_BOUND('',#2839,.T.);
#2839 = EDGE_LOOP('',(#2840,#2841,#2862,#2863));
#2840 = ORIENTED_EDGE('',*,*,#2399,.F.);
#2841 = ORIENTED_EDGE('',*,*,#2842,.T.);
#2842 = EDGE_CURVE('',#2377,#1301,#2843,.T.);
#2843 = SURFACE_CURVE('',#2844,(#2848,#2855),.PCURVE_S1.);
#2844 = LINE('',#2845,#2846);
#2845 = CARTESIAN_POINT('',(26.578272094654,29.230806507776,9.25));
#2846 = VECTOR('',#2847,1.);
#2847 = DIRECTION('',(0.,0.,1.));
#2848 = PCURVE('',#1349,#2849);
#2849 = DEFINITIONAL_REPRESENTATION('',(#2850),#2854);
#2850 = LINE('',#2851,#2852);
#2851 = CARTESIAN_POINT('',(-0.927295218002,0.));
#2852 = VECTOR('',#2853,1.);
#2853 = DIRECTION('',(-0.,-1.));
#2854 = ( GEOMETRIC_REPRESENTATION_CONTEXT(2) 
PARAMETRIC_REPRESENTATION_CONTEXT() REPRESENTATION_CONTEXT('2D SPACE',''
  ) );
#2855 = PCURVE('',#1316,#2856);
#2856 = DEFINITIONAL_REPRESENTATION('',(#2857),#2861);
#2857 = LINE('',#2858,#2859);
#2858 = CARTESIAN_POINT('',(0.,0.));
#2859 = VECTOR('',#2860,1.);
#2860 = DIRECTION('',(0.,-1.));
#2861 = ( GEOMETRIC_REPRESENTATION_CONTEXT(2) 
PARAMETRIC_REPRESENTATION_CONTEXT() REPRESENTATION_CONTEXT('2D SPACE',''
  ) );
#2862 = ORIENTED_EDGE('',*,*,#1328,.T.);
#2863 = ORIENTED_EDGE('',*,*,#2818,.T.);
#2864 = ADVANCED_FACE('',(#2865),#1316,.F.);
#2865 = FACE_BOUND('',#2866,.F.);
#2866 = EDGE_LOOP('',(#2867,#2868,#2869,#2890));
#2867 = ORIENTED_EDGE('',*,*,#2842,.T.);
#2868 = ORIENTED_EDGE('',*,*,#1300,.T.);
#2869 = ORIENTED_EDGE('',*,*,#2870,.F.);
#2870 = EDGE_CURVE('',#2349,#1268,#2871,.T.);
#2871 = SURFACE_CURVE('',#2872,(#2876,#2883),.PCURVE_S1.);
#2872 = LINE('',#2873,#2874);
#2873 = CARTESIAN_POINT('',(24.128272094654,29.230806513616,9.25));
#2874 = VECTOR('',#2875,1.);
#2875 = DIRECTION('',(0.,0.,1.));
#2876 = PCURVE('',#1316,#2877);
#2877 = DEFINITIONAL_REPRESENTATION('',(#2878),#2882);
#2878 = LINE('',#2879,#2880);
#2879 = CARTESIAN_POINT('',(2.45,0.));
#2880 = VECTOR('',#2881,1.);
#2881 = DIRECTION('',(0.,-1.));
#2882 = ( GEOMETRIC_REPRESENTATION_CONTEXT(2) 
PARAMETRIC_REPRESENTATION_CONTEXT() REPRESENTATION_CONTEXT('2D SPACE',''
  ) );
#2883 = PCURVE('',#1288,#2884);
#2884 = DEFINITIONAL_REPRESENTATION('',(#2885),#2889);
#2885 = LINE('',#2886,#2887);
#2886 = CARTESIAN_POINT('',(-4.712388980385,0.));
#2887 = VECTOR('',#2888,1.);
#2888 = DIRECTION('',(-0.,-1.));
#2889 = ( GEOMETRIC_REPRESENTATION_CONTEXT(2) 
PARAMETRIC_REPRESENTATION_CONTEXT() REPRESENTATION_CONTEXT('2D SPACE',''
  ) );
#2890 = ORIENTED_EDGE('',*,*,#2376,.F.);
#2891 = ADVANCED_FACE('',(#2892),#1288,.T.);
#2892 = FACE_BOUND('',#2893,.F.);
#2893 = EDGE_LOOP('',(#2894,#2895,#2896,#2917));
#2894 = ORIENTED_EDGE('',*,*,#2870,.T.);
#2895 = ORIENTED_EDGE('',*,*,#1267,.T.);
#2896 = ORIENTED_EDGE('',*,*,#2897,.F.);
#2897 = EDGE_CURVE('',#2326,#1240,#2898,.T.);
#2898 = SURFACE_CURVE('',#2899,(#2903,#2910),.PCURVE_S1.);
#2899 = LINE('',#2900,#2901);
#2900 = CARTESIAN_POINT('',(23.678272094654,28.780806519455,9.25));
#2901 = VECTOR('',#2902,1.);
#2902 = DIRECTION('',(0.,0.,1.));
#2903 = PCURVE('',#1288,#2904);
#2904 = DEFINITIONAL_REPRESENTATION('',(#2905),#2909);
#2905 = LINE('',#2906,#2907);
#2906 = CARTESIAN_POINT('',(-6.28318530718,0.));
#2907 = VECTOR('',#2908,1.);
#2908 = DIRECTION('',(-0.,-1.));
#2909 = ( GEOMETRIC_REPRESENTATION_CONTEXT(2) 
PARAMETRIC_REPRESENTATION_CONTEXT() REPRESENTATION_CONTEXT('2D SPACE',''
  ) );
#2910 = PCURVE('',#1255,#2911);
#2911 = DEFINITIONAL_REPRESENTATION('',(#2912),#2916);
#2912 = LINE('',#2913,#2914);
#2913 = CARTESIAN_POINT('',(3.552713678801E-15,0.));
#2914 = VECTOR('',#2915,1.);
#2915 = DIRECTION('',(0.,-1.));
#2916 = ( GEOMETRIC_REPRESENTATION_CONTEXT(2) 
PARAMETRIC_REPRESENTATION_CONTEXT() REPRESENTATION_CONTEXT('2D SPACE',''
  ) );
#2917 = ORIENTED_EDGE('',*,*,#2348,.F.);
#2918 = ADVANCED_FACE('',(#2919),#1255,.F.);
#2919 = FACE_BOUND('',#2920,.F.);
#2920 = EDGE_LOOP('',(#2921,#2922,#2923,#2944));
#2921 = ORIENTED_EDGE('',*,*,#2897,.T.);
#2922 = ORIENTED_EDGE('',*,*,#1239,.T.);
#2923 = ORIENTED_EDGE('',*,*,#2924,.F.);
#2924 = EDGE_CURVE('',#2303,#1212,#2925,.T.);
#2925 = SURFACE_CURVE('',#2926,(#2930,#2937),.PCURVE_S1.);
#2926 = LINE('',#2927,#2928);
#2927 = CARTESIAN_POINT('',(23.678272094654,27.630806507777,9.25));
#2928 = VECTOR('',#2929,1.);
#2929 = DIRECTION('',(0.,0.,1.));
#2930 = PCURVE('',#1255,#2931);
#2931 = DEFINITIONAL_REPRESENTATION('',(#2932),#2936);
#2932 = LINE('',#2933,#2934);
#2933 = CARTESIAN_POINT('',(1.150000011679,0.));
#2934 = VECTOR('',#2935,1.);
#2935 = DIRECTION('',(0.,-1.));
#2936 = ( GEOMETRIC_REPRESENTATION_CONTEXT(2) 
PARAMETRIC_REPRESENTATION_CONTEXT() REPRESENTATION_CONTEXT('2D SPACE',''
  ) );
#2937 = PCURVE('',#1227,#2938);
#2938 = DEFINITIONAL_REPRESENTATION('',(#2939),#2943);
#2939 = LINE('',#2940,#2941);
#2940 = CARTESIAN_POINT('',(2.424613432873,0.));
#2941 = VECTOR('',#2942,1.);
#2942 = DIRECTION('',(0.,-1.));
#2943 = ( GEOMETRIC_REPRESENTATION_CONTEXT(2) 
PARAMETRIC_REPRESENTATION_CONTEXT() REPRESENTATION_CONTEXT('2D SPACE',''
  ) );
#2944 = ORIENTED_EDGE('',*,*,#2325,.F.);
#2945 = ADVANCED_FACE('',(#2946),#1227,.T.);
#2946 = FACE_BOUND('',#2947,.T.);
#2947 = EDGE_LOOP('',(#2948,#2969,#2970,#2971));
#2948 = ORIENTED_EDGE('',*,*,#2949,.T.);
#2949 = EDGE_CURVE('',#2275,#1179,#2950,.T.);
#2950 = SURFACE_CURVE('',#2951,(#2955,#2962),.PCURVE_S1.);
#2951 = LINE('',#2952,#2953);
#2952 = CARTESIAN_POINT('',(26.102885527528,27.630806507776,9.25));
#2953 = VECTOR('',#2954,1.);
#2954 = DIRECTION('',(0.,0.,1.));
#2955 = PCURVE('',#1227,#2956);
#2956 = DEFINITIONAL_REPRESENTATION('',(#2957),#2961);
#2957 = LINE('',#2958,#2959);
#2958 = CARTESIAN_POINT('',(0.,0.));
#2959 = VECTOR('',#2960,1.);
#2960 = DIRECTION('',(0.,-1.));
#2961 = ( GEOMETRIC_REPRESENTATION_CONTEXT(2) 
PARAMETRIC_REPRESENTATION_CONTEXT() REPRESENTATION_CONTEXT('2D SPACE',''
  ) );
#2962 = PCURVE('',#1199,#2963);
#2963 = DEFINITIONAL_REPRESENTATION('',(#2964),#2968);
#2964 = LINE('',#2965,#2966);
#2965 = CARTESIAN_POINT('',(-1.04710551385,0.));
#2966 = VECTOR('',#2967,1.);
#2967 = DIRECTION('',(-0.,-1.));
#2968 = ( GEOMETRIC_REPRESENTATION_CONTEXT(2) 
PARAMETRIC_REPRESENTATION_CONTEXT() REPRESENTATION_CONTEXT('2D SPACE',''
  ) );
#2969 = ORIENTED_EDGE('',*,*,#1211,.T.);
#2970 = ORIENTED_EDGE('',*,*,#2924,.F.);
#2971 = ORIENTED_EDGE('',*,*,#2302,.F.);
#2972 = ADVANCED_FACE('',(#2973),#1199,.T.);
#2973 = FACE_BOUND('',#2974,.F.);
#2974 = EDGE_LOOP('',(#2975,#2976,#2977,#2978));
#2975 = ORIENTED_EDGE('',*,*,#2274,.F.);
#2976 = ORIENTED_EDGE('',*,*,#2949,.T.);
#2977 = ORIENTED_EDGE('',*,*,#1178,.T.);
#2978 = ORIENTED_EDGE('',*,*,#2979,.T.);
#2979 = EDGE_CURVE('',#1151,#2252,#2980,.T.);
#2980 = SURFACE_CURVE('',#2981,(#2985,#2991),.PCURVE_S1.);
#2981 = LINE('',#2982,#2983);
#2982 = CARTESIAN_POINT('',(30.266828280013,27.303122509268,9.25));
#2983 = VECTOR('',#2984,1.);
#2984 = DIRECTION('',(-0.,-0.,-1.));
#2985 = PCURVE('',#1199,#2986);
#2986 = DEFINITIONAL_REPRESENTATION('',(#2987),#2990);
#2987 = B_SPLINE_CURVE_WITH_KNOTS('',1,(#2988,#2989),.UNSPECIFIED.,.F.,
  .F.,(2,2),(-24.5000024,2.399999999625E-06),.PIECEWISE_BEZIER_KNOTS.);
#2988 = CARTESIAN_POINT('',(-1.937419633483,-24.5000024));
#2989 = CARTESIAN_POINT('',(-1.937419633483,2.399999999625E-06));
#2990 = ( GEOMETRIC_REPRESENTATION_CONTEXT(2) 
PARAMETRIC_REPRESENTATION_CONTEXT() REPRESENTATION_CONTEXT('2D SPACE',''
  ) );
#2991 = PCURVE('',#1166,#2992);
#2992 = DEFINITIONAL_REPRESENTATION('',(#2993),#2996);
#2993 = B_SPLINE_CURVE_WITH_KNOTS('',1,(#2994,#2995),.UNSPECIFIED.,.F.,
  .F.,(2,2),(-24.5000024,2.399999999625E-06),.PIECEWISE_BEZIER_KNOTS.);
#2994 = CARTESIAN_POINT('',(17.322780760072,2.399999999625E-06));
#2995 = CARTESIAN_POINT('',(17.322780760072,-24.5000024));
#2996 = ( GEOMETRIC_REPRESENTATION_CONTEXT(2) 
PARAMETRIC_REPRESENTATION_CONTEXT() REPRESENTATION_CONTEXT('2D SPACE',''
  ) );
#2997 = ADVANCED_FACE('',(#2998),#1166,.F.);
#2998 = FACE_BOUND('',#2999,.F.);
#2999 = EDGE_LOOP('',(#3000,#3001,#3022,#3023));
#3000 = ORIENTED_EDGE('',*,*,#1150,.F.);
#3001 = ORIENTED_EDGE('',*,*,#3002,.T.);
#3002 = EDGE_CURVE('',#1123,#2229,#3003,.T.);
#3003 = SURFACE_CURVE('',#3004,(#3008,#3015),.PCURVE_S1.);
#3004 = LINE('',#3005,#3006);
#3005 = CARTESIAN_POINT('',(30.699762528195,9.985752581988,33.75));
#3006 = VECTOR('',#3007,1.);
#3007 = DIRECTION('',(0.,0.,-1.));
#3008 = PCURVE('',#1166,#3009);
#3009 = DEFINITIONAL_REPRESENTATION('',(#3010),#3014);
#3010 = LINE('',#3011,#3012);
#3011 = CARTESIAN_POINT('',(0.,0.));
#3012 = VECTOR('',#3013,1.);
#3013 = DIRECTION('',(0.,-1.));
#3014 = ( GEOMETRIC_REPRESENTATION_CONTEXT(2) 
PARAMETRIC_REPRESENTATION_CONTEXT() REPRESENTATION_CONTEXT('2D SPACE',''
  ) );
#3015 = PCURVE('',#1138,#3016);
#3016 = DEFINITIONAL_REPRESENTATION('',(#3017),#3021);
#3017 = LINE('',#3018,#3019);
#3018 = CARTESIAN_POINT('',(19.919257555479,0.));
#3019 = VECTOR('',#3020,1.);
#3020 = DIRECTION('',(0.,-1.));
#3021 = ( GEOMETRIC_REPRESENTATION_CONTEXT(2) 
PARAMETRIC_REPRESENTATION_CONTEXT() REPRESENTATION_CONTEXT('2D SPACE',''
  ) );
#3022 = ORIENTED_EDGE('',*,*,#2251,.T.);
#3023 = ORIENTED_EDGE('',*,*,#2979,.F.);
#3024 = ADVANCED_FACE('',(#3025),#1138,.F.);
#3025 = FACE_BOUND('',#3026,.F.);
#3026 = EDGE_LOOP('',(#3027,#3048,#3049,#3050));
#3027 = ORIENTED_EDGE('',*,*,#3028,.T.);
#3028 = EDGE_CURVE('',#1095,#2206,#3029,.T.);
#3029 = SURFACE_CURVE('',#3030,(#3034,#3041),.PCURVE_S1.);
#3030 = LINE('',#3031,#3032);
#3031 = CARTESIAN_POINT('',(30.500579911522,-9.932509085305,33.75));
#3032 = VECTOR('',#3033,1.);
#3033 = DIRECTION('',(0.,0.,-1.));
#3034 = PCURVE('',#1138,#3035);
#3035 = DEFINITIONAL_REPRESENTATION('',(#3036),#3040);
#3036 = LINE('',#3037,#3038);
#3037 = CARTESIAN_POINT('',(0.,0.));
#3038 = VECTOR('',#3039,1.);
#3039 = DIRECTION('',(0.,-1.));
#3040 = ( GEOMETRIC_REPRESENTATION_CONTEXT(2) 
PARAMETRIC_REPRESENTATION_CONTEXT() REPRESENTATION_CONTEXT('2D SPACE',''
  ) );
#3041 = PCURVE('',#1110,#3042);
#3042 = DEFINITIONAL_REPRESENTATION('',(#3043),#3047);
#3043 = LINE('',#3044,#3045);
#3044 = CARTESIAN_POINT('',(17.942501595503,0.));
#3045 = VECTOR('',#3046,1.);
#3046 = DIRECTION('',(0.,-1.));
#3047 = ( GEOMETRIC_REPRESENTATION_CONTEXT(2) 
PARAMETRIC_REPRESENTATION_CONTEXT() REPRESENTATION_CONTEXT('2D SPACE',''
  ) );
#3048 = ORIENTED_EDGE('',*,*,#2228,.T.);
#3049 = ORIENTED_EDGE('',*,*,#3002,.F.);
#3050 = ORIENTED_EDGE('',*,*,#1122,.F.);
#3051 = ADVANCED_FACE('',(#3052),#1110,.F.);
#3052 = FACE_BOUND('',#3053,.F.);
#3053 = EDGE_LOOP('',(#3054,#3075,#3076,#3077));
#3054 = ORIENTED_EDGE('',*,*,#3055,.T.);
#3055 = EDGE_CURVE('',#1067,#2183,#3056,.T.);
#3056 = SURFACE_CURVE('',#3057,(#3061,#3068),.PCURVE_S1.);
#3057 = LINE('',#3058,#3059);
#3058 = CARTESIAN_POINT('',(29.406135437038,-27.84160048595,33.75));
#3059 = VECTOR('',#3060,1.);
#3060 = DIRECTION('',(0.,0.,-1.));
#3061 = PCURVE('',#1110,#3062);
#3062 = DEFINITIONAL_REPRESENTATION('',(#3063),#3067);
#3063 = LINE('',#3064,#3065);
#3064 = CARTESIAN_POINT('',(0.,0.));
#3065 = VECTOR('',#3066,1.);
#3066 = DIRECTION('',(0.,-1.));
#3067 = ( GEOMETRIC_REPRESENTATION_CONTEXT(2) 
PARAMETRIC_REPRESENTATION_CONTEXT() REPRESENTATION_CONTEXT('2D SPACE',''
  ) );
#3068 = PCURVE('',#1082,#3069);
#3069 = DEFINITIONAL_REPRESENTATION('',(#3070),#3074);
#3070 = LINE('',#3071,#3072);
#3071 = CARTESIAN_POINT('',(16.047475138608,0.));
#3072 = VECTOR('',#3073,1.);
#3073 = DIRECTION('',(0.,-1.));
#3074 = ( GEOMETRIC_REPRESENTATION_CONTEXT(2) 
PARAMETRIC_REPRESENTATION_CONTEXT() REPRESENTATION_CONTEXT('2D SPACE',''
  ) );
#3075 = ORIENTED_EDGE('',*,*,#2205,.T.);
#3076 = ORIENTED_EDGE('',*,*,#3028,.F.);
#3077 = ORIENTED_EDGE('',*,*,#1094,.F.);
#3078 = ADVANCED_FACE('',(#3079),#1082,.F.);
#3079 = FACE_BOUND('',#3080,.F.);
#3080 = EDGE_LOOP('',(#3081,#3082,#3101,#3102));
#3081 = ORIENTED_EDGE('',*,*,#1066,.F.);
#3082 = ORIENTED_EDGE('',*,*,#3083,.T.);
#3083 = EDGE_CURVE('',#1034,#2155,#3084,.T.);
#3084 = SURFACE_CURVE('',#3085,(#3089,#3095),.PCURVE_S1.);
#3085 = LINE('',#3086,#3087);
#3086 = CARTESIAN_POINT('',(29.211101342906,-29.67721548954,9.25));
#3087 = VECTOR('',#3088,1.);
#3088 = DIRECTION('',(-0.,-0.,-1.));
#3089 = PCURVE('',#1082,#3090);
#3090 = DEFINITIONAL_REPRESENTATION('',(#3091),#3094);
#3091 = B_SPLINE_CURVE_WITH_KNOTS('',1,(#3092,#3093),.UNSPECIFIED.,.F.,
  .F.,(2,2),(-24.5000024,2.399999999625E-06),.PIECEWISE_BEZIER_KNOTS.);
#3092 = CARTESIAN_POINT('',(14.201528026887,2.399999999625E-06));
#3093 = CARTESIAN_POINT('',(14.201528026887,-24.5000024));
#3094 = ( GEOMETRIC_REPRESENTATION_CONTEXT(2) 
PARAMETRIC_REPRESENTATION_CONTEXT() REPRESENTATION_CONTEXT('2D SPACE',''
  ) );
#3095 = PCURVE('',#1054,#3096);
#3096 = DEFINITIONAL_REPRESENTATION('',(#3097),#3100);
#3097 = B_SPLINE_CURVE_WITH_KNOTS('',1,(#3098,#3099),.UNSPECIFIED.,.F.,
  .F.,(2,2),(-24.5000024,2.399999999625E-06),.PIECEWISE_BEZIER_KNOTS.);
#3098 = CARTESIAN_POINT('',(-4.007902215708,-24.5000024));
#3099 = CARTESIAN_POINT('',(-4.007902215708,2.399999999625E-06));
#3100 = ( GEOMETRIC_REPRESENTATION_CONTEXT(2) 
PARAMETRIC_REPRESENTATION_CONTEXT() REPRESENTATION_CONTEXT('2D SPACE',''
  ) );
#3101 = ORIENTED_EDGE('',*,*,#2182,.T.);
#3102 = ORIENTED_EDGE('',*,*,#3055,.F.);
#3103 = ADVANCED_FACE('',(#3104),#1054,.T.);
#3104 = FACE_BOUND('',#3105,.F.);
#3105 = EDGE_LOOP('',(#3106,#3107,#3108,#3109));
#3106 = ORIENTED_EDGE('',*,*,#2154,.F.);
#3107 = ORIENTED_EDGE('',*,*,#3083,.F.);
#3108 = ORIENTED_EDGE('',*,*,#1033,.T.);
#3109 = ORIENTED_EDGE('',*,*,#3110,.F.);
#3110 = EDGE_CURVE('',#2132,#1006,#3111,.T.);
#3111 = SURFACE_CURVE('',#3112,(#3116,#3123),.PCURVE_S1.);
#3112 = LINE('',#3113,#3114);
#3113 = CARTESIAN_POINT('',(23.644646913257,-29.1726441092,9.25));
#3114 = VECTOR('',#3115,1.);
#3115 = DIRECTION('',(0.,0.,1.));
#3116 = PCURVE('',#1054,#3117);
#3117 = DEFINITIONAL_REPRESENTATION('',(#3118),#3122);
#3118 = LINE('',#3119,#3120);
#3119 = CARTESIAN_POINT('',(-5.236079793329,0.));
#3120 = VECTOR('',#3121,1.);
#3121 = DIRECTION('',(-0.,-1.));
#3122 = ( GEOMETRIC_REPRESENTATION_CONTEXT(2) 
PARAMETRIC_REPRESENTATION_CONTEXT() REPRESENTATION_CONTEXT('2D SPACE',''
  ) );
#3123 = PCURVE('',#1021,#3124);
#3124 = DEFINITIONAL_REPRESENTATION('',(#3125),#3129);
#3125 = LINE('',#3126,#3127);
#3126 = CARTESIAN_POINT('',(-3.552713678801E-15,0.));
#3127 = VECTOR('',#3128,1.);
#3128 = DIRECTION('',(0.,-1.));
#3129 = ( GEOMETRIC_REPRESENTATION_CONTEXT(2) 
PARAMETRIC_REPRESENTATION_CONTEXT() REPRESENTATION_CONTEXT('2D SPACE',''
  ) );
#3130 = ADVANCED_FACE('',(#3131),#1021,.F.);
#3131 = FACE_BOUND('',#3132,.F.);
#3132 = EDGE_LOOP('',(#3133,#3134,#3135,#3156));
#3133 = ORIENTED_EDGE('',*,*,#3110,.T.);
#3134 = ORIENTED_EDGE('',*,*,#1005,.T.);
#3135 = ORIENTED_EDGE('',*,*,#3136,.F.);
#3136 = EDGE_CURVE('',#2109,#978,#3137,.T.);
#3137 = SURFACE_CURVE('',#3138,(#3142,#3149),.PCURVE_S1.);
#3138 = LINE('',#3139,#3140);
#3139 = CARTESIAN_POINT('',(21.220033480383,-29.1726441092,9.25));
#3140 = VECTOR('',#3141,1.);
#3141 = DIRECTION('',(0.,0.,1.));
#3142 = PCURVE('',#1021,#3143);
#3143 = DEFINITIONAL_REPRESENTATION('',(#3144),#3148);
#3144 = LINE('',#3145,#3146);
#3145 = CARTESIAN_POINT('',(2.424613432873,0.));
#3146 = VECTOR('',#3147,1.);
#3147 = DIRECTION('',(0.,-1.));
#3148 = ( GEOMETRIC_REPRESENTATION_CONTEXT(2) 
PARAMETRIC_REPRESENTATION_CONTEXT() REPRESENTATION_CONTEXT('2D SPACE',''
  ) );
#3149 = PCURVE('',#993,#3150);
#3150 = DEFINITIONAL_REPRESENTATION('',(#3151),#3155);
#3151 = LINE('',#3152,#3153);
#3152 = CARTESIAN_POINT('',(0.,0.));
#3153 = VECTOR('',#3154,1.);
#3154 = DIRECTION('',(0.,-1.));
#3155 = ( GEOMETRIC_REPRESENTATION_CONTEXT(2) 
PARAMETRIC_REPRESENTATION_CONTEXT() REPRESENTATION_CONTEXT('2D SPACE',''
  ) );
#3156 = ORIENTED_EDGE('',*,*,#2131,.F.);
#3157 = ADVANCED_FACE('',(#3158),#993,.F.);
#3158 = FACE_BOUND('',#3159,.F.);
#3159 = EDGE_LOOP('',(#3160,#3161,#3162,#3183));
#3160 = ORIENTED_EDGE('',*,*,#3136,.T.);
#3161 = ORIENTED_EDGE('',*,*,#977,.T.);
#3162 = ORIENTED_EDGE('',*,*,#3163,.F.);
#3163 = EDGE_CURVE('',#2081,#945,#3164,.T.);
#3164 = SURFACE_CURVE('',#3165,(#3169,#3176),.PCURVE_S1.);
#3165 = LINE('',#3166,#3167);
#3166 = CARTESIAN_POINT('',(21.220033480383,-30.32264410627,9.25));
#3167 = VECTOR('',#3168,1.);
#3168 = DIRECTION('',(0.,0.,1.));
#3169 = PCURVE('',#993,#3170);
#3170 = DEFINITIONAL_REPRESENTATION('',(#3171),#3175);
#3171 = LINE('',#3172,#3173);
#3172 = CARTESIAN_POINT('',(1.149999997069,0.));
#3173 = VECTOR('',#3174,1.);
#3174 = DIRECTION('',(0.,-1.));
#3175 = ( GEOMETRIC_REPRESENTATION_CONTEXT(2) 
PARAMETRIC_REPRESENTATION_CONTEXT() REPRESENTATION_CONTEXT('2D SPACE',''
  ) );
#3176 = PCURVE('',#965,#3177);
#3177 = DEFINITIONAL_REPRESENTATION('',(#3178),#3182);
#3178 = LINE('',#3179,#3180);
#3179 = CARTESIAN_POINT('',(-0.,0.));
#3180 = VECTOR('',#3181,1.);
#3181 = DIRECTION('',(-0.,-1.));
#3182 = ( GEOMETRIC_REPRESENTATION_CONTEXT(2) 
PARAMETRIC_REPRESENTATION_CONTEXT() REPRESENTATION_CONTEXT('2D SPACE',''
  ) );
#3183 = ORIENTED_EDGE('',*,*,#2108,.F.);
#3184 = ADVANCED_FACE('',(#3185),#965,.T.);
#3185 = FACE_BOUND('',#3186,.F.);
#3186 = EDGE_LOOP('',(#3187,#3188,#3189,#3210));
#3187 = ORIENTED_EDGE('',*,*,#3163,.T.);
#3188 = ORIENTED_EDGE('',*,*,#944,.T.);
#3189 = ORIENTED_EDGE('',*,*,#3190,.F.);
#3190 = EDGE_CURVE('',#2058,#917,#3191,.T.);
#3191 = SURFACE_CURVE('',#3192,(#3196,#3203),.PCURVE_S1.);
#3192 = LINE('',#3193,#3194);
#3193 = CARTESIAN_POINT('',(21.670033480383,-30.77264410774,9.25));
#3194 = VECTOR('',#3195,1.);
#3195 = DIRECTION('',(0.,0.,1.));
#3196 = PCURVE('',#965,#3197);
#3197 = DEFINITIONAL_REPRESENTATION('',(#3198),#3202);
#3198 = LINE('',#3199,#3200);
#3199 = CARTESIAN_POINT('',(-1.570796326795,0.));
#3200 = VECTOR('',#3201,1.);
#3201 = DIRECTION('',(-0.,-1.));
#3202 = ( GEOMETRIC_REPRESENTATION_CONTEXT(2) 
PARAMETRIC_REPRESENTATION_CONTEXT() REPRESENTATION_CONTEXT('2D SPACE',''
  ) );
#3203 = PCURVE('',#932,#3204);
#3204 = DEFINITIONAL_REPRESENTATION('',(#3205),#3209);
#3205 = LINE('',#3206,#3207);
#3206 = CARTESIAN_POINT('',(2.45,0.));
#3207 = VECTOR('',#3208,1.);
#3208 = DIRECTION('',(0.,-1.));
#3209 = ( GEOMETRIC_REPRESENTATION_CONTEXT(2) 
PARAMETRIC_REPRESENTATION_CONTEXT() REPRESENTATION_CONTEXT('2D SPACE',''
  ) );
#3210 = ORIENTED_EDGE('',*,*,#2080,.F.);
#3211 = ADVANCED_FACE('',(#3212),#932,.T.);
#3212 = FACE_BOUND('',#3213,.T.);
#3213 = EDGE_LOOP('',(#3214,#3235,#3236,#3237));
#3214 = ORIENTED_EDGE('',*,*,#3215,.T.);
#3215 = EDGE_CURVE('',#2030,#888,#3216,.T.);
#3216 = SURFACE_CURVE('',#3217,(#3221,#3228),.PCURVE_S1.);
#3217 = LINE('',#3218,#3219);
#3218 = CARTESIAN_POINT('',(24.120033480383,-30.7726441092,9.25));
#3219 = VECTOR('',#3220,1.);
#3220 = DIRECTION('',(0.,0.,1.));
#3221 = PCURVE('',#932,#3222);
#3222 = DEFINITIONAL_REPRESENTATION('',(#3223),#3227);
#3223 = LINE('',#3224,#3225);
#3224 = CARTESIAN_POINT('',(0.,0.));
#3225 = VECTOR('',#3226,1.);
#3226 = DIRECTION('',(0.,-1.));
#3227 = ( GEOMETRIC_REPRESENTATION_CONTEXT(2) 
PARAMETRIC_REPRESENTATION_CONTEXT() REPRESENTATION_CONTEXT('2D SPACE',''
  ) );
#3228 = PCURVE('',#904,#3229);
#3229 = DEFINITIONAL_REPRESENTATION('',(#3230),#3234);
#3230 = LINE('',#3231,#3232);
#3231 = CARTESIAN_POINT('',(-5.355890089178,0.));
#3232 = VECTOR('',#3233,1.);
#3233 = DIRECTION('',(-0.,-1.));
#3234 = ( GEOMETRIC_REPRESENTATION_CONTEXT(2) 
PARAMETRIC_REPRESENTATION_CONTEXT() REPRESENTATION_CONTEXT('2D SPACE',''
  ) );
#3235 = ORIENTED_EDGE('',*,*,#916,.T.);
#3236 = ORIENTED_EDGE('',*,*,#3190,.F.);
#3237 = ORIENTED_EDGE('',*,*,#2057,.F.);
#3238 = ADVANCED_FACE('',(#3239),#904,.F.);
#3239 = FACE_BOUND('',#3240,.T.);
#3240 = EDGE_LOOP('',(#3241,#3242,#3263,#3264));
#3241 = ORIENTED_EDGE('',*,*,#2029,.F.);
#3242 = ORIENTED_EDGE('',*,*,#3243,.T.);
#3243 = EDGE_CURVE('',#2002,#855,#3244,.T.);
#3244 = SURFACE_CURVE('',#3245,(#3249,#3256),.PCURVE_S1.);
#3245 = LINE('',#3246,#3247);
#3246 = CARTESIAN_POINT('',(29.320033480383,-33.3726441092,8.25));
#3247 = VECTOR('',#3248,1.);
#3248 = DIRECTION('',(0.,0.,1.));
#3249 = PCURVE('',#904,#3250);
#3250 = DEFINITIONAL_REPRESENTATION('',(#3251),#3255);
#3251 = LINE('',#3252,#3253);
#3252 = CARTESIAN_POINT('',(-3.14159265359,1.));
#3253 = VECTOR('',#3254,1.);
#3254 = DIRECTION('',(-0.,-1.));
#3255 = ( GEOMETRIC_REPRESENTATION_CONTEXT(2) 
PARAMETRIC_REPRESENTATION_CONTEXT() REPRESENTATION_CONTEXT('2D SPACE',''
  ) );
#3256 = PCURVE('',#875,#3257);
#3257 = DEFINITIONAL_REPRESENTATION('',(#3258),#3262);
#3258 = LINE('',#3259,#3260);
#3259 = CARTESIAN_POINT('',(-9.424777960769,1.));
#3260 = VECTOR('',#3261,1.);
#3261 = DIRECTION('',(-0.,-1.));
#3262 = ( GEOMETRIC_REPRESENTATION_CONTEXT(2) 
PARAMETRIC_REPRESENTATION_CONTEXT() REPRESENTATION_CONTEXT('2D SPACE',''
  ) );
#3263 = ORIENTED_EDGE('',*,*,#887,.F.);
#3264 = ORIENTED_EDGE('',*,*,#3215,.F.);
#3265 = ADVANCED_FACE('',(#3266),#875,.F.);
#3266 = FACE_BOUND('',#3267,.T.);
#3267 = EDGE_LOOP('',(#3268,#3269,#3270,#3271));
#3268 = ORIENTED_EDGE('',*,*,#854,.T.);
#3269 = ORIENTED_EDGE('',*,*,#3243,.F.);
#3270 = ORIENTED_EDGE('',*,*,#2001,.F.);
#3271 = ORIENTED_EDGE('',*,*,#3272,.F.);
#3272 = EDGE_CURVE('',#822,#1974,#3273,.T.);
#3273 = SURFACE_CURVE('',#3274,(#3278,#3285),.PCURVE_S1.);
#3274 = LINE('',#3275,#3276);
#3275 = CARTESIAN_POINT('',(28.601967093262,-35.41024372149,9.25));
#3276 = VECTOR('',#3277,1.);
#3277 = DIRECTION('',(-0.,-0.,-1.));
#3278 = PCURVE('',#875,#3279);
#3279 = DEFINITIONAL_REPRESENTATION('',(#3280),#3284);
#3280 = LINE('',#3281,#3282);
#3281 = CARTESIAN_POINT('',(-8.747141139217,0.));
#3282 = VECTOR('',#3283,1.);
#3283 = DIRECTION('',(0.,1.));
#3284 = ( GEOMETRIC_REPRESENTATION_CONTEXT(2) 
PARAMETRIC_REPRESENTATION_CONTEXT() REPRESENTATION_CONTEXT('2D SPACE',''
  ) );
#3285 = PCURVE('',#842,#3286);
#3286 = DEFINITIONAL_REPRESENTATION('',(#3287),#3290);
#3287 = B_SPLINE_CURVE_WITH_KNOTS('',1,(#3288,#3289),.UNSPECIFIED.,.F.,
  .F.,(2,2),(-24.5000024,2.399999999625E-06),.PIECEWISE_BEZIER_KNOTS.);
#3288 = CARTESIAN_POINT('',(-2.463955832038,-24.5000024));
#3289 = CARTESIAN_POINT('',(-2.463955832038,2.399999999625E-06));
#3290 = ( GEOMETRIC_REPRESENTATION_CONTEXT(2) 
PARAMETRIC_REPRESENTATION_CONTEXT() REPRESENTATION_CONTEXT('2D SPACE',''
  ) );
#3291 = ADVANCED_FACE('',(#3292),#842,.F.);
#3292 = FACE_BOUND('',#3293,.T.);
#3293 = EDGE_LOOP('',(#3294,#3295,#3316,#3317));
#3294 = ORIENTED_EDGE('',*,*,#1973,.F.);
#3295 = ORIENTED_EDGE('',*,*,#3296,.T.);
#3296 = EDGE_CURVE('',#1951,#794,#3297,.T.);
#3297 = SURFACE_CURVE('',#3298,(#3302,#3309),.PCURVE_S1.);
#3298 = LINE('',#3299,#3300);
#3299 = CARTESIAN_POINT('',(24.120033480383,-35.9726441092,9.25));
#3300 = VECTOR('',#3301,1.);
#3301 = DIRECTION('',(0.,0.,1.));
#3302 = PCURVE('',#842,#3303);
#3303 = DEFINITIONAL_REPRESENTATION('',(#3304),#3308);
#3304 = LINE('',#3305,#3306);
#3305 = CARTESIAN_POINT('',(-0.927295218002,0.));
#3306 = VECTOR('',#3307,1.);
#3307 = DIRECTION('',(-0.,-1.));
#3308 = ( GEOMETRIC_REPRESENTATION_CONTEXT(2) 
PARAMETRIC_REPRESENTATION_CONTEXT() REPRESENTATION_CONTEXT('2D SPACE',''
  ) );
#3309 = PCURVE('',#809,#3310);
#3310 = DEFINITIONAL_REPRESENTATION('',(#3311),#3315);
#3311 = LINE('',#3312,#3313);
#3312 = CARTESIAN_POINT('',(0.,0.));
#3313 = VECTOR('',#3314,1.);
#3314 = DIRECTION('',(0.,-1.));
#3315 = ( GEOMETRIC_REPRESENTATION_CONTEXT(2) 
PARAMETRIC_REPRESENTATION_CONTEXT() REPRESENTATION_CONTEXT('2D SPACE',''
  ) );
#3316 = ORIENTED_EDGE('',*,*,#821,.T.);
#3317 = ORIENTED_EDGE('',*,*,#3272,.T.);
#3318 = ADVANCED_FACE('',(#3319),#809,.F.);
#3319 = FACE_BOUND('',#3320,.F.);
#3320 = EDGE_LOOP('',(#3321,#3322,#3323,#3344));
#3321 = ORIENTED_EDGE('',*,*,#3296,.T.);
#3322 = ORIENTED_EDGE('',*,*,#793,.T.);
#3323 = ORIENTED_EDGE('',*,*,#3324,.F.);
#3324 = EDGE_CURVE('',#1923,#761,#3325,.T.);
#3325 = SURFACE_CURVE('',#3326,(#3330,#3337),.PCURVE_S1.);
#3326 = LINE('',#3327,#3328);
#3327 = CARTESIAN_POINT('',(21.670033480383,-35.97264410336,9.25));
#3328 = VECTOR('',#3329,1.);
#3329 = DIRECTION('',(0.,0.,1.));
#3330 = PCURVE('',#809,#3331);
#3331 = DEFINITIONAL_REPRESENTATION('',(#3332),#3336);
#3332 = LINE('',#3333,#3334);
#3333 = CARTESIAN_POINT('',(2.45,0.));
#3334 = VECTOR('',#3335,1.);
#3335 = DIRECTION('',(0.,-1.));
#3336 = ( GEOMETRIC_REPRESENTATION_CONTEXT(2) 
PARAMETRIC_REPRESENTATION_CONTEXT() REPRESENTATION_CONTEXT('2D SPACE',''
  ) );
#3337 = PCURVE('',#781,#3338);
#3338 = DEFINITIONAL_REPRESENTATION('',(#3339),#3343);
#3339 = LINE('',#3340,#3341);
#3340 = CARTESIAN_POINT('',(-4.712388980385,0.));
#3341 = VECTOR('',#3342,1.);
#3342 = DIRECTION('',(-0.,-1.));
#3343 = ( GEOMETRIC_REPRESENTATION_CONTEXT(2) 
PARAMETRIC_REPRESENTATION_CONTEXT() REPRESENTATION_CONTEXT('2D SPACE',''
  ) );
#3344 = ORIENTED_EDGE('',*,*,#1950,.F.);
#3345 = ADVANCED_FACE('',(#3346),#781,.T.);
#3346 = FACE_BOUND('',#3347,.F.);
#3347 = EDGE_LOOP('',(#3348,#3349,#3350,#3371));
#3348 = ORIENTED_EDGE('',*,*,#3324,.T.);
#3349 = ORIENTED_EDGE('',*,*,#760,.T.);
#3350 = ORIENTED_EDGE('',*,*,#3351,.F.);
#3351 = EDGE_CURVE('',#1900,#733,#3352,.T.);
#3352 = SURFACE_CURVE('',#3353,(#3357,#3364),.PCURVE_S1.);
#3353 = LINE('',#3354,#3355);
#3354 = CARTESIAN_POINT('',(21.220033480383,-36.42264409752,9.25));
#3355 = VECTOR('',#3356,1.);
#3356 = DIRECTION('',(0.,0.,1.));
#3357 = PCURVE('',#781,#3358);
#3358 = DEFINITIONAL_REPRESENTATION('',(#3359),#3363);
#3359 = LINE('',#3360,#3361);
#3360 = CARTESIAN_POINT('',(-6.28318530718,0.));
#3361 = VECTOR('',#3362,1.);
#3362 = DIRECTION('',(-0.,-1.));
#3363 = ( GEOMETRIC_REPRESENTATION_CONTEXT(2) 
PARAMETRIC_REPRESENTATION_CONTEXT() REPRESENTATION_CONTEXT('2D SPACE',''
  ) );
#3364 = PCURVE('',#748,#3365);
#3365 = DEFINITIONAL_REPRESENTATION('',(#3366),#3370);
#3366 = LINE('',#3367,#3368);
#3367 = CARTESIAN_POINT('',(7.105427357601E-15,0.));
#3368 = VECTOR('',#3369,1.);
#3369 = DIRECTION('',(0.,-1.));
#3370 = ( GEOMETRIC_REPRESENTATION_CONTEXT(2) 
PARAMETRIC_REPRESENTATION_CONTEXT() REPRESENTATION_CONTEXT('2D SPACE',''
  ) );
#3371 = ORIENTED_EDGE('',*,*,#1922,.F.);
#3372 = ADVANCED_FACE('',(#3373),#748,.F.);
#3373 = FACE_BOUND('',#3374,.F.);
#3374 = EDGE_LOOP('',(#3375,#3376,#3377,#3398));
#3375 = ORIENTED_EDGE('',*,*,#3351,.T.);
#3376 = ORIENTED_EDGE('',*,*,#732,.T.);
#3377 = ORIENTED_EDGE('',*,*,#3378,.F.);
#3378 = EDGE_CURVE('',#1877,#705,#3379,.T.);
#3379 = SURFACE_CURVE('',#3380,(#3384,#3391),.PCURVE_S1.);
#3380 = LINE('',#3381,#3382);
#3381 = CARTESIAN_POINT('',(21.220033480383,-37.5726441092,9.25));
#3382 = VECTOR('',#3383,1.);
#3383 = DIRECTION('',(0.,0.,1.));
#3384 = PCURVE('',#748,#3385);
#3385 = DEFINITIONAL_REPRESENTATION('',(#3386),#3390);
#3386 = LINE('',#3387,#3388);
#3387 = CARTESIAN_POINT('',(1.150000011679,0.));
#3388 = VECTOR('',#3389,1.);
#3389 = DIRECTION('',(0.,-1.));
#3390 = ( GEOMETRIC_REPRESENTATION_CONTEXT(2) 
PARAMETRIC_REPRESENTATION_CONTEXT() REPRESENTATION_CONTEXT('2D SPACE',''
  ) );
#3391 = PCURVE('',#720,#3392);
#3392 = DEFINITIONAL_REPRESENTATION('',(#3393),#3397);
#3393 = LINE('',#3394,#3395);
#3394 = CARTESIAN_POINT('',(2.424613432873,0.));
#3395 = VECTOR('',#3396,1.);
#3396 = DIRECTION('',(0.,-1.));
#3397 = ( GEOMETRIC_REPRESENTATION_CONTEXT(2) 
PARAMETRIC_REPRESENTATION_CONTEXT() REPRESENTATION_CONTEXT('2D SPACE',''
  ) );
#3398 = ORIENTED_EDGE('',*,*,#1899,.F.);
#3399 = ADVANCED_FACE('',(#3400),#720,.T.);
#3400 = FACE_BOUND('',#3401,.T.);
#3401 = EDGE_LOOP('',(#3402,#3423,#3424,#3425));
#3402 = ORIENTED_EDGE('',*,*,#3403,.T.);
#3403 = EDGE_CURVE('',#1849,#672,#3404,.T.);
#3404 = SURFACE_CURVE('',#3405,(#3409,#3416),.PCURVE_S1.);
#3405 = LINE('',#3406,#3407);
#3406 = CARTESIAN_POINT('',(23.644646913257,-37.5726441092,9.25));
#3407 = VECTOR('',#3408,1.);
#3408 = DIRECTION('',(0.,0.,1.));
#3409 = PCURVE('',#720,#3410);
#3410 = DEFINITIONAL_REPRESENTATION('',(#3411),#3415);
#3411 = LINE('',#3412,#3413);
#3412 = CARTESIAN_POINT('',(-3.552713678801E-15,0.));
#3413 = VECTOR('',#3414,1.);
#3414 = DIRECTION('',(0.,-1.));
#3415 = ( GEOMETRIC_REPRESENTATION_CONTEXT(2) 
PARAMETRIC_REPRESENTATION_CONTEXT() REPRESENTATION_CONTEXT('2D SPACE',''
  ) );
#3416 = PCURVE('',#692,#3417);
#3417 = DEFINITIONAL_REPRESENTATION('',(#3418),#3422);
#3418 = LINE('',#3419,#3420);
#3419 = CARTESIAN_POINT('',(-1.04710551385,0.));
#3420 = VECTOR('',#3421,1.);
#3421 = DIRECTION('',(-0.,-1.));
#3422 = ( GEOMETRIC_REPRESENTATION_CONTEXT(2) 
PARAMETRIC_REPRESENTATION_CONTEXT() REPRESENTATION_CONTEXT('2D SPACE',''
  ) );
#3423 = ORIENTED_EDGE('',*,*,#704,.T.);
#3424 = ORIENTED_EDGE('',*,*,#3378,.F.);
#3425 = ORIENTED_EDGE('',*,*,#1876,.F.);
#3426 = ADVANCED_FACE('',(#3427),#692,.T.);
#3427 = FACE_BOUND('',#3428,.F.);
#3428 = EDGE_LOOP('',(#3429,#3430,#3431,#3432));
#3429 = ORIENTED_EDGE('',*,*,#1848,.F.);
#3430 = ORIENTED_EDGE('',*,*,#3403,.T.);
#3431 = ORIENTED_EDGE('',*,*,#671,.T.);
#3432 = ORIENTED_EDGE('',*,*,#3433,.T.);
#3433 = EDGE_CURVE('',#644,#1826,#3434,.T.);
#3434 = SURFACE_CURVE('',#3435,(#3439,#3445),.PCURVE_S1.);
#3435 = LINE('',#3436,#3437);
#3436 = CARTESIAN_POINT('',(28.364461112866,-37.64559412521,9.25));
#3437 = VECTOR('',#3438,1.);
#3438 = DIRECTION('',(-0.,-0.,-1.));
#3439 = PCURVE('',#692,#3440);
#3440 = DEFINITIONAL_REPRESENTATION('',(#3441),#3444);
#3441 = B_SPLINE_CURVE_WITH_KNOTS('',1,(#3442,#3443),.UNSPECIFIED.,.F.,
  .F.,(2,2),(-24.5000024,2.399999999625E-06),.PIECEWISE_BEZIER_KNOTS.);
#3442 = CARTESIAN_POINT('',(-2.063577360369,-24.5000024));
#3443 = CARTESIAN_POINT('',(-2.063577360369,2.399999999625E-06));
#3444 = ( GEOMETRIC_REPRESENTATION_CONTEXT(2) 
PARAMETRIC_REPRESENTATION_CONTEXT() REPRESENTATION_CONTEXT('2D SPACE',''
  ) );
#3445 = PCURVE('',#659,#3446);
#3446 = DEFINITIONAL_REPRESENTATION('',(#3447),#3450);
#3447 = B_SPLINE_CURVE_WITH_KNOTS('',1,(#3448,#3449),.UNSPECIFIED.,.F.,
  .F.,(2,2),(-24.5000024,2.399999999625E-06),.PIECEWISE_BEZIER_KNOTS.);
#3448 = CARTESIAN_POINT('',(6.188297856691,2.399999999625E-06));
#3449 = CARTESIAN_POINT('',(6.188297856691,-24.5000024));
#3450 = ( GEOMETRIC_REPRESENTATION_CONTEXT(2) 
PARAMETRIC_REPRESENTATION_CONTEXT() REPRESENTATION_CONTEXT('2D SPACE',''
  ) );
#3451 = ADVANCED_FACE('',(#3452),#659,.F.);
#3452 = FACE_BOUND('',#3453,.F.);
#3453 = EDGE_LOOP('',(#3454,#3455,#3474,#3475));
#3454 = ORIENTED_EDGE('',*,*,#643,.F.);
#3455 = ORIENTED_EDGE('',*,*,#3456,.T.);
#3456 = EDGE_CURVE('',#616,#1803,#3457,.T.);
#3457 = SURFACE_CURVE('',#3458,(#3462,#3468),.PCURVE_S1.);
#3458 = LINE('',#3459,#3460);
#3459 = CARTESIAN_POINT('',(28.09305548867,-40.2,21.5));
#3460 = VECTOR('',#3461,1.);
#3461 = DIRECTION('',(0.,0.,-1.));
#3462 = PCURVE('',#659,#3463);
#3463 = DEFINITIONAL_REPRESENTATION('',(#3464),#3467);
#3464 = B_SPLINE_CURVE_WITH_KNOTS('',1,(#3465,#3466),.UNSPECIFIED.,.F.,
  .F.,(2,2),(-12.25,12.25),.PIECEWISE_BEZIER_KNOTS.);
#3465 = CARTESIAN_POINT('',(3.619514022659,0.));
#3466 = CARTESIAN_POINT('',(3.619514022659,-24.5));
#3467 = ( GEOMETRIC_REPRESENTATION_CONTEXT(2) 
PARAMETRIC_REPRESENTATION_CONTEXT() REPRESENTATION_CONTEXT('2D SPACE',''
  ) );
#3468 = PCURVE('',#631,#3469);
#3469 = DEFINITIONAL_REPRESENTATION('',(#3470),#3473);
#3470 = B_SPLINE_CURVE_WITH_KNOTS('',1,(#3471,#3472),.UNSPECIFIED.,.F.,
  .F.,(2,2),(-12.25,12.25),.PIECEWISE_BEZIER_KNOTS.);
#3471 = CARTESIAN_POINT('',(3.40694451133,-24.5));
#3472 = CARTESIAN_POINT('',(3.40694451133,0.));
#3473 = ( GEOMETRIC_REPRESENTATION_CONTEXT(2) 
PARAMETRIC_REPRESENTATION_CONTEXT() REPRESENTATION_CONTEXT('2D SPACE',''
  ) );
#3474 = ORIENTED_EDGE('',*,*,#1825,.T.);
#3475 = ORIENTED_EDGE('',*,*,#3433,.F.);
#3476 = ADVANCED_FACE('',(#3477),#547,.F.);
#3477 = FACE_BOUND('',#3478,.F.);
#3478 = EDGE_LOOP('',(#3479,#3480,#3501,#3502));
#3479 = ORIENTED_EDGE('',*,*,#531,.F.);
#3480 = ORIENTED_EDGE('',*,*,#3481,.T.);
#3481 = EDGE_CURVE('',#504,#1711,#3482,.T.);
#3482 = SURFACE_CURVE('',#3483,(#3487,#3494),.PCURVE_S1.);
#3483 = LINE('',#3484,#3485);
#3484 = CARTESIAN_POINT('',(31.489365347833,-44.2007450682,33.75));
#3485 = VECTOR('',#3486,1.);
#3486 = DIRECTION('',(0.,0.,-1.));
#3487 = PCURVE('',#547,#3488);
#3488 = DEFINITIONAL_REPRESENTATION('',(#3489),#3493);
#3489 = LINE('',#3490,#3491);
#3490 = CARTESIAN_POINT('',(0.,0.));
#3491 = VECTOR('',#3492,1.);
#3492 = DIRECTION('',(0.,-1.));
#3493 = ( GEOMETRIC_REPRESENTATION_CONTEXT(2) 
PARAMETRIC_REPRESENTATION_CONTEXT() REPRESENTATION_CONTEXT('2D SPACE',''
  ) );
#3494 = PCURVE('',#519,#3495);
#3495 = DEFINITIONAL_REPRESENTATION('',(#3496),#3500);
#3496 = LINE('',#3497,#3498);
#3497 = CARTESIAN_POINT('',(16.132642946943,0.));
#3498 = VECTOR('',#3499,1.);
#3499 = DIRECTION('',(-0.,-1.));
#3500 = ( GEOMETRIC_REPRESENTATION_CONTEXT(2) 
PARAMETRIC_REPRESENTATION_CONTEXT() REPRESENTATION_CONTEXT('2D SPACE',''
  ) );
#3501 = ORIENTED_EDGE('',*,*,#1733,.T.);
#3502 = ORIENTED_EDGE('',*,*,#3503,.T.);
#3503 = EDGE_CURVE('',#1734,#532,#3504,.T.);
#3504 = SURFACE_CURVE('',#3505,(#3509,#3515),.PCURVE_S1.);
#3505 = LINE('',#3506,#3507);
#3506 = CARTESIAN_POINT('',(29.6,-44.,21.5));
#3507 = VECTOR('',#3508,1.);
#3508 = DIRECTION('',(0.,0.,1.));
#3509 = PCURVE('',#547,#3510);
#3510 = DEFINITIONAL_REPRESENTATION('',(#3511),#3514);
#3511 = B_SPLINE_CURVE_WITH_KNOTS('',1,(#3512,#3513),.UNSPECIFIED.,.F.,
  .F.,(2,2),(-12.25,12.25),.PIECEWISE_BEZIER_KNOTS.);
#3512 = CARTESIAN_POINT('',(1.9,-24.5));
#3513 = CARTESIAN_POINT('',(1.9,0.));
#3514 = ( GEOMETRIC_REPRESENTATION_CONTEXT(2) 
PARAMETRIC_REPRESENTATION_CONTEXT() REPRESENTATION_CONTEXT('2D SPACE',''
  ) );
#3515 = PCURVE('',#575,#3516);
#3516 = DEFINITIONAL_REPRESENTATION('',(#3517),#3520);
#3517 = B_SPLINE_CURVE_WITH_KNOTS('',1,(#3518,#3519),.UNSPECIFIED.,.F.,
  .F.,(2,2),(-12.25,12.25),.PIECEWISE_BEZIER_KNOTS.);
#3518 = CARTESIAN_POINT('',(13.889365347833,0.));
#3519 = CARTESIAN_POINT('',(13.889365347833,-24.5));
#3520 = ( GEOMETRIC_REPRESENTATION_CONTEXT(2) 
PARAMETRIC_REPRESENTATION_CONTEXT() REPRESENTATION_CONTEXT('2D SPACE',''
  ) );
#3521 = ADVANCED_FACE('',(#3522),#519,.F.);
#3522 = FACE_BOUND('',#3523,.F.);
#3523 = EDGE_LOOP('',(#3524,#3545,#3546,#3547));
#3524 = ORIENTED_EDGE('',*,*,#3525,.T.);
#3525 = EDGE_CURVE('',#476,#1688,#3526,.T.);
#3526 = SURFACE_CURVE('',#3527,(#3531,#3538),.PCURVE_S1.);
#3527 = LINE('',#3528,#3529);
#3528 = CARTESIAN_POINT('',(33.193864562962,-28.15839951404,33.75));
#3529 = VECTOR('',#3530,1.);
#3530 = DIRECTION('',(0.,0.,-1.));
#3531 = PCURVE('',#519,#3532);
#3532 = DEFINITIONAL_REPRESENTATION('',(#3533),#3537);
#3533 = LINE('',#3534,#3535);
#3534 = CARTESIAN_POINT('',(0.,0.));
#3535 = VECTOR('',#3536,1.);
#3536 = DIRECTION('',(-0.,-1.));
#3537 = ( GEOMETRIC_REPRESENTATION_CONTEXT(2) 
PARAMETRIC_REPRESENTATION_CONTEXT() REPRESENTATION_CONTEXT('2D SPACE',''
  ) );
#3538 = PCURVE('',#491,#3539);
#3539 = DEFINITIONAL_REPRESENTATION('',(#3540),#3544);
#3540 = LINE('',#3541,#3542);
#3541 = CARTESIAN_POINT('',(18.124657982152,0.));
#3542 = VECTOR('',#3543,1.);
#3543 = DIRECTION('',(-0.,-1.));
#3544 = ( GEOMETRIC_REPRESENTATION_CONTEXT(2) 
PARAMETRIC_REPRESENTATION_CONTEXT() REPRESENTATION_CONTEXT('2D SPACE',''
  ) );
#3545 = ORIENTED_EDGE('',*,*,#1710,.T.);
#3546 = ORIENTED_EDGE('',*,*,#3481,.F.);
#3547 = ORIENTED_EDGE('',*,*,#503,.F.);
#3548 = ADVANCED_FACE('',(#3549),#491,.F.);
#3549 = FACE_BOUND('',#3550,.F.);
#3550 = EDGE_LOOP('',(#3551,#3552,#3553,#3554));
#3551 = ORIENTED_EDGE('',*,*,#2610,.T.);
#3552 = ORIENTED_EDGE('',*,*,#1687,.T.);
#3553 = ORIENTED_EDGE('',*,*,#3525,.F.);
#3554 = ORIENTED_EDGE('',*,*,#475,.F.);
#3555 = ADVANCED_FACE('',(#3556),#416,.F.);
#3556 = FACE_BOUND('',#3557,.F.);
#3557 = EDGE_LOOP('',(#3558,#3579,#3580,#3581));
#3558 = ORIENTED_EDGE('',*,*,#3559,.T.);
#3559 = EDGE_CURVE('',#373,#1595,#3560,.T.);
#3560 = SURFACE_CURVE('',#3561,(#3565,#3572),.PCURVE_S1.);
#3561 = LINE('',#3562,#3563);
#3562 = CARTESIAN_POINT('',(16.708294970487,42.2,33.75));
#3563 = VECTOR('',#3564,1.);
#3564 = DIRECTION('',(0.,0.,-1.));
#3565 = PCURVE('',#416,#3566);
#3566 = DEFINITIONAL_REPRESENTATION('',(#3567),#3571);
#3567 = LINE('',#3568,#3569);
#3568 = CARTESIAN_POINT('',(0.,0.));
#3569 = VECTOR('',#3570,1.);
#3570 = DIRECTION('',(0.,-1.));
#3571 = ( GEOMETRIC_REPRESENTATION_CONTEXT(2) 
PARAMETRIC_REPRESENTATION_CONTEXT() REPRESENTATION_CONTEXT('2D SPACE',''
  ) );
#3572 = PCURVE('',#388,#3573);
#3573 = DEFINITIONAL_REPRESENTATION('',(#3574),#3578);
#3574 = LINE('',#3575,#3576);
#3575 = CARTESIAN_POINT('',(15.791705029513,0.));
#3576 = VECTOR('',#3577,1.);
#3577 = DIRECTION('',(0.,-1.));
#3578 = ( GEOMETRIC_REPRESENTATION_CONTEXT(2) 
PARAMETRIC_REPRESENTATION_CONTEXT() REPRESENTATION_CONTEXT('2D SPACE',''
  ) );
#3579 = ORIENTED_EDGE('',*,*,#1617,.T.);
#3580 = ORIENTED_EDGE('',*,*,#2582,.F.);
#3581 = ORIENTED_EDGE('',*,*,#400,.F.);
#3582 = ADVANCED_FACE('',(#3583),#388,.F.);
#3583 = FACE_BOUND('',#3584,.F.);
#3584 = EDGE_LOOP('',(#3585,#3586,#3605,#3606));
#3585 = ORIENTED_EDGE('',*,*,#372,.F.);
#3586 = ORIENTED_EDGE('',*,*,#3587,.F.);
#3587 = EDGE_CURVE('',#1572,#345,#3588,.T.);
#3588 = SURFACE_CURVE('',#3589,(#3593,#3599),.PCURVE_S1.);
#3589 = LINE('',#3590,#3591);
#3590 = CARTESIAN_POINT('',(29.047918656751,42.2,33.75));
#3591 = VECTOR('',#3592,1.);
#3592 = DIRECTION('',(0.,0.,1.));
#3593 = PCURVE('',#388,#3594);
#3594 = DEFINITIONAL_REPRESENTATION('',(#3595),#3598);
#3595 = B_SPLINE_CURVE_WITH_KNOTS('',1,(#3596,#3597),.UNSPECIFIED.,.F.,
  .F.,(2,2),(-24.5,0.),.PIECEWISE_BEZIER_KNOTS.);
#3596 = CARTESIAN_POINT('',(3.452081343249,-24.5));
#3597 = CARTESIAN_POINT('',(3.452081343249,0.));
#3598 = ( GEOMETRIC_REPRESENTATION_CONTEXT(2) 
PARAMETRIC_REPRESENTATION_CONTEXT() REPRESENTATION_CONTEXT('2D SPACE',''
  ) );
#3599 = PCURVE('',#360,#3600);
#3600 = DEFINITIONAL_REPRESENTATION('',(#3601),#3604);
#3601 = B_SPLINE_CURVE_WITH_KNOTS('',1,(#3602,#3603),.UNSPECIFIED.,.F.,
  .F.,(2,2),(-24.5,0.),.PIECEWISE_BEZIER_KNOTS.);
#3602 = CARTESIAN_POINT('',(12.366537667786,-24.5));
#3603 = CARTESIAN_POINT('',(12.366537667786,0.));
#3604 = ( GEOMETRIC_REPRESENTATION_CONTEXT(2) 
PARAMETRIC_REPRESENTATION_CONTEXT() REPRESENTATION_CONTEXT('2D SPACE',''
  ) );
#3605 = ORIENTED_EDGE('',*,*,#1594,.T.);
#3606 = ORIENTED_EDGE('',*,*,#3559,.F.);
#3607 = ADVANCED_FACE('',(#3608),#360,.F.);
#3608 = FACE_BOUND('',#3609,.F.);
#3609 = EDGE_LOOP('',(#3610,#3611,#3612,#3613));
#3610 = ORIENTED_EDGE('',*,*,#344,.F.);
#3611 = ORIENTED_EDGE('',*,*,#2636,.T.);
#3612 = ORIENTED_EDGE('',*,*,#1571,.T.);
#3613 = ORIENTED_EDGE('',*,*,#3587,.T.);
#3614 = ADVANCED_FACE('',(#3615),#631,.F.);
#3615 = FACE_BOUND('',#3616,.F.);
#3616 = EDGE_LOOP('',(#3617,#3618,#3619,#3620));
#3617 = ORIENTED_EDGE('',*,*,#1802,.F.);
#3618 = ORIENTED_EDGE('',*,*,#3456,.F.);
#3619 = ORIENTED_EDGE('',*,*,#615,.T.);
#3620 = ORIENTED_EDGE('',*,*,#3621,.F.);
#3621 = EDGE_CURVE('',#1780,#588,#3622,.T.);
#3622 = SURFACE_CURVE('',#3623,(#3627,#3634),.PCURVE_S1.);
#3623 = LINE('',#3624,#3625);
#3624 = CARTESIAN_POINT('',(15.710634652167,-40.2,9.25));
#3625 = VECTOR('',#3626,1.);
#3626 = DIRECTION('',(0.,0.,1.));
#3627 = PCURVE('',#631,#3628);
#3628 = DEFINITIONAL_REPRESENTATION('',(#3629),#3633);
#3629 = LINE('',#3630,#3631);
#3630 = CARTESIAN_POINT('',(15.789365347833,0.));
#3631 = VECTOR('',#3632,1.);
#3632 = DIRECTION('',(0.,-1.));
#3633 = ( GEOMETRIC_REPRESENTATION_CONTEXT(2) 
PARAMETRIC_REPRESENTATION_CONTEXT() REPRESENTATION_CONTEXT('2D SPACE',''
  ) );
#3634 = PCURVE('',#603,#3635);
#3635 = DEFINITIONAL_REPRESENTATION('',(#3636),#3640);
#3636 = LINE('',#3637,#3638);
#3637 = CARTESIAN_POINT('',(0.,0.));
#3638 = VECTOR('',#3639,1.);
#3639 = DIRECTION('',(0.,-1.));
#3640 = ( GEOMETRIC_REPRESENTATION_CONTEXT(2) 
PARAMETRIC_REPRESENTATION_CONTEXT() REPRESENTATION_CONTEXT('2D SPACE',''
  ) );
#3641 = ADVANCED_FACE('',(#3642),#575,.F.);
#3642 = FACE_BOUND('',#3643,.F.);
#3643 = EDGE_LOOP('',(#3644,#3645,#3666,#3667));
#3644 = ORIENTED_EDGE('',*,*,#1756,.F.);
#3645 = ORIENTED_EDGE('',*,*,#3646,.T.);
#3646 = EDGE_CURVE('',#1757,#560,#3647,.T.);
#3647 = SURFACE_CURVE('',#3648,(#3652,#3659),.PCURVE_S1.);
#3648 = LINE('',#3649,#3650);
#3649 = CARTESIAN_POINT('',(15.710634652167,-44.,9.25));
#3650 = VECTOR('',#3651,1.);
#3651 = DIRECTION('',(0.,0.,1.));
#3652 = PCURVE('',#575,#3653);
#3653 = DEFINITIONAL_REPRESENTATION('',(#3654),#3658);
#3654 = LINE('',#3655,#3656);
#3655 = CARTESIAN_POINT('',(0.,0.));
#3656 = VECTOR('',#3657,1.);
#3657 = DIRECTION('',(0.,-1.));
#3658 = ( GEOMETRIC_REPRESENTATION_CONTEXT(2) 
PARAMETRIC_REPRESENTATION_CONTEXT() REPRESENTATION_CONTEXT('2D SPACE',''
  ) );
#3659 = PCURVE('',#603,#3660);
#3660 = DEFINITIONAL_REPRESENTATION('',(#3661),#3665);
#3661 = LINE('',#3662,#3663);
#3662 = CARTESIAN_POINT('',(3.8,0.));
#3663 = VECTOR('',#3664,1.);
#3664 = DIRECTION('',(0.,-1.));
#3665 = ( GEOMETRIC_REPRESENTATION_CONTEXT(2) 
PARAMETRIC_REPRESENTATION_CONTEXT() REPRESENTATION_CONTEXT('2D SPACE',''
  ) );
#3666 = ORIENTED_EDGE('',*,*,#559,.T.);
#3667 = ORIENTED_EDGE('',*,*,#3503,.F.);
#3668 = ADVANCED_FACE('',(#3669),#603,.F.);
#3669 = FACE_BOUND('',#3670,.F.);
#3670 = EDGE_LOOP('',(#3671,#3672,#3673,#3674));
#3671 = ORIENTED_EDGE('',*,*,#3621,.T.);
#3672 = ORIENTED_EDGE('',*,*,#587,.T.);
#3673 = ORIENTED_EDGE('',*,*,#3646,.F.);
#3674 = ORIENTED_EDGE('',*,*,#1779,.F.);
#3675 = ( GEOMETRIC_REPRESENTATION_CONTEXT(3) 
GLOBAL_UNCERTAINTY_ASSIGNED_CONTEXT((#3679)) 
GLOBAL_UNIT_ASSIGNED_CONTEXT((#3676,#3677,#3678)) REPRESENTATION_CONTEXT
('Context #1','3D Context with UNIT and UNCERTAINTY') );
#3676 = ( LENGTH_UNIT() NAMED_UNIT(*) SI_UNIT(.MILLI.,.METRE.) );
#3677 = ( NAMED_UNIT(*) PLANE_ANGLE_UNIT() SI_UNIT($,.RADIAN.) );
#3678 = ( NAMED_UNIT(*) SI_UNIT($,.STERADIAN.) SOLID_ANGLE_UNIT() );
#3679 = UNCERTAINTY_MEASURE_WITH_UNIT(LENGTH_MEASURE(2.E-06),#3676,
  'distance_accuracy_value','confusion accuracy');
#3680 = CONTEXT_DEPENDENT_SHAPE_REPRESENTATION(#3681,#3683);
#3681 = ( REPRESENTATION_RELATIONSHIP('','',#32,#10) 
REPRESENTATION_RELATIONSHIP_WITH_TRANSFORMATION(#3682) 
SHAPE_REPRESENTATION_RELATIONSHIP() );
#3682 = ITEM_DEFINED_TRANSFORMATION('','',#11,#15);
#3683 = PRODUCT_DEFINITION_SHAPE('Placement','Placement of an item',
  #3684);
#3684 = NEXT_ASSEMBLY_USAGE_OCCURRENCE('5','side_panel_full_r__wrap','',
  #5,#27,$);
#3685 = PRODUCT_RELATED_PRODUCT_CATEGORY('part',$,(#29));
ENDSEC;
END-ISO-10303-21;
