ISO-10303-21;
HEADER;
FILE_DESCRIPTION(('FreeCAD Model'),'2;1');
FILE_NAME('Open CASCADE Shape Model','2026-09-13T13:10:50',('FreeCAD'),(
    'FreeCAD'),'Open CASCADE STEP processor 7.8','FreeCAD','Unknown');
FILE_SCHEMA(('AUTOMOTIVE_DESIGN { 1 0 10303 214 1 1 1 1 }'));
ENDSEC;
DATA;
#1 = APPLICATION_PROTOCOL_DEFINITION('international standard',
  'automotive_design',2000,#2);
#2 = APPLICATION_CONTEXT(
  'core data for automotive mechanical design processes');
#3 = SHAPE_DEFINITION_REPRESENTATION(#4,#10);
#4 = PRODUCT_DEFINITION_SHAPE('','',#5);
#5 = PRODUCT_DEFINITION('design','',#6,#9);
#6 = PRODUCT_DEFINITION_FORMATION('','',#7);
#7 = PRODUCT('Open CASCADE STEP translator 7.8 3',
  'Open CASCADE STEP translator 7.8 3','',(#8));
#8 = PRODUCT_CONTEXT('',#2,'mechanical');
#9 = PRODUCT_DEFINITION_CONTEXT('part definition',#2,'design');
#10 = ADVANCED_BREP_SHAPE_REPRESENTATION('',(#11,#15),#3704);
#11 = AXIS2_PLACEMENT_3D('',#12,#13,#14);
#12 = CARTESIAN_POINT('',(0.,0.,0.));
#13 = DIRECTION('',(0.,0.,1.));
#14 = DIRECTION('',(1.,0.,-0.));
#15 = MANIFOLD_SOLID_BREP('',#16);
#16 = CLOSED_SHELL('',(#17,#59,#90,#123,#156,#187,#220,#253,#284,#317,
    #350,#383,#414,#447,#478,#511,#544,#586,#617,#650,#681,#714,#747,
    #780,#811,#844,#877,#908,#941,#974,#1005,#1038,#1071,#1104,#1135,
    #1168,#1201,#1234,#1267,#1300,#1333,#1366,#1397,#1421,#2055,#2080,
    #2111,#2136,#2160,#2185,#2209,#2234,#2258,#2276,#2308,#2332,#2357,
    #2381,#2406,#2430,#2455,#2472,#2503,#2528,#2552,#2577,#2601,#2626,
    #2650,#2668,#2699,#2724,#2748,#2773,#2797,#2822,#2846,#2864,#2889,
    #2914,#2939,#2964,#2989,#3014,#3039,#3064,#3089,#3114,#3139,#3164,
    #3189,#3214,#3239,#3264,#3289,#3314,#3339,#3364,#3389,#3414,#3439,
    #3464,#3489,#3514,#3692));
#17 = ADVANCED_FACE('',(#18),#54,.F.);
#18 = FACE_BOUND('',#19,.T.);
#19 = EDGE_LOOP('',(#20,#30,#39,#47));
#20 = ORIENTED_EDGE('',*,*,#21,.T.);
#21 = EDGE_CURVE('',#22,#24,#26,.T.);
#22 = VERTEX_POINT('',#23);
#23 = CARTESIAN_POINT('',(18.579514383599,12.532032061119,0.));
#24 = VERTEX_POINT('',#25);
#25 = CARTESIAN_POINT('',(18.579514383599,12.532032061119,3.));
#26 = LINE('',#27,#28);
#27 = CARTESIAN_POINT('',(18.579514383599,12.532032061119,0.));
#28 = VECTOR('',#29,1.);
#29 = DIRECTION('',(0.,0.,1.));
#30 = ORIENTED_EDGE('',*,*,#31,.T.);
#31 = EDGE_CURVE('',#24,#32,#34,.T.);
#32 = VERTEX_POINT('',#33);
#33 = CARTESIAN_POINT('',(17.25,9.834850330246,3.));
#34 = CIRCLE('',#35,5.);
#35 = AXIS2_PLACEMENT_3D('',#36,#37,#38);
#36 = CARTESIAN_POINT('',(22.191940971132,9.075100741337,3.));
#37 = DIRECTION('',(0.,0.,1.));
#38 = DIRECTION('',(1.,0.,0.));
#39 = ORIENTED_EDGE('',*,*,#40,.F.);
#40 = EDGE_CURVE('',#41,#32,#43,.T.);
#41 = VERTEX_POINT('',#42);
#42 = CARTESIAN_POINT('',(17.25,9.834850330246,0.));
#43 = LINE('',#44,#45);
#44 = CARTESIAN_POINT('',(17.25,9.834850330246,0.));
#45 = VECTOR('',#46,1.);
#46 = DIRECTION('',(0.,0.,1.));
#47 = ORIENTED_EDGE('',*,*,#48,.F.);
#48 = EDGE_CURVE('',#22,#41,#49,.T.);
#49 = CIRCLE('',#50,5.);
#50 = AXIS2_PLACEMENT_3D('',#51,#52,#53);
#51 = CARTESIAN_POINT('',(22.191940971132,9.075100741337,0.));
#52 = DIRECTION('',(0.,0.,1.));
#53 = DIRECTION('',(1.,0.,0.));
#54 = CYLINDRICAL_SURFACE('',#55,5.);
#55 = AXIS2_PLACEMENT_3D('',#56,#57,#58);
#56 = CARTESIAN_POINT('',(22.191940971132,9.075100741337,0.));
#57 = DIRECTION('',(-0.,-0.,-1.));
#58 = DIRECTION('',(1.,0.,0.));
#59 = ADVANCED_FACE('',(#60),#85,.T.);
#60 = FACE_BOUND('',#61,.T.);
#61 = EDGE_LOOP('',(#62,#63,#71,#79));
#62 = ORIENTED_EDGE('',*,*,#40,.T.);
#63 = ORIENTED_EDGE('',*,*,#64,.T.);
#64 = EDGE_CURVE('',#32,#65,#67,.T.);
#65 = VERTEX_POINT('',#66);
#66 = CARTESIAN_POINT('',(17.25,-9.165149669754,3.));
#67 = LINE('',#68,#69);
#68 = CARTESIAN_POINT('',(17.25,9.834850330246,3.));
#69 = VECTOR('',#70,1.);
#70 = DIRECTION('',(0.,-1.,0.));
#71 = ORIENTED_EDGE('',*,*,#72,.F.);
#72 = EDGE_CURVE('',#73,#65,#75,.T.);
#73 = VERTEX_POINT('',#74);
#74 = CARTESIAN_POINT('',(17.25,-9.165149669754,0.));
#75 = LINE('',#76,#77);
#76 = CARTESIAN_POINT('',(17.25,-9.165149669754,0.));
#77 = VECTOR('',#78,1.);
#78 = DIRECTION('',(0.,0.,1.));
#79 = ORIENTED_EDGE('',*,*,#80,.F.);
#80 = EDGE_CURVE('',#41,#73,#81,.T.);
#81 = LINE('',#82,#83);
#82 = CARTESIAN_POINT('',(17.25,9.834850330246,0.));
#83 = VECTOR('',#84,1.);
#84 = DIRECTION('',(0.,-1.,0.));
#85 = PLANE('',#86);
#86 = AXIS2_PLACEMENT_3D('',#87,#88,#89);
#87 = CARTESIAN_POINT('',(17.25,9.834850330246,0.));
#88 = DIRECTION('',(1.,0.,0.));
#89 = DIRECTION('',(0.,-1.,0.));
#90 = ADVANCED_FACE('',(#91),#118,.F.);
#91 = FACE_BOUND('',#92,.T.);
#92 = EDGE_LOOP('',(#93,#94,#103,#111));
#93 = ORIENTED_EDGE('',*,*,#72,.T.);
#94 = ORIENTED_EDGE('',*,*,#95,.T.);
#95 = EDGE_CURVE('',#65,#96,#98,.T.);
#96 = VERTEX_POINT('',#97);
#97 = CARTESIAN_POINT('',(18.450180225786,-12.39342208508,3.));
#98 = CIRCLE('',#99,4.5);
#99 = AXIS2_PLACEMENT_3D('',#100,#101,#102);
#100 = CARTESIAN_POINT('',(21.746959636955,-9.330540188226,3.));
#101 = DIRECTION('',(0.,0.,1.));
#102 = DIRECTION('',(1.,0.,0.));
#103 = ORIENTED_EDGE('',*,*,#104,.F.);
#104 = EDGE_CURVE('',#105,#96,#107,.T.);
#105 = VERTEX_POINT('',#106);
#106 = CARTESIAN_POINT('',(18.450180225786,-12.39342208508,0.));
#107 = LINE('',#108,#109);
#108 = CARTESIAN_POINT('',(18.450180225786,-12.39342208508,0.));
#109 = VECTOR('',#110,1.);
#110 = DIRECTION('',(0.,0.,1.));
#111 = ORIENTED_EDGE('',*,*,#112,.F.);
#112 = EDGE_CURVE('',#73,#105,#113,.T.);
#113 = CIRCLE('',#114,4.5);
#114 = AXIS2_PLACEMENT_3D('',#115,#116,#117);
#115 = CARTESIAN_POINT('',(21.746959636955,-9.330540188226,0.));
#116 = DIRECTION('',(0.,0.,1.));
#117 = DIRECTION('',(1.,0.,0.));
#118 = CYLINDRICAL_SURFACE('',#119,4.5);
#119 = AXIS2_PLACEMENT_3D('',#120,#121,#122);
#120 = CARTESIAN_POINT('',(21.746959636955,-9.330540188226,0.));
#121 = DIRECTION('',(-0.,-0.,-1.));
#122 = DIRECTION('',(1.,0.,0.));
#123 = ADVANCED_FACE('',(#124),#151,.T.);
#124 = FACE_BOUND('',#125,.F.);
#125 = EDGE_LOOP('',(#126,#136,#143,#144));
#126 = ORIENTED_EDGE('',*,*,#127,.T.);
#127 = EDGE_CURVE('',#128,#130,#132,.T.);
#128 = VERTEX_POINT('',#129);
#129 = CARTESIAN_POINT('',(19.725000000002,-15.59295484866,0.));
#130 = VERTEX_POINT('',#131);
#131 = CARTESIAN_POINT('',(19.725000000002,-15.59295484866,3.));
#132 = LINE('',#133,#134);
#133 = CARTESIAN_POINT('',(19.725000000002,-15.59295484866,0.));
#134 = VECTOR('',#135,1.);
#135 = DIRECTION('',(0.,0.,1.));
#136 = ORIENTED_EDGE('',*,*,#137,.T.);
#137 = EDGE_CURVE('',#130,#96,#138,.T.);
#138 = CIRCLE('',#139,4.5);
#139 = AXIS2_PLACEMENT_3D('',#140,#141,#142);
#140 = CARTESIAN_POINT('',(15.22541241735,-15.53203206111,3.));
#141 = DIRECTION('',(0.,0.,1.));
#142 = DIRECTION('',(1.,0.,0.));
#143 = ORIENTED_EDGE('',*,*,#104,.F.);
#144 = ORIENTED_EDGE('',*,*,#145,.F.);
#145 = EDGE_CURVE('',#128,#105,#146,.T.);
#146 = CIRCLE('',#147,4.5);
#147 = AXIS2_PLACEMENT_3D('',#148,#149,#150);
#148 = CARTESIAN_POINT('',(15.22541241735,-15.53203206111,0.));
#149 = DIRECTION('',(0.,0.,1.));
#150 = DIRECTION('',(1.,0.,0.));
#151 = CYLINDRICAL_SURFACE('',#152,4.5);
#152 = AXIS2_PLACEMENT_3D('',#153,#154,#155);
#153 = CARTESIAN_POINT('',(15.22541241735,-15.53203206111,0.));
#154 = DIRECTION('',(-0.,-0.,-1.));
#155 = DIRECTION('',(1.,0.,0.));
#156 = ADVANCED_FACE('',(#157),#182,.T.);
#157 = FACE_BOUND('',#158,.T.);
#158 = EDGE_LOOP('',(#159,#160,#168,#176));
#159 = ORIENTED_EDGE('',*,*,#127,.T.);
#160 = ORIENTED_EDGE('',*,*,#161,.T.);
#161 = EDGE_CURVE('',#130,#162,#164,.T.);
#162 = VERTEX_POINT('',#163);
#163 = CARTESIAN_POINT('',(19.725000000002,-23.27597310027,3.));
#164 = LINE('',#165,#166);
#165 = CARTESIAN_POINT('',(19.725000000002,-15.59295484866,3.));
#166 = VECTOR('',#167,1.);
#167 = DIRECTION('',(0.,-1.,0.));
#168 = ORIENTED_EDGE('',*,*,#169,.F.);
#169 = EDGE_CURVE('',#170,#162,#172,.T.);
#170 = VERTEX_POINT('',#171);
#171 = CARTESIAN_POINT('',(19.725000000002,-23.27597310027,0.));
#172 = LINE('',#173,#174);
#173 = CARTESIAN_POINT('',(19.725000000002,-23.27597310027,0.));
#174 = VECTOR('',#175,1.);
#175 = DIRECTION('',(0.,0.,1.));
#176 = ORIENTED_EDGE('',*,*,#177,.F.);
#177 = EDGE_CURVE('',#128,#170,#178,.T.);
#178 = LINE('',#179,#180);
#179 = CARTESIAN_POINT('',(19.725000000002,-15.59295484866,0.));
#180 = VECTOR('',#181,1.);
#181 = DIRECTION('',(0.,-1.,0.));
#182 = PLANE('',#183);
#183 = AXIS2_PLACEMENT_3D('',#184,#185,#186);
#184 = CARTESIAN_POINT('',(19.725000000002,-15.59295484866,0.));
#185 = DIRECTION('',(1.,0.,0.));
#186 = DIRECTION('',(0.,-1.,0.));
#187 = ADVANCED_FACE('',(#188),#215,.F.);
#188 = FACE_BOUND('',#189,.T.);
#189 = EDGE_LOOP('',(#190,#191,#200,#208));
#190 = ORIENTED_EDGE('',*,*,#169,.T.);
#191 = ORIENTED_EDGE('',*,*,#192,.T.);
#192 = EDGE_CURVE('',#162,#193,#195,.T.);
#193 = VERTEX_POINT('',#194);
#194 = CARTESIAN_POINT('',(25.725000000002,-25.97191242756,3.));
#195 = CIRCLE('',#196,3.5);
#196 = AXIS2_PLACEMENT_3D('',#197,#198,#199);
#197 = CARTESIAN_POINT('',(23.215620834262,-23.53203206111,3.));
#198 = DIRECTION('',(0.,0.,1.));
#199 = DIRECTION('',(1.,0.,0.));
#200 = ORIENTED_EDGE('',*,*,#201,.F.);
#201 = EDGE_CURVE('',#202,#193,#204,.T.);
#202 = VERTEX_POINT('',#203);
#203 = CARTESIAN_POINT('',(25.725000000002,-25.97191242756,0.));
#204 = LINE('',#205,#206);
#205 = CARTESIAN_POINT('',(25.725000000002,-25.97191242756,0.));
#206 = VECTOR('',#207,1.);
#207 = DIRECTION('',(0.,0.,1.));
#208 = ORIENTED_EDGE('',*,*,#209,.F.);
#209 = EDGE_CURVE('',#170,#202,#210,.T.);
#210 = CIRCLE('',#211,3.5);
#211 = AXIS2_PLACEMENT_3D('',#212,#213,#214);
#212 = CARTESIAN_POINT('',(23.215620834262,-23.53203206111,0.));
#213 = DIRECTION('',(0.,0.,1.));
#214 = DIRECTION('',(1.,0.,0.));
#215 = CYLINDRICAL_SURFACE('',#216,3.5);
#216 = AXIS2_PLACEMENT_3D('',#217,#218,#219);
#217 = CARTESIAN_POINT('',(23.215620834262,-23.53203206111,0.));
#218 = DIRECTION('',(-0.,-0.,-1.));
#219 = DIRECTION('',(1.,0.,0.));
#220 = ADVANCED_FACE('',(#221),#248,.T.);
#221 = FACE_BOUND('',#222,.F.);
#222 = EDGE_LOOP('',(#223,#233,#240,#241));
#223 = ORIENTED_EDGE('',*,*,#224,.T.);
#224 = EDGE_CURVE('',#225,#227,#229,.T.);
#225 = VERTEX_POINT('',#226);
#226 = CARTESIAN_POINT('',(32.725000000002,-30.45943118942,0.));
#227 = VERTEX_POINT('',#228);
#228 = CARTESIAN_POINT('',(32.725000000002,-30.45943118942,3.));
#229 = LINE('',#230,#231);
#230 = CARTESIAN_POINT('',(32.725000000002,-30.45943118942,0.));
#231 = VECTOR('',#232,1.);
#232 = DIRECTION('',(0.,0.,1.));
#233 = ORIENTED_EDGE('',*,*,#234,.T.);
#234 = EDGE_CURVE('',#227,#193,#235,.T.);
#235 = CIRCLE('',#236,4.5);
#236 = AXIS2_PLACEMENT_3D('',#237,#238,#239);
#237 = CARTESIAN_POINT('',(28.295604433718,-29.66541927679,3.));
#238 = DIRECTION('',(0.,0.,1.));
#239 = DIRECTION('',(1.,0.,0.));
#240 = ORIENTED_EDGE('',*,*,#201,.F.);
#241 = ORIENTED_EDGE('',*,*,#242,.F.);
#242 = EDGE_CURVE('',#225,#202,#243,.T.);
#243 = CIRCLE('',#244,4.5);
#244 = AXIS2_PLACEMENT_3D('',#245,#246,#247);
#245 = CARTESIAN_POINT('',(28.295604433718,-29.66541927679,0.));
#246 = DIRECTION('',(0.,0.,1.));
#247 = DIRECTION('',(1.,0.,0.));
#248 = CYLINDRICAL_SURFACE('',#249,4.5);
#249 = AXIS2_PLACEMENT_3D('',#250,#251,#252);
#250 = CARTESIAN_POINT('',(28.295604433718,-29.66541927679,0.));
#251 = DIRECTION('',(-0.,-0.,-1.));
#252 = DIRECTION('',(1.,0.,0.));
#253 = ADVANCED_FACE('',(#254),#279,.T.);
#254 = FACE_BOUND('',#255,.T.);
#255 = EDGE_LOOP('',(#256,#257,#265,#273));
#256 = ORIENTED_EDGE('',*,*,#224,.T.);
#257 = ORIENTED_EDGE('',*,*,#258,.T.);
#258 = EDGE_CURVE('',#227,#259,#261,.T.);
#259 = VERTEX_POINT('',#260);
#260 = CARTESIAN_POINT('',(32.266796891507,-44.22760526901,3.));
#261 = LINE('',#262,#263);
#262 = CARTESIAN_POINT('',(32.725000000002,-30.45943118942,3.));
#263 = VECTOR('',#264,1.);
#264 = DIRECTION('',(-3.326146045123E-02,-0.999446684545,0.));
#265 = ORIENTED_EDGE('',*,*,#266,.F.);
#266 = EDGE_CURVE('',#267,#259,#269,.T.);
#267 = VERTEX_POINT('',#268);
#268 = CARTESIAN_POINT('',(32.266796891507,-44.22760526901,0.));
#269 = LINE('',#270,#271);
#270 = CARTESIAN_POINT('',(32.266796891507,-44.22760526901,0.));
#271 = VECTOR('',#272,1.);
#272 = DIRECTION('',(0.,0.,1.));
#273 = ORIENTED_EDGE('',*,*,#274,.F.);
#274 = EDGE_CURVE('',#225,#267,#275,.T.);
#275 = LINE('',#276,#277);
#276 = CARTESIAN_POINT('',(32.725000000002,-30.45943118942,0.));
#277 = VECTOR('',#278,1.);
#278 = DIRECTION('',(-3.326146045123E-02,-0.999446684545,0.));
#279 = PLANE('',#280);
#280 = AXIS2_PLACEMENT_3D('',#281,#282,#283);
#281 = CARTESIAN_POINT('',(32.725000000002,-30.45943118942,0.));
#282 = DIRECTION('',(0.999446684545,-3.326146045123E-02,0.));
#283 = DIRECTION('',(-3.326146045123E-02,-0.999446684545,0.));
#284 = ADVANCED_FACE('',(#285),#312,.T.);
#285 = FACE_BOUND('',#286,.F.);
#286 = EDGE_LOOP('',(#287,#297,#304,#305));
#287 = ORIENTED_EDGE('',*,*,#288,.T.);
#288 = EDGE_CURVE('',#289,#291,#293,.T.);
#289 = VERTEX_POINT('',#290);
#290 = CARTESIAN_POINT('',(30.266796891507,-47.93166152507,0.));
#291 = VERTEX_POINT('',#292);
#292 = CARTESIAN_POINT('',(30.266796891507,-47.93166152507,3.));
#293 = LINE('',#294,#295);
#294 = CARTESIAN_POINT('',(30.266796891507,-47.93166152507,0.));
#295 = VECTOR('',#296,1.);
#296 = DIRECTION('',(0.,0.,1.));
#297 = ORIENTED_EDGE('',*,*,#298,.T.);
#298 = EDGE_CURVE('',#291,#259,#299,.T.);
#299 = CIRCLE('',#300,5.5);
#300 = AXIS2_PLACEMENT_3D('',#301,#302,#303);
#301 = CARTESIAN_POINT('',(26.795604433718,-43.66541927679,3.));
#302 = DIRECTION('',(0.,0.,1.));
#303 = DIRECTION('',(1.,0.,0.));
#304 = ORIENTED_EDGE('',*,*,#266,.F.);
#305 = ORIENTED_EDGE('',*,*,#306,.F.);
#306 = EDGE_CURVE('',#289,#267,#307,.T.);
#307 = CIRCLE('',#308,5.5);
#308 = AXIS2_PLACEMENT_3D('',#309,#310,#311);
#309 = CARTESIAN_POINT('',(26.795604433718,-43.66541927679,0.));
#310 = DIRECTION('',(0.,0.,1.));
#311 = DIRECTION('',(1.,0.,0.));
#312 = CYLINDRICAL_SURFACE('',#313,5.5);
#313 = AXIS2_PLACEMENT_3D('',#314,#315,#316);
#314 = CARTESIAN_POINT('',(26.795604433718,-43.66541927679,0.));
#315 = DIRECTION('',(-0.,-0.,-1.));
#316 = DIRECTION('',(1.,0.,0.));
#317 = ADVANCED_FACE('',(#318),#345,.F.);
#318 = FACE_BOUND('',#319,.T.);
#319 = EDGE_LOOP('',(#320,#321,#330,#338));
#320 = ORIENTED_EDGE('',*,*,#288,.T.);
#321 = ORIENTED_EDGE('',*,*,#322,.T.);
#322 = EDGE_CURVE('',#291,#323,#325,.T.);
#323 = VERTEX_POINT('',#324);
#324 = CARTESIAN_POINT('',(30.266796891506,-77.89917702851,3.));
#325 = CIRCLE('',#326,20.);
#326 = AXIS2_PLACEMENT_3D('',#327,#328,#329);
#327 = CARTESIAN_POINT('',(43.513947665832,-62.91541927679,3.));
#328 = DIRECTION('',(0.,0.,1.));
#329 = DIRECTION('',(1.,0.,0.));
#330 = ORIENTED_EDGE('',*,*,#331,.F.);
#331 = EDGE_CURVE('',#332,#323,#334,.T.);
#332 = VERTEX_POINT('',#333);
#333 = CARTESIAN_POINT('',(30.266796891506,-77.89917702851,0.));
#334 = LINE('',#335,#336);
#335 = CARTESIAN_POINT('',(30.266796891506,-77.89917702851,0.));
#336 = VECTOR('',#337,1.);
#337 = DIRECTION('',(0.,0.,1.));
#338 = ORIENTED_EDGE('',*,*,#339,.F.);
#339 = EDGE_CURVE('',#289,#332,#340,.T.);
#340 = CIRCLE('',#341,20.);
#341 = AXIS2_PLACEMENT_3D('',#342,#343,#344);
#342 = CARTESIAN_POINT('',(43.513947665832,-62.91541927679,0.));
#343 = DIRECTION('',(0.,0.,1.));
#344 = DIRECTION('',(1.,0.,0.));
#345 = CYLINDRICAL_SURFACE('',#346,20.);
#346 = AXIS2_PLACEMENT_3D('',#347,#348,#349);
#347 = CARTESIAN_POINT('',(43.513947665832,-62.91541927679,0.));
#348 = DIRECTION('',(-0.,-0.,-1.));
#349 = DIRECTION('',(1.,0.,0.));
#350 = ADVANCED_FACE('',(#351),#378,.T.);
#351 = FACE_BOUND('',#352,.F.);
#352 = EDGE_LOOP('',(#353,#363,#370,#371));
#353 = ORIENTED_EDGE('',*,*,#354,.T.);
#354 = EDGE_CURVE('',#355,#357,#359,.T.);
#355 = VERTEX_POINT('',#356);
#356 = CARTESIAN_POINT('',(31.755966783168,-81.83648737594,0.));
#357 = VERTEX_POINT('',#358);
#358 = CARTESIAN_POINT('',(31.755966783168,-81.83648737594,3.));
#359 = LINE('',#360,#361);
#360 = CARTESIAN_POINT('',(31.755966783168,-81.83648737594,0.));
#361 = VECTOR('',#362,1.);
#362 = DIRECTION('',(0.,0.,1.));
#363 = ORIENTED_EDGE('',*,*,#364,.T.);
#364 = EDGE_CURVE('',#357,#323,#365,.T.);
#365 = CIRCLE('',#366,5.5);
#366 = AXIS2_PLACEMENT_3D('',#367,#368,#369);
#367 = CARTESIAN_POINT('',(26.258627817318,-81.66541927679,3.));
#368 = DIRECTION('',(0.,0.,1.));
#369 = DIRECTION('',(1.,0.,0.));
#370 = ORIENTED_EDGE('',*,*,#331,.F.);
#371 = ORIENTED_EDGE('',*,*,#372,.F.);
#372 = EDGE_CURVE('',#355,#332,#373,.T.);
#373 = CIRCLE('',#374,5.5);
#374 = AXIS2_PLACEMENT_3D('',#375,#376,#377);
#375 = CARTESIAN_POINT('',(26.258627817318,-81.66541927679,0.));
#376 = DIRECTION('',(0.,0.,1.));
#377 = DIRECTION('',(1.,0.,0.));
#378 = CYLINDRICAL_SURFACE('',#379,5.5);
#379 = AXIS2_PLACEMENT_3D('',#380,#381,#382);
#380 = CARTESIAN_POINT('',(26.258627817318,-81.66541927679,0.));
#381 = DIRECTION('',(-0.,-0.,-1.));
#382 = DIRECTION('',(1.,0.,0.));
#383 = ADVANCED_FACE('',(#384),#409,.F.);
#384 = FACE_BOUND('',#385,.F.);
#385 = EDGE_LOOP('',(#386,#396,#402,#403));
#386 = ORIENTED_EDGE('',*,*,#387,.T.);
#387 = EDGE_CURVE('',#388,#390,#392,.T.);
#388 = VERTEX_POINT('',#389);
#389 = CARTESIAN_POINT('',(29.956336577192,-95.83648737594,0.));
#390 = VERTEX_POINT('',#391);
#391 = CARTESIAN_POINT('',(29.956336577192,-95.83648737594,3.));
#392 = LINE('',#393,#394);
#393 = CARTESIAN_POINT('',(29.956336577192,-95.83648737594,0.));
#394 = VECTOR('',#395,1.);
#395 = DIRECTION('',(0.,0.,1.));
#396 = ORIENTED_EDGE('',*,*,#397,.T.);
#397 = EDGE_CURVE('',#390,#357,#398,.T.);
#398 = LINE('',#399,#400);
#399 = CARTESIAN_POINT('',(29.956336577192,-95.83648737594,3.));
#400 = VECTOR('',#401,1.);
#401 = DIRECTION('',(0.12749597023,0.99183908855,0.));
#402 = ORIENTED_EDGE('',*,*,#354,.F.);
#403 = ORIENTED_EDGE('',*,*,#404,.F.);
#404 = EDGE_CURVE('',#388,#355,#405,.T.);
#405 = LINE('',#406,#407);
#406 = CARTESIAN_POINT('',(29.956336577192,-95.83648737594,0.));
#407 = VECTOR('',#408,1.);
#408 = DIRECTION('',(0.12749597023,0.99183908855,0.));
#409 = PLANE('',#410);
#410 = AXIS2_PLACEMENT_3D('',#411,#412,#413);
#411 = CARTESIAN_POINT('',(29.956336577192,-95.83648737594,0.));
#412 = DIRECTION('',(-0.99183908855,0.12749597023,0.));
#413 = DIRECTION('',(0.12749597023,0.99183908855,0.));
#414 = ADVANCED_FACE('',(#415),#442,.T.);
#415 = FACE_BOUND('',#416,.F.);
#416 = EDGE_LOOP('',(#417,#427,#434,#435));
#417 = ORIENTED_EDGE('',*,*,#418,.T.);
#418 = EDGE_CURVE('',#419,#421,#423,.T.);
#419 = VERTEX_POINT('',#420);
#420 = CARTESIAN_POINT('',(22.424735299435,-97.84272320278,0.));
#421 = VERTEX_POINT('',#422);
#422 = CARTESIAN_POINT('',(22.424735299435,-97.84272320278,3.));
#423 = LINE('',#424,#425);
#424 = CARTESIAN_POINT('',(22.424735299435,-97.84272320278,0.));
#425 = VECTOR('',#426,1.);
#426 = DIRECTION('',(0.,0.,1.));
#427 = ORIENTED_EDGE('',*,*,#428,.T.);
#428 = EDGE_CURVE('',#421,#390,#429,.T.);
#429 = CIRCLE('',#430,4.5);
#430 = AXIS2_PLACEMENT_3D('',#431,#432,#433);
#431 = CARTESIAN_POINT('',(25.611385540972,-94.66541927679,3.));
#432 = DIRECTION('',(0.,0.,1.));
#433 = DIRECTION('',(1.,0.,0.));
#434 = ORIENTED_EDGE('',*,*,#387,.F.);
#435 = ORIENTED_EDGE('',*,*,#436,.F.);
#436 = EDGE_CURVE('',#419,#388,#437,.T.);
#437 = CIRCLE('',#438,4.5);
#438 = AXIS2_PLACEMENT_3D('',#439,#440,#441);
#439 = CARTESIAN_POINT('',(25.611385540972,-94.66541927679,0.));
#440 = DIRECTION('',(0.,0.,1.));
#441 = DIRECTION('',(1.,0.,0.));
#442 = CYLINDRICAL_SURFACE('',#443,4.5);
#443 = AXIS2_PLACEMENT_3D('',#444,#445,#446);
#444 = CARTESIAN_POINT('',(25.611385540972,-94.66541927679,0.));
#445 = DIRECTION('',(-0.,-0.,-1.));
#446 = DIRECTION('',(1.,0.,0.));
#447 = ADVANCED_FACE('',(#448),#473,.F.);
#448 = FACE_BOUND('',#449,.F.);
#449 = EDGE_LOOP('',(#450,#460,#466,#467));
#450 = ORIENTED_EDGE('',*,*,#451,.T.);
#451 = EDGE_CURVE('',#452,#454,#456,.T.);
#452 = VERTEX_POINT('',#453);
#453 = CARTESIAN_POINT('',(14.611385540972,-91.60160426849,0.));
#454 = VERTEX_POINT('',#455);
#455 = CARTESIAN_POINT('',(14.611385540972,-91.60160426849,3.));
#456 = LINE('',#457,#458);
#457 = CARTESIAN_POINT('',(14.611385540972,-91.60160426849,0.));
#458 = VECTOR('',#459,1.);
#459 = DIRECTION('',(0.,0.,1.));
#460 = ORIENTED_EDGE('',*,*,#461,.T.);
#461 = EDGE_CURVE('',#454,#421,#462,.T.);
#462 = LINE('',#463,#464);
#463 = CARTESIAN_POINT('',(14.611385540972,-91.60160426849,3.));
#464 = VECTOR('',#465,1.);
#465 = DIRECTION('',(0.781334975846,-0.624111893429,0.));
#466 = ORIENTED_EDGE('',*,*,#418,.F.);
#467 = ORIENTED_EDGE('',*,*,#468,.F.);
#468 = EDGE_CURVE('',#452,#419,#469,.T.);
#469 = LINE('',#470,#471);
#470 = CARTESIAN_POINT('',(14.611385540972,-91.60160426849,0.));
#471 = VECTOR('',#472,1.);
#472 = DIRECTION('',(0.781334975846,-0.624111893429,0.));
#473 = PLANE('',#474);
#474 = AXIS2_PLACEMENT_3D('',#475,#476,#477);
#475 = CARTESIAN_POINT('',(14.611385540972,-91.60160426849,0.));
#476 = DIRECTION('',(0.624111893429,0.781334975846,0.));
#477 = DIRECTION('',(0.781334975846,-0.624111893429,0.));
#478 = ADVANCED_FACE('',(#479),#506,.F.);
#479 = FACE_BOUND('',#480,.T.);
#480 = EDGE_LOOP('',(#481,#482,#491,#499));
#481 = ORIENTED_EDGE('',*,*,#451,.T.);
#482 = ORIENTED_EDGE('',*,*,#483,.T.);
#483 = EDGE_CURVE('',#454,#484,#486,.T.);
#484 = VERTEX_POINT('',#485);
#485 = CARTESIAN_POINT('',(10.,-89.25,3.));
#486 = CIRCLE('',#487,10.);
#487 = AXIS2_PLACEMENT_3D('',#488,#489,#490);
#488 = CARTESIAN_POINT('',(7.917539465818,-99.03076470034,3.));
#489 = DIRECTION('',(0.,0.,1.));
#490 = DIRECTION('',(1.,0.,0.));
#491 = ORIENTED_EDGE('',*,*,#492,.F.);
#492 = EDGE_CURVE('',#493,#484,#495,.T.);
#493 = VERTEX_POINT('',#494);
#494 = CARTESIAN_POINT('',(10.,-89.25,0.));
#495 = LINE('',#496,#497);
#496 = CARTESIAN_POINT('',(10.,-89.25,0.));
#497 = VECTOR('',#498,1.);
#498 = DIRECTION('',(0.,0.,1.));
#499 = ORIENTED_EDGE('',*,*,#500,.F.);
#500 = EDGE_CURVE('',#452,#493,#501,.T.);
#501 = CIRCLE('',#502,10.);
#502 = AXIS2_PLACEMENT_3D('',#503,#504,#505);
#503 = CARTESIAN_POINT('',(7.917539465818,-99.03076470034,0.));
#504 = DIRECTION('',(0.,0.,1.));
#505 = DIRECTION('',(1.,0.,0.));
#506 = CYLINDRICAL_SURFACE('',#507,10.);
#507 = AXIS2_PLACEMENT_3D('',#508,#509,#510);
#508 = CARTESIAN_POINT('',(7.917539465818,-99.03076470034,0.));
#509 = DIRECTION('',(-0.,-0.,-1.));
#510 = DIRECTION('',(1.,0.,0.));
#511 = ADVANCED_FACE('',(#512),#539,.T.);
#512 = FACE_BOUND('',#513,.F.);
#513 = EDGE_LOOP('',(#514,#515,#524,#532));
#514 = ORIENTED_EDGE('',*,*,#21,.T.);
#515 = ORIENTED_EDGE('',*,*,#516,.T.);
#516 = EDGE_CURVE('',#24,#517,#519,.T.);
#517 = VERTEX_POINT('',#518);
#518 = CARTESIAN_POINT('',(18.579514383599,18.532032061119,3.));
#519 = CIRCLE('',#520,4.5);
#520 = AXIS2_PLACEMENT_3D('',#521,#522,#523);
#521 = CARTESIAN_POINT('',(15.22541241735,15.532032061119,3.));
#522 = DIRECTION('',(0.,0.,1.));
#523 = DIRECTION('',(1.,0.,0.));
#524 = ORIENTED_EDGE('',*,*,#525,.F.);
#525 = EDGE_CURVE('',#526,#517,#528,.T.);
#526 = VERTEX_POINT('',#527);
#527 = CARTESIAN_POINT('',(18.579514383599,18.532032061119,0.));
#528 = LINE('',#529,#530);
#529 = CARTESIAN_POINT('',(18.579514383599,18.532032061119,0.));
#530 = VECTOR('',#531,1.);
#531 = DIRECTION('',(0.,0.,1.));
#532 = ORIENTED_EDGE('',*,*,#533,.F.);
#533 = EDGE_CURVE('',#22,#526,#534,.T.);
#534 = CIRCLE('',#535,4.5);
#535 = AXIS2_PLACEMENT_3D('',#536,#537,#538);
#536 = CARTESIAN_POINT('',(15.22541241735,15.532032061119,0.));
#537 = DIRECTION('',(0.,0.,1.));
#538 = DIRECTION('',(1.,0.,0.));
#539 = CYLINDRICAL_SURFACE('',#540,4.5);
#540 = AXIS2_PLACEMENT_3D('',#541,#542,#543);
#541 = CARTESIAN_POINT('',(15.22541241735,15.532032061119,0.));
#542 = DIRECTION('',(-0.,-0.,-1.));
#543 = DIRECTION('',(1.,0.,0.));
#544 = ADVANCED_FACE('',(#545),#581,.F.);
#545 = FACE_BOUND('',#546,.T.);
#546 = EDGE_LOOP('',(#547,#557,#566,#574));
#547 = ORIENTED_EDGE('',*,*,#548,.T.);
#548 = EDGE_CURVE('',#549,#551,#553,.T.);
#549 = VERTEX_POINT('',#550);
#550 = CARTESIAN_POINT('',(-10.,-89.25,0.));
#551 = VERTEX_POINT('',#552);
#552 = CARTESIAN_POINT('',(-10.,-89.25,3.));
#553 = LINE('',#554,#555);
#554 = CARTESIAN_POINT('',(-10.,-89.25,0.));
#555 = VECTOR('',#556,1.);
#556 = DIRECTION('',(0.,0.,1.));
#557 = ORIENTED_EDGE('',*,*,#558,.T.);
#558 = EDGE_CURVE('',#551,#559,#561,.T.);
#559 = VERTEX_POINT('',#560);
#560 = CARTESIAN_POINT('',(-14.61138554097,-91.60160426849,3.));
#561 = CIRCLE('',#562,10.);
#562 = AXIS2_PLACEMENT_3D('',#563,#564,#565);
#563 = CARTESIAN_POINT('',(-7.917539465818,-99.03076470034,3.));
#564 = DIRECTION('',(0.,0.,1.));
#565 = DIRECTION('',(1.,0.,0.));
#566 = ORIENTED_EDGE('',*,*,#567,.F.);
#567 = EDGE_CURVE('',#568,#559,#570,.T.);
#568 = VERTEX_POINT('',#569);
#569 = CARTESIAN_POINT('',(-14.61138554097,-91.60160426849,0.));
#570 = LINE('',#571,#572);
#571 = CARTESIAN_POINT('',(-14.61138554097,-91.60160426849,0.));
#572 = VECTOR('',#573,1.);
#573 = DIRECTION('',(0.,0.,1.));
#574 = ORIENTED_EDGE('',*,*,#575,.F.);
#575 = EDGE_CURVE('',#549,#568,#576,.T.);
#576 = CIRCLE('',#577,10.);
#577 = AXIS2_PLACEMENT_3D('',#578,#579,#580);
#578 = CARTESIAN_POINT('',(-7.917539465818,-99.03076470034,0.));
#579 = DIRECTION('',(0.,0.,1.));
#580 = DIRECTION('',(1.,0.,0.));
#581 = CYLINDRICAL_SURFACE('',#582,10.);
#582 = AXIS2_PLACEMENT_3D('',#583,#584,#585);
#583 = CARTESIAN_POINT('',(-7.917539465818,-99.03076470034,0.));
#584 = DIRECTION('',(-0.,-0.,-1.));
#585 = DIRECTION('',(1.,0.,0.));
#586 = ADVANCED_FACE('',(#587),#612,.T.);
#587 = FACE_BOUND('',#588,.T.);
#588 = EDGE_LOOP('',(#589,#590,#598,#606));
#589 = ORIENTED_EDGE('',*,*,#567,.T.);
#590 = ORIENTED_EDGE('',*,*,#591,.T.);
#591 = EDGE_CURVE('',#559,#592,#594,.T.);
#592 = VERTEX_POINT('',#593);
#593 = CARTESIAN_POINT('',(-22.42473529943,-97.84272320278,3.));
#594 = LINE('',#595,#596);
#595 = CARTESIAN_POINT('',(-14.61138554097,-91.60160426849,3.));
#596 = VECTOR('',#597,1.);
#597 = DIRECTION('',(-0.781334975846,-0.624111893429,0.));
#598 = ORIENTED_EDGE('',*,*,#599,.F.);
#599 = EDGE_CURVE('',#600,#592,#602,.T.);
#600 = VERTEX_POINT('',#601);
#601 = CARTESIAN_POINT('',(-22.42473529943,-97.84272320278,0.));
#602 = LINE('',#603,#604);
#603 = CARTESIAN_POINT('',(-22.42473529943,-97.84272320278,0.));
#604 = VECTOR('',#605,1.);
#605 = DIRECTION('',(0.,0.,1.));
#606 = ORIENTED_EDGE('',*,*,#607,.F.);
#607 = EDGE_CURVE('',#568,#600,#608,.T.);
#608 = LINE('',#609,#610);
#609 = CARTESIAN_POINT('',(-14.61138554097,-91.60160426849,0.));
#610 = VECTOR('',#611,1.);
#611 = DIRECTION('',(-0.781334975846,-0.624111893429,0.));
#612 = PLANE('',#613);
#613 = AXIS2_PLACEMENT_3D('',#614,#615,#616);
#614 = CARTESIAN_POINT('',(-14.61138554097,-91.60160426849,0.));
#615 = DIRECTION('',(0.624111893429,-0.781334975846,0.));
#616 = DIRECTION('',(-0.781334975846,-0.624111893429,0.));
#617 = ADVANCED_FACE('',(#618),#645,.T.);
#618 = FACE_BOUND('',#619,.F.);
#619 = EDGE_LOOP('',(#620,#630,#637,#638));
#620 = ORIENTED_EDGE('',*,*,#621,.T.);
#621 = EDGE_CURVE('',#622,#624,#626,.T.);
#622 = VERTEX_POINT('',#623);
#623 = CARTESIAN_POINT('',(-29.95633657719,-95.83648737594,0.));
#624 = VERTEX_POINT('',#625);
#625 = CARTESIAN_POINT('',(-29.95633657719,-95.83648737594,3.));
#626 = LINE('',#627,#628);
#627 = CARTESIAN_POINT('',(-29.95633657719,-95.83648737594,0.));
#628 = VECTOR('',#629,1.);
#629 = DIRECTION('',(0.,0.,1.));
#630 = ORIENTED_EDGE('',*,*,#631,.T.);
#631 = EDGE_CURVE('',#624,#592,#632,.T.);
#632 = CIRCLE('',#633,4.5);
#633 = AXIS2_PLACEMENT_3D('',#634,#635,#636);
#634 = CARTESIAN_POINT('',(-25.61138554097,-94.66541927679,3.));
#635 = DIRECTION('',(0.,0.,1.));
#636 = DIRECTION('',(1.,0.,0.));
#637 = ORIENTED_EDGE('',*,*,#599,.F.);
#638 = ORIENTED_EDGE('',*,*,#639,.F.);
#639 = EDGE_CURVE('',#622,#600,#640,.T.);
#640 = CIRCLE('',#641,4.5);
#641 = AXIS2_PLACEMENT_3D('',#642,#643,#644);
#642 = CARTESIAN_POINT('',(-25.61138554097,-94.66541927679,0.));
#643 = DIRECTION('',(0.,0.,1.));
#644 = DIRECTION('',(1.,0.,0.));
#645 = CYLINDRICAL_SURFACE('',#646,4.5);
#646 = AXIS2_PLACEMENT_3D('',#647,#648,#649);
#647 = CARTESIAN_POINT('',(-25.61138554097,-94.66541927679,0.));
#648 = DIRECTION('',(-0.,-0.,-1.));
#649 = DIRECTION('',(1.,0.,0.));
#650 = ADVANCED_FACE('',(#651),#676,.T.);
#651 = FACE_BOUND('',#652,.T.);
#652 = EDGE_LOOP('',(#653,#654,#662,#670));
#653 = ORIENTED_EDGE('',*,*,#621,.T.);
#654 = ORIENTED_EDGE('',*,*,#655,.T.);
#655 = EDGE_CURVE('',#624,#656,#658,.T.);
#656 = VERTEX_POINT('',#657);
#657 = CARTESIAN_POINT('',(-31.68831190733,-81.83648737594,3.));
#658 = LINE('',#659,#660);
#659 = CARTESIAN_POINT('',(-29.95633657719,-95.83648737594,3.));
#660 = VECTOR('',#661,1.);
#661 = DIRECTION('',(-0.122776556563,0.992434338966,0.));
#662 = ORIENTED_EDGE('',*,*,#663,.F.);
#663 = EDGE_CURVE('',#664,#656,#666,.T.);
#664 = VERTEX_POINT('',#665);
#665 = CARTESIAN_POINT('',(-31.68831190733,-81.83648737594,0.));
#666 = LINE('',#667,#668);
#667 = CARTESIAN_POINT('',(-31.68831190733,-81.83648737594,0.));
#668 = VECTOR('',#669,1.);
#669 = DIRECTION('',(0.,0.,1.));
#670 = ORIENTED_EDGE('',*,*,#671,.F.);
#671 = EDGE_CURVE('',#622,#664,#672,.T.);
#672 = LINE('',#673,#674);
#673 = CARTESIAN_POINT('',(-29.95633657719,-95.83648737594,0.));
#674 = VECTOR('',#675,1.);
#675 = DIRECTION('',(-0.122776556563,0.992434338966,0.));
#676 = PLANE('',#677);
#677 = AXIS2_PLACEMENT_3D('',#678,#679,#680);
#678 = CARTESIAN_POINT('',(-29.95633657719,-95.83648737594,0.));
#679 = DIRECTION('',(-0.992434338966,-0.122776556563,0.));
#680 = DIRECTION('',(-0.122776556563,0.992434338966,0.));
#681 = ADVANCED_FACE('',(#682),#709,.T.);
#682 = FACE_BOUND('',#683,.F.);
#683 = EDGE_LOOP('',(#684,#694,#701,#702));
#684 = ORIENTED_EDGE('',*,*,#685,.T.);
#685 = EDGE_CURVE('',#686,#688,#690,.T.);
#686 = VERTEX_POINT('',#687);
#687 = CARTESIAN_POINT('',(-30.19914201567,-77.89917702851,0.));
#688 = VERTEX_POINT('',#689);
#689 = CARTESIAN_POINT('',(-30.19914201567,-77.89917702851,3.));
#690 = LINE('',#691,#692);
#691 = CARTESIAN_POINT('',(-30.19914201567,-77.89917702851,0.));
#692 = VECTOR('',#693,1.);
#693 = DIRECTION('',(0.,0.,1.));
#694 = ORIENTED_EDGE('',*,*,#695,.T.);
#695 = EDGE_CURVE('',#688,#656,#696,.T.);
#696 = CIRCLE('',#697,5.5);
#697 = AXIS2_PLACEMENT_3D('',#698,#699,#700);
#698 = CARTESIAN_POINT('',(-26.19097294148,-81.66541927679,3.));
#699 = DIRECTION('',(0.,0.,1.));
#700 = DIRECTION('',(1.,0.,0.));
#701 = ORIENTED_EDGE('',*,*,#663,.F.);
#702 = ORIENTED_EDGE('',*,*,#703,.F.);
#703 = EDGE_CURVE('',#686,#664,#704,.T.);
#704 = CIRCLE('',#705,5.5);
#705 = AXIS2_PLACEMENT_3D('',#706,#707,#708);
#706 = CARTESIAN_POINT('',(-26.19097294148,-81.66541927679,0.));
#707 = DIRECTION('',(0.,0.,1.));
#708 = DIRECTION('',(1.,0.,0.));
#709 = CYLINDRICAL_SURFACE('',#710,5.5);
#710 = AXIS2_PLACEMENT_3D('',#711,#712,#713);
#711 = CARTESIAN_POINT('',(-26.19097294148,-81.66541927679,0.));
#712 = DIRECTION('',(-0.,-0.,-1.));
#713 = DIRECTION('',(1.,0.,0.));
#714 = ADVANCED_FACE('',(#715),#742,.F.);
#715 = FACE_BOUND('',#716,.T.);
#716 = EDGE_LOOP('',(#717,#718,#727,#735));
#717 = ORIENTED_EDGE('',*,*,#685,.T.);
#718 = ORIENTED_EDGE('',*,*,#719,.T.);
#719 = EDGE_CURVE('',#688,#720,#722,.T.);
#720 = VERTEX_POINT('',#721);
#721 = CARTESIAN_POINT('',(-30.19914201567,-47.93166152507,3.));
#722 = CIRCLE('',#723,20.);
#723 = AXIS2_PLACEMENT_3D('',#724,#725,#726);
#724 = CARTESIAN_POINT('',(-43.44629279,-62.91541927679,3.));
#725 = DIRECTION('',(0.,0.,1.));
#726 = DIRECTION('',(1.,0.,0.));
#727 = ORIENTED_EDGE('',*,*,#728,.F.);
#728 = EDGE_CURVE('',#729,#720,#731,.T.);
#729 = VERTEX_POINT('',#730);
#730 = CARTESIAN_POINT('',(-30.19914201567,-47.93166152507,0.));
#731 = LINE('',#732,#733);
#732 = CARTESIAN_POINT('',(-30.19914201567,-47.93166152507,0.));
#733 = VECTOR('',#734,1.);
#734 = DIRECTION('',(0.,0.,1.));
#735 = ORIENTED_EDGE('',*,*,#736,.F.);
#736 = EDGE_CURVE('',#686,#729,#737,.T.);
#737 = CIRCLE('',#738,20.);
#738 = AXIS2_PLACEMENT_3D('',#739,#740,#741);
#739 = CARTESIAN_POINT('',(-43.44629279,-62.91541927679,0.));
#740 = DIRECTION('',(0.,0.,1.));
#741 = DIRECTION('',(1.,0.,0.));
#742 = CYLINDRICAL_SURFACE('',#743,20.);
#743 = AXIS2_PLACEMENT_3D('',#744,#745,#746);
#744 = CARTESIAN_POINT('',(-43.44629279,-62.91541927679,0.));
#745 = DIRECTION('',(-0.,-0.,-1.));
#746 = DIRECTION('',(1.,0.,0.));
#747 = ADVANCED_FACE('',(#748),#775,.T.);
#748 = FACE_BOUND('',#749,.F.);
#749 = EDGE_LOOP('',(#750,#760,#767,#768));
#750 = ORIENTED_EDGE('',*,*,#751,.T.);
#751 = EDGE_CURVE('',#752,#754,#756,.T.);
#752 = VERTEX_POINT('',#753);
#753 = CARTESIAN_POINT('',(-32.19914201567,-44.22760526901,0.));
#754 = VERTEX_POINT('',#755);
#755 = CARTESIAN_POINT('',(-32.19914201567,-44.22760526901,3.));
#756 = LINE('',#757,#758);
#757 = CARTESIAN_POINT('',(-32.19914201567,-44.22760526901,0.));
#758 = VECTOR('',#759,1.);
#759 = DIRECTION('',(0.,0.,1.));
#760 = ORIENTED_EDGE('',*,*,#761,.T.);
#761 = EDGE_CURVE('',#754,#720,#762,.T.);
#762 = CIRCLE('',#763,5.5);
#763 = AXIS2_PLACEMENT_3D('',#764,#765,#766);
#764 = CARTESIAN_POINT('',(-26.72794955788,-43.66541927679,3.));
#765 = DIRECTION('',(0.,0.,1.));
#766 = DIRECTION('',(1.,0.,0.));
#767 = ORIENTED_EDGE('',*,*,#728,.F.);
#768 = ORIENTED_EDGE('',*,*,#769,.F.);
#769 = EDGE_CURVE('',#752,#729,#770,.T.);
#770 = CIRCLE('',#771,5.5);
#771 = AXIS2_PLACEMENT_3D('',#772,#773,#774);
#772 = CARTESIAN_POINT('',(-26.72794955788,-43.66541927679,0.));
#773 = DIRECTION('',(0.,0.,1.));
#774 = DIRECTION('',(1.,0.,0.));
#775 = CYLINDRICAL_SURFACE('',#776,5.5);
#776 = AXIS2_PLACEMENT_3D('',#777,#778,#779);
#777 = CARTESIAN_POINT('',(-26.72794955788,-43.66541927679,0.));
#778 = DIRECTION('',(-0.,-0.,-1.));
#779 = DIRECTION('',(1.,0.,0.));
#780 = ADVANCED_FACE('',(#781),#806,.F.);
#781 = FACE_BOUND('',#782,.F.);
#782 = EDGE_LOOP('',(#783,#793,#799,#800));
#783 = ORIENTED_EDGE('',*,*,#784,.T.);
#784 = EDGE_CURVE('',#785,#787,#789,.T.);
#785 = VERTEX_POINT('',#786);
#786 = CARTESIAN_POINT('',(-32.65734512417,-30.45943118942,0.));
#787 = VERTEX_POINT('',#788);
#788 = CARTESIAN_POINT('',(-32.65734512417,-30.45943118942,3.));
#789 = LINE('',#790,#791);
#790 = CARTESIAN_POINT('',(-32.65734512417,-30.45943118942,0.));
#791 = VECTOR('',#792,1.);
#792 = DIRECTION('',(0.,0.,1.));
#793 = ORIENTED_EDGE('',*,*,#794,.T.);
#794 = EDGE_CURVE('',#787,#754,#795,.T.);
#795 = LINE('',#796,#797);
#796 = CARTESIAN_POINT('',(-32.65734512417,-30.45943118942,3.));
#797 = VECTOR('',#798,1.);
#798 = DIRECTION('',(3.326146045123E-02,-0.999446684545,0.));
#799 = ORIENTED_EDGE('',*,*,#751,.F.);
#800 = ORIENTED_EDGE('',*,*,#801,.F.);
#801 = EDGE_CURVE('',#785,#752,#802,.T.);
#802 = LINE('',#803,#804);
#803 = CARTESIAN_POINT('',(-32.65734512417,-30.45943118942,0.));
#804 = VECTOR('',#805,1.);
#805 = DIRECTION('',(3.326146045123E-02,-0.999446684545,0.));
#806 = PLANE('',#807);
#807 = AXIS2_PLACEMENT_3D('',#808,#809,#810);
#808 = CARTESIAN_POINT('',(-32.65734512417,-30.45943118942,0.));
#809 = DIRECTION('',(0.999446684545,3.326146045123E-02,0.));
#810 = DIRECTION('',(3.326146045123E-02,-0.999446684545,0.));
#811 = ADVANCED_FACE('',(#812),#839,.T.);
#812 = FACE_BOUND('',#813,.F.);
#813 = EDGE_LOOP('',(#814,#824,#831,#832));
#814 = ORIENTED_EDGE('',*,*,#815,.T.);
#815 = EDGE_CURVE('',#816,#818,#820,.T.);
#816 = VERTEX_POINT('',#817);
#817 = CARTESIAN_POINT('',(-25.65734512417,-25.97191242756,0.));
#818 = VERTEX_POINT('',#819);
#819 = CARTESIAN_POINT('',(-25.65734512417,-25.97191242756,3.));
#820 = LINE('',#821,#822);
#821 = CARTESIAN_POINT('',(-25.65734512417,-25.97191242756,0.));
#822 = VECTOR('',#823,1.);
#823 = DIRECTION('',(0.,0.,1.));
#824 = ORIENTED_EDGE('',*,*,#825,.T.);
#825 = EDGE_CURVE('',#818,#787,#826,.T.);
#826 = CIRCLE('',#827,4.5);
#827 = AXIS2_PLACEMENT_3D('',#828,#829,#830);
#828 = CARTESIAN_POINT('',(-28.22794955788,-29.66541927679,3.));
#829 = DIRECTION('',(0.,0.,1.));
#830 = DIRECTION('',(1.,0.,0.));
#831 = ORIENTED_EDGE('',*,*,#784,.F.);
#832 = ORIENTED_EDGE('',*,*,#833,.F.);
#833 = EDGE_CURVE('',#816,#785,#834,.T.);
#834 = CIRCLE('',#835,4.5);
#835 = AXIS2_PLACEMENT_3D('',#836,#837,#838);
#836 = CARTESIAN_POINT('',(-28.22794955788,-29.66541927679,0.));
#837 = DIRECTION('',(0.,0.,1.));
#838 = DIRECTION('',(1.,0.,0.));
#839 = CYLINDRICAL_SURFACE('',#840,4.5);
#840 = AXIS2_PLACEMENT_3D('',#841,#842,#843);
#841 = CARTESIAN_POINT('',(-28.22794955788,-29.66541927679,0.));
#842 = DIRECTION('',(-0.,-0.,-1.));
#843 = DIRECTION('',(1.,0.,0.));
#844 = ADVANCED_FACE('',(#845),#872,.F.);
#845 = FACE_BOUND('',#846,.T.);
#846 = EDGE_LOOP('',(#847,#848,#857,#865));
#847 = ORIENTED_EDGE('',*,*,#815,.T.);
#848 = ORIENTED_EDGE('',*,*,#849,.T.);
#849 = EDGE_CURVE('',#818,#850,#852,.T.);
#850 = VERTEX_POINT('',#851);
#851 = CARTESIAN_POINT('',(-19.65734512417,-23.27597310027,3.));
#852 = CIRCLE('',#853,3.5);
#853 = AXIS2_PLACEMENT_3D('',#854,#855,#856);
#854 = CARTESIAN_POINT('',(-23.14796595843,-23.53203206111,3.));
#855 = DIRECTION('',(0.,0.,1.));
#856 = DIRECTION('',(1.,0.,0.));
#857 = ORIENTED_EDGE('',*,*,#858,.F.);
#858 = EDGE_CURVE('',#859,#850,#861,.T.);
#859 = VERTEX_POINT('',#860);
#860 = CARTESIAN_POINT('',(-19.65734512417,-23.27597310027,0.));
#861 = LINE('',#862,#863);
#862 = CARTESIAN_POINT('',(-19.65734512417,-23.27597310027,0.));
#863 = VECTOR('',#864,1.);
#864 = DIRECTION('',(0.,0.,1.));
#865 = ORIENTED_EDGE('',*,*,#866,.F.);
#866 = EDGE_CURVE('',#816,#859,#867,.T.);
#867 = CIRCLE('',#868,3.5);
#868 = AXIS2_PLACEMENT_3D('',#869,#870,#871);
#869 = CARTESIAN_POINT('',(-23.14796595843,-23.53203206111,0.));
#870 = DIRECTION('',(0.,0.,1.));
#871 = DIRECTION('',(1.,0.,0.));
#872 = CYLINDRICAL_SURFACE('',#873,3.5);
#873 = AXIS2_PLACEMENT_3D('',#874,#875,#876);
#874 = CARTESIAN_POINT('',(-23.14796595843,-23.53203206111,0.));
#875 = DIRECTION('',(-0.,-0.,-1.));
#876 = DIRECTION('',(1.,0.,0.));
#877 = ADVANCED_FACE('',(#878),#903,.F.);
#878 = FACE_BOUND('',#879,.F.);
#879 = EDGE_LOOP('',(#880,#890,#896,#897));
#880 = ORIENTED_EDGE('',*,*,#881,.T.);
#881 = EDGE_CURVE('',#882,#884,#886,.T.);
#882 = VERTEX_POINT('',#883);
#883 = CARTESIAN_POINT('',(-19.77499999999,-15.59295484866,0.));
#884 = VERTEX_POINT('',#885);
#885 = CARTESIAN_POINT('',(-19.77499999999,-15.59295484866,3.));
#886 = LINE('',#887,#888);
#887 = CARTESIAN_POINT('',(-19.77499999999,-15.59295484866,0.));
#888 = VECTOR('',#889,1.);
#889 = DIRECTION('',(0.,0.,1.));
#890 = ORIENTED_EDGE('',*,*,#891,.T.);
#891 = EDGE_CURVE('',#884,#850,#892,.T.);
#892 = LINE('',#893,#894);
#893 = CARTESIAN_POINT('',(-19.77499999999,-15.59295484866,3.));
#894 = VECTOR('',#895,1.);
#895 = DIRECTION('',(1.53118317493E-02,-0.999882767032,0.));
#896 = ORIENTED_EDGE('',*,*,#858,.F.);
#897 = ORIENTED_EDGE('',*,*,#898,.F.);
#898 = EDGE_CURVE('',#882,#859,#899,.T.);
#899 = LINE('',#900,#901);
#900 = CARTESIAN_POINT('',(-19.77499999999,-15.59295484866,0.));
#901 = VECTOR('',#902,1.);
#902 = DIRECTION('',(1.53118317493E-02,-0.999882767032,0.));
#903 = PLANE('',#904);
#904 = AXIS2_PLACEMENT_3D('',#905,#906,#907);
#905 = CARTESIAN_POINT('',(-19.77499999999,-15.59295484866,0.));
#906 = DIRECTION('',(0.999882767032,1.53118317493E-02,0.));
#907 = DIRECTION('',(1.53118317493E-02,-0.999882767032,0.));
#908 = ADVANCED_FACE('',(#909),#936,.T.);
#909 = FACE_BOUND('',#910,.F.);
#910 = EDGE_LOOP('',(#911,#921,#928,#929));
#911 = ORIENTED_EDGE('',*,*,#912,.T.);
#912 = EDGE_CURVE('',#913,#915,#917,.T.);
#913 = VERTEX_POINT('',#914);
#914 = CARTESIAN_POINT('',(-18.50018022578,-12.39342208508,0.));
#915 = VERTEX_POINT('',#916);
#916 = CARTESIAN_POINT('',(-18.50018022578,-12.39342208508,3.));
#917 = LINE('',#918,#919);
#918 = CARTESIAN_POINT('',(-18.50018022578,-12.39342208508,0.));
#919 = VECTOR('',#920,1.);
#920 = DIRECTION('',(0.,0.,1.));
#921 = ORIENTED_EDGE('',*,*,#922,.T.);
#922 = EDGE_CURVE('',#915,#884,#923,.T.);
#923 = CIRCLE('',#924,4.5);
#924 = AXIS2_PLACEMENT_3D('',#925,#926,#927);
#925 = CARTESIAN_POINT('',(-15.27541241734,-15.53203206111,3.));
#926 = DIRECTION('',(0.,0.,1.));
#927 = DIRECTION('',(1.,0.,0.));
#928 = ORIENTED_EDGE('',*,*,#881,.F.);
#929 = ORIENTED_EDGE('',*,*,#930,.F.);
#930 = EDGE_CURVE('',#913,#882,#931,.T.);
#931 = CIRCLE('',#932,4.5);
#932 = AXIS2_PLACEMENT_3D('',#933,#934,#935);
#933 = CARTESIAN_POINT('',(-15.27541241734,-15.53203206111,0.));
#934 = DIRECTION('',(0.,0.,1.));
#935 = DIRECTION('',(1.,0.,0.));
#936 = CYLINDRICAL_SURFACE('',#937,4.5);
#937 = AXIS2_PLACEMENT_3D('',#938,#939,#940);
#938 = CARTESIAN_POINT('',(-15.27541241734,-15.53203206111,0.));
#939 = DIRECTION('',(-0.,-0.,-1.));
#940 = DIRECTION('',(1.,0.,0.));
#941 = ADVANCED_FACE('',(#942),#969,.F.);
#942 = FACE_BOUND('',#943,.T.);
#943 = EDGE_LOOP('',(#944,#945,#954,#962));
#944 = ORIENTED_EDGE('',*,*,#912,.T.);
#945 = ORIENTED_EDGE('',*,*,#946,.T.);
#946 = EDGE_CURVE('',#915,#947,#949,.T.);
#947 = VERTEX_POINT('',#948);
#948 = CARTESIAN_POINT('',(-17.29999999999,-9.165149669754,3.));
#949 = CIRCLE('',#950,4.5);
#950 = AXIS2_PLACEMENT_3D('',#951,#952,#953);
#951 = CARTESIAN_POINT('',(-21.79695963695,-9.330540188226,3.));
#952 = DIRECTION('',(0.,0.,1.));
#953 = DIRECTION('',(1.,0.,0.));
#954 = ORIENTED_EDGE('',*,*,#955,.F.);
#955 = EDGE_CURVE('',#956,#947,#958,.T.);
#956 = VERTEX_POINT('',#957);
#957 = CARTESIAN_POINT('',(-17.29999999999,-9.165149669754,0.));
#958 = LINE('',#959,#960);
#959 = CARTESIAN_POINT('',(-17.29999999999,-9.165149669754,0.));
#960 = VECTOR('',#961,1.);
#961 = DIRECTION('',(0.,0.,1.));
#962 = ORIENTED_EDGE('',*,*,#963,.F.);
#963 = EDGE_CURVE('',#913,#956,#964,.T.);
#964 = CIRCLE('',#965,4.5);
#965 = AXIS2_PLACEMENT_3D('',#966,#967,#968);
#966 = CARTESIAN_POINT('',(-21.79695963695,-9.330540188226,0.));
#967 = DIRECTION('',(0.,0.,1.));
#968 = DIRECTION('',(1.,0.,0.));
#969 = CYLINDRICAL_SURFACE('',#970,4.5);
#970 = AXIS2_PLACEMENT_3D('',#971,#972,#973);
#971 = CARTESIAN_POINT('',(-21.79695963695,-9.330540188226,0.));
#972 = DIRECTION('',(-0.,-0.,-1.));
#973 = DIRECTION('',(1.,0.,0.));
#974 = ADVANCED_FACE('',(#975),#1000,.F.);
#975 = FACE_BOUND('',#976,.F.);
#976 = EDGE_LOOP('',(#977,#987,#993,#994));
#977 = ORIENTED_EDGE('',*,*,#978,.T.);
#978 = EDGE_CURVE('',#979,#981,#983,.T.);
#979 = VERTEX_POINT('',#980);
#980 = CARTESIAN_POINT('',(-17.19658533693,9.887892255505,0.));
#981 = VERTEX_POINT('',#982);
#982 = CARTESIAN_POINT('',(-17.19658533693,9.887892255505,3.));
#983 = LINE('',#984,#985);
#984 = CARTESIAN_POINT('',(-17.19658533693,9.887892255505,0.));
#985 = VECTOR('',#986,1.);
#986 = DIRECTION('',(0.,0.,1.));
#987 = ORIENTED_EDGE('',*,*,#988,.T.);
#988 = EDGE_CURVE('',#981,#947,#989,.T.);
#989 = LINE('',#990,#991);
#990 = CARTESIAN_POINT('',(-17.19658533693,9.887892255505,3.));
#991 = VECTOR('',#992,1.);
#992 = DIRECTION('',(-5.427644582405E-03,-0.999985270229,0.));
#993 = ORIENTED_EDGE('',*,*,#955,.F.);
#994 = ORIENTED_EDGE('',*,*,#995,.F.);
#995 = EDGE_CURVE('',#979,#956,#996,.T.);
#996 = LINE('',#997,#998);
#997 = CARTESIAN_POINT('',(-17.19658533693,9.887892255505,0.));
#998 = VECTOR('',#999,1.);
#999 = DIRECTION('',(-5.427644582405E-03,-0.999985270229,0.));
#1000 = PLANE('',#1001);
#1001 = AXIS2_PLACEMENT_3D('',#1002,#1003,#1004);
#1002 = CARTESIAN_POINT('',(-17.19658533693,9.887892255505,0.));
#1003 = DIRECTION('',(0.999985270229,-5.427644582405E-03,0.));
#1004 = DIRECTION('',(-5.427644582405E-03,-0.999985270229,0.));
#1005 = ADVANCED_FACE('',(#1006),#1033,.F.);
#1006 = FACE_BOUND('',#1007,.T.);
#1007 = EDGE_LOOP('',(#1008,#1009,#1018,#1026));
#1008 = ORIENTED_EDGE('',*,*,#978,.T.);
#1009 = ORIENTED_EDGE('',*,*,#1010,.T.);
#1010 = EDGE_CURVE('',#981,#1011,#1013,.T.);
#1011 = VERTEX_POINT('',#1012);
#1012 = CARTESIAN_POINT('',(-18.6286895489,12.532032061119,3.));
#1013 = CIRCLE('',#1014,5.);
#1014 = AXIS2_PLACEMENT_3D('',#1015,#1016,#1017);
#1015 = CARTESIAN_POINT('',(-22.10570747502,8.938935020761,3.));
#1016 = DIRECTION('',(0.,0.,1.));
#1017 = DIRECTION('',(1.,0.,0.));
#1018 = ORIENTED_EDGE('',*,*,#1019,.F.);
#1019 = EDGE_CURVE('',#1020,#1011,#1022,.T.);
#1020 = VERTEX_POINT('',#1021);
#1021 = CARTESIAN_POINT('',(-18.6286895489,12.532032061119,0.));
#1022 = LINE('',#1023,#1024);
#1023 = CARTESIAN_POINT('',(-18.6286895489,12.532032061119,0.));
#1024 = VECTOR('',#1025,1.);
#1025 = DIRECTION('',(0.,0.,1.));
#1026 = ORIENTED_EDGE('',*,*,#1027,.F.);
#1027 = EDGE_CURVE('',#979,#1020,#1028,.T.);
#1028 = CIRCLE('',#1029,5.);
#1029 = AXIS2_PLACEMENT_3D('',#1030,#1031,#1032);
#1030 = CARTESIAN_POINT('',(-22.10570747502,8.938935020761,0.));
#1031 = DIRECTION('',(0.,0.,1.));
#1032 = DIRECTION('',(1.,0.,0.));
#1033 = CYLINDRICAL_SURFACE('',#1034,5.);
#1034 = AXIS2_PLACEMENT_3D('',#1035,#1036,#1037);
#1035 = CARTESIAN_POINT('',(-22.10570747502,8.938935020761,0.));
#1036 = DIRECTION('',(-0.,-0.,-1.));
#1037 = DIRECTION('',(1.,0.,0.));
#1038 = ADVANCED_FACE('',(#1039),#1066,.T.);
#1039 = FACE_BOUND('',#1040,.F.);
#1040 = EDGE_LOOP('',(#1041,#1051,#1058,#1059));
#1041 = ORIENTED_EDGE('',*,*,#1042,.T.);
#1042 = EDGE_CURVE('',#1043,#1045,#1047,.T.);
#1043 = VERTEX_POINT('',#1044);
#1044 = CARTESIAN_POINT('',(-18.6286895489,18.532032061119,0.));
#1045 = VERTEX_POINT('',#1046);
#1046 = CARTESIAN_POINT('',(-18.6286895489,18.532032061119,3.));
#1047 = LINE('',#1048,#1049);
#1048 = CARTESIAN_POINT('',(-18.6286895489,18.532032061119,0.));
#1049 = VECTOR('',#1050,1.);
#1050 = DIRECTION('',(0.,0.,1.));
#1051 = ORIENTED_EDGE('',*,*,#1052,.T.);
#1052 = EDGE_CURVE('',#1045,#1011,#1053,.T.);
#1053 = CIRCLE('',#1054,4.5);
#1054 = AXIS2_PLACEMENT_3D('',#1055,#1056,#1057);
#1055 = CARTESIAN_POINT('',(-15.27458758265,15.532032061119,3.));
#1056 = DIRECTION('',(0.,0.,1.));
#1057 = DIRECTION('',(1.,0.,0.));
#1058 = ORIENTED_EDGE('',*,*,#1019,.F.);
#1059 = ORIENTED_EDGE('',*,*,#1060,.F.);
#1060 = EDGE_CURVE('',#1043,#1020,#1061,.T.);
#1061 = CIRCLE('',#1062,4.5);
#1062 = AXIS2_PLACEMENT_3D('',#1063,#1064,#1065);
#1063 = CARTESIAN_POINT('',(-15.27458758265,15.532032061119,0.));
#1064 = DIRECTION('',(0.,0.,1.));
#1065 = DIRECTION('',(1.,0.,0.));
#1066 = CYLINDRICAL_SURFACE('',#1067,4.5);
#1067 = AXIS2_PLACEMENT_3D('',#1068,#1069,#1070);
#1068 = CARTESIAN_POINT('',(-15.27458758265,15.532032061119,0.));
#1069 = DIRECTION('',(-0.,-0.,-1.));
#1070 = DIRECTION('',(1.,0.,0.));
#1071 = ADVANCED_FACE('',(#1072),#1099,.F.);
#1072 = FACE_BOUND('',#1073,.T.);
#1073 = EDGE_LOOP('',(#1074,#1075,#1084,#1092));
#1074 = ORIENTED_EDGE('',*,*,#1042,.T.);
#1075 = ORIENTED_EDGE('',*,*,#1076,.T.);
#1076 = EDGE_CURVE('',#1045,#1077,#1079,.T.);
#1077 = VERTEX_POINT('',#1078);
#1078 = CARTESIAN_POINT('',(-17.2991751653,21.229213791991,3.));
#1079 = CIRCLE('',#1080,5.);
#1080 = AXIS2_PLACEMENT_3D('',#1081,#1082,#1083);
#1081 = CARTESIAN_POINT('',(-22.24111613643,21.9889633809,3.));
#1082 = DIRECTION('',(0.,0.,1.));
#1083 = DIRECTION('',(1.,0.,0.));
#1084 = ORIENTED_EDGE('',*,*,#1085,.F.);
#1085 = EDGE_CURVE('',#1086,#1077,#1088,.T.);
#1086 = VERTEX_POINT('',#1087);
#1087 = CARTESIAN_POINT('',(-17.2991751653,21.229213791991,0.));
#1088 = LINE('',#1089,#1090);
#1089 = CARTESIAN_POINT('',(-17.2991751653,21.229213791991,0.));
#1090 = VECTOR('',#1091,1.);
#1091 = DIRECTION('',(0.,0.,1.));
#1092 = ORIENTED_EDGE('',*,*,#1093,.F.);
#1093 = EDGE_CURVE('',#1043,#1086,#1094,.T.);
#1094 = CIRCLE('',#1095,5.);
#1095 = AXIS2_PLACEMENT_3D('',#1096,#1097,#1098);
#1096 = CARTESIAN_POINT('',(-22.24111613643,21.9889633809,0.));
#1097 = DIRECTION('',(0.,0.,1.));
#1098 = DIRECTION('',(1.,0.,0.));
#1099 = CYLINDRICAL_SURFACE('',#1100,5.);
#1100 = AXIS2_PLACEMENT_3D('',#1101,#1102,#1103);
#1101 = CARTESIAN_POINT('',(-22.24111613643,21.9889633809,0.));
#1102 = DIRECTION('',(-0.,-0.,-1.));
#1103 = DIRECTION('',(1.,0.,0.));
#1104 = ADVANCED_FACE('',(#1105),#1130,.F.);
#1105 = FACE_BOUND('',#1106,.F.);
#1106 = EDGE_LOOP('',(#1107,#1117,#1123,#1124));
#1107 = ORIENTED_EDGE('',*,*,#1108,.T.);
#1108 = EDGE_CURVE('',#1109,#1111,#1113,.T.);
#1109 = VERTEX_POINT('',#1110);
#1110 = CARTESIAN_POINT('',(-17.24999999999,36.229213791992,0.));
#1111 = VERTEX_POINT('',#1112);
#1112 = CARTESIAN_POINT('',(-17.24999999999,36.229213791992,3.));
#1113 = LINE('',#1114,#1115);
#1114 = CARTESIAN_POINT('',(-17.24999999999,36.229213791992,0.));
#1115 = VECTOR('',#1116,1.);
#1116 = DIRECTION('',(0.,0.,1.));
#1117 = ORIENTED_EDGE('',*,*,#1118,.T.);
#1118 = EDGE_CURVE('',#1111,#1077,#1119,.T.);
#1119 = LINE('',#1120,#1121);
#1120 = CARTESIAN_POINT('',(-17.24999999999,36.229213791992,3.));
#1121 = VECTOR('',#1122,1.);
#1122 = DIRECTION('',(-3.278326736595E-03,-0.999994626272,0.));
#1123 = ORIENTED_EDGE('',*,*,#1085,.F.);
#1124 = ORIENTED_EDGE('',*,*,#1125,.F.);
#1125 = EDGE_CURVE('',#1109,#1086,#1126,.T.);
#1126 = LINE('',#1127,#1128);
#1127 = CARTESIAN_POINT('',(-17.24999999999,36.229213791992,0.));
#1128 = VECTOR('',#1129,1.);
#1129 = DIRECTION('',(-3.278326736595E-03,-0.999994626272,0.));
#1130 = PLANE('',#1131);
#1131 = AXIS2_PLACEMENT_3D('',#1132,#1133,#1134);
#1132 = CARTESIAN_POINT('',(-17.24999999999,36.229213791992,0.));
#1133 = DIRECTION('',(0.999994626272,-3.278326736595E-03,0.));
#1134 = DIRECTION('',(-3.278326736595E-03,-0.999994626272,0.));
#1135 = ADVANCED_FACE('',(#1136),#1163,.F.);
#1136 = FACE_BOUND('',#1137,.T.);
#1137 = EDGE_LOOP('',(#1138,#1139,#1148,#1156));
#1138 = ORIENTED_EDGE('',*,*,#1108,.T.);
#1139 = ORIENTED_EDGE('',*,*,#1140,.T.);
#1140 = EDGE_CURVE('',#1111,#1141,#1143,.T.);
#1141 = VERTEX_POINT('',#1142);
#1142 = CARTESIAN_POINT('',(-20.65822817573,43.082141959194,3.));
#1143 = CIRCLE('',#1144,10.);
#1144 = AXIS2_PLACEMENT_3D('',#1145,#1146,#1147);
#1145 = CARTESIAN_POINT('',(-27.22633014947,35.541582532834,3.));
#1146 = DIRECTION('',(0.,0.,1.));
#1147 = DIRECTION('',(1.,0.,0.));
#1148 = ORIENTED_EDGE('',*,*,#1149,.F.);
#1149 = EDGE_CURVE('',#1150,#1141,#1152,.T.);
#1150 = VERTEX_POINT('',#1151);
#1151 = CARTESIAN_POINT('',(-20.65822817573,43.082141959194,0.));
#1152 = LINE('',#1153,#1154);
#1153 = CARTESIAN_POINT('',(-20.65822817573,43.082141959194,0.));
#1154 = VECTOR('',#1155,1.);
#1155 = DIRECTION('',(0.,0.,1.));
#1156 = ORIENTED_EDGE('',*,*,#1157,.F.);
#1157 = EDGE_CURVE('',#1109,#1150,#1158,.T.);
#1158 = CIRCLE('',#1159,10.);
#1159 = AXIS2_PLACEMENT_3D('',#1160,#1161,#1162);
#1160 = CARTESIAN_POINT('',(-27.22633014947,35.541582532834,0.));
#1161 = DIRECTION('',(0.,0.,1.));
#1162 = DIRECTION('',(1.,0.,0.));
#1163 = CYLINDRICAL_SURFACE('',#1164,10.);
#1164 = AXIS2_PLACEMENT_3D('',#1165,#1166,#1167);
#1165 = CARTESIAN_POINT('',(-27.22633014947,35.541582532834,0.));
#1166 = DIRECTION('',(-0.,-0.,-1.));
#1167 = DIRECTION('',(1.,0.,0.));
#1168 = ADVANCED_FACE('',(#1169),#1196,.T.);
#1169 = FACE_BOUND('',#1170,.F.);
#1170 = EDGE_LOOP('',(#1171,#1181,#1188,#1189));
#1171 = ORIENTED_EDGE('',*,*,#1172,.T.);
#1172 = EDGE_CURVE('',#1173,#1175,#1177,.T.);
#1173 = VERTEX_POINT('',#1174);
#1174 = CARTESIAN_POINT('',(-15.38581011535,49.694737286947,0.));
#1175 = VERTEX_POINT('',#1176);
#1176 = CARTESIAN_POINT('',(-15.38581011535,49.694737286947,3.));
#1177 = LINE('',#1178,#1179);
#1178 = CARTESIAN_POINT('',(-15.38581011535,49.694737286947,0.));
#1179 = VECTOR('',#1180,1.);
#1180 = DIRECTION('',(0.,0.,1.));
#1181 = ORIENTED_EDGE('',*,*,#1182,.T.);
#1182 = EDGE_CURVE('',#1175,#1141,#1183,.T.);
#1183 = CIRCLE('',#1184,4.5);
#1184 = AXIS2_PLACEMENT_3D('',#1185,#1186,#1187);
#1185 = CARTESIAN_POINT('',(-19.22541241735,47.347940712363,3.));
#1186 = DIRECTION('',(0.,0.,1.));
#1187 = DIRECTION('',(1.,0.,0.));
#1188 = ORIENTED_EDGE('',*,*,#1149,.F.);
#1189 = ORIENTED_EDGE('',*,*,#1190,.F.);
#1190 = EDGE_CURVE('',#1173,#1150,#1191,.T.);
#1191 = CIRCLE('',#1192,4.5);
#1192 = AXIS2_PLACEMENT_3D('',#1193,#1194,#1195);
#1193 = CARTESIAN_POINT('',(-19.22541241735,47.347940712363,0.));
#1194 = DIRECTION('',(0.,0.,1.));
#1195 = DIRECTION('',(1.,0.,0.));
#1196 = CYLINDRICAL_SURFACE('',#1197,4.5);
#1197 = AXIS2_PLACEMENT_3D('',#1198,#1199,#1200);
#1198 = CARTESIAN_POINT('',(-19.22541241735,47.347940712363,0.));
#1199 = DIRECTION('',(-0.,-0.,-1.));
#1200 = DIRECTION('',(1.,0.,0.));
#1201 = ADVANCED_FACE('',(#1202),#1229,.F.);
#1202 = FACE_BOUND('',#1203,.T.);
#1203 = EDGE_LOOP('',(#1204,#1205,#1214,#1222));
#1204 = ORIENTED_EDGE('',*,*,#1172,.T.);
#1205 = ORIENTED_EDGE('',*,*,#1206,.T.);
#1206 = EDGE_CURVE('',#1175,#1207,#1209,.T.);
#1207 = VERTEX_POINT('',#1208);
#1208 = CARTESIAN_POINT('',(-5.43784672222,50.347940712363,3.));
#1209 = CIRCLE('',#1210,5.5);
#1210 = AXIS2_PLACEMENT_3D('',#1211,#1212,#1213);
#1211 = CARTESIAN_POINT('',(-10.56412529858,52.340744756286,3.));
#1212 = DIRECTION('',(0.,0.,1.));
#1213 = DIRECTION('',(1.,0.,0.));
#1214 = ORIENTED_EDGE('',*,*,#1215,.F.);
#1215 = EDGE_CURVE('',#1216,#1207,#1218,.T.);
#1216 = VERTEX_POINT('',#1217);
#1217 = CARTESIAN_POINT('',(-5.43784672222,50.347940712363,0.));
#1218 = LINE('',#1219,#1220);
#1219 = CARTESIAN_POINT('',(-5.43784672222,50.347940712363,0.));
#1220 = VECTOR('',#1221,1.);
#1221 = DIRECTION('',(0.,0.,1.));
#1222 = ORIENTED_EDGE('',*,*,#1223,.F.);
#1223 = EDGE_CURVE('',#1173,#1216,#1224,.T.);
#1224 = CIRCLE('',#1225,5.5);
#1225 = AXIS2_PLACEMENT_3D('',#1226,#1227,#1228);
#1226 = CARTESIAN_POINT('',(-10.56412529858,52.340744756286,0.));
#1227 = DIRECTION('',(0.,0.,1.));
#1228 = DIRECTION('',(1.,0.,0.));
#1229 = CYLINDRICAL_SURFACE('',#1230,5.5);
#1230 = AXIS2_PLACEMENT_3D('',#1231,#1232,#1233);
#1231 = CARTESIAN_POINT('',(-10.56412529858,52.340744756286,0.));
#1232 = DIRECTION('',(-0.,-0.,-1.));
#1233 = DIRECTION('',(1.,0.,0.));
#1234 = ADVANCED_FACE('',(#1235),#1262,.T.);
#1235 = FACE_BOUND('',#1236,.F.);
#1236 = EDGE_LOOP('',(#1237,#1247,#1254,#1255));
#1237 = ORIENTED_EDGE('',*,*,#1238,.T.);
#1238 = EDGE_CURVE('',#1239,#1241,#1243,.T.);
#1239 = VERTEX_POINT('',#1240);
#1240 = CARTESIAN_POINT('',(5.43784672222,50.347940712363,0.));
#1241 = VERTEX_POINT('',#1242);
#1242 = CARTESIAN_POINT('',(5.43784672222,50.347940712363,3.));
#1243 = LINE('',#1244,#1245);
#1244 = CARTESIAN_POINT('',(5.43784672222,50.347940712363,0.));
#1245 = VECTOR('',#1246,1.);
#1246 = DIRECTION('',(0.,0.,1.));
#1247 = ORIENTED_EDGE('',*,*,#1248,.T.);
#1248 = EDGE_CURVE('',#1241,#1207,#1249,.T.);
#1249 = CIRCLE('',#1250,6.);
#1250 = AXIS2_PLACEMENT_3D('',#1251,#1252,#1253);
#1251 = CARTESIAN_POINT('',(0.,47.812231141918,3.));
#1252 = DIRECTION('',(0.,0.,1.));
#1253 = DIRECTION('',(1.,0.,0.));
#1254 = ORIENTED_EDGE('',*,*,#1215,.F.);
#1255 = ORIENTED_EDGE('',*,*,#1256,.F.);
#1256 = EDGE_CURVE('',#1239,#1216,#1257,.T.);
#1257 = CIRCLE('',#1258,6.);
#1258 = AXIS2_PLACEMENT_3D('',#1259,#1260,#1261);
#1259 = CARTESIAN_POINT('',(0.,47.812231141918,0.));
#1260 = DIRECTION('',(0.,0.,1.));
#1261 = DIRECTION('',(1.,0.,0.));
#1262 = CYLINDRICAL_SURFACE('',#1263,6.);
#1263 = AXIS2_PLACEMENT_3D('',#1264,#1265,#1266);
#1264 = CARTESIAN_POINT('',(0.,47.812231141918,0.));
#1265 = DIRECTION('',(-0.,-0.,-1.));
#1266 = DIRECTION('',(1.,0.,0.));
#1267 = ADVANCED_FACE('',(#1268),#1295,.F.);
#1268 = FACE_BOUND('',#1269,.T.);
#1269 = EDGE_LOOP('',(#1270,#1271,#1280,#1288));
#1270 = ORIENTED_EDGE('',*,*,#1238,.T.);
#1271 = ORIENTED_EDGE('',*,*,#1272,.T.);
#1272 = EDGE_CURVE('',#1241,#1273,#1275,.T.);
#1273 = VERTEX_POINT('',#1274);
#1274 = CARTESIAN_POINT('',(15.38581011535,49.694737286947,3.));
#1275 = CIRCLE('',#1276,5.5);
#1276 = AXIS2_PLACEMENT_3D('',#1277,#1278,#1279);
#1277 = CARTESIAN_POINT('',(10.564125298587,52.340744756286,3.));
#1278 = DIRECTION('',(0.,0.,1.));
#1279 = DIRECTION('',(1.,0.,0.));
#1280 = ORIENTED_EDGE('',*,*,#1281,.F.);
#1281 = EDGE_CURVE('',#1282,#1273,#1284,.T.);
#1282 = VERTEX_POINT('',#1283);
#1283 = CARTESIAN_POINT('',(15.38581011535,49.694737286947,0.));
#1284 = LINE('',#1285,#1286);
#1285 = CARTESIAN_POINT('',(15.38581011535,49.694737286947,0.));
#1286 = VECTOR('',#1287,1.);
#1287 = DIRECTION('',(0.,0.,1.));
#1288 = ORIENTED_EDGE('',*,*,#1289,.F.);
#1289 = EDGE_CURVE('',#1239,#1282,#1290,.T.);
#1290 = CIRCLE('',#1291,5.5);
#1291 = AXIS2_PLACEMENT_3D('',#1292,#1293,#1294);
#1292 = CARTESIAN_POINT('',(10.564125298587,52.340744756286,0.));
#1293 = DIRECTION('',(0.,0.,1.));
#1294 = DIRECTION('',(1.,0.,0.));
#1295 = CYLINDRICAL_SURFACE('',#1296,5.5);
#1296 = AXIS2_PLACEMENT_3D('',#1297,#1298,#1299);
#1297 = CARTESIAN_POINT('',(10.564125298587,52.340744756286,0.));
#1298 = DIRECTION('',(-0.,-0.,-1.));
#1299 = DIRECTION('',(1.,0.,0.));
#1300 = ADVANCED_FACE('',(#1301),#1328,.T.);
#1301 = FACE_BOUND('',#1302,.F.);
#1302 = EDGE_LOOP('',(#1303,#1313,#1320,#1321));
#1303 = ORIENTED_EDGE('',*,*,#1304,.T.);
#1304 = EDGE_CURVE('',#1305,#1307,#1309,.T.);
#1305 = VERTEX_POINT('',#1306);
#1306 = CARTESIAN_POINT('',(20.658228175731,43.082141959194,0.));
#1307 = VERTEX_POINT('',#1308);
#1308 = CARTESIAN_POINT('',(20.658228175731,43.082141959194,3.));
#1309 = LINE('',#1310,#1311);
#1310 = CARTESIAN_POINT('',(20.658228175731,43.082141959194,0.));
#1311 = VECTOR('',#1312,1.);
#1312 = DIRECTION('',(0.,0.,1.));
#1313 = ORIENTED_EDGE('',*,*,#1314,.T.);
#1314 = EDGE_CURVE('',#1307,#1273,#1315,.T.);
#1315 = CIRCLE('',#1316,4.5);
#1316 = AXIS2_PLACEMENT_3D('',#1317,#1318,#1319);
#1317 = CARTESIAN_POINT('',(19.22541241735,47.347940712363,3.));
#1318 = DIRECTION('',(0.,0.,1.));
#1319 = DIRECTION('',(1.,0.,0.));
#1320 = ORIENTED_EDGE('',*,*,#1281,.F.);
#1321 = ORIENTED_EDGE('',*,*,#1322,.F.);
#1322 = EDGE_CURVE('',#1305,#1282,#1323,.T.);
#1323 = CIRCLE('',#1324,4.5);
#1324 = AXIS2_PLACEMENT_3D('',#1325,#1326,#1327);
#1325 = CARTESIAN_POINT('',(19.22541241735,47.347940712363,0.));
#1326 = DIRECTION('',(0.,0.,1.));
#1327 = DIRECTION('',(1.,0.,0.));
#1328 = CYLINDRICAL_SURFACE('',#1329,4.5);
#1329 = AXIS2_PLACEMENT_3D('',#1330,#1331,#1332);
#1330 = CARTESIAN_POINT('',(19.22541241735,47.347940712363,0.));
#1331 = DIRECTION('',(-0.,-0.,-1.));
#1332 = DIRECTION('',(1.,0.,0.));
#1333 = ADVANCED_FACE('',(#1334),#1361,.F.);
#1334 = FACE_BOUND('',#1335,.T.);
#1335 = EDGE_LOOP('',(#1336,#1337,#1346,#1354));
#1336 = ORIENTED_EDGE('',*,*,#1304,.T.);
#1337 = ORIENTED_EDGE('',*,*,#1338,.T.);
#1338 = EDGE_CURVE('',#1307,#1339,#1341,.T.);
#1339 = VERTEX_POINT('',#1340);
#1340 = CARTESIAN_POINT('',(17.25,36.229213791991,3.));
#1341 = CIRCLE('',#1342,10.);
#1342 = AXIS2_PLACEMENT_3D('',#1343,#1344,#1345);
#1343 = CARTESIAN_POINT('',(27.22633014948,35.541582532836,3.));
#1344 = DIRECTION('',(0.,0.,1.));
#1345 = DIRECTION('',(1.,0.,0.));
#1346 = ORIENTED_EDGE('',*,*,#1347,.F.);
#1347 = EDGE_CURVE('',#1348,#1339,#1350,.T.);
#1348 = VERTEX_POINT('',#1349);
#1349 = CARTESIAN_POINT('',(17.25,36.229213791991,0.));
#1350 = LINE('',#1351,#1352);
#1351 = CARTESIAN_POINT('',(17.25,36.229213791991,0.));
#1352 = VECTOR('',#1353,1.);
#1353 = DIRECTION('',(0.,0.,1.));
#1354 = ORIENTED_EDGE('',*,*,#1355,.F.);
#1355 = EDGE_CURVE('',#1305,#1348,#1356,.T.);
#1356 = CIRCLE('',#1357,10.);
#1357 = AXIS2_PLACEMENT_3D('',#1358,#1359,#1360);
#1358 = CARTESIAN_POINT('',(27.22633014948,35.541582532836,0.));
#1359 = DIRECTION('',(0.,0.,1.));
#1360 = DIRECTION('',(1.,0.,0.));
#1361 = CYLINDRICAL_SURFACE('',#1362,10.);
#1362 = AXIS2_PLACEMENT_3D('',#1363,#1364,#1365);
#1363 = CARTESIAN_POINT('',(27.22633014948,35.541582532836,0.));
#1364 = DIRECTION('',(-0.,-0.,-1.));
#1365 = DIRECTION('',(1.,0.,0.));
#1366 = ADVANCED_FACE('',(#1367),#1392,.T.);
#1367 = FACE_BOUND('',#1368,.T.);
#1368 = EDGE_LOOP('',(#1369,#1370,#1378,#1386));
#1369 = ORIENTED_EDGE('',*,*,#1347,.T.);
#1370 = ORIENTED_EDGE('',*,*,#1371,.T.);
#1371 = EDGE_CURVE('',#1339,#1372,#1374,.T.);
#1372 = VERTEX_POINT('',#1373);
#1373 = CARTESIAN_POINT('',(17.25,21.229213791991,3.));
#1374 = LINE('',#1375,#1376);
#1375 = CARTESIAN_POINT('',(17.25,36.229213791991,3.));
#1376 = VECTOR('',#1377,1.);
#1377 = DIRECTION('',(0.,-1.,0.));
#1378 = ORIENTED_EDGE('',*,*,#1379,.F.);
#1379 = EDGE_CURVE('',#1380,#1372,#1382,.T.);
#1380 = VERTEX_POINT('',#1381);
#1381 = CARTESIAN_POINT('',(17.25,21.229213791991,0.));
#1382 = LINE('',#1383,#1384);
#1383 = CARTESIAN_POINT('',(17.25,21.229213791991,0.));
#1384 = VECTOR('',#1385,1.);
#1385 = DIRECTION('',(0.,0.,1.));
#1386 = ORIENTED_EDGE('',*,*,#1387,.F.);
#1387 = EDGE_CURVE('',#1348,#1380,#1388,.T.);
#1388 = LINE('',#1389,#1390);
#1389 = CARTESIAN_POINT('',(17.25,36.229213791991,0.));
#1390 = VECTOR('',#1391,1.);
#1391 = DIRECTION('',(0.,-1.,0.));
#1392 = PLANE('',#1393);
#1393 = AXIS2_PLACEMENT_3D('',#1394,#1395,#1396);
#1394 = CARTESIAN_POINT('',(17.25,36.229213791991,0.));
#1395 = DIRECTION('',(1.,0.,0.));
#1396 = DIRECTION('',(0.,-1.,0.));
#1397 = ADVANCED_FACE('',(#1398),#1416,.F.);
#1398 = FACE_BOUND('',#1399,.T.);
#1399 = EDGE_LOOP('',(#1400,#1401,#1408,#1409));
#1400 = ORIENTED_EDGE('',*,*,#1379,.T.);
#1401 = ORIENTED_EDGE('',*,*,#1402,.T.);
#1402 = EDGE_CURVE('',#1372,#517,#1403,.T.);
#1403 = CIRCLE('',#1404,5.);
#1404 = AXIS2_PLACEMENT_3D('',#1405,#1406,#1407);
#1405 = CARTESIAN_POINT('',(22.191940971132,21.9889633809,3.));
#1406 = DIRECTION('',(0.,0.,1.));
#1407 = DIRECTION('',(1.,0.,0.));
#1408 = ORIENTED_EDGE('',*,*,#525,.F.);
#1409 = ORIENTED_EDGE('',*,*,#1410,.F.);
#1410 = EDGE_CURVE('',#1380,#526,#1411,.T.);
#1411 = CIRCLE('',#1412,5.);
#1412 = AXIS2_PLACEMENT_3D('',#1413,#1414,#1415);
#1413 = CARTESIAN_POINT('',(22.191940971132,21.9889633809,0.));
#1414 = DIRECTION('',(0.,0.,1.));
#1415 = DIRECTION('',(1.,0.,0.));
#1416 = CYLINDRICAL_SURFACE('',#1417,5.);
#1417 = AXIS2_PLACEMENT_3D('',#1418,#1419,#1420);
#1418 = CARTESIAN_POINT('',(22.191940971132,21.9889633809,0.));
#1419 = DIRECTION('',(-0.,-0.,-1.));
#1420 = DIRECTION('',(1.,0.,0.));
#1421 = ADVANCED_FACE('',(#1422,#1473,#1484,#1554,#1624,#1694,#1764,
    #1775,#1786,#1797,#1808,#1819,#1830,#1841,#1852,#1863,#1874,#1885,
    #1896,#1907,#1918,#1929,#1940,#1951,#1962,#1973,#1984,#1995,#2006,
    #2017,#2028,#2039),#2050,.F.);
#1422 = FACE_BOUND('',#1423,.T.);
#1423 = EDGE_LOOP('',(#1424,#1425,#1426,#1427,#1428,#1429,#1430,#1431,
    #1432,#1433,#1434,#1435,#1436,#1437,#1438,#1439,#1445,#1446,#1447,
    #1448,#1449,#1450,#1451,#1452,#1453,#1454,#1455,#1456,#1457,#1458,
    #1459,#1460,#1461,#1462,#1463,#1464,#1465,#1466,#1467,#1468,#1469,
    #1470,#1471,#1472));
#1424 = ORIENTED_EDGE('',*,*,#48,.T.);
#1425 = ORIENTED_EDGE('',*,*,#80,.T.);
#1426 = ORIENTED_EDGE('',*,*,#112,.T.);
#1427 = ORIENTED_EDGE('',*,*,#145,.F.);
#1428 = ORIENTED_EDGE('',*,*,#177,.T.);
#1429 = ORIENTED_EDGE('',*,*,#209,.T.);
#1430 = ORIENTED_EDGE('',*,*,#242,.F.);
#1431 = ORIENTED_EDGE('',*,*,#274,.T.);
#1432 = ORIENTED_EDGE('',*,*,#306,.F.);
#1433 = ORIENTED_EDGE('',*,*,#339,.T.);
#1434 = ORIENTED_EDGE('',*,*,#372,.F.);
#1435 = ORIENTED_EDGE('',*,*,#404,.F.);
#1436 = ORIENTED_EDGE('',*,*,#436,.F.);
#1437 = ORIENTED_EDGE('',*,*,#468,.F.);
#1438 = ORIENTED_EDGE('',*,*,#500,.T.);
#1439 = ORIENTED_EDGE('',*,*,#1440,.F.);
#1440 = EDGE_CURVE('',#549,#493,#1441,.T.);
#1441 = LINE('',#1442,#1443);
#1442 = CARTESIAN_POINT('',(0.,-89.25,0.));
#1443 = VECTOR('',#1444,1.);
#1444 = DIRECTION('',(1.,0.,0.));
#1445 = ORIENTED_EDGE('',*,*,#575,.T.);
#1446 = ORIENTED_EDGE('',*,*,#607,.T.);
#1447 = ORIENTED_EDGE('',*,*,#639,.F.);
#1448 = ORIENTED_EDGE('',*,*,#671,.T.);
#1449 = ORIENTED_EDGE('',*,*,#703,.F.);
#1450 = ORIENTED_EDGE('',*,*,#736,.T.);
#1451 = ORIENTED_EDGE('',*,*,#769,.F.);
#1452 = ORIENTED_EDGE('',*,*,#801,.F.);
#1453 = ORIENTED_EDGE('',*,*,#833,.F.);
#1454 = ORIENTED_EDGE('',*,*,#866,.T.);
#1455 = ORIENTED_EDGE('',*,*,#898,.F.);
#1456 = ORIENTED_EDGE('',*,*,#930,.F.);
#1457 = ORIENTED_EDGE('',*,*,#963,.T.);
#1458 = ORIENTED_EDGE('',*,*,#995,.F.);
#1459 = ORIENTED_EDGE('',*,*,#1027,.T.);
#1460 = ORIENTED_EDGE('',*,*,#1060,.F.);
#1461 = ORIENTED_EDGE('',*,*,#1093,.T.);
#1462 = ORIENTED_EDGE('',*,*,#1125,.F.);
#1463 = ORIENTED_EDGE('',*,*,#1157,.T.);
#1464 = ORIENTED_EDGE('',*,*,#1190,.F.);
#1465 = ORIENTED_EDGE('',*,*,#1223,.T.);
#1466 = ORIENTED_EDGE('',*,*,#1256,.F.);
#1467 = ORIENTED_EDGE('',*,*,#1289,.T.);
#1468 = ORIENTED_EDGE('',*,*,#1322,.F.);
#1469 = ORIENTED_EDGE('',*,*,#1355,.T.);
#1470 = ORIENTED_EDGE('',*,*,#1387,.T.);
#1471 = ORIENTED_EDGE('',*,*,#1410,.T.);
#1472 = ORIENTED_EDGE('',*,*,#533,.F.);
#1473 = FACE_BOUND('',#1474,.T.);
#1474 = EDGE_LOOP('',(#1475));
#1475 = ORIENTED_EDGE('',*,*,#1476,.T.);
#1476 = EDGE_CURVE('',#1477,#1477,#1479,.T.);
#1477 = VERTEX_POINT('',#1478);
#1478 = CARTESIAN_POINT('',(9.25,0.,0.));
#1479 = CIRCLE('',#1480,9.25);
#1480 = AXIS2_PLACEMENT_3D('',#1481,#1482,#1483);
#1481 = CARTESIAN_POINT('',(0.,0.,0.));
#1482 = DIRECTION('',(0.,0.,1.));
#1483 = DIRECTION('',(1.,0.,0.));
#1484 = FACE_BOUND('',#1485,.T.);
#1485 = EDGE_LOOP('',(#1486,#1496,#1505,#1513,#1522,#1530,#1539,#1547));
#1486 = ORIENTED_EDGE('',*,*,#1487,.T.);
#1487 = EDGE_CURVE('',#1488,#1490,#1492,.T.);
#1488 = VERTEX_POINT('',#1489);
#1489 = CARTESIAN_POINT('',(-7.5,-55.75,0.));
#1490 = VERTEX_POINT('',#1491);
#1491 = CARTESIAN_POINT('',(-7.5,-66.75,0.));
#1492 = LINE('',#1493,#1494);
#1493 = CARTESIAN_POINT('',(-7.5,-55.75,0.));
#1494 = VECTOR('',#1495,1.);
#1495 = DIRECTION('',(0.,-1.,0.));
#1496 = ORIENTED_EDGE('',*,*,#1497,.T.);
#1497 = EDGE_CURVE('',#1490,#1498,#1500,.T.);
#1498 = VERTEX_POINT('',#1499);
#1499 = CARTESIAN_POINT('',(-5.5,-68.75,0.));
#1500 = CIRCLE('',#1501,2.);
#1501 = AXIS2_PLACEMENT_3D('',#1502,#1503,#1504);
#1502 = CARTESIAN_POINT('',(-5.5,-66.75,0.));
#1503 = DIRECTION('',(0.,0.,1.));
#1504 = DIRECTION('',(1.,0.,0.));
#1505 = ORIENTED_EDGE('',*,*,#1506,.T.);
#1506 = EDGE_CURVE('',#1498,#1507,#1509,.T.);
#1507 = VERTEX_POINT('',#1508);
#1508 = CARTESIAN_POINT('',(5.5,-68.75,0.));
#1509 = LINE('',#1510,#1511);
#1510 = CARTESIAN_POINT('',(-5.5,-68.75,0.));
#1511 = VECTOR('',#1512,1.);
#1512 = DIRECTION('',(1.,0.,0.));
#1513 = ORIENTED_EDGE('',*,*,#1514,.T.);
#1514 = EDGE_CURVE('',#1507,#1515,#1517,.T.);
#1515 = VERTEX_POINT('',#1516);
#1516 = CARTESIAN_POINT('',(7.5,-66.75,0.));
#1517 = CIRCLE('',#1518,2.);
#1518 = AXIS2_PLACEMENT_3D('',#1519,#1520,#1521);
#1519 = CARTESIAN_POINT('',(5.5,-66.75,0.));
#1520 = DIRECTION('',(0.,0.,1.));
#1521 = DIRECTION('',(1.,0.,0.));
#1522 = ORIENTED_EDGE('',*,*,#1523,.T.);
#1523 = EDGE_CURVE('',#1515,#1524,#1526,.T.);
#1524 = VERTEX_POINT('',#1525);
#1525 = CARTESIAN_POINT('',(7.5,-55.75,0.));
#1526 = LINE('',#1527,#1528);
#1527 = CARTESIAN_POINT('',(7.5,-66.75,0.));
#1528 = VECTOR('',#1529,1.);
#1529 = DIRECTION('',(0.,1.,0.));
#1530 = ORIENTED_EDGE('',*,*,#1531,.T.);
#1531 = EDGE_CURVE('',#1524,#1532,#1534,.T.);
#1532 = VERTEX_POINT('',#1533);
#1533 = CARTESIAN_POINT('',(5.5,-53.75,0.));
#1534 = CIRCLE('',#1535,2.);
#1535 = AXIS2_PLACEMENT_3D('',#1536,#1537,#1538);
#1536 = CARTESIAN_POINT('',(5.5,-55.75,0.));
#1537 = DIRECTION('',(0.,0.,1.));
#1538 = DIRECTION('',(1.,0.,0.));
#1539 = ORIENTED_EDGE('',*,*,#1540,.T.);
#1540 = EDGE_CURVE('',#1532,#1541,#1543,.T.);
#1541 = VERTEX_POINT('',#1542);
#1542 = CARTESIAN_POINT('',(-5.5,-53.75,0.));
#1543 = LINE('',#1544,#1545);
#1544 = CARTESIAN_POINT('',(5.5,-53.75,0.));
#1545 = VECTOR('',#1546,1.);
#1546 = DIRECTION('',(-1.,0.,0.));
#1547 = ORIENTED_EDGE('',*,*,#1548,.T.);
#1548 = EDGE_CURVE('',#1541,#1488,#1549,.T.);
#1549 = CIRCLE('',#1550,2.);
#1550 = AXIS2_PLACEMENT_3D('',#1551,#1552,#1553);
#1551 = CARTESIAN_POINT('',(-5.5,-55.75,0.));
#1552 = DIRECTION('',(0.,0.,1.));
#1553 = DIRECTION('',(1.,0.,0.));
#1554 = FACE_BOUND('',#1555,.T.);
#1555 = EDGE_LOOP('',(#1556,#1567,#1575,#1584,#1592,#1601,#1609,#1618));
#1556 = ORIENTED_EDGE('',*,*,#1557,.T.);
#1557 = EDGE_CURVE('',#1558,#1560,#1562,.T.);
#1558 = VERTEX_POINT('',#1559);
#1559 = CARTESIAN_POINT('',(4.346448435925,40.229213791991,0.));
#1560 = VERTEX_POINT('',#1561);
#1561 = CARTESIAN_POINT('',(4.391173956054,42.142107782461,0.));
#1562 = CIRCLE('',#1563,2.5);
#1563 = AXIS2_PLACEMENT_3D('',#1564,#1565,#1566);
#1564 = CARTESIAN_POINT('',(2.059743354826,41.239649278342,0.));
#1565 = DIRECTION('',(0.,0.,1.));
#1566 = DIRECTION('',(1.,0.,0.));
#1567 = ORIENTED_EDGE('',*,*,#1568,.T.);
#1568 = EDGE_CURVE('',#1560,#1569,#1571,.T.);
#1569 = VERTEX_POINT('',#1570);
#1570 = CARTESIAN_POINT('',(0.906307787037,48.234849403659,0.));
#1571 = LINE('',#1572,#1573);
#1572 = CARTESIAN_POINT('',(4.391173956054,42.142107782461,0.));
#1573 = VECTOR('',#1574,1.);
#1574 = DIRECTION('',(-0.496493271029,0.868040570378,0.));
#1575 = ORIENTED_EDGE('',*,*,#1576,.T.);
#1576 = EDGE_CURVE('',#1569,#1577,#1579,.T.);
#1577 = VERTEX_POINT('',#1578);
#1578 = CARTESIAN_POINT('',(-0.906307787037,48.234849403659,0.));
#1579 = CIRCLE('',#1580,1.);
#1580 = AXIS2_PLACEMENT_3D('',#1581,#1582,#1583);
#1581 = CARTESIAN_POINT('',(0.,47.812231141918,0.));
#1582 = DIRECTION('',(0.,0.,1.));
#1583 = DIRECTION('',(1.,0.,0.));
#1584 = ORIENTED_EDGE('',*,*,#1585,.F.);
#1585 = EDGE_CURVE('',#1586,#1577,#1588,.T.);
#1586 = VERTEX_POINT('',#1587);
#1587 = CARTESIAN_POINT('',(-4.271687246403,42.142107782461,0.));
#1588 = LINE('',#1589,#1590);
#1589 = CARTESIAN_POINT('',(-4.271687246403,42.142107782461,0.));
#1590 = VECTOR('',#1591,1.);
#1591 = DIRECTION('',(0.483503189017,0.875342599335,0.));
#1592 = ORIENTED_EDGE('',*,*,#1593,.T.);
#1593 = EDGE_CURVE('',#1586,#1594,#1596,.T.);
#1594 = VERTEX_POINT('',#1595);
#1595 = CARTESIAN_POINT('',(-4.226961726273,40.229213791991,0.));
#1596 = CIRCLE('',#1597,2.5);
#1597 = AXIS2_PLACEMENT_3D('',#1598,#1599,#1600);
#1598 = CARTESIAN_POINT('',(-1.940256645174,41.239649278342,0.));
#1599 = DIRECTION('',(0.,0.,1.));
#1600 = DIRECTION('',(1.,0.,0.));
#1601 = ORIENTED_EDGE('',*,*,#1602,.T.);
#1602 = EDGE_CURVE('',#1594,#1603,#1605,.T.);
#1603 = VERTEX_POINT('',#1604);
#1604 = CARTESIAN_POINT('',(-2.537170076122,35.888776754939,0.));
#1605 = LINE('',#1606,#1607);
#1606 = CARTESIAN_POINT('',(-4.226961726273,40.229213791991,0.));
#1607 = VECTOR('',#1608,1.);
#1608 = DIRECTION('',(0.36279011022,-0.931870879428,0.));
#1609 = ORIENTED_EDGE('',*,*,#1610,.T.);
#1610 = EDGE_CURVE('',#1603,#1611,#1613,.T.);
#1611 = VERTEX_POINT('',#1612);
#1612 = CARTESIAN_POINT('',(2.537170076122,35.888776754939,0.));
#1613 = CIRCLE('',#1614,2.7);
#1614 = AXIS2_PLACEMENT_3D('',#1615,#1616,#1617);
#1615 = CARTESIAN_POINT('',(0.,36.812231141918,0.));
#1616 = DIRECTION('',(0.,0.,1.));
#1617 = DIRECTION('',(1.,0.,0.));
#1618 = ORIENTED_EDGE('',*,*,#1619,.F.);
#1619 = EDGE_CURVE('',#1558,#1611,#1620,.T.);
#1620 = LINE('',#1621,#1622);
#1621 = CARTESIAN_POINT('',(4.346448435925,40.229213791991,0.));
#1622 = VECTOR('',#1623,1.);
#1623 = DIRECTION('',(-0.384753621184,-0.923019312358,0.));
#1624 = FACE_BOUND('',#1625,.T.);
#1625 = EDGE_LOOP('',(#1626,#1636,#1645,#1653,#1662,#1670,#1679,#1687));
#1626 = ORIENTED_EDGE('',*,*,#1627,.T.);
#1627 = EDGE_CURVE('',#1628,#1630,#1632,.T.);
#1628 = VERTEX_POINT('',#1629);
#1629 = CARTESIAN_POINT('',(-5.749999999998,22.750000000002,0.));
#1630 = VERTEX_POINT('',#1631);
#1631 = CARTESIAN_POINT('',(-5.749999999998,19.25,0.));
#1632 = LINE('',#1633,#1634);
#1633 = CARTESIAN_POINT('',(-5.749999999998,22.750000000002,0.));
#1634 = VECTOR('',#1635,1.);
#1635 = DIRECTION('',(0.,-1.,0.));
#1636 = ORIENTED_EDGE('',*,*,#1637,.T.);
#1637 = EDGE_CURVE('',#1630,#1638,#1640,.T.);
#1638 = VERTEX_POINT('',#1639);
#1639 = CARTESIAN_POINT('',(-3.249999999998,16.75,0.));
#1640 = CIRCLE('',#1641,2.5);
#1641 = AXIS2_PLACEMENT_3D('',#1642,#1643,#1644);
#1642 = CARTESIAN_POINT('',(-3.249999999998,19.25,0.));
#1643 = DIRECTION('',(0.,0.,1.));
#1644 = DIRECTION('',(1.,0.,0.));
#1645 = ORIENTED_EDGE('',*,*,#1646,.T.);
#1646 = EDGE_CURVE('',#1638,#1647,#1649,.T.);
#1647 = VERTEX_POINT('',#1648);
#1648 = CARTESIAN_POINT('',(3.250000000001,16.75,0.));
#1649 = LINE('',#1650,#1651);
#1650 = CARTESIAN_POINT('',(-3.249999999998,16.75,0.));
#1651 = VECTOR('',#1652,1.);
#1652 = DIRECTION('',(1.,0.,0.));
#1653 = ORIENTED_EDGE('',*,*,#1654,.T.);
#1654 = EDGE_CURVE('',#1647,#1655,#1657,.T.);
#1655 = VERTEX_POINT('',#1656);
#1656 = CARTESIAN_POINT('',(5.750000000001,19.25,0.));
#1657 = CIRCLE('',#1658,2.5);
#1658 = AXIS2_PLACEMENT_3D('',#1659,#1660,#1661);
#1659 = CARTESIAN_POINT('',(3.250000000001,19.25,0.));
#1660 = DIRECTION('',(0.,0.,1.));
#1661 = DIRECTION('',(1.,0.,0.));
#1662 = ORIENTED_EDGE('',*,*,#1663,.T.);
#1663 = EDGE_CURVE('',#1655,#1664,#1666,.T.);
#1664 = VERTEX_POINT('',#1665);
#1665 = CARTESIAN_POINT('',(5.750000000001,22.750000000002,0.));
#1666 = LINE('',#1667,#1668);
#1667 = CARTESIAN_POINT('',(5.750000000001,19.25,0.));
#1668 = VECTOR('',#1669,1.);
#1669 = DIRECTION('',(0.,1.,0.));
#1670 = ORIENTED_EDGE('',*,*,#1671,.T.);
#1671 = EDGE_CURVE('',#1664,#1672,#1674,.T.);
#1672 = VERTEX_POINT('',#1673);
#1673 = CARTESIAN_POINT('',(3.250000000001,25.250000000002,0.));
#1674 = CIRCLE('',#1675,2.5);
#1675 = AXIS2_PLACEMENT_3D('',#1676,#1677,#1678);
#1676 = CARTESIAN_POINT('',(3.250000000001,22.750000000002,0.));
#1677 = DIRECTION('',(0.,0.,1.));
#1678 = DIRECTION('',(1.,0.,0.));
#1679 = ORIENTED_EDGE('',*,*,#1680,.T.);
#1680 = EDGE_CURVE('',#1672,#1681,#1683,.T.);
#1681 = VERTEX_POINT('',#1682);
#1682 = CARTESIAN_POINT('',(-3.249999999998,25.250000000002,0.));
#1683 = LINE('',#1684,#1685);
#1684 = CARTESIAN_POINT('',(3.250000000001,25.250000000002,0.));
#1685 = VECTOR('',#1686,1.);
#1686 = DIRECTION('',(-1.,0.,0.));
#1687 = ORIENTED_EDGE('',*,*,#1688,.T.);
#1688 = EDGE_CURVE('',#1681,#1628,#1689,.T.);
#1689 = CIRCLE('',#1690,2.5);
#1690 = AXIS2_PLACEMENT_3D('',#1691,#1692,#1693);
#1691 = CARTESIAN_POINT('',(-3.249999999998,22.750000000002,0.));
#1692 = DIRECTION('',(0.,0.,1.));
#1693 = DIRECTION('',(1.,0.,0.));
#1694 = FACE_BOUND('',#1695,.T.);
#1695 = EDGE_LOOP('',(#1696,#1706,#1715,#1723,#1732,#1740,#1749,#1757));
#1696 = ORIENTED_EDGE('',*,*,#1697,.T.);
#1697 = EDGE_CURVE('',#1698,#1700,#1702,.T.);
#1698 = VERTEX_POINT('',#1699);
#1699 = CARTESIAN_POINT('',(-5.774999999998,-19.25,0.));
#1700 = VERTEX_POINT('',#1701);
#1701 = CARTESIAN_POINT('',(-5.774999999998,-22.75,0.));
#1702 = LINE('',#1703,#1704);
#1703 = CARTESIAN_POINT('',(-5.774999999998,-19.25,0.));
#1704 = VECTOR('',#1705,1.);
#1705 = DIRECTION('',(0.,-1.,0.));
#1706 = ORIENTED_EDGE('',*,*,#1707,.T.);
#1707 = EDGE_CURVE('',#1700,#1708,#1710,.T.);
#1708 = VERTEX_POINT('',#1709);
#1709 = CARTESIAN_POINT('',(-3.274999999998,-25.25,0.));
#1710 = CIRCLE('',#1711,2.5);
#1711 = AXIS2_PLACEMENT_3D('',#1712,#1713,#1714);
#1712 = CARTESIAN_POINT('',(-3.274999999998,-22.75,0.));
#1713 = DIRECTION('',(0.,0.,1.));
#1714 = DIRECTION('',(1.,0.,0.));
#1715 = ORIENTED_EDGE('',*,*,#1716,.T.);
#1716 = EDGE_CURVE('',#1708,#1717,#1719,.T.);
#1717 = VERTEX_POINT('',#1718);
#1718 = CARTESIAN_POINT('',(3.225000000001,-25.25,0.));
#1719 = LINE('',#1720,#1721);
#1720 = CARTESIAN_POINT('',(-3.274999999998,-25.25,0.));
#1721 = VECTOR('',#1722,1.);
#1722 = DIRECTION('',(1.,0.,0.));
#1723 = ORIENTED_EDGE('',*,*,#1724,.T.);
#1724 = EDGE_CURVE('',#1717,#1725,#1727,.T.);
#1725 = VERTEX_POINT('',#1726);
#1726 = CARTESIAN_POINT('',(5.725000000001,-22.75,0.));
#1727 = CIRCLE('',#1728,2.5);
#1728 = AXIS2_PLACEMENT_3D('',#1729,#1730,#1731);
#1729 = CARTESIAN_POINT('',(3.225000000001,-22.75,0.));
#1730 = DIRECTION('',(0.,0.,1.));
#1731 = DIRECTION('',(1.,0.,0.));
#1732 = ORIENTED_EDGE('',*,*,#1733,.T.);
#1733 = EDGE_CURVE('',#1725,#1734,#1736,.T.);
#1734 = VERTEX_POINT('',#1735);
#1735 = CARTESIAN_POINT('',(5.725000000001,-19.25,0.));
#1736 = LINE('',#1737,#1738);
#1737 = CARTESIAN_POINT('',(5.725000000001,-22.75,0.));
#1738 = VECTOR('',#1739,1.);
#1739 = DIRECTION('',(0.,1.,0.));
#1740 = ORIENTED_EDGE('',*,*,#1741,.T.);
#1741 = EDGE_CURVE('',#1734,#1742,#1744,.T.);
#1742 = VERTEX_POINT('',#1743);
#1743 = CARTESIAN_POINT('',(3.225000000001,-16.75,0.));
#1744 = CIRCLE('',#1745,2.5);
#1745 = AXIS2_PLACEMENT_3D('',#1746,#1747,#1748);
#1746 = CARTESIAN_POINT('',(3.225000000001,-19.25,0.));
#1747 = DIRECTION('',(0.,0.,1.));
#1748 = DIRECTION('',(1.,0.,0.));
#1749 = ORIENTED_EDGE('',*,*,#1750,.T.);
#1750 = EDGE_CURVE('',#1742,#1751,#1753,.T.);
#1751 = VERTEX_POINT('',#1752);
#1752 = CARTESIAN_POINT('',(-3.274999999998,-16.75,0.));
#1753 = LINE('',#1754,#1755);
#1754 = CARTESIAN_POINT('',(3.225000000001,-16.75,0.));
#1755 = VECTOR('',#1756,1.);
#1756 = DIRECTION('',(-1.,0.,0.));
#1757 = ORIENTED_EDGE('',*,*,#1758,.T.);
#1758 = EDGE_CURVE('',#1751,#1698,#1759,.T.);
#1759 = CIRCLE('',#1760,2.5);
#1760 = AXIS2_PLACEMENT_3D('',#1761,#1762,#1763);
#1761 = CARTESIAN_POINT('',(-3.274999999998,-19.25,0.));
#1762 = DIRECTION('',(0.,0.,1.));
#1763 = DIRECTION('',(1.,0.,0.));
#1764 = FACE_BOUND('',#1765,.T.);
#1765 = EDGE_LOOP('',(#1766));
#1766 = ORIENTED_EDGE('',*,*,#1767,.T.);
#1767 = EDGE_CURVE('',#1768,#1768,#1770,.T.);
#1768 = VERTEX_POINT('',#1769);
#1769 = CARTESIAN_POINT('',(3.,-79.25,0.));
#1770 = CIRCLE('',#1771,3.);
#1771 = AXIS2_PLACEMENT_3D('',#1772,#1773,#1774);
#1772 = CARTESIAN_POINT('',(0.,-79.25,0.));
#1773 = DIRECTION('',(0.,0.,1.));
#1774 = DIRECTION('',(1.,0.,0.));
#1775 = FACE_BOUND('',#1776,.T.);
#1776 = EDGE_LOOP('',(#1777));
#1777 = ORIENTED_EDGE('',*,*,#1778,.T.);
#1778 = EDGE_CURVE('',#1779,#1779,#1781,.T.);
#1779 = VERTEX_POINT('',#1780);
#1780 = CARTESIAN_POINT('',(21.,-61.41541927679,0.));
#1781 = CIRCLE('',#1782,3.);
#1782 = AXIS2_PLACEMENT_3D('',#1783,#1784,#1785);
#1783 = CARTESIAN_POINT('',(18.,-61.41541927679,0.));
#1784 = DIRECTION('',(0.,0.,1.));
#1785 = DIRECTION('',(1.,0.,0.));
#1786 = FACE_BOUND('',#1787,.T.);
#1787 = EDGE_LOOP('',(#1788));
#1788 = ORIENTED_EDGE('',*,*,#1789,.T.);
#1789 = EDGE_CURVE('',#1790,#1790,#1792,.T.);
#1790 = VERTEX_POINT('',#1791);
#1791 = CARTESIAN_POINT('',(-15.,-61.41541927679,0.));
#1792 = CIRCLE('',#1793,3.);
#1793 = AXIS2_PLACEMENT_3D('',#1794,#1795,#1796);
#1794 = CARTESIAN_POINT('',(-18.,-61.41541927679,0.));
#1795 = DIRECTION('',(0.,0.,1.));
#1796 = DIRECTION('',(1.,0.,0.));
#1797 = FACE_BOUND('',#1798,.T.);
#1798 = EDGE_LOOP('',(#1799));
#1799 = ORIENTED_EDGE('',*,*,#1800,.T.);
#1800 = EDGE_CURVE('',#1801,#1801,#1803,.T.);
#1801 = VERTEX_POINT('',#1802);
#1802 = CARTESIAN_POINT('',(3.,-43.25,0.));
#1803 = CIRCLE('',#1804,3.);
#1804 = AXIS2_PLACEMENT_3D('',#1805,#1806,#1807);
#1805 = CARTESIAN_POINT('',(0.,-43.25,0.));
#1806 = DIRECTION('',(0.,0.,1.));
#1807 = DIRECTION('',(1.,0.,0.));
#1808 = FACE_BOUND('',#1809,.T.);
#1809 = EDGE_LOOP('',(#1810));
#1810 = ORIENTED_EDGE('',*,*,#1811,.T.);
#1811 = EDGE_CURVE('',#1812,#1812,#1814,.T.);
#1812 = VERTEX_POINT('',#1813);
#1813 = CARTESIAN_POINT('',(-17.72541241735,47.347940712363,0.));
#1814 = CIRCLE('',#1815,1.5);
#1815 = AXIS2_PLACEMENT_3D('',#1816,#1817,#1818);
#1816 = CARTESIAN_POINT('',(-19.22541241735,47.347940712363,0.));
#1817 = DIRECTION('',(0.,0.,1.));
#1818 = DIRECTION('',(1.,0.,0.));
#1819 = FACE_BOUND('',#1820,.T.);
#1820 = EDGE_LOOP('',(#1821));
#1821 = ORIENTED_EDGE('',*,*,#1822,.T.);
#1822 = EDGE_CURVE('',#1823,#1823,#1825,.T.);
#1823 = VERTEX_POINT('',#1824);
#1824 = CARTESIAN_POINT('',(20.72541241735,47.347940712363,0.));
#1825 = CIRCLE('',#1826,1.5);
#1826 = AXIS2_PLACEMENT_3D('',#1827,#1828,#1829);
#1827 = CARTESIAN_POINT('',(19.22541241735,47.347940712363,0.));
#1828 = DIRECTION('',(0.,0.,1.));
#1829 = DIRECTION('',(1.,0.,0.));
#1830 = FACE_BOUND('',#1831,.T.);
#1831 = EDGE_LOOP('',(#1832));
#1832 = ORIENTED_EDGE('',*,*,#1833,.T.);
#1833 = EDGE_CURVE('',#1834,#1834,#1836,.T.);
#1834 = VERTEX_POINT('',#1835);
#1835 = CARTESIAN_POINT('',(-24.11138554097,-94.66541927679,0.));
#1836 = CIRCLE('',#1837,1.5);
#1837 = AXIS2_PLACEMENT_3D('',#1838,#1839,#1840);
#1838 = CARTESIAN_POINT('',(-25.61138554097,-94.66541927679,0.));
#1839 = DIRECTION('',(0.,0.,1.));
#1840 = DIRECTION('',(1.,0.,0.));
#1841 = FACE_BOUND('',#1842,.T.);
#1842 = EDGE_LOOP('',(#1843));
#1843 = ORIENTED_EDGE('',*,*,#1844,.T.);
#1844 = EDGE_CURVE('',#1845,#1845,#1847,.T.);
#1845 = VERTEX_POINT('',#1846);
#1846 = CARTESIAN_POINT('',(-24.69097294148,-81.66541927679,0.));
#1847 = CIRCLE('',#1848,1.5);
#1848 = AXIS2_PLACEMENT_3D('',#1849,#1850,#1851);
#1849 = CARTESIAN_POINT('',(-26.19097294148,-81.66541927679,0.));
#1850 = DIRECTION('',(0.,0.,1.));
#1851 = DIRECTION('',(1.,0.,0.));
#1852 = FACE_BOUND('',#1853,.T.);
#1853 = EDGE_LOOP('',(#1854));
#1854 = ORIENTED_EDGE('',*,*,#1855,.T.);
#1855 = EDGE_CURVE('',#1856,#1856,#1858,.T.);
#1856 = VERTEX_POINT('',#1857);
#1857 = CARTESIAN_POINT('',(-25.22794955788,-43.66541927679,0.));
#1858 = CIRCLE('',#1859,1.5);
#1859 = AXIS2_PLACEMENT_3D('',#1860,#1861,#1862);
#1860 = CARTESIAN_POINT('',(-26.72794955788,-43.66541927679,0.));
#1861 = DIRECTION('',(0.,0.,1.));
#1862 = DIRECTION('',(1.,0.,0.));
#1863 = FACE_BOUND('',#1864,.T.);
#1864 = EDGE_LOOP('',(#1865));
#1865 = ORIENTED_EDGE('',*,*,#1866,.T.);
#1866 = EDGE_CURVE('',#1867,#1867,#1869,.T.);
#1867 = VERTEX_POINT('',#1868);
#1868 = CARTESIAN_POINT('',(-26.72794955788,-29.66541927679,0.));
#1869 = CIRCLE('',#1870,1.5);
#1870 = AXIS2_PLACEMENT_3D('',#1871,#1872,#1873);
#1871 = CARTESIAN_POINT('',(-28.22794955788,-29.66541927679,0.));
#1872 = DIRECTION('',(0.,0.,1.));
#1873 = DIRECTION('',(1.,0.,0.));
#1874 = FACE_BOUND('',#1875,.T.);
#1875 = EDGE_LOOP('',(#1876));
#1876 = ORIENTED_EDGE('',*,*,#1877,.T.);
#1877 = EDGE_CURVE('',#1878,#1878,#1880,.T.);
#1878 = VERTEX_POINT('',#1879);
#1879 = CARTESIAN_POINT('',(27.111385540972,-94.66541927679,0.));
#1880 = CIRCLE('',#1881,1.5);
#1881 = AXIS2_PLACEMENT_3D('',#1882,#1883,#1884);
#1882 = CARTESIAN_POINT('',(25.611385540972,-94.66541927679,0.));
#1883 = DIRECTION('',(0.,0.,1.));
#1884 = DIRECTION('',(1.,0.,0.));
#1885 = FACE_BOUND('',#1886,.T.);
#1886 = EDGE_LOOP('',(#1887));
#1887 = ORIENTED_EDGE('',*,*,#1888,.T.);
#1888 = EDGE_CURVE('',#1889,#1889,#1891,.T.);
#1889 = VERTEX_POINT('',#1890);
#1890 = CARTESIAN_POINT('',(27.758627817318,-81.66541927679,0.));
#1891 = CIRCLE('',#1892,1.5);
#1892 = AXIS2_PLACEMENT_3D('',#1893,#1894,#1895);
#1893 = CARTESIAN_POINT('',(26.258627817318,-81.66541927679,0.));
#1894 = DIRECTION('',(0.,0.,1.));
#1895 = DIRECTION('',(1.,0.,0.));
#1896 = FACE_BOUND('',#1897,.T.);
#1897 = EDGE_LOOP('',(#1898));
#1898 = ORIENTED_EDGE('',*,*,#1899,.T.);
#1899 = EDGE_CURVE('',#1900,#1900,#1902,.T.);
#1900 = VERTEX_POINT('',#1901);
#1901 = CARTESIAN_POINT('',(28.295604433718,-43.66541927679,0.));
#1902 = CIRCLE('',#1903,1.5);
#1903 = AXIS2_PLACEMENT_3D('',#1904,#1905,#1906);
#1904 = CARTESIAN_POINT('',(26.795604433718,-43.66541927679,0.));
#1905 = DIRECTION('',(0.,0.,1.));
#1906 = DIRECTION('',(1.,0.,0.));
#1907 = FACE_BOUND('',#1908,.T.);
#1908 = EDGE_LOOP('',(#1909));
#1909 = ORIENTED_EDGE('',*,*,#1910,.T.);
#1910 = EDGE_CURVE('',#1911,#1911,#1913,.T.);
#1911 = VERTEX_POINT('',#1912);
#1912 = CARTESIAN_POINT('',(29.795604433718,-29.66541927679,0.));
#1913 = CIRCLE('',#1914,1.5);
#1914 = AXIS2_PLACEMENT_3D('',#1915,#1916,#1917);
#1915 = CARTESIAN_POINT('',(28.295604433718,-29.66541927679,0.));
#1916 = DIRECTION('',(0.,0.,1.));
#1917 = DIRECTION('',(1.,0.,0.));
#1918 = FACE_BOUND('',#1919,.T.);
#1919 = EDGE_LOOP('',(#1920));
#1920 = ORIENTED_EDGE('',*,*,#1921,.T.);
#1921 = EDGE_CURVE('',#1922,#1922,#1924,.T.);
#1922 = VERTEX_POINT('',#1923);
#1923 = CARTESIAN_POINT('',(-13.77541241734,-76.66541927679,0.));
#1924 = CIRCLE('',#1925,1.5);
#1925 = AXIS2_PLACEMENT_3D('',#1926,#1927,#1928);
#1926 = CARTESIAN_POINT('',(-15.27541241734,-76.66541927679,0.));
#1927 = DIRECTION('',(0.,0.,1.));
#1928 = DIRECTION('',(1.,0.,0.));
#1929 = FACE_BOUND('',#1930,.T.);
#1930 = EDGE_LOOP('',(#1931));
#1931 = ORIENTED_EDGE('',*,*,#1932,.T.);
#1932 = EDGE_CURVE('',#1933,#1933,#1935,.T.);
#1933 = VERTEX_POINT('',#1934);
#1934 = CARTESIAN_POINT('',(16.724587582654,-76.66541927679,0.));
#1935 = CIRCLE('',#1936,1.5);
#1936 = AXIS2_PLACEMENT_3D('',#1937,#1938,#1939);
#1937 = CARTESIAN_POINT('',(15.224587582654,-76.66541927679,0.));
#1938 = DIRECTION('',(0.,0.,1.));
#1939 = DIRECTION('',(1.,0.,0.));
#1940 = FACE_BOUND('',#1941,.T.);
#1941 = EDGE_LOOP('',(#1942));
#1942 = ORIENTED_EDGE('',*,*,#1943,.T.);
#1943 = EDGE_CURVE('',#1944,#1944,#1946,.T.);
#1944 = VERTEX_POINT('',#1945);
#1945 = CARTESIAN_POINT('',(-13.77541241734,-46.16541927679,0.));
#1946 = CIRCLE('',#1947,1.5);
#1947 = AXIS2_PLACEMENT_3D('',#1948,#1949,#1950);
#1948 = CARTESIAN_POINT('',(-15.27541241734,-46.16541927679,0.));
#1949 = DIRECTION('',(0.,0.,1.));
#1950 = DIRECTION('',(1.,0.,0.));
#1951 = FACE_BOUND('',#1952,.T.);
#1952 = EDGE_LOOP('',(#1953));
#1953 = ORIENTED_EDGE('',*,*,#1954,.T.);
#1954 = EDGE_CURVE('',#1955,#1955,#1957,.T.);
#1955 = VERTEX_POINT('',#1956);
#1956 = CARTESIAN_POINT('',(16.72541241735,-46.16541927679,0.));
#1957 = CIRCLE('',#1958,1.5);
#1958 = AXIS2_PLACEMENT_3D('',#1959,#1960,#1961);
#1959 = CARTESIAN_POINT('',(15.22541241735,-46.16541927679,0.));
#1960 = DIRECTION('',(0.,0.,1.));
#1961 = DIRECTION('',(1.,0.,0.));
#1962 = FACE_BOUND('',#1963,.T.);
#1963 = EDGE_LOOP('',(#1964));
#1964 = ORIENTED_EDGE('',*,*,#1965,.T.);
#1965 = EDGE_CURVE('',#1966,#1966,#1968,.T.);
#1966 = VERTEX_POINT('',#1967);
#1967 = CARTESIAN_POINT('',(16.72541241735,-15.53203206111,0.));
#1968 = CIRCLE('',#1969,1.5);
#1969 = AXIS2_PLACEMENT_3D('',#1970,#1971,#1972);
#1970 = CARTESIAN_POINT('',(15.22541241735,-15.53203206111,0.));
#1971 = DIRECTION('',(0.,0.,1.));
#1972 = DIRECTION('',(1.,0.,0.));
#1973 = FACE_BOUND('',#1974,.T.);
#1974 = EDGE_LOOP('',(#1975));
#1975 = ORIENTED_EDGE('',*,*,#1976,.T.);
#1976 = EDGE_CURVE('',#1977,#1977,#1979,.T.);
#1977 = VERTEX_POINT('',#1978);
#1978 = CARTESIAN_POINT('',(-13.77541241734,-15.53203206111,0.));
#1979 = CIRCLE('',#1980,1.5);
#1980 = AXIS2_PLACEMENT_3D('',#1981,#1982,#1983);
#1981 = CARTESIAN_POINT('',(-15.27541241734,-15.53203206111,0.));
#1982 = DIRECTION('',(0.,0.,1.));
#1983 = DIRECTION('',(1.,0.,0.));
#1984 = FACE_BOUND('',#1985,.T.);
#1985 = EDGE_LOOP('',(#1986));
#1986 = ORIENTED_EDGE('',*,*,#1987,.T.);
#1987 = EDGE_CURVE('',#1988,#1988,#1990,.T.);
#1988 = VERTEX_POINT('',#1989);
#1989 = CARTESIAN_POINT('',(11.5,-10.15197025212,0.));
#1990 = CIRCLE('',#1991,1.5);
#1991 = AXIS2_PLACEMENT_3D('',#1992,#1993,#1994);
#1992 = CARTESIAN_POINT('',(10.,-10.15197025212,0.));
#1993 = DIRECTION('',(0.,0.,1.));
#1994 = DIRECTION('',(1.,0.,0.));
#1995 = FACE_BOUND('',#1996,.T.);
#1996 = EDGE_LOOP('',(#1997));
#1997 = ORIENTED_EDGE('',*,*,#1998,.T.);
#1998 = EDGE_CURVE('',#1999,#1999,#2001,.T.);
#1999 = VERTEX_POINT('',#2000);
#2000 = CARTESIAN_POINT('',(-8.5,-10.15197025212,0.));
#2001 = CIRCLE('',#2002,1.5);
#2002 = AXIS2_PLACEMENT_3D('',#2003,#2004,#2005);
#2003 = CARTESIAN_POINT('',(-10.,-10.15197025212,0.));
#2004 = DIRECTION('',(0.,0.,1.));
#2005 = DIRECTION('',(1.,0.,0.));
#2006 = FACE_BOUND('',#2007,.T.);
#2007 = EDGE_LOOP('',(#2008));
#2008 = ORIENTED_EDGE('',*,*,#2009,.T.);
#2009 = EDGE_CURVE('',#2010,#2010,#2012,.T.);
#2010 = VERTEX_POINT('',#2011);
#2011 = CARTESIAN_POINT('',(-13.77458758265,15.532032061119,0.));
#2012 = CIRCLE('',#2013,1.5);
#2013 = AXIS2_PLACEMENT_3D('',#2014,#2015,#2016);
#2014 = CARTESIAN_POINT('',(-15.27458758265,15.532032061119,0.));
#2015 = DIRECTION('',(0.,0.,1.));
#2016 = DIRECTION('',(1.,0.,0.));
#2017 = FACE_BOUND('',#2018,.T.);
#2018 = EDGE_LOOP('',(#2019));
#2019 = ORIENTED_EDGE('',*,*,#2020,.T.);
#2020 = EDGE_CURVE('',#2021,#2021,#2023,.T.);
#2021 = VERTEX_POINT('',#2022);
#2022 = CARTESIAN_POINT('',(16.72541241735,15.532032061119,0.));
#2023 = CIRCLE('',#2024,1.5);
#2024 = AXIS2_PLACEMENT_3D('',#2025,#2026,#2027);
#2025 = CARTESIAN_POINT('',(15.22541241735,15.532032061119,0.));
#2026 = DIRECTION('',(0.,0.,1.));
#2027 = DIRECTION('',(1.,0.,0.));
#2028 = FACE_BOUND('',#2029,.T.);
#2029 = EDGE_LOOP('',(#2030));
#2030 = ORIENTED_EDGE('',*,*,#2031,.T.);
#2031 = EDGE_CURVE('',#2032,#2032,#2034,.T.);
#2032 = VERTEX_POINT('',#2033);
#2033 = CARTESIAN_POINT('',(11.5,10.151970252123,0.));
#2034 = CIRCLE('',#2035,1.5);
#2035 = AXIS2_PLACEMENT_3D('',#2036,#2037,#2038);
#2036 = CARTESIAN_POINT('',(10.,10.151970252123,0.));
#2037 = DIRECTION('',(0.,0.,1.));
#2038 = DIRECTION('',(1.,0.,0.));
#2039 = FACE_BOUND('',#2040,.T.);
#2040 = EDGE_LOOP('',(#2041));
#2041 = ORIENTED_EDGE('',*,*,#2042,.T.);
#2042 = EDGE_CURVE('',#2043,#2043,#2045,.T.);
#2043 = VERTEX_POINT('',#2044);
#2044 = CARTESIAN_POINT('',(-8.5,10.151970252123,0.));
#2045 = CIRCLE('',#2046,1.5);
#2046 = AXIS2_PLACEMENT_3D('',#2047,#2048,#2049);
#2047 = CARTESIAN_POINT('',(-10.,10.151970252123,0.));
#2048 = DIRECTION('',(0.,0.,1.));
#2049 = DIRECTION('',(1.,0.,0.));
#2050 = PLANE('',#2051);
#2051 = AXIS2_PLACEMENT_3D('',#2052,#2053,#2054);
#2052 = CARTESIAN_POINT('',(4.577092560538E-03,-24.74721570413,0.));
#2053 = DIRECTION('',(0.,0.,1.));
#2054 = DIRECTION('',(1.,0.,0.));
#2055 = ADVANCED_FACE('',(#2056),#2075,.F.);
#2056 = FACE_BOUND('',#2057,.T.);
#2057 = EDGE_LOOP('',(#2058,#2066,#2073,#2074));
#2058 = ORIENTED_EDGE('',*,*,#2059,.T.);
#2059 = EDGE_CURVE('',#1477,#2060,#2062,.T.);
#2060 = VERTEX_POINT('',#2061);
#2061 = CARTESIAN_POINT('',(9.25,0.,3.));
#2062 = LINE('',#2063,#2064);
#2063 = CARTESIAN_POINT('',(9.25,0.,0.));
#2064 = VECTOR('',#2065,1.);
#2065 = DIRECTION('',(0.,0.,1.));
#2066 = ORIENTED_EDGE('',*,*,#2067,.T.);
#2067 = EDGE_CURVE('',#2060,#2060,#2068,.T.);
#2068 = CIRCLE('',#2069,9.25);
#2069 = AXIS2_PLACEMENT_3D('',#2070,#2071,#2072);
#2070 = CARTESIAN_POINT('',(0.,0.,3.));
#2071 = DIRECTION('',(0.,0.,1.));
#2072 = DIRECTION('',(1.,0.,0.));
#2073 = ORIENTED_EDGE('',*,*,#2059,.F.);
#2074 = ORIENTED_EDGE('',*,*,#1476,.F.);
#2075 = CYLINDRICAL_SURFACE('',#2076,9.25);
#2076 = AXIS2_PLACEMENT_3D('',#2077,#2078,#2079);
#2077 = CARTESIAN_POINT('',(0.,0.,0.));
#2078 = DIRECTION('',(-0.,-0.,-1.));
#2079 = DIRECTION('',(1.,0.,0.));
#2080 = ADVANCED_FACE('',(#2081),#2106,.T.);
#2081 = FACE_BOUND('',#2082,.T.);
#2082 = EDGE_LOOP('',(#2083,#2091,#2099,#2105));
#2083 = ORIENTED_EDGE('',*,*,#2084,.T.);
#2084 = EDGE_CURVE('',#1488,#2085,#2087,.T.);
#2085 = VERTEX_POINT('',#2086);
#2086 = CARTESIAN_POINT('',(-7.5,-55.75,3.));
#2087 = LINE('',#2088,#2089);
#2088 = CARTESIAN_POINT('',(-7.5,-55.75,0.));
#2089 = VECTOR('',#2090,1.);
#2090 = DIRECTION('',(0.,0.,1.));
#2091 = ORIENTED_EDGE('',*,*,#2092,.T.);
#2092 = EDGE_CURVE('',#2085,#2093,#2095,.T.);
#2093 = VERTEX_POINT('',#2094);
#2094 = CARTESIAN_POINT('',(-7.5,-66.75,3.));
#2095 = LINE('',#2096,#2097);
#2096 = CARTESIAN_POINT('',(-7.5,-55.75,3.));
#2097 = VECTOR('',#2098,1.);
#2098 = DIRECTION('',(0.,-1.,0.));
#2099 = ORIENTED_EDGE('',*,*,#2100,.F.);
#2100 = EDGE_CURVE('',#1490,#2093,#2101,.T.);
#2101 = LINE('',#2102,#2103);
#2102 = CARTESIAN_POINT('',(-7.5,-66.75,0.));
#2103 = VECTOR('',#2104,1.);
#2104 = DIRECTION('',(0.,0.,1.));
#2105 = ORIENTED_EDGE('',*,*,#1487,.F.);
#2106 = PLANE('',#2107);
#2107 = AXIS2_PLACEMENT_3D('',#2108,#2109,#2110);
#2108 = CARTESIAN_POINT('',(-7.5,-55.75,0.));
#2109 = DIRECTION('',(1.,0.,0.));
#2110 = DIRECTION('',(0.,-1.,0.));
#2111 = ADVANCED_FACE('',(#2112),#2131,.F.);
#2112 = FACE_BOUND('',#2113,.T.);
#2113 = EDGE_LOOP('',(#2114,#2115,#2124,#2130));
#2114 = ORIENTED_EDGE('',*,*,#2100,.T.);
#2115 = ORIENTED_EDGE('',*,*,#2116,.T.);
#2116 = EDGE_CURVE('',#2093,#2117,#2119,.T.);
#2117 = VERTEX_POINT('',#2118);
#2118 = CARTESIAN_POINT('',(-5.5,-68.75,3.));
#2119 = CIRCLE('',#2120,2.);
#2120 = AXIS2_PLACEMENT_3D('',#2121,#2122,#2123);
#2121 = CARTESIAN_POINT('',(-5.5,-66.75,3.));
#2122 = DIRECTION('',(0.,0.,1.));
#2123 = DIRECTION('',(1.,0.,0.));
#2124 = ORIENTED_EDGE('',*,*,#2125,.F.);
#2125 = EDGE_CURVE('',#1498,#2117,#2126,.T.);
#2126 = LINE('',#2127,#2128);
#2127 = CARTESIAN_POINT('',(-5.5,-68.75,0.));
#2128 = VECTOR('',#2129,1.);
#2129 = DIRECTION('',(0.,0.,1.));
#2130 = ORIENTED_EDGE('',*,*,#1497,.F.);
#2131 = CYLINDRICAL_SURFACE('',#2132,2.);
#2132 = AXIS2_PLACEMENT_3D('',#2133,#2134,#2135);
#2133 = CARTESIAN_POINT('',(-5.5,-66.75,0.));
#2134 = DIRECTION('',(-0.,-0.,-1.));
#2135 = DIRECTION('',(1.,0.,0.));
#2136 = ADVANCED_FACE('',(#2137),#2155,.T.);
#2137 = FACE_BOUND('',#2138,.T.);
#2138 = EDGE_LOOP('',(#2139,#2140,#2148,#2154));
#2139 = ORIENTED_EDGE('',*,*,#2125,.T.);
#2140 = ORIENTED_EDGE('',*,*,#2141,.T.);
#2141 = EDGE_CURVE('',#2117,#2142,#2144,.T.);
#2142 = VERTEX_POINT('',#2143);
#2143 = CARTESIAN_POINT('',(5.5,-68.75,3.));
#2144 = LINE('',#2145,#2146);
#2145 = CARTESIAN_POINT('',(-5.5,-68.75,3.));
#2146 = VECTOR('',#2147,1.);
#2147 = DIRECTION('',(1.,0.,0.));
#2148 = ORIENTED_EDGE('',*,*,#2149,.F.);
#2149 = EDGE_CURVE('',#1507,#2142,#2150,.T.);
#2150 = LINE('',#2151,#2152);
#2151 = CARTESIAN_POINT('',(5.5,-68.75,0.));
#2152 = VECTOR('',#2153,1.);
#2153 = DIRECTION('',(0.,0.,1.));
#2154 = ORIENTED_EDGE('',*,*,#1506,.F.);
#2155 = PLANE('',#2156);
#2156 = AXIS2_PLACEMENT_3D('',#2157,#2158,#2159);
#2157 = CARTESIAN_POINT('',(-5.5,-68.75,0.));
#2158 = DIRECTION('',(0.,1.,0.));
#2159 = DIRECTION('',(1.,0.,0.));
#2160 = ADVANCED_FACE('',(#2161),#2180,.F.);
#2161 = FACE_BOUND('',#2162,.T.);
#2162 = EDGE_LOOP('',(#2163,#2164,#2173,#2179));
#2163 = ORIENTED_EDGE('',*,*,#2149,.T.);
#2164 = ORIENTED_EDGE('',*,*,#2165,.T.);
#2165 = EDGE_CURVE('',#2142,#2166,#2168,.T.);
#2166 = VERTEX_POINT('',#2167);
#2167 = CARTESIAN_POINT('',(7.5,-66.75,3.));
#2168 = CIRCLE('',#2169,2.);
#2169 = AXIS2_PLACEMENT_3D('',#2170,#2171,#2172);
#2170 = CARTESIAN_POINT('',(5.5,-66.75,3.));
#2171 = DIRECTION('',(0.,0.,1.));
#2172 = DIRECTION('',(1.,0.,0.));
#2173 = ORIENTED_EDGE('',*,*,#2174,.F.);
#2174 = EDGE_CURVE('',#1515,#2166,#2175,.T.);
#2175 = LINE('',#2176,#2177);
#2176 = CARTESIAN_POINT('',(7.5,-66.75,0.));
#2177 = VECTOR('',#2178,1.);
#2178 = DIRECTION('',(0.,0.,1.));
#2179 = ORIENTED_EDGE('',*,*,#1514,.F.);
#2180 = CYLINDRICAL_SURFACE('',#2181,2.);
#2181 = AXIS2_PLACEMENT_3D('',#2182,#2183,#2184);
#2182 = CARTESIAN_POINT('',(5.5,-66.75,0.));
#2183 = DIRECTION('',(-0.,-0.,-1.));
#2184 = DIRECTION('',(1.,0.,0.));
#2185 = ADVANCED_FACE('',(#2186),#2204,.T.);
#2186 = FACE_BOUND('',#2187,.T.);
#2187 = EDGE_LOOP('',(#2188,#2189,#2197,#2203));
#2188 = ORIENTED_EDGE('',*,*,#2174,.T.);
#2189 = ORIENTED_EDGE('',*,*,#2190,.T.);
#2190 = EDGE_CURVE('',#2166,#2191,#2193,.T.);
#2191 = VERTEX_POINT('',#2192);
#2192 = CARTESIAN_POINT('',(7.5,-55.75,3.));
#2193 = LINE('',#2194,#2195);
#2194 = CARTESIAN_POINT('',(7.5,-66.75,3.));
#2195 = VECTOR('',#2196,1.);
#2196 = DIRECTION('',(0.,1.,0.));
#2197 = ORIENTED_EDGE('',*,*,#2198,.F.);
#2198 = EDGE_CURVE('',#1524,#2191,#2199,.T.);
#2199 = LINE('',#2200,#2201);
#2200 = CARTESIAN_POINT('',(7.5,-55.75,0.));
#2201 = VECTOR('',#2202,1.);
#2202 = DIRECTION('',(0.,0.,1.));
#2203 = ORIENTED_EDGE('',*,*,#1523,.F.);
#2204 = PLANE('',#2205);
#2205 = AXIS2_PLACEMENT_3D('',#2206,#2207,#2208);
#2206 = CARTESIAN_POINT('',(7.5,-66.75,0.));
#2207 = DIRECTION('',(-1.,0.,0.));
#2208 = DIRECTION('',(0.,1.,0.));
#2209 = ADVANCED_FACE('',(#2210),#2229,.F.);
#2210 = FACE_BOUND('',#2211,.T.);
#2211 = EDGE_LOOP('',(#2212,#2213,#2222,#2228));
#2212 = ORIENTED_EDGE('',*,*,#2198,.T.);
#2213 = ORIENTED_EDGE('',*,*,#2214,.T.);
#2214 = EDGE_CURVE('',#2191,#2215,#2217,.T.);
#2215 = VERTEX_POINT('',#2216);
#2216 = CARTESIAN_POINT('',(5.5,-53.75,3.));
#2217 = CIRCLE('',#2218,2.);
#2218 = AXIS2_PLACEMENT_3D('',#2219,#2220,#2221);
#2219 = CARTESIAN_POINT('',(5.5,-55.75,3.));
#2220 = DIRECTION('',(0.,0.,1.));
#2221 = DIRECTION('',(1.,0.,0.));
#2222 = ORIENTED_EDGE('',*,*,#2223,.F.);
#2223 = EDGE_CURVE('',#1532,#2215,#2224,.T.);
#2224 = LINE('',#2225,#2226);
#2225 = CARTESIAN_POINT('',(5.5,-53.75,0.));
#2226 = VECTOR('',#2227,1.);
#2227 = DIRECTION('',(0.,0.,1.));
#2228 = ORIENTED_EDGE('',*,*,#1531,.F.);
#2229 = CYLINDRICAL_SURFACE('',#2230,2.);
#2230 = AXIS2_PLACEMENT_3D('',#2231,#2232,#2233);
#2231 = CARTESIAN_POINT('',(5.5,-55.75,0.));
#2232 = DIRECTION('',(-0.,-0.,-1.));
#2233 = DIRECTION('',(1.,0.,0.));
#2234 = ADVANCED_FACE('',(#2235),#2253,.T.);
#2235 = FACE_BOUND('',#2236,.T.);
#2236 = EDGE_LOOP('',(#2237,#2238,#2246,#2252));
#2237 = ORIENTED_EDGE('',*,*,#2223,.T.);
#2238 = ORIENTED_EDGE('',*,*,#2239,.T.);
#2239 = EDGE_CURVE('',#2215,#2240,#2242,.T.);
#2240 = VERTEX_POINT('',#2241);
#2241 = CARTESIAN_POINT('',(-5.5,-53.75,3.));
#2242 = LINE('',#2243,#2244);
#2243 = CARTESIAN_POINT('',(5.5,-53.75,3.));
#2244 = VECTOR('',#2245,1.);
#2245 = DIRECTION('',(-1.,0.,0.));
#2246 = ORIENTED_EDGE('',*,*,#2247,.F.);
#2247 = EDGE_CURVE('',#1541,#2240,#2248,.T.);
#2248 = LINE('',#2249,#2250);
#2249 = CARTESIAN_POINT('',(-5.5,-53.75,0.));
#2250 = VECTOR('',#2251,1.);
#2251 = DIRECTION('',(0.,0.,1.));
#2252 = ORIENTED_EDGE('',*,*,#1540,.F.);
#2253 = PLANE('',#2254);
#2254 = AXIS2_PLACEMENT_3D('',#2255,#2256,#2257);
#2255 = CARTESIAN_POINT('',(5.5,-53.75,0.));
#2256 = DIRECTION('',(0.,-1.,0.));
#2257 = DIRECTION('',(-1.,0.,0.));
#2258 = ADVANCED_FACE('',(#2259),#2271,.F.);
#2259 = FACE_BOUND('',#2260,.T.);
#2260 = EDGE_LOOP('',(#2261,#2262,#2269,#2270));
#2261 = ORIENTED_EDGE('',*,*,#2247,.T.);
#2262 = ORIENTED_EDGE('',*,*,#2263,.T.);
#2263 = EDGE_CURVE('',#2240,#2085,#2264,.T.);
#2264 = CIRCLE('',#2265,2.);
#2265 = AXIS2_PLACEMENT_3D('',#2266,#2267,#2268);
#2266 = CARTESIAN_POINT('',(-5.5,-55.75,3.));
#2267 = DIRECTION('',(0.,0.,1.));
#2268 = DIRECTION('',(1.,0.,0.));
#2269 = ORIENTED_EDGE('',*,*,#2084,.F.);
#2270 = ORIENTED_EDGE('',*,*,#1548,.F.);
#2271 = CYLINDRICAL_SURFACE('',#2272,2.);
#2272 = AXIS2_PLACEMENT_3D('',#2273,#2274,#2275);
#2273 = CARTESIAN_POINT('',(-5.5,-55.75,0.));
#2274 = DIRECTION('',(-0.,-0.,-1.));
#2275 = DIRECTION('',(1.,0.,0.));
#2276 = ADVANCED_FACE('',(#2277),#2303,.F.);
#2277 = FACE_BOUND('',#2278,.T.);
#2278 = EDGE_LOOP('',(#2279,#2287,#2296,#2302));
#2279 = ORIENTED_EDGE('',*,*,#2280,.T.);
#2280 = EDGE_CURVE('',#1558,#2281,#2283,.T.);
#2281 = VERTEX_POINT('',#2282);
#2282 = CARTESIAN_POINT('',(4.346448435925,40.229213791991,3.));
#2283 = LINE('',#2284,#2285);
#2284 = CARTESIAN_POINT('',(4.346448435925,40.229213791991,0.));
#2285 = VECTOR('',#2286,1.);
#2286 = DIRECTION('',(0.,0.,1.));
#2287 = ORIENTED_EDGE('',*,*,#2288,.T.);
#2288 = EDGE_CURVE('',#2281,#2289,#2291,.T.);
#2289 = VERTEX_POINT('',#2290);
#2290 = CARTESIAN_POINT('',(4.391173956054,42.142107782461,3.));
#2291 = CIRCLE('',#2292,2.5);
#2292 = AXIS2_PLACEMENT_3D('',#2293,#2294,#2295);
#2293 = CARTESIAN_POINT('',(2.059743354826,41.239649278342,3.));
#2294 = DIRECTION('',(0.,0.,1.));
#2295 = DIRECTION('',(1.,0.,0.));
#2296 = ORIENTED_EDGE('',*,*,#2297,.F.);
#2297 = EDGE_CURVE('',#1560,#2289,#2298,.T.);
#2298 = LINE('',#2299,#2300);
#2299 = CARTESIAN_POINT('',(4.391173956054,42.142107782461,0.));
#2300 = VECTOR('',#2301,1.);
#2301 = DIRECTION('',(0.,0.,1.));
#2302 = ORIENTED_EDGE('',*,*,#1557,.F.);
#2303 = CYLINDRICAL_SURFACE('',#2304,2.5);
#2304 = AXIS2_PLACEMENT_3D('',#2305,#2306,#2307);
#2305 = CARTESIAN_POINT('',(2.059743354826,41.239649278342,0.));
#2306 = DIRECTION('',(-0.,-0.,-1.));
#2307 = DIRECTION('',(1.,0.,0.));
#2308 = ADVANCED_FACE('',(#2309),#2327,.T.);
#2309 = FACE_BOUND('',#2310,.T.);
#2310 = EDGE_LOOP('',(#2311,#2312,#2320,#2326));
#2311 = ORIENTED_EDGE('',*,*,#2297,.T.);
#2312 = ORIENTED_EDGE('',*,*,#2313,.T.);
#2313 = EDGE_CURVE('',#2289,#2314,#2316,.T.);
#2314 = VERTEX_POINT('',#2315);
#2315 = CARTESIAN_POINT('',(0.906307787037,48.234849403659,3.));
#2316 = LINE('',#2317,#2318);
#2317 = CARTESIAN_POINT('',(4.391173956054,42.142107782461,3.));
#2318 = VECTOR('',#2319,1.);
#2319 = DIRECTION('',(-0.496493271029,0.868040570378,0.));
#2320 = ORIENTED_EDGE('',*,*,#2321,.F.);
#2321 = EDGE_CURVE('',#1569,#2314,#2322,.T.);
#2322 = LINE('',#2323,#2324);
#2323 = CARTESIAN_POINT('',(0.906307787037,48.234849403659,0.));
#2324 = VECTOR('',#2325,1.);
#2325 = DIRECTION('',(0.,0.,1.));
#2326 = ORIENTED_EDGE('',*,*,#1568,.F.);
#2327 = PLANE('',#2328);
#2328 = AXIS2_PLACEMENT_3D('',#2329,#2330,#2331);
#2329 = CARTESIAN_POINT('',(4.391173956054,42.142107782461,0.));
#2330 = DIRECTION('',(-0.868040570378,-0.496493271029,0.));
#2331 = DIRECTION('',(-0.496493271029,0.868040570378,0.));
#2332 = ADVANCED_FACE('',(#2333),#2352,.F.);
#2333 = FACE_BOUND('',#2334,.T.);
#2334 = EDGE_LOOP('',(#2335,#2336,#2345,#2351));
#2335 = ORIENTED_EDGE('',*,*,#2321,.T.);
#2336 = ORIENTED_EDGE('',*,*,#2337,.T.);
#2337 = EDGE_CURVE('',#2314,#2338,#2340,.T.);
#2338 = VERTEX_POINT('',#2339);
#2339 = CARTESIAN_POINT('',(-0.906307787037,48.234849403659,3.));
#2340 = CIRCLE('',#2341,1.);
#2341 = AXIS2_PLACEMENT_3D('',#2342,#2343,#2344);
#2342 = CARTESIAN_POINT('',(0.,47.812231141918,3.));
#2343 = DIRECTION('',(0.,0.,1.));
#2344 = DIRECTION('',(1.,0.,0.));
#2345 = ORIENTED_EDGE('',*,*,#2346,.F.);
#2346 = EDGE_CURVE('',#1577,#2338,#2347,.T.);
#2347 = LINE('',#2348,#2349);
#2348 = CARTESIAN_POINT('',(-0.906307787037,48.234849403659,0.));
#2349 = VECTOR('',#2350,1.);
#2350 = DIRECTION('',(0.,0.,1.));
#2351 = ORIENTED_EDGE('',*,*,#1576,.F.);
#2352 = CYLINDRICAL_SURFACE('',#2353,1.);
#2353 = AXIS2_PLACEMENT_3D('',#2354,#2355,#2356);
#2354 = CARTESIAN_POINT('',(0.,47.812231141918,0.));
#2355 = DIRECTION('',(-0.,-0.,-1.));
#2356 = DIRECTION('',(1.,0.,0.));
#2357 = ADVANCED_FACE('',(#2358),#2376,.F.);
#2358 = FACE_BOUND('',#2359,.F.);
#2359 = EDGE_LOOP('',(#2360,#2368,#2374,#2375));
#2360 = ORIENTED_EDGE('',*,*,#2361,.T.);
#2361 = EDGE_CURVE('',#1586,#2362,#2364,.T.);
#2362 = VERTEX_POINT('',#2363);
#2363 = CARTESIAN_POINT('',(-4.271687246403,42.142107782461,3.));
#2364 = LINE('',#2365,#2366);
#2365 = CARTESIAN_POINT('',(-4.271687246403,42.142107782461,0.));
#2366 = VECTOR('',#2367,1.);
#2367 = DIRECTION('',(0.,0.,1.));
#2368 = ORIENTED_EDGE('',*,*,#2369,.T.);
#2369 = EDGE_CURVE('',#2362,#2338,#2370,.T.);
#2370 = LINE('',#2371,#2372);
#2371 = CARTESIAN_POINT('',(-4.271687246403,42.142107782461,3.));
#2372 = VECTOR('',#2373,1.);
#2373 = DIRECTION('',(0.483503189017,0.875342599335,0.));
#2374 = ORIENTED_EDGE('',*,*,#2346,.F.);
#2375 = ORIENTED_EDGE('',*,*,#1585,.F.);
#2376 = PLANE('',#2377);
#2377 = AXIS2_PLACEMENT_3D('',#2378,#2379,#2380);
#2378 = CARTESIAN_POINT('',(-4.271687246403,42.142107782461,0.));
#2379 = DIRECTION('',(-0.875342599335,0.483503189017,0.));
#2380 = DIRECTION('',(0.483503189017,0.875342599335,0.));
#2381 = ADVANCED_FACE('',(#2382),#2401,.F.);
#2382 = FACE_BOUND('',#2383,.T.);
#2383 = EDGE_LOOP('',(#2384,#2385,#2394,#2400));
#2384 = ORIENTED_EDGE('',*,*,#2361,.T.);
#2385 = ORIENTED_EDGE('',*,*,#2386,.T.);
#2386 = EDGE_CURVE('',#2362,#2387,#2389,.T.);
#2387 = VERTEX_POINT('',#2388);
#2388 = CARTESIAN_POINT('',(-4.226961726273,40.229213791991,3.));
#2389 = CIRCLE('',#2390,2.5);
#2390 = AXIS2_PLACEMENT_3D('',#2391,#2392,#2393);
#2391 = CARTESIAN_POINT('',(-1.940256645174,41.239649278342,3.));
#2392 = DIRECTION('',(0.,0.,1.));
#2393 = DIRECTION('',(1.,0.,0.));
#2394 = ORIENTED_EDGE('',*,*,#2395,.F.);
#2395 = EDGE_CURVE('',#1594,#2387,#2396,.T.);
#2396 = LINE('',#2397,#2398);
#2397 = CARTESIAN_POINT('',(-4.226961726273,40.229213791991,0.));
#2398 = VECTOR('',#2399,1.);
#2399 = DIRECTION('',(0.,0.,1.));
#2400 = ORIENTED_EDGE('',*,*,#1593,.F.);
#2401 = CYLINDRICAL_SURFACE('',#2402,2.5);
#2402 = AXIS2_PLACEMENT_3D('',#2403,#2404,#2405);
#2403 = CARTESIAN_POINT('',(-1.940256645174,41.239649278342,0.));
#2404 = DIRECTION('',(-0.,-0.,-1.));
#2405 = DIRECTION('',(1.,0.,0.));
#2406 = ADVANCED_FACE('',(#2407),#2425,.T.);
#2407 = FACE_BOUND('',#2408,.T.);
#2408 = EDGE_LOOP('',(#2409,#2410,#2418,#2424));
#2409 = ORIENTED_EDGE('',*,*,#2395,.T.);
#2410 = ORIENTED_EDGE('',*,*,#2411,.T.);
#2411 = EDGE_CURVE('',#2387,#2412,#2414,.T.);
#2412 = VERTEX_POINT('',#2413);
#2413 = CARTESIAN_POINT('',(-2.537170076122,35.888776754939,3.));
#2414 = LINE('',#2415,#2416);
#2415 = CARTESIAN_POINT('',(-4.226961726273,40.229213791991,3.));
#2416 = VECTOR('',#2417,1.);
#2417 = DIRECTION('',(0.36279011022,-0.931870879428,0.));
#2418 = ORIENTED_EDGE('',*,*,#2419,.F.);
#2419 = EDGE_CURVE('',#1603,#2412,#2420,.T.);
#2420 = LINE('',#2421,#2422);
#2421 = CARTESIAN_POINT('',(-2.537170076122,35.888776754939,0.));
#2422 = VECTOR('',#2423,1.);
#2423 = DIRECTION('',(0.,0.,1.));
#2424 = ORIENTED_EDGE('',*,*,#1602,.F.);
#2425 = PLANE('',#2426);
#2426 = AXIS2_PLACEMENT_3D('',#2427,#2428,#2429);
#2427 = CARTESIAN_POINT('',(-4.226961726273,40.229213791991,0.));
#2428 = DIRECTION('',(0.931870879428,0.36279011022,0.));
#2429 = DIRECTION('',(0.36279011022,-0.931870879428,0.));
#2430 = ADVANCED_FACE('',(#2431),#2450,.F.);
#2431 = FACE_BOUND('',#2432,.T.);
#2432 = EDGE_LOOP('',(#2433,#2434,#2443,#2449));
#2433 = ORIENTED_EDGE('',*,*,#2419,.T.);
#2434 = ORIENTED_EDGE('',*,*,#2435,.T.);
#2435 = EDGE_CURVE('',#2412,#2436,#2438,.T.);
#2436 = VERTEX_POINT('',#2437);
#2437 = CARTESIAN_POINT('',(2.537170076122,35.888776754939,3.));
#2438 = CIRCLE('',#2439,2.7);
#2439 = AXIS2_PLACEMENT_3D('',#2440,#2441,#2442);
#2440 = CARTESIAN_POINT('',(0.,36.812231141918,3.));
#2441 = DIRECTION('',(0.,0.,1.));
#2442 = DIRECTION('',(1.,0.,0.));
#2443 = ORIENTED_EDGE('',*,*,#2444,.F.);
#2444 = EDGE_CURVE('',#1611,#2436,#2445,.T.);
#2445 = LINE('',#2446,#2447);
#2446 = CARTESIAN_POINT('',(2.537170076122,35.888776754939,0.));
#2447 = VECTOR('',#2448,1.);
#2448 = DIRECTION('',(0.,0.,1.));
#2449 = ORIENTED_EDGE('',*,*,#1610,.F.);
#2450 = CYLINDRICAL_SURFACE('',#2451,2.7);
#2451 = AXIS2_PLACEMENT_3D('',#2452,#2453,#2454);
#2452 = CARTESIAN_POINT('',(0.,36.812231141918,0.));
#2453 = DIRECTION('',(-0.,-0.,-1.));
#2454 = DIRECTION('',(1.,0.,0.));
#2455 = ADVANCED_FACE('',(#2456),#2467,.F.);
#2456 = FACE_BOUND('',#2457,.F.);
#2457 = EDGE_LOOP('',(#2458,#2459,#2465,#2466));
#2458 = ORIENTED_EDGE('',*,*,#2280,.T.);
#2459 = ORIENTED_EDGE('',*,*,#2460,.T.);
#2460 = EDGE_CURVE('',#2281,#2436,#2461,.T.);
#2461 = LINE('',#2462,#2463);
#2462 = CARTESIAN_POINT('',(4.346448435925,40.229213791991,3.));
#2463 = VECTOR('',#2464,1.);
#2464 = DIRECTION('',(-0.384753621184,-0.923019312358,0.));
#2465 = ORIENTED_EDGE('',*,*,#2444,.F.);
#2466 = ORIENTED_EDGE('',*,*,#1619,.F.);
#2467 = PLANE('',#2468);
#2468 = AXIS2_PLACEMENT_3D('',#2469,#2470,#2471);
#2469 = CARTESIAN_POINT('',(4.346448435925,40.229213791991,0.));
#2470 = DIRECTION('',(0.923019312358,-0.384753621184,0.));
#2471 = DIRECTION('',(-0.384753621184,-0.923019312358,0.));
#2472 = ADVANCED_FACE('',(#2473),#2498,.T.);
#2473 = FACE_BOUND('',#2474,.T.);
#2474 = EDGE_LOOP('',(#2475,#2483,#2491,#2497));
#2475 = ORIENTED_EDGE('',*,*,#2476,.T.);
#2476 = EDGE_CURVE('',#1628,#2477,#2479,.T.);
#2477 = VERTEX_POINT('',#2478);
#2478 = CARTESIAN_POINT('',(-5.749999999998,22.750000000002,3.));
#2479 = LINE('',#2480,#2481);
#2480 = CARTESIAN_POINT('',(-5.749999999998,22.750000000002,0.));
#2481 = VECTOR('',#2482,1.);
#2482 = DIRECTION('',(0.,0.,1.));
#2483 = ORIENTED_EDGE('',*,*,#2484,.T.);
#2484 = EDGE_CURVE('',#2477,#2485,#2487,.T.);
#2485 = VERTEX_POINT('',#2486);
#2486 = CARTESIAN_POINT('',(-5.749999999998,19.25,3.));
#2487 = LINE('',#2488,#2489);
#2488 = CARTESIAN_POINT('',(-5.749999999998,22.750000000002,3.));
#2489 = VECTOR('',#2490,1.);
#2490 = DIRECTION('',(0.,-1.,0.));
#2491 = ORIENTED_EDGE('',*,*,#2492,.F.);
#2492 = EDGE_CURVE('',#1630,#2485,#2493,.T.);
#2493 = LINE('',#2494,#2495);
#2494 = CARTESIAN_POINT('',(-5.749999999998,19.25,0.));
#2495 = VECTOR('',#2496,1.);
#2496 = DIRECTION('',(0.,0.,1.));
#2497 = ORIENTED_EDGE('',*,*,#1627,.F.);
#2498 = PLANE('',#2499);
#2499 = AXIS2_PLACEMENT_3D('',#2500,#2501,#2502);
#2500 = CARTESIAN_POINT('',(-5.749999999998,22.750000000002,0.));
#2501 = DIRECTION('',(1.,0.,0.));
#2502 = DIRECTION('',(0.,-1.,0.));
#2503 = ADVANCED_FACE('',(#2504),#2523,.F.);
#2504 = FACE_BOUND('',#2505,.T.);
#2505 = EDGE_LOOP('',(#2506,#2507,#2516,#2522));
#2506 = ORIENTED_EDGE('',*,*,#2492,.T.);
#2507 = ORIENTED_EDGE('',*,*,#2508,.T.);
#2508 = EDGE_CURVE('',#2485,#2509,#2511,.T.);
#2509 = VERTEX_POINT('',#2510);
#2510 = CARTESIAN_POINT('',(-3.249999999998,16.75,3.));
#2511 = CIRCLE('',#2512,2.5);
#2512 = AXIS2_PLACEMENT_3D('',#2513,#2514,#2515);
#2513 = CARTESIAN_POINT('',(-3.249999999998,19.25,3.));
#2514 = DIRECTION('',(0.,0.,1.));
#2515 = DIRECTION('',(1.,0.,0.));
#2516 = ORIENTED_EDGE('',*,*,#2517,.F.);
#2517 = EDGE_CURVE('',#1638,#2509,#2518,.T.);
#2518 = LINE('',#2519,#2520);
#2519 = CARTESIAN_POINT('',(-3.249999999998,16.75,0.));
#2520 = VECTOR('',#2521,1.);
#2521 = DIRECTION('',(0.,0.,1.));
#2522 = ORIENTED_EDGE('',*,*,#1637,.F.);
#2523 = CYLINDRICAL_SURFACE('',#2524,2.5);
#2524 = AXIS2_PLACEMENT_3D('',#2525,#2526,#2527);
#2525 = CARTESIAN_POINT('',(-3.249999999998,19.25,0.));
#2526 = DIRECTION('',(-0.,-0.,-1.));
#2527 = DIRECTION('',(1.,0.,0.));
#2528 = ADVANCED_FACE('',(#2529),#2547,.T.);
#2529 = FACE_BOUND('',#2530,.T.);
#2530 = EDGE_LOOP('',(#2531,#2532,#2540,#2546));
#2531 = ORIENTED_EDGE('',*,*,#2517,.T.);
#2532 = ORIENTED_EDGE('',*,*,#2533,.T.);
#2533 = EDGE_CURVE('',#2509,#2534,#2536,.T.);
#2534 = VERTEX_POINT('',#2535);
#2535 = CARTESIAN_POINT('',(3.250000000001,16.75,3.));
#2536 = LINE('',#2537,#2538);
#2537 = CARTESIAN_POINT('',(-3.249999999998,16.75,3.));
#2538 = VECTOR('',#2539,1.);
#2539 = DIRECTION('',(1.,0.,0.));
#2540 = ORIENTED_EDGE('',*,*,#2541,.F.);
#2541 = EDGE_CURVE('',#1647,#2534,#2542,.T.);
#2542 = LINE('',#2543,#2544);
#2543 = CARTESIAN_POINT('',(3.250000000001,16.75,0.));
#2544 = VECTOR('',#2545,1.);
#2545 = DIRECTION('',(0.,0.,1.));
#2546 = ORIENTED_EDGE('',*,*,#1646,.F.);
#2547 = PLANE('',#2548);
#2548 = AXIS2_PLACEMENT_3D('',#2549,#2550,#2551);
#2549 = CARTESIAN_POINT('',(-3.249999999998,16.75,0.));
#2550 = DIRECTION('',(0.,1.,0.));
#2551 = DIRECTION('',(1.,0.,0.));
#2552 = ADVANCED_FACE('',(#2553),#2572,.F.);
#2553 = FACE_BOUND('',#2554,.T.);
#2554 = EDGE_LOOP('',(#2555,#2556,#2565,#2571));
#2555 = ORIENTED_EDGE('',*,*,#2541,.T.);
#2556 = ORIENTED_EDGE('',*,*,#2557,.T.);
#2557 = EDGE_CURVE('',#2534,#2558,#2560,.T.);
#2558 = VERTEX_POINT('',#2559);
#2559 = CARTESIAN_POINT('',(5.750000000001,19.25,3.));
#2560 = CIRCLE('',#2561,2.5);
#2561 = AXIS2_PLACEMENT_3D('',#2562,#2563,#2564);
#2562 = CARTESIAN_POINT('',(3.250000000001,19.25,3.));
#2563 = DIRECTION('',(0.,0.,1.));
#2564 = DIRECTION('',(1.,0.,0.));
#2565 = ORIENTED_EDGE('',*,*,#2566,.F.);
#2566 = EDGE_CURVE('',#1655,#2558,#2567,.T.);
#2567 = LINE('',#2568,#2569);
#2568 = CARTESIAN_POINT('',(5.750000000001,19.25,0.));
#2569 = VECTOR('',#2570,1.);
#2570 = DIRECTION('',(0.,0.,1.));
#2571 = ORIENTED_EDGE('',*,*,#1654,.F.);
#2572 = CYLINDRICAL_SURFACE('',#2573,2.5);
#2573 = AXIS2_PLACEMENT_3D('',#2574,#2575,#2576);
#2574 = CARTESIAN_POINT('',(3.250000000001,19.25,0.));
#2575 = DIRECTION('',(-0.,-0.,-1.));
#2576 = DIRECTION('',(1.,0.,0.));
#2577 = ADVANCED_FACE('',(#2578),#2596,.T.);
#2578 = FACE_BOUND('',#2579,.T.);
#2579 = EDGE_LOOP('',(#2580,#2581,#2589,#2595));
#2580 = ORIENTED_EDGE('',*,*,#2566,.T.);
#2581 = ORIENTED_EDGE('',*,*,#2582,.T.);
#2582 = EDGE_CURVE('',#2558,#2583,#2585,.T.);
#2583 = VERTEX_POINT('',#2584);
#2584 = CARTESIAN_POINT('',(5.750000000001,22.750000000002,3.));
#2585 = LINE('',#2586,#2587);
#2586 = CARTESIAN_POINT('',(5.750000000001,19.25,3.));
#2587 = VECTOR('',#2588,1.);
#2588 = DIRECTION('',(0.,1.,0.));
#2589 = ORIENTED_EDGE('',*,*,#2590,.F.);
#2590 = EDGE_CURVE('',#1664,#2583,#2591,.T.);
#2591 = LINE('',#2592,#2593);
#2592 = CARTESIAN_POINT('',(5.750000000001,22.750000000002,0.));
#2593 = VECTOR('',#2594,1.);
#2594 = DIRECTION('',(0.,0.,1.));
#2595 = ORIENTED_EDGE('',*,*,#1663,.F.);
#2596 = PLANE('',#2597);
#2597 = AXIS2_PLACEMENT_3D('',#2598,#2599,#2600);
#2598 = CARTESIAN_POINT('',(5.750000000001,19.25,0.));
#2599 = DIRECTION('',(-1.,0.,0.));
#2600 = DIRECTION('',(0.,1.,0.));
#2601 = ADVANCED_FACE('',(#2602),#2621,.F.);
#2602 = FACE_BOUND('',#2603,.T.);
#2603 = EDGE_LOOP('',(#2604,#2605,#2614,#2620));
#2604 = ORIENTED_EDGE('',*,*,#2590,.T.);
#2605 = ORIENTED_EDGE('',*,*,#2606,.T.);
#2606 = EDGE_CURVE('',#2583,#2607,#2609,.T.);
#2607 = VERTEX_POINT('',#2608);
#2608 = CARTESIAN_POINT('',(3.250000000001,25.250000000002,3.));
#2609 = CIRCLE('',#2610,2.5);
#2610 = AXIS2_PLACEMENT_3D('',#2611,#2612,#2613);
#2611 = CARTESIAN_POINT('',(3.250000000001,22.750000000002,3.));
#2612 = DIRECTION('',(0.,0.,1.));
#2613 = DIRECTION('',(1.,0.,0.));
#2614 = ORIENTED_EDGE('',*,*,#2615,.F.);
#2615 = EDGE_CURVE('',#1672,#2607,#2616,.T.);
#2616 = LINE('',#2617,#2618);
#2617 = CARTESIAN_POINT('',(3.250000000001,25.250000000002,0.));
#2618 = VECTOR('',#2619,1.);
#2619 = DIRECTION('',(0.,0.,1.));
#2620 = ORIENTED_EDGE('',*,*,#1671,.F.);
#2621 = CYLINDRICAL_SURFACE('',#2622,2.5);
#2622 = AXIS2_PLACEMENT_3D('',#2623,#2624,#2625);
#2623 = CARTESIAN_POINT('',(3.250000000001,22.750000000002,0.));
#2624 = DIRECTION('',(-0.,-0.,-1.));
#2625 = DIRECTION('',(1.,0.,0.));
#2626 = ADVANCED_FACE('',(#2627),#2645,.T.);
#2627 = FACE_BOUND('',#2628,.T.);
#2628 = EDGE_LOOP('',(#2629,#2630,#2638,#2644));
#2629 = ORIENTED_EDGE('',*,*,#2615,.T.);
#2630 = ORIENTED_EDGE('',*,*,#2631,.T.);
#2631 = EDGE_CURVE('',#2607,#2632,#2634,.T.);
#2632 = VERTEX_POINT('',#2633);
#2633 = CARTESIAN_POINT('',(-3.249999999998,25.250000000002,3.));
#2634 = LINE('',#2635,#2636);
#2635 = CARTESIAN_POINT('',(3.250000000001,25.250000000002,3.));
#2636 = VECTOR('',#2637,1.);
#2637 = DIRECTION('',(-1.,0.,0.));
#2638 = ORIENTED_EDGE('',*,*,#2639,.F.);
#2639 = EDGE_CURVE('',#1681,#2632,#2640,.T.);
#2640 = LINE('',#2641,#2642);
#2641 = CARTESIAN_POINT('',(-3.249999999998,25.250000000002,0.));
#2642 = VECTOR('',#2643,1.);
#2643 = DIRECTION('',(0.,0.,1.));
#2644 = ORIENTED_EDGE('',*,*,#1680,.F.);
#2645 = PLANE('',#2646);
#2646 = AXIS2_PLACEMENT_3D('',#2647,#2648,#2649);
#2647 = CARTESIAN_POINT('',(3.250000000001,25.250000000002,0.));
#2648 = DIRECTION('',(0.,-1.,0.));
#2649 = DIRECTION('',(-1.,0.,0.));
#2650 = ADVANCED_FACE('',(#2651),#2663,.F.);
#2651 = FACE_BOUND('',#2652,.T.);
#2652 = EDGE_LOOP('',(#2653,#2654,#2661,#2662));
#2653 = ORIENTED_EDGE('',*,*,#2639,.T.);
#2654 = ORIENTED_EDGE('',*,*,#2655,.T.);
#2655 = EDGE_CURVE('',#2632,#2477,#2656,.T.);
#2656 = CIRCLE('',#2657,2.5);
#2657 = AXIS2_PLACEMENT_3D('',#2658,#2659,#2660);
#2658 = CARTESIAN_POINT('',(-3.249999999998,22.750000000002,3.));
#2659 = DIRECTION('',(0.,0.,1.));
#2660 = DIRECTION('',(1.,0.,0.));
#2661 = ORIENTED_EDGE('',*,*,#2476,.F.);
#2662 = ORIENTED_EDGE('',*,*,#1688,.F.);
#2663 = CYLINDRICAL_SURFACE('',#2664,2.5);
#2664 = AXIS2_PLACEMENT_3D('',#2665,#2666,#2667);
#2665 = CARTESIAN_POINT('',(-3.249999999998,22.750000000002,0.));
#2666 = DIRECTION('',(-0.,-0.,-1.));
#2667 = DIRECTION('',(1.,0.,0.));
#2668 = ADVANCED_FACE('',(#2669),#2694,.T.);
#2669 = FACE_BOUND('',#2670,.T.);
#2670 = EDGE_LOOP('',(#2671,#2679,#2687,#2693));
#2671 = ORIENTED_EDGE('',*,*,#2672,.T.);
#2672 = EDGE_CURVE('',#1698,#2673,#2675,.T.);
#2673 = VERTEX_POINT('',#2674);
#2674 = CARTESIAN_POINT('',(-5.774999999998,-19.25,3.));
#2675 = LINE('',#2676,#2677);
#2676 = CARTESIAN_POINT('',(-5.774999999998,-19.25,0.));
#2677 = VECTOR('',#2678,1.);
#2678 = DIRECTION('',(0.,0.,1.));
#2679 = ORIENTED_EDGE('',*,*,#2680,.T.);
#2680 = EDGE_CURVE('',#2673,#2681,#2683,.T.);
#2681 = VERTEX_POINT('',#2682);
#2682 = CARTESIAN_POINT('',(-5.774999999998,-22.75,3.));
#2683 = LINE('',#2684,#2685);
#2684 = CARTESIAN_POINT('',(-5.774999999998,-19.25,3.));
#2685 = VECTOR('',#2686,1.);
#2686 = DIRECTION('',(0.,-1.,0.));
#2687 = ORIENTED_EDGE('',*,*,#2688,.F.);
#2688 = EDGE_CURVE('',#1700,#2681,#2689,.T.);
#2689 = LINE('',#2690,#2691);
#2690 = CARTESIAN_POINT('',(-5.774999999998,-22.75,0.));
#2691 = VECTOR('',#2692,1.);
#2692 = DIRECTION('',(0.,0.,1.));
#2693 = ORIENTED_EDGE('',*,*,#1697,.F.);
#2694 = PLANE('',#2695);
#2695 = AXIS2_PLACEMENT_3D('',#2696,#2697,#2698);
#2696 = CARTESIAN_POINT('',(-5.774999999998,-19.25,0.));
#2697 = DIRECTION('',(1.,0.,0.));
#2698 = DIRECTION('',(0.,-1.,0.));
#2699 = ADVANCED_FACE('',(#2700),#2719,.F.);
#2700 = FACE_BOUND('',#2701,.T.);
#2701 = EDGE_LOOP('',(#2702,#2703,#2712,#2718));
#2702 = ORIENTED_EDGE('',*,*,#2688,.T.);
#2703 = ORIENTED_EDGE('',*,*,#2704,.T.);
#2704 = EDGE_CURVE('',#2681,#2705,#2707,.T.);
#2705 = VERTEX_POINT('',#2706);
#2706 = CARTESIAN_POINT('',(-3.274999999998,-25.25,3.));
#2707 = CIRCLE('',#2708,2.5);
#2708 = AXIS2_PLACEMENT_3D('',#2709,#2710,#2711);
#2709 = CARTESIAN_POINT('',(-3.274999999998,-22.75,3.));
#2710 = DIRECTION('',(0.,0.,1.));
#2711 = DIRECTION('',(1.,0.,0.));
#2712 = ORIENTED_EDGE('',*,*,#2713,.F.);
#2713 = EDGE_CURVE('',#1708,#2705,#2714,.T.);
#2714 = LINE('',#2715,#2716);
#2715 = CARTESIAN_POINT('',(-3.274999999998,-25.25,0.));
#2716 = VECTOR('',#2717,1.);
#2717 = DIRECTION('',(0.,0.,1.));
#2718 = ORIENTED_EDGE('',*,*,#1707,.F.);
#2719 = CYLINDRICAL_SURFACE('',#2720,2.5);
#2720 = AXIS2_PLACEMENT_3D('',#2721,#2722,#2723);
#2721 = CARTESIAN_POINT('',(-3.274999999998,-22.75,0.));
#2722 = DIRECTION('',(-0.,-0.,-1.));
#2723 = DIRECTION('',(1.,0.,0.));
#2724 = ADVANCED_FACE('',(#2725),#2743,.T.);
#2725 = FACE_BOUND('',#2726,.T.);
#2726 = EDGE_LOOP('',(#2727,#2728,#2736,#2742));
#2727 = ORIENTED_EDGE('',*,*,#2713,.T.);
#2728 = ORIENTED_EDGE('',*,*,#2729,.T.);
#2729 = EDGE_CURVE('',#2705,#2730,#2732,.T.);
#2730 = VERTEX_POINT('',#2731);
#2731 = CARTESIAN_POINT('',(3.225000000001,-25.25,3.));
#2732 = LINE('',#2733,#2734);
#2733 = CARTESIAN_POINT('',(-3.274999999998,-25.25,3.));
#2734 = VECTOR('',#2735,1.);
#2735 = DIRECTION('',(1.,0.,0.));
#2736 = ORIENTED_EDGE('',*,*,#2737,.F.);
#2737 = EDGE_CURVE('',#1717,#2730,#2738,.T.);
#2738 = LINE('',#2739,#2740);
#2739 = CARTESIAN_POINT('',(3.225000000001,-25.25,0.));
#2740 = VECTOR('',#2741,1.);
#2741 = DIRECTION('',(0.,0.,1.));
#2742 = ORIENTED_EDGE('',*,*,#1716,.F.);
#2743 = PLANE('',#2744);
#2744 = AXIS2_PLACEMENT_3D('',#2745,#2746,#2747);
#2745 = CARTESIAN_POINT('',(-3.274999999998,-25.25,0.));
#2746 = DIRECTION('',(0.,1.,0.));
#2747 = DIRECTION('',(1.,0.,0.));
#2748 = ADVANCED_FACE('',(#2749),#2768,.F.);
#2749 = FACE_BOUND('',#2750,.T.);
#2750 = EDGE_LOOP('',(#2751,#2752,#2761,#2767));
#2751 = ORIENTED_EDGE('',*,*,#2737,.T.);
#2752 = ORIENTED_EDGE('',*,*,#2753,.T.);
#2753 = EDGE_CURVE('',#2730,#2754,#2756,.T.);
#2754 = VERTEX_POINT('',#2755);
#2755 = CARTESIAN_POINT('',(5.725000000001,-22.75,3.));
#2756 = CIRCLE('',#2757,2.5);
#2757 = AXIS2_PLACEMENT_3D('',#2758,#2759,#2760);
#2758 = CARTESIAN_POINT('',(3.225000000001,-22.75,3.));
#2759 = DIRECTION('',(0.,0.,1.));
#2760 = DIRECTION('',(1.,0.,0.));
#2761 = ORIENTED_EDGE('',*,*,#2762,.F.);
#2762 = EDGE_CURVE('',#1725,#2754,#2763,.T.);
#2763 = LINE('',#2764,#2765);
#2764 = CARTESIAN_POINT('',(5.725000000001,-22.75,0.));
#2765 = VECTOR('',#2766,1.);
#2766 = DIRECTION('',(0.,0.,1.));
#2767 = ORIENTED_EDGE('',*,*,#1724,.F.);
#2768 = CYLINDRICAL_SURFACE('',#2769,2.5);
#2769 = AXIS2_PLACEMENT_3D('',#2770,#2771,#2772);
#2770 = CARTESIAN_POINT('',(3.225000000001,-22.75,0.));
#2771 = DIRECTION('',(-0.,-0.,-1.));
#2772 = DIRECTION('',(1.,0.,0.));
#2773 = ADVANCED_FACE('',(#2774),#2792,.T.);
#2774 = FACE_BOUND('',#2775,.T.);
#2775 = EDGE_LOOP('',(#2776,#2777,#2785,#2791));
#2776 = ORIENTED_EDGE('',*,*,#2762,.T.);
#2777 = ORIENTED_EDGE('',*,*,#2778,.T.);
#2778 = EDGE_CURVE('',#2754,#2779,#2781,.T.);
#2779 = VERTEX_POINT('',#2780);
#2780 = CARTESIAN_POINT('',(5.725000000001,-19.25,3.));
#2781 = LINE('',#2782,#2783);
#2782 = CARTESIAN_POINT('',(5.725000000001,-22.75,3.));
#2783 = VECTOR('',#2784,1.);
#2784 = DIRECTION('',(0.,1.,0.));
#2785 = ORIENTED_EDGE('',*,*,#2786,.F.);
#2786 = EDGE_CURVE('',#1734,#2779,#2787,.T.);
#2787 = LINE('',#2788,#2789);
#2788 = CARTESIAN_POINT('',(5.725000000001,-19.25,0.));
#2789 = VECTOR('',#2790,1.);
#2790 = DIRECTION('',(0.,0.,1.));
#2791 = ORIENTED_EDGE('',*,*,#1733,.F.);
#2792 = PLANE('',#2793);
#2793 = AXIS2_PLACEMENT_3D('',#2794,#2795,#2796);
#2794 = CARTESIAN_POINT('',(5.725000000001,-22.75,0.));
#2795 = DIRECTION('',(-1.,0.,0.));
#2796 = DIRECTION('',(0.,1.,0.));
#2797 = ADVANCED_FACE('',(#2798),#2817,.F.);
#2798 = FACE_BOUND('',#2799,.T.);
#2799 = EDGE_LOOP('',(#2800,#2801,#2810,#2816));
#2800 = ORIENTED_EDGE('',*,*,#2786,.T.);
#2801 = ORIENTED_EDGE('',*,*,#2802,.T.);
#2802 = EDGE_CURVE('',#2779,#2803,#2805,.T.);
#2803 = VERTEX_POINT('',#2804);
#2804 = CARTESIAN_POINT('',(3.225000000001,-16.75,3.));
#2805 = CIRCLE('',#2806,2.5);
#2806 = AXIS2_PLACEMENT_3D('',#2807,#2808,#2809);
#2807 = CARTESIAN_POINT('',(3.225000000001,-19.25,3.));
#2808 = DIRECTION('',(0.,0.,1.));
#2809 = DIRECTION('',(1.,0.,0.));
#2810 = ORIENTED_EDGE('',*,*,#2811,.F.);
#2811 = EDGE_CURVE('',#1742,#2803,#2812,.T.);
#2812 = LINE('',#2813,#2814);
#2813 = CARTESIAN_POINT('',(3.225000000001,-16.75,0.));
#2814 = VECTOR('',#2815,1.);
#2815 = DIRECTION('',(0.,0.,1.));
#2816 = ORIENTED_EDGE('',*,*,#1741,.F.);
#2817 = CYLINDRICAL_SURFACE('',#2818,2.5);
#2818 = AXIS2_PLACEMENT_3D('',#2819,#2820,#2821);
#2819 = CARTESIAN_POINT('',(3.225000000001,-19.25,0.));
#2820 = DIRECTION('',(-0.,-0.,-1.));
#2821 = DIRECTION('',(1.,0.,0.));
#2822 = ADVANCED_FACE('',(#2823),#2841,.T.);
#2823 = FACE_BOUND('',#2824,.T.);
#2824 = EDGE_LOOP('',(#2825,#2826,#2834,#2840));
#2825 = ORIENTED_EDGE('',*,*,#2811,.T.);
#2826 = ORIENTED_EDGE('',*,*,#2827,.T.);
#2827 = EDGE_CURVE('',#2803,#2828,#2830,.T.);
#2828 = VERTEX_POINT('',#2829);
#2829 = CARTESIAN_POINT('',(-3.274999999998,-16.75,3.));
#2830 = LINE('',#2831,#2832);
#2831 = CARTESIAN_POINT('',(3.225000000001,-16.75,3.));
#2832 = VECTOR('',#2833,1.);
#2833 = DIRECTION('',(-1.,0.,0.));
#2834 = ORIENTED_EDGE('',*,*,#2835,.F.);
#2835 = EDGE_CURVE('',#1751,#2828,#2836,.T.);
#2836 = LINE('',#2837,#2838);
#2837 = CARTESIAN_POINT('',(-3.274999999998,-16.75,0.));
#2838 = VECTOR('',#2839,1.);
#2839 = DIRECTION('',(0.,0.,1.));
#2840 = ORIENTED_EDGE('',*,*,#1750,.F.);
#2841 = PLANE('',#2842);
#2842 = AXIS2_PLACEMENT_3D('',#2843,#2844,#2845);
#2843 = CARTESIAN_POINT('',(3.225000000001,-16.75,0.));
#2844 = DIRECTION('',(0.,-1.,0.));
#2845 = DIRECTION('',(-1.,0.,0.));
#2846 = ADVANCED_FACE('',(#2847),#2859,.F.);
#2847 = FACE_BOUND('',#2848,.T.);
#2848 = EDGE_LOOP('',(#2849,#2850,#2857,#2858));
#2849 = ORIENTED_EDGE('',*,*,#2835,.T.);
#2850 = ORIENTED_EDGE('',*,*,#2851,.T.);
#2851 = EDGE_CURVE('',#2828,#2673,#2852,.T.);
#2852 = CIRCLE('',#2853,2.5);
#2853 = AXIS2_PLACEMENT_3D('',#2854,#2855,#2856);
#2854 = CARTESIAN_POINT('',(-3.274999999998,-19.25,3.));
#2855 = DIRECTION('',(0.,0.,1.));
#2856 = DIRECTION('',(1.,0.,0.));
#2857 = ORIENTED_EDGE('',*,*,#2672,.F.);
#2858 = ORIENTED_EDGE('',*,*,#1758,.F.);
#2859 = CYLINDRICAL_SURFACE('',#2860,2.5);
#2860 = AXIS2_PLACEMENT_3D('',#2861,#2862,#2863);
#2861 = CARTESIAN_POINT('',(-3.274999999998,-19.25,0.));
#2862 = DIRECTION('',(-0.,-0.,-1.));
#2863 = DIRECTION('',(1.,0.,0.));
#2864 = ADVANCED_FACE('',(#2865),#2884,.F.);
#2865 = FACE_BOUND('',#2866,.T.);
#2866 = EDGE_LOOP('',(#2867,#2875,#2882,#2883));
#2867 = ORIENTED_EDGE('',*,*,#2868,.T.);
#2868 = EDGE_CURVE('',#1768,#2869,#2871,.T.);
#2869 = VERTEX_POINT('',#2870);
#2870 = CARTESIAN_POINT('',(3.,-79.25,3.));
#2871 = LINE('',#2872,#2873);
#2872 = CARTESIAN_POINT('',(3.,-79.25,0.));
#2873 = VECTOR('',#2874,1.);
#2874 = DIRECTION('',(0.,0.,1.));
#2875 = ORIENTED_EDGE('',*,*,#2876,.T.);
#2876 = EDGE_CURVE('',#2869,#2869,#2877,.T.);
#2877 = CIRCLE('',#2878,3.);
#2878 = AXIS2_PLACEMENT_3D('',#2879,#2880,#2881);
#2879 = CARTESIAN_POINT('',(0.,-79.25,3.));
#2880 = DIRECTION('',(0.,0.,1.));
#2881 = DIRECTION('',(1.,0.,0.));
#2882 = ORIENTED_EDGE('',*,*,#2868,.F.);
#2883 = ORIENTED_EDGE('',*,*,#1767,.F.);
#2884 = CYLINDRICAL_SURFACE('',#2885,3.);
#2885 = AXIS2_PLACEMENT_3D('',#2886,#2887,#2888);
#2886 = CARTESIAN_POINT('',(0.,-79.25,0.));
#2887 = DIRECTION('',(-0.,-0.,-1.));
#2888 = DIRECTION('',(1.,0.,0.));
#2889 = ADVANCED_FACE('',(#2890),#2909,.F.);
#2890 = FACE_BOUND('',#2891,.T.);
#2891 = EDGE_LOOP('',(#2892,#2900,#2907,#2908));
#2892 = ORIENTED_EDGE('',*,*,#2893,.T.);
#2893 = EDGE_CURVE('',#1779,#2894,#2896,.T.);
#2894 = VERTEX_POINT('',#2895);
#2895 = CARTESIAN_POINT('',(21.,-61.41541927679,3.));
#2896 = LINE('',#2897,#2898);
#2897 = CARTESIAN_POINT('',(21.,-61.41541927679,0.));
#2898 = VECTOR('',#2899,1.);
#2899 = DIRECTION('',(0.,0.,1.));
#2900 = ORIENTED_EDGE('',*,*,#2901,.T.);
#2901 = EDGE_CURVE('',#2894,#2894,#2902,.T.);
#2902 = CIRCLE('',#2903,3.);
#2903 = AXIS2_PLACEMENT_3D('',#2904,#2905,#2906);
#2904 = CARTESIAN_POINT('',(18.,-61.41541927679,3.));
#2905 = DIRECTION('',(0.,0.,1.));
#2906 = DIRECTION('',(1.,0.,0.));
#2907 = ORIENTED_EDGE('',*,*,#2893,.F.);
#2908 = ORIENTED_EDGE('',*,*,#1778,.F.);
#2909 = CYLINDRICAL_SURFACE('',#2910,3.);
#2910 = AXIS2_PLACEMENT_3D('',#2911,#2912,#2913);
#2911 = CARTESIAN_POINT('',(18.,-61.41541927679,0.));
#2912 = DIRECTION('',(-0.,-0.,-1.));
#2913 = DIRECTION('',(1.,0.,0.));
#2914 = ADVANCED_FACE('',(#2915),#2934,.F.);
#2915 = FACE_BOUND('',#2916,.T.);
#2916 = EDGE_LOOP('',(#2917,#2925,#2932,#2933));
#2917 = ORIENTED_EDGE('',*,*,#2918,.T.);
#2918 = EDGE_CURVE('',#1790,#2919,#2921,.T.);
#2919 = VERTEX_POINT('',#2920);
#2920 = CARTESIAN_POINT('',(-15.,-61.41541927679,3.));
#2921 = LINE('',#2922,#2923);
#2922 = CARTESIAN_POINT('',(-15.,-61.41541927679,0.));
#2923 = VECTOR('',#2924,1.);
#2924 = DIRECTION('',(0.,0.,1.));
#2925 = ORIENTED_EDGE('',*,*,#2926,.T.);
#2926 = EDGE_CURVE('',#2919,#2919,#2927,.T.);
#2927 = CIRCLE('',#2928,3.);
#2928 = AXIS2_PLACEMENT_3D('',#2929,#2930,#2931);
#2929 = CARTESIAN_POINT('',(-18.,-61.41541927679,3.));
#2930 = DIRECTION('',(0.,0.,1.));
#2931 = DIRECTION('',(1.,0.,0.));
#2932 = ORIENTED_EDGE('',*,*,#2918,.F.);
#2933 = ORIENTED_EDGE('',*,*,#1789,.F.);
#2934 = CYLINDRICAL_SURFACE('',#2935,3.);
#2935 = AXIS2_PLACEMENT_3D('',#2936,#2937,#2938);
#2936 = CARTESIAN_POINT('',(-18.,-61.41541927679,0.));
#2937 = DIRECTION('',(-0.,-0.,-1.));
#2938 = DIRECTION('',(1.,0.,0.));
#2939 = ADVANCED_FACE('',(#2940),#2959,.F.);
#2940 = FACE_BOUND('',#2941,.T.);
#2941 = EDGE_LOOP('',(#2942,#2950,#2957,#2958));
#2942 = ORIENTED_EDGE('',*,*,#2943,.T.);
#2943 = EDGE_CURVE('',#1801,#2944,#2946,.T.);
#2944 = VERTEX_POINT('',#2945);
#2945 = CARTESIAN_POINT('',(3.,-43.25,3.));
#2946 = LINE('',#2947,#2948);
#2947 = CARTESIAN_POINT('',(3.,-43.25,0.));
#2948 = VECTOR('',#2949,1.);
#2949 = DIRECTION('',(0.,0.,1.));
#2950 = ORIENTED_EDGE('',*,*,#2951,.T.);
#2951 = EDGE_CURVE('',#2944,#2944,#2952,.T.);
#2952 = CIRCLE('',#2953,3.);
#2953 = AXIS2_PLACEMENT_3D('',#2954,#2955,#2956);
#2954 = CARTESIAN_POINT('',(0.,-43.25,3.));
#2955 = DIRECTION('',(0.,0.,1.));
#2956 = DIRECTION('',(1.,0.,0.));
#2957 = ORIENTED_EDGE('',*,*,#2943,.F.);
#2958 = ORIENTED_EDGE('',*,*,#1800,.F.);
#2959 = CYLINDRICAL_SURFACE('',#2960,3.);
#2960 = AXIS2_PLACEMENT_3D('',#2961,#2962,#2963);
#2961 = CARTESIAN_POINT('',(0.,-43.25,0.));
#2962 = DIRECTION('',(-0.,-0.,-1.));
#2963 = DIRECTION('',(1.,0.,0.));
#2964 = ADVANCED_FACE('',(#2965),#2984,.F.);
#2965 = FACE_BOUND('',#2966,.T.);
#2966 = EDGE_LOOP('',(#2967,#2975,#2982,#2983));
#2967 = ORIENTED_EDGE('',*,*,#2968,.T.);
#2968 = EDGE_CURVE('',#1812,#2969,#2971,.T.);
#2969 = VERTEX_POINT('',#2970);
#2970 = CARTESIAN_POINT('',(-17.72541241735,47.347940712363,3.));
#2971 = LINE('',#2972,#2973);
#2972 = CARTESIAN_POINT('',(-17.72541241735,47.347940712363,0.));
#2973 = VECTOR('',#2974,1.);
#2974 = DIRECTION('',(0.,0.,1.));
#2975 = ORIENTED_EDGE('',*,*,#2976,.T.);
#2976 = EDGE_CURVE('',#2969,#2969,#2977,.T.);
#2977 = CIRCLE('',#2978,1.5);
#2978 = AXIS2_PLACEMENT_3D('',#2979,#2980,#2981);
#2979 = CARTESIAN_POINT('',(-19.22541241735,47.347940712363,3.));
#2980 = DIRECTION('',(0.,0.,1.));
#2981 = DIRECTION('',(1.,0.,0.));
#2982 = ORIENTED_EDGE('',*,*,#2968,.F.);
#2983 = ORIENTED_EDGE('',*,*,#1811,.F.);
#2984 = CYLINDRICAL_SURFACE('',#2985,1.5);
#2985 = AXIS2_PLACEMENT_3D('',#2986,#2987,#2988);
#2986 = CARTESIAN_POINT('',(-19.22541241735,47.347940712363,0.));
#2987 = DIRECTION('',(-0.,-0.,-1.));
#2988 = DIRECTION('',(1.,0.,0.));
#2989 = ADVANCED_FACE('',(#2990),#3009,.F.);
#2990 = FACE_BOUND('',#2991,.T.);
#2991 = EDGE_LOOP('',(#2992,#3000,#3007,#3008));
#2992 = ORIENTED_EDGE('',*,*,#2993,.T.);
#2993 = EDGE_CURVE('',#1823,#2994,#2996,.T.);
#2994 = VERTEX_POINT('',#2995);
#2995 = CARTESIAN_POINT('',(20.72541241735,47.347940712363,3.));
#2996 = LINE('',#2997,#2998);
#2997 = CARTESIAN_POINT('',(20.72541241735,47.347940712363,0.));
#2998 = VECTOR('',#2999,1.);
#2999 = DIRECTION('',(0.,0.,1.));
#3000 = ORIENTED_EDGE('',*,*,#3001,.T.);
#3001 = EDGE_CURVE('',#2994,#2994,#3002,.T.);
#3002 = CIRCLE('',#3003,1.5);
#3003 = AXIS2_PLACEMENT_3D('',#3004,#3005,#3006);
#3004 = CARTESIAN_POINT('',(19.22541241735,47.347940712363,3.));
#3005 = DIRECTION('',(0.,0.,1.));
#3006 = DIRECTION('',(1.,0.,0.));
#3007 = ORIENTED_EDGE('',*,*,#2993,.F.);
#3008 = ORIENTED_EDGE('',*,*,#1822,.F.);
#3009 = CYLINDRICAL_SURFACE('',#3010,1.5);
#3010 = AXIS2_PLACEMENT_3D('',#3011,#3012,#3013);
#3011 = CARTESIAN_POINT('',(19.22541241735,47.347940712363,0.));
#3012 = DIRECTION('',(-0.,-0.,-1.));
#3013 = DIRECTION('',(1.,0.,0.));
#3014 = ADVANCED_FACE('',(#3015),#3034,.F.);
#3015 = FACE_BOUND('',#3016,.T.);
#3016 = EDGE_LOOP('',(#3017,#3025,#3032,#3033));
#3017 = ORIENTED_EDGE('',*,*,#3018,.T.);
#3018 = EDGE_CURVE('',#1834,#3019,#3021,.T.);
#3019 = VERTEX_POINT('',#3020);
#3020 = CARTESIAN_POINT('',(-24.11138554097,-94.66541927679,3.));
#3021 = LINE('',#3022,#3023);
#3022 = CARTESIAN_POINT('',(-24.11138554097,-94.66541927679,0.));
#3023 = VECTOR('',#3024,1.);
#3024 = DIRECTION('',(0.,0.,1.));
#3025 = ORIENTED_EDGE('',*,*,#3026,.T.);
#3026 = EDGE_CURVE('',#3019,#3019,#3027,.T.);
#3027 = CIRCLE('',#3028,1.5);
#3028 = AXIS2_PLACEMENT_3D('',#3029,#3030,#3031);
#3029 = CARTESIAN_POINT('',(-25.61138554097,-94.66541927679,3.));
#3030 = DIRECTION('',(0.,0.,1.));
#3031 = DIRECTION('',(1.,0.,0.));
#3032 = ORIENTED_EDGE('',*,*,#3018,.F.);
#3033 = ORIENTED_EDGE('',*,*,#1833,.F.);
#3034 = CYLINDRICAL_SURFACE('',#3035,1.5);
#3035 = AXIS2_PLACEMENT_3D('',#3036,#3037,#3038);
#3036 = CARTESIAN_POINT('',(-25.61138554097,-94.66541927679,0.));
#3037 = DIRECTION('',(-0.,-0.,-1.));
#3038 = DIRECTION('',(1.,0.,0.));
#3039 = ADVANCED_FACE('',(#3040),#3059,.F.);
#3040 = FACE_BOUND('',#3041,.T.);
#3041 = EDGE_LOOP('',(#3042,#3050,#3057,#3058));
#3042 = ORIENTED_EDGE('',*,*,#3043,.T.);
#3043 = EDGE_CURVE('',#1845,#3044,#3046,.T.);
#3044 = VERTEX_POINT('',#3045);
#3045 = CARTESIAN_POINT('',(-24.69097294148,-81.66541927679,3.));
#3046 = LINE('',#3047,#3048);
#3047 = CARTESIAN_POINT('',(-24.69097294148,-81.66541927679,0.));
#3048 = VECTOR('',#3049,1.);
#3049 = DIRECTION('',(0.,0.,1.));
#3050 = ORIENTED_EDGE('',*,*,#3051,.T.);
#3051 = EDGE_CURVE('',#3044,#3044,#3052,.T.);
#3052 = CIRCLE('',#3053,1.5);
#3053 = AXIS2_PLACEMENT_3D('',#3054,#3055,#3056);
#3054 = CARTESIAN_POINT('',(-26.19097294148,-81.66541927679,3.));
#3055 = DIRECTION('',(0.,0.,1.));
#3056 = DIRECTION('',(1.,0.,0.));
#3057 = ORIENTED_EDGE('',*,*,#3043,.F.);
#3058 = ORIENTED_EDGE('',*,*,#1844,.F.);
#3059 = CYLINDRICAL_SURFACE('',#3060,1.5);
#3060 = AXIS2_PLACEMENT_3D('',#3061,#3062,#3063);
#3061 = CARTESIAN_POINT('',(-26.19097294148,-81.66541927679,0.));
#3062 = DIRECTION('',(-0.,-0.,-1.));
#3063 = DIRECTION('',(1.,0.,0.));
#3064 = ADVANCED_FACE('',(#3065),#3084,.F.);
#3065 = FACE_BOUND('',#3066,.T.);
#3066 = EDGE_LOOP('',(#3067,#3075,#3082,#3083));
#3067 = ORIENTED_EDGE('',*,*,#3068,.T.);
#3068 = EDGE_CURVE('',#1856,#3069,#3071,.T.);
#3069 = VERTEX_POINT('',#3070);
#3070 = CARTESIAN_POINT('',(-25.22794955788,-43.66541927679,3.));
#3071 = LINE('',#3072,#3073);
#3072 = CARTESIAN_POINT('',(-25.22794955788,-43.66541927679,0.));
#3073 = VECTOR('',#3074,1.);
#3074 = DIRECTION('',(0.,0.,1.));
#3075 = ORIENTED_EDGE('',*,*,#3076,.T.);
#3076 = EDGE_CURVE('',#3069,#3069,#3077,.T.);
#3077 = CIRCLE('',#3078,1.5);
#3078 = AXIS2_PLACEMENT_3D('',#3079,#3080,#3081);
#3079 = CARTESIAN_POINT('',(-26.72794955788,-43.66541927679,3.));
#3080 = DIRECTION('',(0.,0.,1.));
#3081 = DIRECTION('',(1.,0.,0.));
#3082 = ORIENTED_EDGE('',*,*,#3068,.F.);
#3083 = ORIENTED_EDGE('',*,*,#1855,.F.);
#3084 = CYLINDRICAL_SURFACE('',#3085,1.5);
#3085 = AXIS2_PLACEMENT_3D('',#3086,#3087,#3088);
#3086 = CARTESIAN_POINT('',(-26.72794955788,-43.66541927679,0.));
#3087 = DIRECTION('',(-0.,-0.,-1.));
#3088 = DIRECTION('',(1.,0.,0.));
#3089 = ADVANCED_FACE('',(#3090),#3109,.F.);
#3090 = FACE_BOUND('',#3091,.T.);
#3091 = EDGE_LOOP('',(#3092,#3100,#3107,#3108));
#3092 = ORIENTED_EDGE('',*,*,#3093,.T.);
#3093 = EDGE_CURVE('',#1867,#3094,#3096,.T.);
#3094 = VERTEX_POINT('',#3095);
#3095 = CARTESIAN_POINT('',(-26.72794955788,-29.66541927679,3.));
#3096 = LINE('',#3097,#3098);
#3097 = CARTESIAN_POINT('',(-26.72794955788,-29.66541927679,0.));
#3098 = VECTOR('',#3099,1.);
#3099 = DIRECTION('',(0.,0.,1.));
#3100 = ORIENTED_EDGE('',*,*,#3101,.T.);
#3101 = EDGE_CURVE('',#3094,#3094,#3102,.T.);
#3102 = CIRCLE('',#3103,1.5);
#3103 = AXIS2_PLACEMENT_3D('',#3104,#3105,#3106);
#3104 = CARTESIAN_POINT('',(-28.22794955788,-29.66541927679,3.));
#3105 = DIRECTION('',(0.,0.,1.));
#3106 = DIRECTION('',(1.,0.,0.));
#3107 = ORIENTED_EDGE('',*,*,#3093,.F.);
#3108 = ORIENTED_EDGE('',*,*,#1866,.F.);
#3109 = CYLINDRICAL_SURFACE('',#3110,1.5);
#3110 = AXIS2_PLACEMENT_3D('',#3111,#3112,#3113);
#3111 = CARTESIAN_POINT('',(-28.22794955788,-29.66541927679,0.));
#3112 = DIRECTION('',(-0.,-0.,-1.));
#3113 = DIRECTION('',(1.,0.,0.));
#3114 = ADVANCED_FACE('',(#3115),#3134,.F.);
#3115 = FACE_BOUND('',#3116,.T.);
#3116 = EDGE_LOOP('',(#3117,#3125,#3132,#3133));
#3117 = ORIENTED_EDGE('',*,*,#3118,.T.);
#3118 = EDGE_CURVE('',#1878,#3119,#3121,.T.);
#3119 = VERTEX_POINT('',#3120);
#3120 = CARTESIAN_POINT('',(27.111385540972,-94.66541927679,3.));
#3121 = LINE('',#3122,#3123);
#3122 = CARTESIAN_POINT('',(27.111385540972,-94.66541927679,0.));
#3123 = VECTOR('',#3124,1.);
#3124 = DIRECTION('',(0.,0.,1.));
#3125 = ORIENTED_EDGE('',*,*,#3126,.T.);
#3126 = EDGE_CURVE('',#3119,#3119,#3127,.T.);
#3127 = CIRCLE('',#3128,1.5);
#3128 = AXIS2_PLACEMENT_3D('',#3129,#3130,#3131);
#3129 = CARTESIAN_POINT('',(25.611385540972,-94.66541927679,3.));
#3130 = DIRECTION('',(0.,0.,1.));
#3131 = DIRECTION('',(1.,0.,0.));
#3132 = ORIENTED_EDGE('',*,*,#3118,.F.);
#3133 = ORIENTED_EDGE('',*,*,#1877,.F.);
#3134 = CYLINDRICAL_SURFACE('',#3135,1.5);
#3135 = AXIS2_PLACEMENT_3D('',#3136,#3137,#3138);
#3136 = CARTESIAN_POINT('',(25.611385540972,-94.66541927679,0.));
#3137 = DIRECTION('',(-0.,-0.,-1.));
#3138 = DIRECTION('',(1.,0.,0.));
#3139 = ADVANCED_FACE('',(#3140),#3159,.F.);
#3140 = FACE_BOUND('',#3141,.T.);
#3141 = EDGE_LOOP('',(#3142,#3150,#3157,#3158));
#3142 = ORIENTED_EDGE('',*,*,#3143,.T.);
#3143 = EDGE_CURVE('',#1889,#3144,#3146,.T.);
#3144 = VERTEX_POINT('',#3145);
#3145 = CARTESIAN_POINT('',(27.758627817318,-81.66541927679,3.));
#3146 = LINE('',#3147,#3148);
#3147 = CARTESIAN_POINT('',(27.758627817318,-81.66541927679,0.));
#3148 = VECTOR('',#3149,1.);
#3149 = DIRECTION('',(0.,0.,1.));
#3150 = ORIENTED_EDGE('',*,*,#3151,.T.);
#3151 = EDGE_CURVE('',#3144,#3144,#3152,.T.);
#3152 = CIRCLE('',#3153,1.5);
#3153 = AXIS2_PLACEMENT_3D('',#3154,#3155,#3156);
#3154 = CARTESIAN_POINT('',(26.258627817318,-81.66541927679,3.));
#3155 = DIRECTION('',(0.,0.,1.));
#3156 = DIRECTION('',(1.,0.,0.));
#3157 = ORIENTED_EDGE('',*,*,#3143,.F.);
#3158 = ORIENTED_EDGE('',*,*,#1888,.F.);
#3159 = CYLINDRICAL_SURFACE('',#3160,1.5);
#3160 = AXIS2_PLACEMENT_3D('',#3161,#3162,#3163);
#3161 = CARTESIAN_POINT('',(26.258627817318,-81.66541927679,0.));
#3162 = DIRECTION('',(-0.,-0.,-1.));
#3163 = DIRECTION('',(1.,0.,0.));
#3164 = ADVANCED_FACE('',(#3165),#3184,.F.);
#3165 = FACE_BOUND('',#3166,.T.);
#3166 = EDGE_LOOP('',(#3167,#3175,#3182,#3183));
#3167 = ORIENTED_EDGE('',*,*,#3168,.T.);
#3168 = EDGE_CURVE('',#1900,#3169,#3171,.T.);
#3169 = VERTEX_POINT('',#3170);
#3170 = CARTESIAN_POINT('',(28.295604433718,-43.66541927679,3.));
#3171 = LINE('',#3172,#3173);
#3172 = CARTESIAN_POINT('',(28.295604433718,-43.66541927679,0.));
#3173 = VECTOR('',#3174,1.);
#3174 = DIRECTION('',(0.,0.,1.));
#3175 = ORIENTED_EDGE('',*,*,#3176,.T.);
#3176 = EDGE_CURVE('',#3169,#3169,#3177,.T.);
#3177 = CIRCLE('',#3178,1.5);
#3178 = AXIS2_PLACEMENT_3D('',#3179,#3180,#3181);
#3179 = CARTESIAN_POINT('',(26.795604433718,-43.66541927679,3.));
#3180 = DIRECTION('',(0.,0.,1.));
#3181 = DIRECTION('',(1.,0.,0.));
#3182 = ORIENTED_EDGE('',*,*,#3168,.F.);
#3183 = ORIENTED_EDGE('',*,*,#1899,.F.);
#3184 = CYLINDRICAL_SURFACE('',#3185,1.5);
#3185 = AXIS2_PLACEMENT_3D('',#3186,#3187,#3188);
#3186 = CARTESIAN_POINT('',(26.795604433718,-43.66541927679,0.));
#3187 = DIRECTION('',(-0.,-0.,-1.));
#3188 = DIRECTION('',(1.,0.,0.));
#3189 = ADVANCED_FACE('',(#3190),#3209,.F.);
#3190 = FACE_BOUND('',#3191,.T.);
#3191 = EDGE_LOOP('',(#3192,#3200,#3207,#3208));
#3192 = ORIENTED_EDGE('',*,*,#3193,.T.);
#3193 = EDGE_CURVE('',#1911,#3194,#3196,.T.);
#3194 = VERTEX_POINT('',#3195);
#3195 = CARTESIAN_POINT('',(29.795604433718,-29.66541927679,3.));
#3196 = LINE('',#3197,#3198);
#3197 = CARTESIAN_POINT('',(29.795604433718,-29.66541927679,0.));
#3198 = VECTOR('',#3199,1.);
#3199 = DIRECTION('',(0.,0.,1.));
#3200 = ORIENTED_EDGE('',*,*,#3201,.T.);
#3201 = EDGE_CURVE('',#3194,#3194,#3202,.T.);
#3202 = CIRCLE('',#3203,1.5);
#3203 = AXIS2_PLACEMENT_3D('',#3204,#3205,#3206);
#3204 = CARTESIAN_POINT('',(28.295604433718,-29.66541927679,3.));
#3205 = DIRECTION('',(0.,0.,1.));
#3206 = DIRECTION('',(1.,0.,0.));
#3207 = ORIENTED_EDGE('',*,*,#3193,.F.);
#3208 = ORIENTED_EDGE('',*,*,#1910,.F.);
#3209 = CYLINDRICAL_SURFACE('',#3210,1.5);
#3210 = AXIS2_PLACEMENT_3D('',#3211,#3212,#3213);
#3211 = CARTESIAN_POINT('',(28.295604433718,-29.66541927679,0.));
#3212 = DIRECTION('',(-0.,-0.,-1.));
#3213 = DIRECTION('',(1.,0.,0.));
#3214 = ADVANCED_FACE('',(#3215),#3234,.F.);
#3215 = FACE_BOUND('',#3216,.T.);
#3216 = EDGE_LOOP('',(#3217,#3225,#3232,#3233));
#3217 = ORIENTED_EDGE('',*,*,#3218,.T.);
#3218 = EDGE_CURVE('',#1922,#3219,#3221,.T.);
#3219 = VERTEX_POINT('',#3220);
#3220 = CARTESIAN_POINT('',(-13.77541241734,-76.66541927679,3.));
#3221 = LINE('',#3222,#3223);
#3222 = CARTESIAN_POINT('',(-13.77541241734,-76.66541927679,0.));
#3223 = VECTOR('',#3224,1.);
#3224 = DIRECTION('',(0.,0.,1.));
#3225 = ORIENTED_EDGE('',*,*,#3226,.T.);
#3226 = EDGE_CURVE('',#3219,#3219,#3227,.T.);
#3227 = CIRCLE('',#3228,1.5);
#3228 = AXIS2_PLACEMENT_3D('',#3229,#3230,#3231);
#3229 = CARTESIAN_POINT('',(-15.27541241734,-76.66541927679,3.));
#3230 = DIRECTION('',(0.,0.,1.));
#3231 = DIRECTION('',(1.,0.,0.));
#3232 = ORIENTED_EDGE('',*,*,#3218,.F.);
#3233 = ORIENTED_EDGE('',*,*,#1921,.F.);
#3234 = CYLINDRICAL_SURFACE('',#3235,1.5);
#3235 = AXIS2_PLACEMENT_3D('',#3236,#3237,#3238);
#3236 = CARTESIAN_POINT('',(-15.27541241734,-76.66541927679,0.));
#3237 = DIRECTION('',(-0.,-0.,-1.));
#3238 = DIRECTION('',(1.,0.,0.));
#3239 = ADVANCED_FACE('',(#3240),#3259,.F.);
#3240 = FACE_BOUND('',#3241,.T.);
#3241 = EDGE_LOOP('',(#3242,#3250,#3257,#3258));
#3242 = ORIENTED_EDGE('',*,*,#3243,.T.);
#3243 = EDGE_CURVE('',#1933,#3244,#3246,.T.);
#3244 = VERTEX_POINT('',#3245);
#3245 = CARTESIAN_POINT('',(16.724587582654,-76.66541927679,3.));
#3246 = LINE('',#3247,#3248);
#3247 = CARTESIAN_POINT('',(16.724587582654,-76.66541927679,0.));
#3248 = VECTOR('',#3249,1.);
#3249 = DIRECTION('',(0.,0.,1.));
#3250 = ORIENTED_EDGE('',*,*,#3251,.T.);
#3251 = EDGE_CURVE('',#3244,#3244,#3252,.T.);
#3252 = CIRCLE('',#3253,1.5);
#3253 = AXIS2_PLACEMENT_3D('',#3254,#3255,#3256);
#3254 = CARTESIAN_POINT('',(15.224587582654,-76.66541927679,3.));
#3255 = DIRECTION('',(0.,0.,1.));
#3256 = DIRECTION('',(1.,0.,0.));
#3257 = ORIENTED_EDGE('',*,*,#3243,.F.);
#3258 = ORIENTED_EDGE('',*,*,#1932,.F.);
#3259 = CYLINDRICAL_SURFACE('',#3260,1.5);
#3260 = AXIS2_PLACEMENT_3D('',#3261,#3262,#3263);
#3261 = CARTESIAN_POINT('',(15.224587582654,-76.66541927679,0.));
#3262 = DIRECTION('',(-0.,-0.,-1.));
#3263 = DIRECTION('',(1.,0.,0.));
#3264 = ADVANCED_FACE('',(#3265),#3284,.F.);
#3265 = FACE_BOUND('',#3266,.T.);
#3266 = EDGE_LOOP('',(#3267,#3275,#3282,#3283));
#3267 = ORIENTED_EDGE('',*,*,#3268,.T.);
#3268 = EDGE_CURVE('',#1944,#3269,#3271,.T.);
#3269 = VERTEX_POINT('',#3270);
#3270 = CARTESIAN_POINT('',(-13.77541241734,-46.16541927679,3.));
#3271 = LINE('',#3272,#3273);
#3272 = CARTESIAN_POINT('',(-13.77541241734,-46.16541927679,0.));
#3273 = VECTOR('',#3274,1.);
#3274 = DIRECTION('',(0.,0.,1.));
#3275 = ORIENTED_EDGE('',*,*,#3276,.T.);
#3276 = EDGE_CURVE('',#3269,#3269,#3277,.T.);
#3277 = CIRCLE('',#3278,1.5);
#3278 = AXIS2_PLACEMENT_3D('',#3279,#3280,#3281);
#3279 = CARTESIAN_POINT('',(-15.27541241734,-46.16541927679,3.));
#3280 = DIRECTION('',(0.,0.,1.));
#3281 = DIRECTION('',(1.,0.,0.));
#3282 = ORIENTED_EDGE('',*,*,#3268,.F.);
#3283 = ORIENTED_EDGE('',*,*,#1943,.F.);
#3284 = CYLINDRICAL_SURFACE('',#3285,1.5);
#3285 = AXIS2_PLACEMENT_3D('',#3286,#3287,#3288);
#3286 = CARTESIAN_POINT('',(-15.27541241734,-46.16541927679,0.));
#3287 = DIRECTION('',(-0.,-0.,-1.));
#3288 = DIRECTION('',(1.,0.,0.));
#3289 = ADVANCED_FACE('',(#3290),#3309,.F.);
#3290 = FACE_BOUND('',#3291,.T.);
#3291 = EDGE_LOOP('',(#3292,#3300,#3307,#3308));
#3292 = ORIENTED_EDGE('',*,*,#3293,.T.);
#3293 = EDGE_CURVE('',#1955,#3294,#3296,.T.);
#3294 = VERTEX_POINT('',#3295);
#3295 = CARTESIAN_POINT('',(16.72541241735,-46.16541927679,3.));
#3296 = LINE('',#3297,#3298);
#3297 = CARTESIAN_POINT('',(16.72541241735,-46.16541927679,0.));
#3298 = VECTOR('',#3299,1.);
#3299 = DIRECTION('',(0.,0.,1.));
#3300 = ORIENTED_EDGE('',*,*,#3301,.T.);
#3301 = EDGE_CURVE('',#3294,#3294,#3302,.T.);
#3302 = CIRCLE('',#3303,1.5);
#3303 = AXIS2_PLACEMENT_3D('',#3304,#3305,#3306);
#3304 = CARTESIAN_POINT('',(15.22541241735,-46.16541927679,3.));
#3305 = DIRECTION('',(0.,0.,1.));
#3306 = DIRECTION('',(1.,0.,0.));
#3307 = ORIENTED_EDGE('',*,*,#3293,.F.);
#3308 = ORIENTED_EDGE('',*,*,#1954,.F.);
#3309 = CYLINDRICAL_SURFACE('',#3310,1.5);
#3310 = AXIS2_PLACEMENT_3D('',#3311,#3312,#3313);
#3311 = CARTESIAN_POINT('',(15.22541241735,-46.16541927679,0.));
#3312 = DIRECTION('',(-0.,-0.,-1.));
#3313 = DIRECTION('',(1.,0.,0.));
#3314 = ADVANCED_FACE('',(#3315),#3334,.F.);
#3315 = FACE_BOUND('',#3316,.T.);
#3316 = EDGE_LOOP('',(#3317,#3325,#3332,#3333));
#3317 = ORIENTED_EDGE('',*,*,#3318,.T.);
#3318 = EDGE_CURVE('',#1966,#3319,#3321,.T.);
#3319 = VERTEX_POINT('',#3320);
#3320 = CARTESIAN_POINT('',(16.72541241735,-15.53203206111,3.));
#3321 = LINE('',#3322,#3323);
#3322 = CARTESIAN_POINT('',(16.72541241735,-15.53203206111,0.));
#3323 = VECTOR('',#3324,1.);
#3324 = DIRECTION('',(0.,0.,1.));
#3325 = ORIENTED_EDGE('',*,*,#3326,.T.);
#3326 = EDGE_CURVE('',#3319,#3319,#3327,.T.);
#3327 = CIRCLE('',#3328,1.5);
#3328 = AXIS2_PLACEMENT_3D('',#3329,#3330,#3331);
#3329 = CARTESIAN_POINT('',(15.22541241735,-15.53203206111,3.));
#3330 = DIRECTION('',(0.,0.,1.));
#3331 = DIRECTION('',(1.,0.,0.));
#3332 = ORIENTED_EDGE('',*,*,#3318,.F.);
#3333 = ORIENTED_EDGE('',*,*,#1965,.F.);
#3334 = CYLINDRICAL_SURFACE('',#3335,1.5);
#3335 = AXIS2_PLACEMENT_3D('',#3336,#3337,#3338);
#3336 = CARTESIAN_POINT('',(15.22541241735,-15.53203206111,0.));
#3337 = DIRECTION('',(-0.,-0.,-1.));
#3338 = DIRECTION('',(1.,0.,0.));
#3339 = ADVANCED_FACE('',(#3340),#3359,.F.);
#3340 = FACE_BOUND('',#3341,.T.);
#3341 = EDGE_LOOP('',(#3342,#3350,#3357,#3358));
#3342 = ORIENTED_EDGE('',*,*,#3343,.T.);
#3343 = EDGE_CURVE('',#1977,#3344,#3346,.T.);
#3344 = VERTEX_POINT('',#3345);
#3345 = CARTESIAN_POINT('',(-13.77541241734,-15.53203206111,3.));
#3346 = LINE('',#3347,#3348);
#3347 = CARTESIAN_POINT('',(-13.77541241734,-15.53203206111,0.));
#3348 = VECTOR('',#3349,1.);
#3349 = DIRECTION('',(0.,0.,1.));
#3350 = ORIENTED_EDGE('',*,*,#3351,.T.);
#3351 = EDGE_CURVE('',#3344,#3344,#3352,.T.);
#3352 = CIRCLE('',#3353,1.5);
#3353 = AXIS2_PLACEMENT_3D('',#3354,#3355,#3356);
#3354 = CARTESIAN_POINT('',(-15.27541241734,-15.53203206111,3.));
#3355 = DIRECTION('',(0.,0.,1.));
#3356 = DIRECTION('',(1.,0.,0.));
#3357 = ORIENTED_EDGE('',*,*,#3343,.F.);
#3358 = ORIENTED_EDGE('',*,*,#1976,.F.);
#3359 = CYLINDRICAL_SURFACE('',#3360,1.5);
#3360 = AXIS2_PLACEMENT_3D('',#3361,#3362,#3363);
#3361 = CARTESIAN_POINT('',(-15.27541241734,-15.53203206111,0.));
#3362 = DIRECTION('',(-0.,-0.,-1.));
#3363 = DIRECTION('',(1.,0.,0.));
#3364 = ADVANCED_FACE('',(#3365),#3384,.F.);
#3365 = FACE_BOUND('',#3366,.T.);
#3366 = EDGE_LOOP('',(#3367,#3375,#3382,#3383));
#3367 = ORIENTED_EDGE('',*,*,#3368,.T.);
#3368 = EDGE_CURVE('',#1988,#3369,#3371,.T.);
#3369 = VERTEX_POINT('',#3370);
#3370 = CARTESIAN_POINT('',(11.5,-10.15197025212,3.));
#3371 = LINE('',#3372,#3373);
#3372 = CARTESIAN_POINT('',(11.5,-10.15197025212,0.));
#3373 = VECTOR('',#3374,1.);
#3374 = DIRECTION('',(0.,0.,1.));
#3375 = ORIENTED_EDGE('',*,*,#3376,.T.);
#3376 = EDGE_CURVE('',#3369,#3369,#3377,.T.);
#3377 = CIRCLE('',#3378,1.5);
#3378 = AXIS2_PLACEMENT_3D('',#3379,#3380,#3381);
#3379 = CARTESIAN_POINT('',(10.,-10.15197025212,3.));
#3380 = DIRECTION('',(0.,0.,1.));
#3381 = DIRECTION('',(1.,0.,0.));
#3382 = ORIENTED_EDGE('',*,*,#3368,.F.);
#3383 = ORIENTED_EDGE('',*,*,#1987,.F.);
#3384 = CYLINDRICAL_SURFACE('',#3385,1.5);
#3385 = AXIS2_PLACEMENT_3D('',#3386,#3387,#3388);
#3386 = CARTESIAN_POINT('',(10.,-10.15197025212,0.));
#3387 = DIRECTION('',(-0.,-0.,-1.));
#3388 = DIRECTION('',(1.,0.,0.));
#3389 = ADVANCED_FACE('',(#3390),#3409,.F.);
#3390 = FACE_BOUND('',#3391,.T.);
#3391 = EDGE_LOOP('',(#3392,#3400,#3407,#3408));
#3392 = ORIENTED_EDGE('',*,*,#3393,.T.);
#3393 = EDGE_CURVE('',#1999,#3394,#3396,.T.);
#3394 = VERTEX_POINT('',#3395);
#3395 = CARTESIAN_POINT('',(-8.5,-10.15197025212,3.));
#3396 = LINE('',#3397,#3398);
#3397 = CARTESIAN_POINT('',(-8.5,-10.15197025212,0.));
#3398 = VECTOR('',#3399,1.);
#3399 = DIRECTION('',(0.,0.,1.));
#3400 = ORIENTED_EDGE('',*,*,#3401,.T.);
#3401 = EDGE_CURVE('',#3394,#3394,#3402,.T.);
#3402 = CIRCLE('',#3403,1.5);
#3403 = AXIS2_PLACEMENT_3D('',#3404,#3405,#3406);
#3404 = CARTESIAN_POINT('',(-10.,-10.15197025212,3.));
#3405 = DIRECTION('',(0.,0.,1.));
#3406 = DIRECTION('',(1.,0.,0.));
#3407 = ORIENTED_EDGE('',*,*,#3393,.F.);
#3408 = ORIENTED_EDGE('',*,*,#1998,.F.);
#3409 = CYLINDRICAL_SURFACE('',#3410,1.5);
#3410 = AXIS2_PLACEMENT_3D('',#3411,#3412,#3413);
#3411 = CARTESIAN_POINT('',(-10.,-10.15197025212,0.));
#3412 = DIRECTION('',(-0.,-0.,-1.));
#3413 = DIRECTION('',(1.,0.,0.));
#3414 = ADVANCED_FACE('',(#3415),#3434,.F.);
#3415 = FACE_BOUND('',#3416,.T.);
#3416 = EDGE_LOOP('',(#3417,#3425,#3432,#3433));
#3417 = ORIENTED_EDGE('',*,*,#3418,.T.);
#3418 = EDGE_CURVE('',#2010,#3419,#3421,.T.);
#3419 = VERTEX_POINT('',#3420);
#3420 = CARTESIAN_POINT('',(-13.77458758265,15.532032061119,3.));
#3421 = LINE('',#3422,#3423);
#3422 = CARTESIAN_POINT('',(-13.77458758265,15.532032061119,0.));
#3423 = VECTOR('',#3424,1.);
#3424 = DIRECTION('',(0.,0.,1.));
#3425 = ORIENTED_EDGE('',*,*,#3426,.T.);
#3426 = EDGE_CURVE('',#3419,#3419,#3427,.T.);
#3427 = CIRCLE('',#3428,1.5);
#3428 = AXIS2_PLACEMENT_3D('',#3429,#3430,#3431);
#3429 = CARTESIAN_POINT('',(-15.27458758265,15.532032061119,3.));
#3430 = DIRECTION('',(0.,0.,1.));
#3431 = DIRECTION('',(1.,0.,0.));
#3432 = ORIENTED_EDGE('',*,*,#3418,.F.);
#3433 = ORIENTED_EDGE('',*,*,#2009,.F.);
#3434 = CYLINDRICAL_SURFACE('',#3435,1.5);
#3435 = AXIS2_PLACEMENT_3D('',#3436,#3437,#3438);
#3436 = CARTESIAN_POINT('',(-15.27458758265,15.532032061119,0.));
#3437 = DIRECTION('',(-0.,-0.,-1.));
#3438 = DIRECTION('',(1.,0.,0.));
#3439 = ADVANCED_FACE('',(#3440),#3459,.F.);
#3440 = FACE_BOUND('',#3441,.T.);
#3441 = EDGE_LOOP('',(#3442,#3450,#3457,#3458));
#3442 = ORIENTED_EDGE('',*,*,#3443,.T.);
#3443 = EDGE_CURVE('',#2021,#3444,#3446,.T.);
#3444 = VERTEX_POINT('',#3445);
#3445 = CARTESIAN_POINT('',(16.72541241735,15.532032061119,3.));
#3446 = LINE('',#3447,#3448);
#3447 = CARTESIAN_POINT('',(16.72541241735,15.532032061119,0.));
#3448 = VECTOR('',#3449,1.);
#3449 = DIRECTION('',(0.,0.,1.));
#3450 = ORIENTED_EDGE('',*,*,#3451,.T.);
#3451 = EDGE_CURVE('',#3444,#3444,#3452,.T.);
#3452 = CIRCLE('',#3453,1.5);
#3453 = AXIS2_PLACEMENT_3D('',#3454,#3455,#3456);
#3454 = CARTESIAN_POINT('',(15.22541241735,15.532032061119,3.));
#3455 = DIRECTION('',(0.,0.,1.));
#3456 = DIRECTION('',(1.,0.,0.));
#3457 = ORIENTED_EDGE('',*,*,#3443,.F.);
#3458 = ORIENTED_EDGE('',*,*,#2020,.F.);
#3459 = CYLINDRICAL_SURFACE('',#3460,1.5);
#3460 = AXIS2_PLACEMENT_3D('',#3461,#3462,#3463);
#3461 = CARTESIAN_POINT('',(15.22541241735,15.532032061119,0.));
#3462 = DIRECTION('',(-0.,-0.,-1.));
#3463 = DIRECTION('',(1.,0.,0.));
#3464 = ADVANCED_FACE('',(#3465),#3484,.F.);
#3465 = FACE_BOUND('',#3466,.T.);
#3466 = EDGE_LOOP('',(#3467,#3475,#3482,#3483));
#3467 = ORIENTED_EDGE('',*,*,#3468,.T.);
#3468 = EDGE_CURVE('',#2032,#3469,#3471,.T.);
#3469 = VERTEX_POINT('',#3470);
#3470 = CARTESIAN_POINT('',(11.5,10.151970252123,3.));
#3471 = LINE('',#3472,#3473);
#3472 = CARTESIAN_POINT('',(11.5,10.151970252123,0.));
#3473 = VECTOR('',#3474,1.);
#3474 = DIRECTION('',(0.,0.,1.));
#3475 = ORIENTED_EDGE('',*,*,#3476,.T.);
#3476 = EDGE_CURVE('',#3469,#3469,#3477,.T.);
#3477 = CIRCLE('',#3478,1.5);
#3478 = AXIS2_PLACEMENT_3D('',#3479,#3480,#3481);
#3479 = CARTESIAN_POINT('',(10.,10.151970252123,3.));
#3480 = DIRECTION('',(0.,0.,1.));
#3481 = DIRECTION('',(1.,0.,0.));
#3482 = ORIENTED_EDGE('',*,*,#3468,.F.);
#3483 = ORIENTED_EDGE('',*,*,#2031,.F.);
#3484 = CYLINDRICAL_SURFACE('',#3485,1.5);
#3485 = AXIS2_PLACEMENT_3D('',#3486,#3487,#3488);
#3486 = CARTESIAN_POINT('',(10.,10.151970252123,0.));
#3487 = DIRECTION('',(-0.,-0.,-1.));
#3488 = DIRECTION('',(1.,0.,0.));
#3489 = ADVANCED_FACE('',(#3490),#3509,.F.);
#3490 = FACE_BOUND('',#3491,.T.);
#3491 = EDGE_LOOP('',(#3492,#3500,#3507,#3508));
#3492 = ORIENTED_EDGE('',*,*,#3493,.T.);
#3493 = EDGE_CURVE('',#2043,#3494,#3496,.T.);
#3494 = VERTEX_POINT('',#3495);
#3495 = CARTESIAN_POINT('',(-8.5,10.151970252123,3.));
#3496 = LINE('',#3497,#3498);
#3497 = CARTESIAN_POINT('',(-8.5,10.151970252123,0.));
#3498 = VECTOR('',#3499,1.);
#3499 = DIRECTION('',(0.,0.,1.));
#3500 = ORIENTED_EDGE('',*,*,#3501,.T.);
#3501 = EDGE_CURVE('',#3494,#3494,#3502,.T.);
#3502 = CIRCLE('',#3503,1.5);
#3503 = AXIS2_PLACEMENT_3D('',#3504,#3505,#3506);
#3504 = CARTESIAN_POINT('',(-10.,10.151970252123,3.));
#3505 = DIRECTION('',(0.,0.,1.));
#3506 = DIRECTION('',(1.,0.,0.));
#3507 = ORIENTED_EDGE('',*,*,#3493,.F.);
#3508 = ORIENTED_EDGE('',*,*,#2042,.F.);
#3509 = CYLINDRICAL_SURFACE('',#3510,1.5);
#3510 = AXIS2_PLACEMENT_3D('',#3511,#3512,#3513);
#3511 = CARTESIAN_POINT('',(-10.,10.151970252123,0.));
#3512 = DIRECTION('',(-0.,-0.,-1.));
#3513 = DIRECTION('',(1.,0.,0.));
#3514 = ADVANCED_FACE('',(#3515,#3566,#3569,#3579,#3589,#3599,#3609,
    #3612,#3615,#3618,#3621,#3624,#3627,#3630,#3633,#3636,#3639,#3642,
    #3645,#3648,#3651,#3654,#3657,#3660,#3663,#3666,#3669,#3672,#3675,
    #3678,#3681,#3684),#3687,.T.);
#3515 = FACE_BOUND('',#3516,.F.);
#3516 = EDGE_LOOP('',(#3517,#3518,#3519,#3520,#3521,#3522,#3523,#3524,
    #3525,#3526,#3527,#3528,#3529,#3530,#3531,#3532,#3538,#3539,#3540,
    #3541,#3542,#3543,#3544,#3545,#3546,#3547,#3548,#3549,#3550,#3551,
    #3552,#3553,#3554,#3555,#3556,#3557,#3558,#3559,#3560,#3561,#3562,
    #3563,#3564,#3565));
#3517 = ORIENTED_EDGE('',*,*,#31,.T.);
#3518 = ORIENTED_EDGE('',*,*,#64,.T.);
#3519 = ORIENTED_EDGE('',*,*,#95,.T.);
#3520 = ORIENTED_EDGE('',*,*,#137,.F.);
#3521 = ORIENTED_EDGE('',*,*,#161,.T.);
#3522 = ORIENTED_EDGE('',*,*,#192,.T.);
#3523 = ORIENTED_EDGE('',*,*,#234,.F.);
#3524 = ORIENTED_EDGE('',*,*,#258,.T.);
#3525 = ORIENTED_EDGE('',*,*,#298,.F.);
#3526 = ORIENTED_EDGE('',*,*,#322,.T.);
#3527 = ORIENTED_EDGE('',*,*,#364,.F.);
#3528 = ORIENTED_EDGE('',*,*,#397,.F.);
#3529 = ORIENTED_EDGE('',*,*,#428,.F.);
#3530 = ORIENTED_EDGE('',*,*,#461,.F.);
#3531 = ORIENTED_EDGE('',*,*,#483,.T.);
#3532 = ORIENTED_EDGE('',*,*,#3533,.T.);
#3533 = EDGE_CURVE('',#484,#551,#3534,.T.);
#3534 = LINE('',#3535,#3536);
#3535 = CARTESIAN_POINT('',(0.,-89.25,3.));
#3536 = VECTOR('',#3537,1.);
#3537 = DIRECTION('',(-1.,0.,0.));
#3538 = ORIENTED_EDGE('',*,*,#558,.T.);
#3539 = ORIENTED_EDGE('',*,*,#591,.T.);
#3540 = ORIENTED_EDGE('',*,*,#631,.F.);
#3541 = ORIENTED_EDGE('',*,*,#655,.T.);
#3542 = ORIENTED_EDGE('',*,*,#695,.F.);
#3543 = ORIENTED_EDGE('',*,*,#719,.T.);
#3544 = ORIENTED_EDGE('',*,*,#761,.F.);
#3545 = ORIENTED_EDGE('',*,*,#794,.F.);
#3546 = ORIENTED_EDGE('',*,*,#825,.F.);
#3547 = ORIENTED_EDGE('',*,*,#849,.T.);
#3548 = ORIENTED_EDGE('',*,*,#891,.F.);
#3549 = ORIENTED_EDGE('',*,*,#922,.F.);
#3550 = ORIENTED_EDGE('',*,*,#946,.T.);
#3551 = ORIENTED_EDGE('',*,*,#988,.F.);
#3552 = ORIENTED_EDGE('',*,*,#1010,.T.);
#3553 = ORIENTED_EDGE('',*,*,#1052,.F.);
#3554 = ORIENTED_EDGE('',*,*,#1076,.T.);
#3555 = ORIENTED_EDGE('',*,*,#1118,.F.);
#3556 = ORIENTED_EDGE('',*,*,#1140,.T.);
#3557 = ORIENTED_EDGE('',*,*,#1182,.F.);
#3558 = ORIENTED_EDGE('',*,*,#1206,.T.);
#3559 = ORIENTED_EDGE('',*,*,#1248,.F.);
#3560 = ORIENTED_EDGE('',*,*,#1272,.T.);
#3561 = ORIENTED_EDGE('',*,*,#1314,.F.);
#3562 = ORIENTED_EDGE('',*,*,#1338,.T.);
#3563 = ORIENTED_EDGE('',*,*,#1371,.T.);
#3564 = ORIENTED_EDGE('',*,*,#1402,.T.);
#3565 = ORIENTED_EDGE('',*,*,#516,.F.);
#3566 = FACE_BOUND('',#3567,.F.);
#3567 = EDGE_LOOP('',(#3568));
#3568 = ORIENTED_EDGE('',*,*,#2067,.T.);
#3569 = FACE_BOUND('',#3570,.F.);
#3570 = EDGE_LOOP('',(#3571,#3572,#3573,#3574,#3575,#3576,#3577,#3578));
#3571 = ORIENTED_EDGE('',*,*,#2092,.T.);
#3572 = ORIENTED_EDGE('',*,*,#2116,.T.);
#3573 = ORIENTED_EDGE('',*,*,#2141,.T.);
#3574 = ORIENTED_EDGE('',*,*,#2165,.T.);
#3575 = ORIENTED_EDGE('',*,*,#2190,.T.);
#3576 = ORIENTED_EDGE('',*,*,#2214,.T.);
#3577 = ORIENTED_EDGE('',*,*,#2239,.T.);
#3578 = ORIENTED_EDGE('',*,*,#2263,.T.);
#3579 = FACE_BOUND('',#3580,.F.);
#3580 = EDGE_LOOP('',(#3581,#3582,#3583,#3584,#3585,#3586,#3587,#3588));
#3581 = ORIENTED_EDGE('',*,*,#2288,.T.);
#3582 = ORIENTED_EDGE('',*,*,#2313,.T.);
#3583 = ORIENTED_EDGE('',*,*,#2337,.T.);
#3584 = ORIENTED_EDGE('',*,*,#2369,.F.);
#3585 = ORIENTED_EDGE('',*,*,#2386,.T.);
#3586 = ORIENTED_EDGE('',*,*,#2411,.T.);
#3587 = ORIENTED_EDGE('',*,*,#2435,.T.);
#3588 = ORIENTED_EDGE('',*,*,#2460,.F.);
#3589 = FACE_BOUND('',#3590,.F.);
#3590 = EDGE_LOOP('',(#3591,#3592,#3593,#3594,#3595,#3596,#3597,#3598));
#3591 = ORIENTED_EDGE('',*,*,#2484,.T.);
#3592 = ORIENTED_EDGE('',*,*,#2508,.T.);
#3593 = ORIENTED_EDGE('',*,*,#2533,.T.);
#3594 = ORIENTED_EDGE('',*,*,#2557,.T.);
#3595 = ORIENTED_EDGE('',*,*,#2582,.T.);
#3596 = ORIENTED_EDGE('',*,*,#2606,.T.);
#3597 = ORIENTED_EDGE('',*,*,#2631,.T.);
#3598 = ORIENTED_EDGE('',*,*,#2655,.T.);
#3599 = FACE_BOUND('',#3600,.F.);
#3600 = EDGE_LOOP('',(#3601,#3602,#3603,#3604,#3605,#3606,#3607,#3608));
#3601 = ORIENTED_EDGE('',*,*,#2680,.T.);
#3602 = ORIENTED_EDGE('',*,*,#2704,.T.);
#3603 = ORIENTED_EDGE('',*,*,#2729,.T.);
#3604 = ORIENTED_EDGE('',*,*,#2753,.T.);
#3605 = ORIENTED_EDGE('',*,*,#2778,.T.);
#3606 = ORIENTED_EDGE('',*,*,#2802,.T.);
#3607 = ORIENTED_EDGE('',*,*,#2827,.T.);
#3608 = ORIENTED_EDGE('',*,*,#2851,.T.);
#3609 = FACE_BOUND('',#3610,.F.);
#3610 = EDGE_LOOP('',(#3611));
#3611 = ORIENTED_EDGE('',*,*,#2876,.T.);
#3612 = FACE_BOUND('',#3613,.F.);
#3613 = EDGE_LOOP('',(#3614));
#3614 = ORIENTED_EDGE('',*,*,#2901,.T.);
#3615 = FACE_BOUND('',#3616,.F.);
#3616 = EDGE_LOOP('',(#3617));
#3617 = ORIENTED_EDGE('',*,*,#2926,.T.);
#3618 = FACE_BOUND('',#3619,.F.);
#3619 = EDGE_LOOP('',(#3620));
#3620 = ORIENTED_EDGE('',*,*,#2951,.T.);
#3621 = FACE_BOUND('',#3622,.F.);
#3622 = EDGE_LOOP('',(#3623));
#3623 = ORIENTED_EDGE('',*,*,#2976,.T.);
#3624 = FACE_BOUND('',#3625,.F.);
#3625 = EDGE_LOOP('',(#3626));
#3626 = ORIENTED_EDGE('',*,*,#3001,.T.);
#3627 = FACE_BOUND('',#3628,.F.);
#3628 = EDGE_LOOP('',(#3629));
#3629 = ORIENTED_EDGE('',*,*,#3026,.T.);
#3630 = FACE_BOUND('',#3631,.F.);
#3631 = EDGE_LOOP('',(#3632));
#3632 = ORIENTED_EDGE('',*,*,#3051,.T.);
#3633 = FACE_BOUND('',#3634,.F.);
#3634 = EDGE_LOOP('',(#3635));
#3635 = ORIENTED_EDGE('',*,*,#3076,.T.);
#3636 = FACE_BOUND('',#3637,.F.);
#3637 = EDGE_LOOP('',(#3638));
#3638 = ORIENTED_EDGE('',*,*,#3101,.T.);
#3639 = FACE_BOUND('',#3640,.F.);
#3640 = EDGE_LOOP('',(#3641));
#3641 = ORIENTED_EDGE('',*,*,#3126,.T.);
#3642 = FACE_BOUND('',#3643,.F.);
#3643 = EDGE_LOOP('',(#3644));
#3644 = ORIENTED_EDGE('',*,*,#3151,.T.);
#3645 = FACE_BOUND('',#3646,.F.);
#3646 = EDGE_LOOP('',(#3647));
#3647 = ORIENTED_EDGE('',*,*,#3176,.T.);
#3648 = FACE_BOUND('',#3649,.F.);
#3649 = EDGE_LOOP('',(#3650));
#3650 = ORIENTED_EDGE('',*,*,#3201,.T.);
#3651 = FACE_BOUND('',#3652,.F.);
#3652 = EDGE_LOOP('',(#3653));
#3653 = ORIENTED_EDGE('',*,*,#3226,.T.);
#3654 = FACE_BOUND('',#3655,.F.);
#3655 = EDGE_LOOP('',(#3656));
#3656 = ORIENTED_EDGE('',*,*,#3251,.T.);
#3657 = FACE_BOUND('',#3658,.F.);
#3658 = EDGE_LOOP('',(#3659));
#3659 = ORIENTED_EDGE('',*,*,#3276,.T.);
#3660 = FACE_BOUND('',#3661,.F.);
#3661 = EDGE_LOOP('',(#3662));
#3662 = ORIENTED_EDGE('',*,*,#3301,.T.);
#3663 = FACE_BOUND('',#3664,.F.);
#3664 = EDGE_LOOP('',(#3665));
#3665 = ORIENTED_EDGE('',*,*,#3326,.T.);
#3666 = FACE_BOUND('',#3667,.F.);
#3667 = EDGE_LOOP('',(#3668));
#3668 = ORIENTED_EDGE('',*,*,#3351,.T.);
#3669 = FACE_BOUND('',#3670,.F.);
#3670 = EDGE_LOOP('',(#3671));
#3671 = ORIENTED_EDGE('',*,*,#3376,.T.);
#3672 = FACE_BOUND('',#3673,.F.);
#3673 = EDGE_LOOP('',(#3674));
#3674 = ORIENTED_EDGE('',*,*,#3401,.T.);
#3675 = FACE_BOUND('',#3676,.F.);
#3676 = EDGE_LOOP('',(#3677));
#3677 = ORIENTED_EDGE('',*,*,#3426,.T.);
#3678 = FACE_BOUND('',#3679,.F.);
#3679 = EDGE_LOOP('',(#3680));
#3680 = ORIENTED_EDGE('',*,*,#3451,.T.);
#3681 = FACE_BOUND('',#3682,.F.);
#3682 = EDGE_LOOP('',(#3683));
#3683 = ORIENTED_EDGE('',*,*,#3476,.T.);
#3684 = FACE_BOUND('',#3685,.F.);
#3685 = EDGE_LOOP('',(#3686));
#3686 = ORIENTED_EDGE('',*,*,#3501,.T.);
#3687 = PLANE('',#3688);
#3688 = AXIS2_PLACEMENT_3D('',#3689,#3690,#3691);
#3689 = CARTESIAN_POINT('',(4.577092560538E-03,-24.74721570413,3.));
#3690 = DIRECTION('',(0.,0.,1.));
#3691 = DIRECTION('',(1.,0.,0.));
#3692 = ADVANCED_FACE('',(#3693),#3699,.T.);
#3693 = FACE_BOUND('',#3694,.T.);
#3694 = EDGE_LOOP('',(#3695,#3696,#3697,#3698));
#3695 = ORIENTED_EDGE('',*,*,#492,.T.);
#3696 = ORIENTED_EDGE('',*,*,#3533,.T.);
#3697 = ORIENTED_EDGE('',*,*,#548,.F.);
#3698 = ORIENTED_EDGE('',*,*,#1440,.T.);
#3699 = PLANE('',#3700);
#3700 = AXIS2_PLACEMENT_3D('',#3701,#3702,#3703);
#3701 = CARTESIAN_POINT('',(2.84217094304E-14,-89.25,1.5));
#3702 = DIRECTION('',(-0.,-1.,-0.));
#3703 = DIRECTION('',(0.,0.,-1.));
#3704 = ( GEOMETRIC_REPRESENTATION_CONTEXT(3) 
GLOBAL_UNCERTAINTY_ASSIGNED_CONTEXT((#3708)) 
GLOBAL_UNIT_ASSIGNED_CONTEXT((#3705,#3706,#3707)) REPRESENTATION_CONTEXT
('Context #1','3D Context with UNIT and UNCERTAINTY') );
#3705 = ( LENGTH_UNIT() NAMED_UNIT(*) SI_UNIT(.MILLI.,.METRE.) );
#3706 = ( NAMED_UNIT(*) PLANE_ANGLE_UNIT() SI_UNIT($,.RADIAN.) );
#3707 = ( NAMED_UNIT(*) SI_UNIT($,.STERADIAN.) SOLID_ANGLE_UNIT() );
#3708 = UNCERTAINTY_MEASURE_WITH_UNIT(LENGTH_MEASURE(1.E-07),#3705,
  'distance_accuracy_value','confusion accuracy');
#3709 = PRODUCT_RELATED_PRODUCT_CATEGORY('part',$,(#7));
ENDSEC;
END-ISO-10303-21;
